Time  E_hot  E_cold
0  0  0
1000  -0.0111043615027695  1.03112896174485
2000  3.40660559977398  0.0948895460083166
3000  0.766892656325217  -2.21960547448853
4000  -0.483784139335509  1.73180843351405
5000  1.3793053622976  -0.66848170199939
6000  0.942419039339123  0.38934505354414
7000  0.922072507694968  2.55292314127015
8000  -3.62796833745936  0.442339847552058
9000  -0.915576435590276  0.956394622402138
10000  -2.63120681415682  -0.571907851739101
11000  -3.90959730834524  -1.13908622799462
12000  -4.12423004005985  -0.191371526733721
13000  -7.05188571485583  1.64499768454326
14000  -4.21850078061418  -0.441582228592591
15000  -5.37288262272894  2.24782654997265
16000  -6.64067362166993  1.28476155686818
17000  -8.21432933508285  1.93600749325313
18000  -7.49749202752416  2.40745414560941
19000  -6.66722273469635  4.09895947528986
20000  -6.80327464996763  4.38771162948785
21000  -7.14360327407826  4.03838771057614
22000  -6.87047713422315  6.11097534357548
23000  -10.5665214130963  9.83752623325421
24000  -11.0801145879377  8.64165051163781
25000  -9.20417980743771  10.2687262948227
26000  -9.46562406363047  8.45733340978874
27000  -13.6795959275839  9.60004040632365
28000  -16.3835073249692  8.78970785827981
29000  -14.785713411705  8.90215089907491
30000  -17.0463586540217  10.420022566323
31000  -15.3508222736153  9.05209966458557
32000  -15.4379127803353  8.80033859205462
33000  -15.5206840131483  10.3425312930252
34000  -15.1532331200508  10.6473345355306
35000  -16.6244239106882  10.4621130332269
36000  -14.5866988150248  10.8534579133048
37000  -17.2439427865812  12.5244328166861
38000  -18.2123319877769  15.0628098538338
39000  -18.8396569446337  13.1503333942279
40000  -17.8491522731897  14.3431727173436
41000  -19.1353793109047  15.3588690551234
42000  -19.7942392898051  15.0380027090933
43000  -19.3157259902878  15.8944795015494
44000  -20.4976778709771  17.5392534200874
45000  -20.8324546277175  20.0372432681045
46000  -19.8887308193178  14.6326486162069
47000  -20.4558466037242  17.1505408970588
48000  -23.2231204714027  16.1681465079863
49000  -22.9909035408403  18.1872251303656
50000  -23.8415592337786  15.7545769760841
51000  -22.1917066346107  15.6251948335867
52000  -22.3089473318517  17.6552091054157
53000  -25.0930689358023  18.9098379548488
54000  -25.0869978325881  19.4996092665695
55000  -25.2204483475897  20.1294268527341
56000  -22.9136730469791  17.2502049596581
57000  -24.6685829595643  18.8374058723238
58000  -24.6363887817903  19.579117613784
59000  -27.5668157607685  21.197197883296
60000  -23.7472533381064  19.1584465264454
61000  -24.0759735648334  19.8034964492153
62000  -26.1858397598313  22.3949931296269
63000  -23.902718110224  19.5371904804419
64000  -25.2565852519653  19.5982225135783
65000  -26.8260520258098  22.3755969097948
66000  -26.7295279091783  20.7275866564902
67000  -28.624556069075  23.9727812784405
68000  -27.5535073861966  23.2294881436054
69000  -28.3251954025746  25.6976318604454
70000  -31.2464248932983  28.0380695507975
71000  -30.8732889122366  26.3604951381232
72000  -31.092949203937  25.4176470376037
73000  -31.8738231823803  25.6486911965994
74000  -32.9500576336452  27.0274827986271
75000  -32.3622178857397  27.1825742907469
76000  -34.9078104185271  27.4313785990192
77000  -33.8788166655552  30.8003068817361
78000  -35.0333660783542  30.3648879808956
79000  -35.6491045649753  33.9156026656921
80000  -35.1248027967932  30.2700063484302
81000  -38.6227626641861  33.5934841878357
82000  -38.9736931715124  33.3103869650114
83000  -38.7159939895404  32.2208288410162
84000  -39.9777981724251  32.4451198593923
85000  -38.8700637838994  34.6678333015222
86000  -36.5286793168624  34.4122513013316
87000  -38.036676901811  33.993450020009
88000  -40.1612630780307  35.9161316927187
89000  -38.3735907551821  36.7275153093953
90000  -37.653620845111  35.6962728486196
91000  -40.6441374021107  36.5275537970489
92000  -44.284482366707  35.6890554478402
93000  -42.4066993365379  37.7108503933376
94000  -41.8222453763478  36.9982442538057
95000  -43.6864956417246  38.4010847358082
96000  -44.7830263817966  38.0327975326042
97000  -41.3433880075386  39.8128805463321
98000  -43.0578149441246  37.2246299719539
99000  -42.1374082247962  40.9026299182614
100000  -42.1784800356201  42.6940215907485
101000  -43.2820763481066  39.9349141540326
102000  -43.3338885562887  41.659833186718
103000  -44.962304326308  42.1845412179446
104000  -44.6273865319657  43.890304471869
105000  -46.6337161820942  43.8302450104418
106000  -43.7374941288041  44.7251107633645
107000  -46.0014759913785  44.0386762247583
108000  -48.7140854384609  48.1239138055574
109000  -45.5107532754868  45.8433599944779
110000  -48.0602422953176  48.4164367548779
111000  -46.5104642166575  48.1360467417868
112000  -49.1330808953241  45.8198755519683
113000  -48.9571225554244  44.3860388043183
114000  -49.231344766689  46.9687312037391
115000  -50.2702890004232  48.7130797012609
116000  -46.1122076481361  48.4960290658402
117000  -48.2781580289693  48.8746693122893
118000  -48.9705890595566  47.8998710326288
119000  -46.2895787114396  49.3359910299625
120000  -50.7974230957296  48.5913946886179
121000  -52.7324914414163  48.8857211705378
122000  -49.8881116071293  51.5280755841515
123000  -52.6334203138424  49.8305215257847
124000  -52.5939490872953  49.0123801421262
125000  -53.791152533865  50.7276582680363
126000  -53.3008995313735  51.7881789558129
127000  -50.4856775030487  53.8255944628149
128000  -50.7850169002582  52.8359324376068
129000  -52.2408613214851  51.4034003519007
130000  -51.0187419696205  51.3879638932939
131000  -50.9420811209729  55.836327157825
132000  -52.6581364940381  52.6939193930643
133000  -53.7278745681702  55.4538154432475
134000  -55.6088376459828  55.9551270035783
135000  -55.4006591522973  54.9513316108027
136000  -56.136709330998  56.7306045680208
137000  -58.2526210265126  56.196201817894
138000  -55.9303736887812  56.3015061588324
139000  -56.4739984408713  55.3411475001945
140000  -55.7206476952367  57.7099730339278
141000  -58.6651233219109  56.3874333944562
142000  -58.1843175130559  59.4326172540158
143000  -57.2293441468717  59.3583503067932
144000  -58.4239881414898  59.4535986910985
145000  -58.1350458528057  58.0976810536411
146000  -55.977261719329  58.7026718746419
147000  -59.1227542520107  60.1809277437666
148000  -59.370908001775  58.5444447306943
149000  -59.3921052709145  58.4026358574844
150000  -57.0506128653042  59.4021466962409
151000  -60.483393803171  59.4582889485813
152000  -58.0339746896  59.5844156506271
153000  -63.1936255642911  58.9888548420113
154000  -62.4524423970702  62.6908634645531
155000  -61.7863983929438  62.1614868224553
156000  -61.7114526069139  60.4815577345192
157000  -61.7838070420613  63.0489873337599
158000  -62.2947384690954  62.0341607763396
159000  -62.8996950479538  62.07109496316
160000  -63.7036832289708  63.415432935354
161000  -63.9894945011405  63.2207238273131
162000  -64.8132812884547  63.001643977415
163000  -62.6954741444888  62.846034866483
164000  -65.2222317222228  63.6619451859006
165000  -66.2559044044906  61.68339849726
166000  -66.2652995576562  65.5113002454192
167000  -66.8845011262814  61.9480980537321
168000  -69.654462967601  62.1405295690989
169000  -66.1508007244159  62.6716723368719
170000  -68.706596669231  63.7799657576118
171000  -67.5401750524585  63.5340910097431
172000  -66.1643497327374  66.305684553488
173000  -65.8672276869182  66.7943593026423
174000  -69.7396344844301  66.4378351075559
175000  -70.9617521413108  67.0326873837898
176000  -70.7519902042559  67.008646190469
177000  -70.4305843323446  66.3257106182263
178000  -73.3041937231225  62.8962847289304
179000  -76.1410222438078  67.0181618308268
180000  -74.9469602666259  67.4519668278355
181000  -76.7100635965726  68.6383324578307
182000  -79.1076658986154  66.753019437142
183000  -79.1171519185026  66.3241332295613
184000  -79.6384566652233  68.0035300122467
185000  -79.3221200940288  69.5031637375831
186000  -79.3533035320648  69.0141791442913
187000  -78.3651638668805  68.9652049840002
188000  -80.6787064299999  70.0014052738982
189000  -80.768241309334  70.4313278101449
190000  -77.6300569406517  70.2019400776974
191000  -81.5664822972401  70.1664242409607
192000  -81.9466582896539  72.7486676837301
193000  -81.015681664787  72.2097196933331
194000  -84.6770421199358  73.0715395201401
195000  -83.2102603056474  75.5428630495005
196000  -81.8252431655357  74.5728106354414
197000  -84.0583187067082  73.3255521141848
198000  -85.5398648213058  75.5923056948138
199000  -85.1018857683578  77.2638233314184
200000  -86.5657823576782  77.476042055995
201000  -82.8003958690101  76.0894230277801
202000  -84.3018532095115  78.7719458916907
203000  -82.7333041464279  79.3426149686815
204000  -83.7567400421555  77.8050712568857
205000  -86.0567641031557  77.3851099141147
206000  -85.9282545274125  78.9528347902983
207000  -83.7284659469135  82.3694826547259
208000  -85.4233427374111  78.891394076437
209000  -86.1769104400402  79.1867334193903
210000  -84.0889042564783  83.2443772067917
211000  -86.5498141621755  80.1910102308075
212000  -88.2298311591608  80.9634617747718
213000  -87.8434017703418  82.1335622421367
214000  -88.2232523446384  82.2660994872966
215000  -90.3079073176411  84.3039352884351
216000  -88.3839356269682  83.3369362398082
217000  -91.3305786722593  84.5843768647416
218000  -89.6793468979208  83.8514354943652
219000  -91.1803107700244  82.9381979385497
220000  -91.1593818907613  85.5879767692846
221000  -90.0449832351318  88.1877131339671
222000  -92.098431322887  84.6986418853785
223000  -91.1022252329058  86.0581464284247
224000  -91.4159267018444  84.7310521461254
225000  -91.380903399322  85.3617479958862
226000  -92.421248353084  87.6772037842824
227000  -93.8027068832892  86.3669755751958
228000  -93.4107914606089  87.1100727928586
229000  -95.9775141269919  87.1774677092857
230000  -96.1575095721967  90.006777404152
231000  -95.5283068155473  89.9707589292767
232000  -95.0658362638979  91.5629124809696
233000  -96.3859529438904  90.4087161589599
234000  -96.7728414994674  92.9415627356837
235000  -97.5099360033036  91.5824048276953
236000  -97.3560680508453  93.4596598669722
237000  -96.9281819567879  91.7266192013212
238000  -97.1542336754625  95.1118998365696
239000  -96.0997831123761  94.7875861736573
240000  -100.639733757864  95.4102652237918
241000  -99.0779889520589  97.4412092626373
242000  -102.021245097449  99.2649833922753
243000  -99.1345223409377  98.2803583841533
244000  -100.440949254669  100.488911868103
245000  -104.536298499461  98.8025197919849
246000  -102.46938598739  101.314955621798
247000  -104.665297622785  98.9465056891572
248000  -106.296880437973  100.52472087171
249000  -105.163311714644  97.9959777098921
250000  -107.077880130533  99.8909935049287
251000  -105.96892651829  99.3073725430767
252000  -105.932158560556  101.684095703837
253000  -105.550176595405  101.706522355615
254000  -106.799689229074  100.878701973167
255000  -106.648676856117  102.898605602424
256000  -109.132133736251  100.025305133359
257000  -108.424793807424  102.997677376545
258000  -107.617940325729  103.295825499124
259000  -108.683502812427  104.841061481177
260000  -108.851836697088  102.965294820633
261000  -108.550398000939  104.630664760238
262000  -112.015098115501  105.123324544793
263000  -109.90612920993  104.625708243809
264000  -111.478876803325  101.527397997736
265000  -110.915908546745  105.410367532755
266000  -110.424734188902  106.014953717645
267000  -111.389541615035  106.705417492179
268000  -108.926766049124  106.718451246423
269000  -114.129029700587  107.418667187334
270000  -112.809192355526  108.629708777598
271000  -113.499819067937  106.305879417681
272000  -113.497804996357  106.268667200174
273000  -112.550072430519  109.170594829471
274000  -111.525551675744  110.222217298199
275000  -114.442799957429  109.999214485506
276000  -113.810948640789  111.220636904617
277000  -113.840854183551  110.542635447856
278000  -115.750043254857  110.840072359848
279000  -115.396563407855  107.093885281929
280000  -115.619990188218  111.105219327431
281000  -116.474911479837  109.58867353593
282000  -117.091271894234  111.780952059988
283000  -113.265954119101  109.375457703041
284000  -118.703374501155  111.679601053212
285000  -118.72802778954  111.50480607965
286000  -117.715734407824  112.147321896265
287000  -119.709845538647  112.956028251255
288000  -120.711394651437  109.255214420804
289000  -120.684431290646  109.970151730823
290000  -119.873189030726  109.315414369248
291000  -119.356617959218  110.953681782744
292000  -122.542204148623  111.535127331149
293000  -121.721861281351  110.084434407772
294000  -123.76150823567  113.700591983629
295000  -121.982053028574  110.801481143702
296000  -121.842959828621  111.819574313631
297000  -122.190262516031  111.903327442641
298000  -124.96282584329  114.776566208941
299000  -123.042579899921  115.641609021967
300000  -124.143939533119  115.122296894918
301000  -123.851254036552  114.99415269477
302000  -125.973521453172  114.6963098929
303000  -122.846105097982  117.845267843964
304000  -126.385158631501  118.589100986528
305000  -126.499078776912  121.92102775299
306000  -124.873774564806  119.676542568523
307000  -125.552640073153  120.469528183995
308000  -121.851529159815  119.60276758349
309000  -124.465776625375  120.726909552243
310000  -123.899312833454  119.943875382246
311000  -123.582607861063  121.828350946351
312000  -125.196062233732  123.988492481774
313000  -123.85799306232  122.151142959794
314000  -127.903344920041  124.476772045465
315000  -127.419015777035  124.229471886393
316000  -130.098287859254  124.050860174924
317000  -129.757394229014  124.6647965903
318000  -128.896759280446  126.305232871516
319000  -132.150561768661  125.695151965602
320000  -130.399446820584  125.797954079341
321000  -133.126680137147  126.073729100074
322000  -136.244526080733  125.848611120167
323000  -131.728519586503  126.743869625312
324000  -136.50016277241  128.463603685744
325000  -137.635843830175  129.170285761016
326000  -137.678483903086  126.754146286075
327000  -136.617459945276  128.25203506145
328000  -136.804262066082  128.955060185487
329000  -143.061162749177  129.108909140523
330000  -138.997950227135  131.537026036386
331000  -141.833228523054  131.174921952825
332000  -139.378055595147  131.593178557911
333000  -145.209627856295  132.811224820454
334000  -143.375390885776  132.702586289327
335000  -143.642716677816  136.520476808133
336000  -144.882176001706  135.769086203982
337000  -143.833482087712  135.378820957416
338000  -143.430147897463  137.664142475214
339000  -144.621702864887  138.982868450553
340000  -145.092384012486  138.852304394456
341000  -143.080953615399  138.902984998129
342000  -145.02411922084  139.360812860544
343000  -143.669973374794  138.857953275433
344000  -147.235754547586  140.307920886272
345000  -145.718644177606  139.857367556259
346000  -145.780376290561  141.298337810206
347000  -146.653266170079  140.354896205843
348000  -146.752519040202  143.709586934399
349000  -145.979143822041  141.031537040235
350000  -148.965047539219  144.912370734569
351000  -148.922686178289  145.721320734219
352000  -147.573488414895  146.712125963298
353000  -148.139277484064  145.691315779887
354000  -152.31834849494  147.56462513573
355000  -149.764459501847  148.181858768707
356000  -148.898723241996  149.903831381379
357000  -148.513434870794  146.611237828199
358000  -152.167800368258  149.061093019663
359000  -151.069879497723  150.192165952838
360000  -154.73990885261  150.230549458048
361000  -154.766360842489  152.779711574229
362000  -154.24765082526  148.135471026591
363000  -153.035008838391  151.730389074299
364000  -155.965704949342  154.145139260329
365000  -156.558982942647  154.553496176054
366000  -155.849298383644  153.339252575561
367000  -158.085260436923  154.087031863309
368000  -158.041122588097  154.658146421726
369000  -156.416785470055  152.851039385687
370000  -159.09341661177  155.518450273212
371000  -157.697773109981  153.883276462148
372000  -157.181760234251  153.60495082633
373000  -159.912930582794  156.727837159592
374000  -158.020114321435  154.770780058856
375000  -158.755795990608  154.734170776307
376000  -158.593271080245  157.479939431499
377000  -155.830865802466  156.675699565994
378000  -156.801916601348  157.90791406729
379000  -158.900794364916  157.588139772143
380000  -158.386235945264  156.280932382852
381000  -157.043112680244  158.221717905696
382000  -158.688198212687  157.622803344997
383000  -161.672291839354  159.432833860812
384000  -160.44567814594  160.176336208485
385000  -162.72382673887  159.738446179416
386000  -161.964854677305  160.831480811865
387000  -163.498020423464  155.615327128219
388000  -164.281490646599  159.81428728739
389000  -166.380974155112  158.546116264203
390000  -166.269992728036  161.084523441984
391000  -167.927175968965  160.640535174929
392000  -165.902836831172  161.647483291231
393000  -166.886551366218  159.629174219185
394000  -166.289343644014  162.159455284264
395000  -168.250665660295  162.123315875995
396000  -165.435464002854  162.182339708268
397000  -167.558506752114  162.472289428716
398000  -168.501260924294  167.052863260057
399000  -169.150538400851  166.054228008393
400000  -168.958646902288  167.680671028653
401000  -168.321587315769  166.524915790319
402000  -169.366116898299  168.779137951921
403000  -168.894377804154  169.506057487436
404000  -171.269775852417  167.408480199338
405000  -168.989367586714  167.324468464175
406000  -168.646992558578  168.686876298594
407000  -172.479905657988  169.089747235914
408000  -169.895361065587  166.981018066939
409000  -170.59560903163  168.080171307508
410000  -170.541978731981  168.509113675253
411000  -170.448295904842  170.306779734615
412000  -173.937979667411  170.317804707495
413000  -173.91680713768  168.513302404492
414000  -172.736064319125  168.77323622697
415000  -174.994497345956  170.895746650092
416000  -175.537527784969  169.599701436562
417000  -172.671963351661  171.587854076781
418000  -175.139000948181  168.190110379549
419000  -175.961448836727  169.465126224364
420000  -176.398283744169  171.68387583159
421000  -174.127550808786  170.13188267664
422000  -176.080171254646  173.532008053176
423000  -174.732289188076  172.997885015857
424000  -176.608899131692  174.141235415286
425000  -177.921310581143  175.339081470415
426000  -177.857376124415  176.167328548095
427000  -177.832138343202  179.342283557134
428000  -178.724260324793  177.501853267074
429000  -179.540618043633  179.244239261204
430000  -181.089369223391  179.231468243308
431000  -184.724507894904  178.739340708597
432000  -183.058938340945  177.38991447645
433000  -183.517013941906  177.630547290805
434000  -181.149712322003  180.723381719006
435000  -181.51824396254  179.935972803118
436000  -181.496178166025  179.219677340289
437000  -179.770626520811  181.332155766791
438000  -184.962893090455  181.490213659492
439000  -183.265585458255  178.676182141705
440000  -184.979059000813  178.583203875682
441000  -184.770741556833  180.029142213422
442000  -186.675729675989  180.56728588998
443000  -184.877738763844  180.684832419581
444000  -188.19847689658  181.952436178192
445000  -186.392543993653  184.05488161449
446000  -188.157949659726  182.094054148193
447000  -187.137899080067  183.449549052092
448000  -185.645806591694  183.924121771039
449000  -187.001832520538  182.776442144397
450000  -191.038046365858  182.721078360827
451000  -187.80743843607  184.031806900227
452000  -188.028327176292  186.258064499681
453000  -189.97440639964  188.988224957304
454000  -186.419743122385  187.256248142425
455000  -188.463016371672  187.910536732167
456000  -185.8678710292  190.867859845388
457000  -189.360994604596  189.07211560462
458000  -191.543639244703  190.574050625538
459000  -193.053642475548  191.595331613331
460000  -193.044770142946  189.065504473798
461000  -192.320307806608  193.252199777494
462000  -195.069315490298  191.233370160337
463000  -193.148584885521  191.359579721634
464000  -195.554685525446  192.676380259862
465000  -197.608019994654  189.590993892768
466000  -198.08545661371  191.928867037288
467000  -200.632331354131  191.935603303061
468000  -199.625927482226  190.957252652193
469000  -198.521030039903  191.498956078452
470000  -199.464252900385  192.962911607265
471000  -198.339594317235  194.271876251942
472000  -200.987936357467  194.673803674809
473000  -201.765980882035  194.940077611419
474000  -200.935591961142  193.793043383329
475000  -202.710076798722  196.533199740101
476000  -201.619102298307  196.891498564631
477000  -205.460263372938  196.131705716182
478000  -202.830730967473  200.8359654856
479000  -202.311394080575  198.027329222383
480000  -203.167315333508  198.805719965342
481000  -201.54608979496  200.996724065978
482000  -203.531000223082  196.767943068108
483000  -205.076322964425  199.886818935031
484000  -204.12321282819  200.007378515755
485000  -202.985630703801  202.414768300649
486000  -202.483881851734  202.391340741795
487000  -203.434076416048  202.745238876862
488000  -202.807246793003  202.552718041489
489000  -204.961046198703  200.47667257047
490000  -204.292356437557  200.468450402644
491000  -201.895282857293  202.788578627743
492000  -203.76272587549  204.023800948237
493000  -204.980558144872  204.645153944598
494000  -209.050299793422  204.595899056949
495000  -208.690504465998  208.801461428677
496000  -205.352467484824  209.062220225468
497000  -209.198832474349  206.838770247482
498000  -207.76187795038  206.74328812
499000  -208.447062900042  205.496464018561
500000  -213.105260971566  210.358768050238
501000  -209.737467919968  207.797617855249
502000  -211.719577480617  209.985868117
503000  -210.205823525482  206.947140439207
504000  -211.77183997578  213.019590664312
505000  -212.911367360933  211.798334538412
506000  -212.068935746094  211.169530051578
507000  -213.555596449128  213.388187058012
508000  -212.861353579682  213.637923297956
509000  -209.231934194803  214.2159505608
510000  -212.280847537112  217.41154314745
511000  -214.39679961557  215.780411817487
512000  -213.5599580615  218.165910990883
513000  -215.168287819383  214.517530696744
514000  -215.34991802747  216.658907867805
515000  -216.846225770587  216.028712070553
516000  -216.520861711296  220.851385812034
517000  -216.693439264999  221.355742538513
518000  -215.449991710624  218.783105279161
519000  -215.063510797588  218.598470375351
520000  -216.984815047013  220.738967341735
521000  -215.0087412102  217.10793273135
522000  -219.452524664894  220.236703707317
523000  -218.235478779824  221.787012613036
524000  -219.581238484102  222.303009169858
525000  -218.710341250135  222.549065923762
526000  -221.009479458072  222.859616316291
527000  -219.891530852922  222.559329126837
528000  -220.40536977895  220.583342434708
529000  -220.212653469503  222.741319303672
530000  -218.798271490901  222.366340607457
531000  -222.701664762211  224.632290157746
532000  -224.11072306188  222.631101634957
533000  -224.278532927308  225.537107310022
534000  -225.507272274254  224.784288973655
535000  -226.981247807798  225.193789466966
536000  -225.51017748209  223.290764184911
537000  -229.625998236239  226.518106044374
538000  -226.961547871974  225.336958109743
539000  -225.28598145945  227.354863084747
540000  -229.010704173175  227.985751165195
541000  -229.455582390525  230.115899042275
542000  -229.501550905477  227.790519238717
543000  -227.549341446925  228.184212463139
544000  -233.800122193386  227.270447931561
545000  -231.80989772965  229.178138933446
546000  -232.718093360092  229.633641326559
547000  -232.612674363456  230.60571448005
548000  -233.187693496782  230.113750613683
549000  -232.056157011288  229.611353051106
550000  -233.994264180561  230.86991115432
551000  -236.713928535216  231.925291921584
552000  -235.587551146369  228.139952507288
553000  -235.046609251725  229.8709570514
554000  -235.51296708264  232.070770883096
555000  -236.108240356346  232.961565701474
556000  -237.319151447233  233.747568352534
557000  -238.118058088613  234.031886356431
558000  -237.756143518179  232.434549125157
559000  -241.185352770656  235.422072812992
560000  -241.339650663012  234.909491599532
561000  -244.34848794717  234.58401661305
562000  -243.307380916027  233.030457229851
563000  -242.260918835474  237.047052785075
564000  -246.355580192102  236.617407435302
565000  -244.269296386212  238.314170345251
566000  -244.641470326281  239.980008978156
567000  -248.87294902175  239.777275550956
568000  -250.289504694398  241.516376677358
569000  -251.398831388369  240.308186648377
570000  -250.526293640788  238.805728270492
571000  -249.987127308384  240.411408739233
572000  -251.43733128544  243.759073647336
573000  -251.686718662469  241.911253959572
574000  -254.963486807556  242.642073037768
575000  -254.405650817091  243.309637275088
576000  -252.575250031903  244.569771763009
577000  -254.316900144602  243.06080570583
578000  -258.087653942701  243.718813099759
579000  -253.230140855796  245.343478770931
580000  -253.481298172032  241.497337199948
581000  -255.2539778251  246.146774082011
582000  -255.037673335478  245.661497740771
583000  -254.740857646973  245.736514696264
584000  -256.289929055861  247.397565949825
585000  -256.935463145118  248.163080255585
586000  -256.752776501997  247.087263962583
587000  -253.323621718597  248.170286590458
588000  -257.164293427562  250.971591772531
589000  -256.409603134635  251.65318326639
590000  -254.833154052883  252.421324534401
591000  -258.576495565325  253.263889651727
592000  -259.424956346023  250.988205364739
593000  -260.803743553124  252.803338263568
594000  -257.697938457067  254.185012809946
595000  -261.103599236483  255.70933910904
596000  -261.466511328131  255.076169819334
597000  -260.618839244288  256.194091376718
598000  -261.212744338929  254.503351090509
599000  -261.521802491275  256.423653433466
600000  -263.895434634598  257.181508036739
601000  -263.59545059153  256.400714102503
602000  -264.265022863978  259.65731838698
603000  -265.018825962314  257.343268966915
604000  -265.353300721127  257.125415792006
605000  -267.210340797924  259.740264823235
606000  -265.818354002141  259.742677707996
607000  -267.532601670156  262.021227437489
608000  -268.341680838317  263.160414744787
609000  -270.31826249592  260.779108125684
610000  -268.913353275105  263.839702531424
611000  -269.720487920811  262.720295476276
612000  -270.193920797213  262.556329686043
613000  -268.339686780988  259.824514213114
614000  -274.24926647059  260.424515831999
615000  -272.949791774759  262.84191913803
616000  -273.061149115307  261.916421115834
617000  -271.831584969372  263.098985043003
618000  -273.700763962494  263.724903446693
619000  -271.796889945584  266.741289646542
620000  -274.070044876778  266.747807046743
621000  -272.831033562745  267.695133556362
622000  -274.674469629306  266.684902406761
623000  -277.3989290444  268.842926503655
624000  -277.102672569386  269.335690991379
625000  -277.66608241739  271.276837579888
626000  -278.696451812088  271.578894586855
627000  -277.790778367591  272.646582302095
628000  -274.538274230017  273.19837625034
629000  -275.13870507927  273.727296387968
630000  -277.953162628971  274.699253964074
631000  -277.291282948488  275.006047611654
632000  -280.597843491144  278.665621200857
633000  -278.799141675113  277.813065753757
634000  -281.871412207859  278.447100974981
635000  -280.905178715285  280.475316924658
636000  -279.031449845519  280.971427263407
637000  -281.587476540654  281.878268086967
638000  -278.165464605519  280.975923094564
639000  -281.197803622091  283.727523102987
640000  -283.266028892588  284.370003346612
641000  -281.362688483198  284.569658413595
642000  -282.415665865789  286.438497820381
643000  -283.43091165109  286.703755296267
644000  -283.951379825954  286.661201776884
645000  -286.361712694951  285.260970071532
646000  -285.179850794513  285.493789314949
647000  -286.033233717874  288.024241307657
648000  -284.431595997302  289.168086453143
649000  -284.835045576071  287.753154699674
650000  -287.601503151371  290.534397416414
651000  -287.323357992483  291.015702817728
652000  -288.601081961949  290.32469623998
653000  -291.274149465645  292.500067351503
654000  -288.308607056197  291.988411596522
655000  -291.651471435638  292.851966184652
656000  -288.91075712304  293.291949841705
657000  -291.720944289491  293.92783605212
658000  -292.540820329124  295.982342051763
659000  -292.890511320231  292.868286566456
660000  -293.022356543176  295.747412744894
661000  -293.143095112802  296.203466545675
662000  -291.5353000523  294.050765925696
663000  -293.542433896181  295.012946823686
664000  -292.912069004729  298.052094698864
665000  -293.631736374076  296.970347198547
666000  -297.661920561842  297.630213176543
667000  -293.675250902936  299.206394980322
668000  -293.229293201224  300.393999780456
669000  -296.987214137757  297.290344214914
670000  -296.557541968443  297.223897945469
671000  -297.084999176825  297.417272084616
672000  -296.924284144646  299.812969580775
673000  -298.715871732434  298.466491252383
674000  -295.18530981622  300.861994674747
675000  -296.564521413433  300.73939958779
676000  -297.422781612637  299.982612469748
677000  -298.581228463476  300.431224272211
678000  -299.020885059504  302.532937649469
679000  -298.795863157622  302.940546706912
680000  -301.067904926706  302.364290184613
681000  -298.470852034537  304.676738179157
682000  -299.252909084221  304.583035345095
683000  -302.049627254881  302.887558686438
684000  -302.304780648973  303.365100449073
685000  -302.484187155972  304.185352166962
686000  -301.774846046976  303.585102023561
687000  -298.77964144653  305.848063942899
688000  -304.062274076926  304.958118837703
689000  -301.732770128818  303.623410255943
690000  -302.213571100452  304.853790511673
691000  -302.444711387505  306.976295119255
692000  -300.449453591304  306.451219210357
693000  -300.790328273177  308.020849657671
694000  -299.472244608083  308.874344086145
695000  -300.75885759624  306.895066865033
696000  -301.169127361422  309.860205923102
697000  -304.262065500104  309.438714065064
698000  -300.661479203948  308.624534486986
699000  -302.070404372168  309.188116829662
700000  -302.523799891668  309.592106296804
701000  -299.668517654058  311.521556777943
702000  -302.055897485212  311.243452222086
703000  -303.421630501879  311.809455082633
704000  -304.015265629407  311.114007125188
705000  -304.051177929291  313.315448259923
706000  -303.698402549707  309.949065442334
707000  -304.166542502527  312.548391679223
708000  -305.946824089211  312.198271417852
709000  -305.817862591929  314.477763820106
710000  -307.195481782294  314.294484085623
711000  -304.264422922095  316.882522291828
712000  -306.107204297895  313.911732567854
713000  -308.776312936697  314.250673367042
714000  -306.956204015707  315.531832505312
715000  -311.187790766382  315.888449744269
716000  -310.779467549497  315.888005687718
717000  -312.488124702103  317.697008072134
718000  -311.522827346081  317.738621826961
719000  -310.177315609096  316.482119599117
720000  -311.310245564722  315.332493513816
721000  -313.149498352737  318.13021071338
722000  -312.688825170868  319.109879777948
723000  -314.244584556375  317.299773478165
724000  -313.545727036006  317.491943207648
725000  -312.606192019775  318.401717403899
726000  -314.594452398096  318.608064572651
727000  -318.005458095808  319.284175692086
728000  -317.788035524753  318.780535738626
729000  -315.589154467663  318.75095833333
730000  -315.491258512542  319.579962999476
731000  -316.166202314187  321.689227472122
732000  -316.647130575077  322.867931680223
733000  -318.193289329069  321.599505700484
734000  -317.36387259627  323.391999652018
735000  -318.460428095382  325.279059500298
736000  -317.046655521755  321.674903939338
737000  -316.450771716324  326.684565447149
738000  -317.954830601295  324.224004838455
739000  -320.162299953371  327.369478691912
740000  -321.237629159744  327.298057073955
741000  -320.142466275448  327.467230284638
742000  -322.922054354919  327.432266551211
743000  -321.762738044234  329.240713001982
744000  -322.714131846328  324.970989196844
745000  -322.133619396408  328.732429322378
746000  -325.80631834691  329.931472660645
747000  -324.181944096102  327.929790614679
748000  -328.128185244816  326.425728922555
749000  -327.92611024903  324.875082295194
750000  -327.718764422932  327.431765848141
751000  -328.258324701054  327.556546073827
752000  -328.510015881078  325.592169164977
753000  -328.285898989539  326.993704800984
754000  -327.449102259868  328.250164846504
755000  -327.744979197774  329.324166462938
756000  -330.540381348625  328.593005002551
757000  -330.81467668495  330.539090149104
758000  -331.305838283305  332.427622702019
759000  -332.497039873678  329.799479513234
760000  -331.79428824348  331.693043884611
761000  -332.794438492483  331.482970621159
762000  -332.690536272019  331.866603219187
763000  -333.261371761247  330.294749345651
764000  -335.624380692877  332.55573822602
765000  -336.665150018492  336.924753119664
766000  -331.617466775914  335.997098205011
767000  -337.726854512386  333.600835461648
768000  -336.953159298837  334.59127830975
769000  -336.169149416542  337.376792122093
770000  -338.326878375253  336.332382107066
771000  -335.025925417401  335.689825022161
772000  -337.439285345712  335.906025849471
773000  -335.952904211605  334.259304729252
774000  -338.957463221379  337.162778498331
775000  -339.181611957002  338.52499387596
776000  -341.582894534582  341.289422341405
777000  -343.111348103851  338.469479596214
778000  -340.467715210582  340.214485106029
779000  -337.23817114923  340.685600328875
780000  -342.467276071384  341.69268804187
781000  -341.562752694459  339.483241244621
782000  -343.561859368735  340.760171997798
783000  -341.315111782726  342.90682337602
784000  -341.56455389365  342.767072420151
785000  -342.681951565445  344.496585457118
786000  -342.467806531555  342.59525618899
787000  -342.064270676329  346.05141319288
788000  -343.733538034688  344.631083910343
789000  -344.804214896649  344.028039452631
790000  -345.286698299139  346.67113502704
791000  -345.713434058768  347.733616039524
792000  -344.327667042542  344.861430966963
793000  -346.52771824583  345.59350149404
794000  -346.999813793692  348.533660563434
795000  -348.488446086632  346.563067079795
796000  -348.038438121767  347.081012338693
797000  -348.514166383082  347.932496846505
798000  -348.997861343531  349.84200171085
799000  -346.430134026643  350.288690250899
800000  -348.765070926902  351.451115887706
801000  -345.573280926496  351.261104031829
802000  -349.292791447567  350.67732377774
803000  -346.307923272964  351.139798509014
804000  -347.645817822702  349.971433524416
805000  -350.247986432769  351.558759823869
806000  -346.816291849618  354.571965500095
807000  -349.528015045036  352.971249569956
808000  -348.503916429572  352.602406302848
809000  -351.599835256706  351.27789252525
810000  -350.225443149319  352.099365113141
811000  -351.241997717287  351.734327329965
812000  -354.406889855824  350.460674975816
813000  -352.619107167135  353.78121294262
814000  -357.329564688393  355.195463923216
815000  -354.155804247968  354.485018277617
816000  -357.335615424072  356.430506279803
817000  -357.984002877809  357.060640105029
818000  -357.655726011857  358.056173902215
819000  -358.143348456198  356.571058089014
820000  -359.229591325632  357.193794515379
821000  -357.410832037482  358.221929745905
822000  -360.858086672857  359.784087988203
823000  -361.17626049818  358.393321362105
824000  -361.083720611595  358.678539727033
825000  -358.343792737116  361.550910540532
826000  -362.272910389379  360.050305575132
827000  -359.699025763189  359.480427493663
828000  -362.861843867427  362.166018834336
829000  -365.176016577378  360.821008432994
830000  -362.171583248585  361.412636025997
831000  -363.984838442138  361.513088085571
832000  -365.022711144803  360.823163280835
833000  -364.679154033319  361.747994748811
834000  -364.200941740415  362.947652967379
835000  -364.575066912859  363.118422701865
836000  -362.853194766524  362.787022032827
837000  -361.90033890465  362.050024445002
838000  -363.120772533484  362.942433281761
839000  -364.398038684947  362.441234381835
840000  -366.652974424365  364.584844158935
841000  -367.183981989479  365.867253455135
842000  -366.623753482409  367.002407962179
843000  -367.998263407122  367.915488894559
844000  -366.791722252654  367.033384862512
845000  -364.799824332234  368.167260204238
846000  -367.855458001348  369.841614453448
847000  -364.676628661205  371.727488863597
848000  -362.570443944924  370.872653663403
849000  -364.77116724172  368.108746300667
850000  -367.548005713131  369.194992163159
851000  -366.254435594722  369.07044247481
852000  -365.510518242664  370.71749022899
853000  -364.919490873638  370.127977400188
854000  -366.829092014264  370.903793022379
855000  -366.395738928584  367.156976897794
856000  -367.586081733135  370.892590742468
857000  -366.427317241184  368.83690334653
858000  -369.762418328774  371.625045556988
859000  -370.180634118196  371.512406699224
860000  -368.506712048015  374.462217777109
861000  -369.825606898582  374.009910236568
862000  -367.916966721151  376.21957993525
863000  -372.039879083704  375.036277624662
864000  -369.711499518143  377.235436810484
865000  -372.062820516935  378.85975787225
866000  -370.561856686555  376.729390966749
867000  -370.11826015826  378.631581304778
868000  -371.768873994901  375.619539889556
869000  -371.826942543071  381.000108950505
870000  -375.625428531845  378.349017492567
871000  -373.626957234624  379.751227167286
872000  -375.945440406337  380.762387407519
873000  -375.052976408362  381.009414398376
874000  -376.658086567246  378.647468111405
875000  -378.408258347856  381.461498444446
876000  -376.418912122839  380.803175751634
877000  -379.707562602498  384.570802810315
878000  -379.208149879598  380.34510893084
879000  -378.647580224743  382.323410030131
880000  -378.421373922289  385.139282862186
881000  -378.113884419198  385.332710575335
882000  -379.875861870271  387.616489818986
883000  -376.568993100461  387.835752504102
884000  -380.973015669217  388.872672006716
885000  -382.427358152121  388.040589940161
886000  -379.521150016488  388.352712092357
887000  -380.906677068925  388.684167156634
888000  -381.742326904307  388.607328635958
889000  -384.586793423666  389.319117803638
890000  -384.451569599948  388.701629227161
891000  -383.199193973236  390.927461271337
892000  -381.403425891554  390.527860410909
893000  -386.397204880483  388.618456240831
894000  -384.441874243436  390.168034210834
895000  -386.797742696263  391.224070372744
896000  -386.911527576659  390.532503323561
897000  -388.080684906456  391.731164971457
898000  -385.49377902938  391.34261957046
899000  -388.79905369849  392.361904768258
900000  -388.171260005243  392.936868074517
901000  -388.943867677472  395.169817377188
902000  -389.251981157701  395.20362777279
903000  -389.402109350515  395.855748933475
904000  -392.141206168595  396.197767591732
905000  -392.396216018078  396.977764264422
906000  -390.927914072101  397.708944669503
907000  -392.365993115858  398.592848966275
908000  -394.531009720121  400.28929794144
909000  -393.76297633196  397.628286450875
910000  -395.699198755057  398.653798497274
911000  -396.393971013644  402.176405232846
912000  -398.186059061453  401.919524644482
913000  -396.236166075959  401.743486110277
914000  -399.235227543132  403.978476120517
915000  -398.539297882892  405.982451698154
916000  -399.879345024874  404.15130684913
917000  -401.420695410912  404.289852259616
918000  -400.675436548149  405.231663912383
919000  -400.304233586873  406.302128887246
920000  -404.102933292628  408.696433922578
921000  -401.746237954083  408.784217624321
922000  -404.921940502578  407.83017508793
923000  -405.074534579394  408.780743377317
924000  -403.247139146433  407.704277359866
925000  -405.747734988656  412.26251413659
926000  -407.441504623894  410.539503532029
927000  -406.033111916779  409.5064730571
928000  -405.310776377124  411.143391135272
929000  -406.704651206138  412.349763168331
930000  -403.110076644839  411.076057349626
931000  -405.499992049862  412.427741841039
932000  -408.302008705657  413.641230994947
933000  -409.121163745722  415.941682815829
934000  -409.078364880596  414.075258457595
935000  -409.779478690912  415.936556370924
936000  -410.396528054215  417.322548261536
937000  -410.744509032139  416.516768128752
938000  -408.608060519296  415.822659901748
939000  -413.722849191399  416.75852702543
940000  -414.301227293681  418.483023047882
941000  -413.96969902282  419.133864809611
942000  -415.792667825179  417.659926148772
943000  -417.946515209346  419.850151838784
944000  -416.967893468782  419.127141582587
945000  -417.623048541955  419.456215527573
946000  -418.331854570613  421.409662529975
947000  -418.871351434621  419.880341794505
948000  -419.902500649265  421.172399191504
949000  -419.170742368786  417.887614983258
950000  -423.359047125945  421.071275597501
951000  -423.504435243828  422.347234731598
952000  -420.023707957454  422.022404023752
953000  -419.673432642304  423.193048017728
954000  -423.266944010587  424.650631290238
955000  -422.611310129966  423.495476148612
956000  -419.566620426517  425.962501215186
957000  -426.237116505837  426.387681615889
958000  -424.000774901256  425.986953889661
959000  -426.095014058041  425.672019364001
960000  -426.212582645748  426.310870907058
961000  -426.572387894696  425.829105708803
962000  -426.969337759607  425.659784370443
963000  -426.425817076674  429.004810409106
964000  -428.267124456334  428.025046074357
965000  -427.583966103725  429.817532469289
966000  -429.963578572708  428.418197046479
967000  -430.082086900277  430.961879855617
968000  -427.561065009316  432.09672624042
969000  -429.218766351776  429.102675371382
970000  -429.769755791386  431.100869754199
971000  -429.922666464745  430.961904897551
972000  -430.03162587697  430.552921834185
973000  -431.059991565787  430.614133442323
974000  -427.542665934894  430.878473511489
975000  -430.805278563973  430.512482278336
976000  -429.191826794528  434.770675473234
977000  -430.38040692321  431.970903364127
978000  -432.345425261288  431.060114650856
979000  -433.864763853705  432.67895461333
980000  -435.330949803716  431.085472712355
981000  -436.4549469569  433.383014839026
982000  -433.958940052662  434.066933622057
983000  -435.340279945438  435.715238107834
984000  -435.096721838619  434.083883032927
985000  -436.404354941947  436.817424601153
986000  -439.177737714121  437.199558434086
987000  -437.367756138921  436.49582641269
988000  -436.974068911211  436.683448617087
989000  -438.328262560015  436.687144191785
990000  -437.09265881694  439.764858546117
991000  -440.399196847192  441.685806921253
992000  -440.743972084221  438.511364136438
993000  -440.992009943115  440.639832043864
994000  -441.862500356986  441.884460975872
995000  -443.119708081884  444.972756139472
996000  -439.278639679567  442.480750547384
997000  -445.488475464483  445.130800050927
998000  -443.731813473972  442.475961937617
999000  -443.20265883925  446.01713349357
1000000  -445.774754783221  445.307935283222
1001000  -448.006064697061  445.117190501528
1002000  -445.574484742228  445.867370916584
1003000  -444.351758034651  444.370318168213
1004000  -446.887549715866  448.528070016786
1005000  -444.390201227574  444.375442395296
1006000  -449.266820175352  449.062946620473
1007000  -445.956369631649  448.398145527065
1008000  -448.007287143557  447.869106645595
1009000  -449.038219071819  447.218257443932
1010000  -449.645262170232  448.348706827402
1011000  -450.037647675106  448.38190368502
1012000  -455.27777682799  451.468491224613
1013000  -452.956509831138  453.176979088065
1014000  -450.168408726791  452.233449971365
1015000  -452.880064790214  451.973828476478
1016000  -452.902294854325  453.212836913252
1017000  -451.553749646717  452.133148230928
1018000  -452.33042466512  453.943639662102
1019000  -453.72602367841  457.503143123457
1020000  -453.62893586772  453.948454678699
1021000  -451.890723596486  457.175255518256
1022000  -452.612498271885  458.734109171261
1023000  -453.705996370096  460.238802124681
1024000  -453.812978503142  458.721636194158
1025000  -451.60369019888  456.849665591454
1026000  -452.446552277705  461.803827786722
1027000  -451.367036013432  463.183587211387
1028000  -453.774500638458  459.467987489538
1029000  -456.152782814489  461.957924430125
1030000  -456.504595993973  463.644735887487
1031000  -456.327031002095  462.316573779731
1032000  -453.051842805113  464.170232577211
1033000  -455.940463149019  465.368622070113
1034000  -455.034663596994  464.414357809189
1035000  -458.453958110066  462.861579458933
1036000  -458.928440600811  462.914144518754
1037000  -460.844137651333  463.599617032329
1038000  -460.467312787837  465.498066635845
1039000  -461.772283385312  467.022627977125
1040000  -462.992872116932  469.030796696436
1041000  -463.040157551777  467.138173467783
1042000  -463.127785777085  467.74512450159
1043000  -464.886829309438  467.094383600938
1044000  -462.047451728057  468.831790380525
1045000  -458.844442821155  467.518523339238
1046000  -464.104804702186  465.88501381318
1047000  -464.540861566927  470.074177007899
1048000  -462.567697455648  471.641486819447
1049000  -464.668483613808  469.800487395813
1050000  -464.515362071944  469.742601180777
1051000  -464.823475263567  473.66087270307
1052000  -465.056131614471  471.535689799003
1053000  -466.795287934638  472.387834244852
1054000  -467.375349737277  473.583613497263
1055000  -468.319714745369  473.731008659002
1056000  -467.07030861538  475.189741402082
1057000  -464.676485248887  478.186173677078
1058000  -468.393729017044  477.211995052748
1059000  -471.766211779029  480.051509384662
1060000  -471.822327166837  477.909031154936
1061000  -472.351035566099  480.536078635435
1062000  -474.75806623115  481.16160474633
1063000  -475.230386810455  481.025529712225
1064000  -475.682656894598  478.096864844126
1065000  -475.296894576518  479.860214000202
1066000  -476.539912027517  479.443504298593
1067000  -476.3090176565  480.590356306946
1068000  -475.51415418777  483.337261228625
1069000  -477.67881720352  484.19257596227
1070000  -476.887769347812  482.009517111923
1071000  -474.827290369573  482.066252317573
1072000  -475.788881912728  487.285483561619
1073000  -478.555739384475  483.590775445074
1074000  -480.694103608588  485.245872355338
1075000  -479.541046894724  485.538261551975
1076000  -481.072658724262  485.950768940874
1077000  -481.192731557447  483.89777282048
1078000  -481.053177316119  487.071684762397
1079000  -481.049115639874  489.955174609892
1080000  -481.226637260111  488.754807705203
1081000  -482.680722852708  488.890572373546
1082000  -482.393258104227  488.386833378815
1083000  -480.886668035554  488.879731135442
1084000  -483.379462876012  490.412669727921
1085000  -486.015101445284  491.108285746457
1086000  -486.890957627674  490.565027332778
1087000  -485.785811314588  491.499178109136
1088000  -488.479989724513  492.61151286049
1089000  -486.292164005249  494.24236348769
1090000  -484.955791473357  494.131066526484
1091000  -487.114094694121  494.193230452257
1092000  -485.236455688497  496.699313773408
1093000  -489.871427964327  493.481554768228
1094000  -488.772794750333  494.976836446684
1095000  -487.15057567327  493.401566644963
1096000  -489.658663386244  496.57046188988
1097000  -487.079218264798  494.602665998949
1098000  -487.033610660606  494.617581220103
1099000  -488.134387019995  495.161911646168
1100000  -487.024226369934  494.027308306636
1101000  -489.665268911099  495.2538323898
1102000  -492.527604723785  496.561974276861
1103000  -490.261345542715  495.27492464318
1104000  -491.068927241134  495.217701935233
1105000  -488.080556602219  497.263309602441
1106000  -490.798870744651  494.412299963581
1107000  -494.012848619961  496.589306878686
1108000  -493.456795257175  499.837286526873
1109000  -492.444072984338  498.428453546373
1110000  -492.516313320562  497.117975286932
1111000  -495.839656984998  497.746567300309
1112000  -494.814423111327  498.561304345199
1113000  -496.262147120543  496.07955714523
1114000  -494.787501483005  497.270403270026
1115000  -494.639244050733  499.146954271742
1116000  -495.550078074636  498.29752884733
1117000  -495.082049589922  497.739030639162
1118000  -492.623901696787  499.363033573002
1119000  -494.317508532189  501.186809807929
1120000  -496.246439221794  501.852650305585
1121000  -493.28752837633  501.873158720889
1122000  -496.318370931943  502.055532288487
1123000  -494.357470998507  501.942115398956
1124000  -496.986331832295  502.984920540655
1125000  -492.891364734693  500.746995328201
1126000  -495.790338046378  498.972090124267
1127000  -493.610178841899  503.47831940966
1128000  -496.810710930899  501.749116878226
1129000  -496.536564090321  506.207707018834
1130000  -502.646810270841  503.693112546477
1131000  -498.91800487709  502.088723637773
1132000  -500.841198429055  503.751959250997
1133000  -499.216319041268  502.18621928523
1134000  -500.114266449496  502.703486542659
1135000  -498.220306887167  505.767616404651
1136000  -501.054654683665  504.63233067129
1137000  -500.587633360701  505.413635007392
1138000  -504.398271954478  505.498747781401
1139000  -501.045019390375  507.523420300701
1140000  -505.795131352055  507.213071656044
1141000  -502.205899834345  508.119718235845
1142000  -500.918558593427  506.981815708394
1143000  -503.362209115548  509.913094033534
1144000  -503.033895545115  508.687332026166
1145000  -504.906022127286  510.199015690265
1146000  -503.341853455326  510.583976796362
1147000  -505.144823051036  510.486723178871
1148000  -506.304566464304  507.06899934262
1149000  -504.942487620336  510.954238362801
1150000  -505.846997001275  511.558158911666
1151000  -505.146043887265  508.875284159557
1152000  -507.383330764881  510.894413982804
1153000  -511.190472770909  511.249890674703
1154000  -510.666220655094  507.986593496145
1155000  -510.924170977788  507.041964769608
1156000  -509.807469138644  510.400533506523
1157000  -511.855258324213  511.961475694393
1158000  -512.013923493891  508.932281762438
1159000  -514.170334581085  512.859033124823
1160000  -511.591175452922  511.125540425314
1161000  -510.709042262886  512.555008229636
1162000  -513.244865495809  513.198674014221
1163000  -514.56662055248  511.72209549708
1164000  -516.112127300662  514.329639946376
1165000  -518.262670726277  515.404921931376
1166000  -517.398173556582  515.259678361843
1167000  -519.52108201937  514.976132933553
1168000  -520.722297793484  517.851016581543
1169000  -520.344272082454  520.138548488926
1170000  -518.256134670805  518.825975734917
1171000  -518.43676278637  517.408185067765
1172000  -522.168988749616  519.909526392096
1173000  -522.708142555574  518.287410486087
1174000  -522.092292041269  520.612806423153
1175000  -521.940883056728  520.319429193903
1176000  -523.284848368714  522.183120152582
1177000  -524.59706659483  520.059088144573
1178000  -523.098623923261  521.105185634873
1179000  -526.802961347949  519.586042588142
1180000  -527.482724136557  520.406921353257
1181000  -527.581227620836  520.047268923189
1182000  -527.025170962312  521.348608573674
1183000  -524.830791607735  521.949148406877
1184000  -527.396371206822  523.243721000098
1185000  -529.310969684971  524.737504986721
1186000  -529.054671424388  523.15351096556
1187000  -529.727770068853  523.487883266315
1188000  -530.407971058174  523.476611839048
1189000  -532.260843002664  523.713680451624
1190000  -530.510315135715  525.746711634294
1191000  -532.320915650704  524.704089666884
1192000  -530.84618171199  525.483592702374
1193000  -529.926999944576  528.699706180714
1194000  -529.088382271001  526.838341221394
1195000  -532.993672022787  529.679463071181
1196000  -532.093003733303  528.318461436586
1197000  -534.483085061693  530.914573436612
1198000  -533.804687773754  529.660672402503
1199000  -536.047477034966  529.989387394667
1200000  -536.204892446744  529.591317168922
1201000  -537.202162090411  532.368440256861
1202000  -538.144653767473  528.572964011435
1203000  -537.412830237938  530.495911359497
1204000  -538.348344982737  528.881895735868
1205000  -539.510174279441  528.939254534369
1206000  -541.588588107045  529.229055422196
1207000  -538.943433334807  531.570600900365
1208000  -539.520290684057  530.067537862821
1209000  -538.841603759224  530.952406328356
1210000  -541.496057134302  530.039749489816
1211000  -540.794012793919  532.248015908726
1212000  -541.466757562103  534.773935117437
1213000  -542.131136168629  535.318742246872
1214000  -541.36052777872  534.268221607295
1215000  -545.848917217184  532.858929326123
1216000  -542.991207948979  534.266632254247
1217000  -543.881712703751  534.086485271433
1218000  -543.280322595762  535.089826914872
1219000  -545.187138182395  533.541765126572
1220000  -545.054244916515  535.034498284485
1221000  -546.183257520502  536.238897164737
1222000  -547.706507961556  539.378992430295
1223000  -546.418561911735  538.615952966464
1224000  -546.052553426341  539.042205715186
1225000  -544.301452337499  536.33028942343
1226000  -548.945487169055  536.675226918477
1227000  -544.75087219568  536.543296337629
1228000  -544.957226082978  537.950001805431
1229000  -542.165670475236  538.64680830326
1230000  -544.785448424985  539.471301019945
1231000  -548.943225920158  541.945291262075
1232000  -548.276478433683  540.678542106305
1233000  -547.5479526488  541.111333006684
1234000  -549.047553466025  540.810833497309
1235000  -548.200191359831  541.99797690748
1236000  -548.442906377001  540.293730366784
1237000  -548.904499754928  544.553730016441
1238000  -552.287805782144  546.765218698794
1239000  -550.652513274564  548.660290152773
1240000  -548.796376016662  548.395646161935
1241000  -551.985344011604  547.03075632484
1242000  -550.31403684719  549.807061452003
1243000  -550.779398687799  547.715325555806
1244000  -550.696567077367  548.492998150763
1245000  -551.728283754471  548.254113095797
1246000  -556.600622634387  552.159215881742
1247000  -552.598186099073  551.2151065455
1248000  -554.380936858799  553.104501613294
1249000  -553.7997902502  550.528776082164
1250000  -553.700776430659  552.706501143975
1251000  -556.990596471103  553.019942623947
1252000  -555.034961984967  552.50443823897
1253000  -555.528697788079  551.466263590293
1254000  -554.733873265364  555.181843905848
1255000  -557.012828194579  555.392947109692
1256000  -556.116245223562  557.032099059176
1257000  -558.03397405642  554.315326440461
1258000  -559.166992375519  557.083406955963
1259000  -559.517616304806  556.146863317179
1260000  -558.553119324131  556.212870331244
1261000  -561.315685987436  558.154439757141
1262000  -562.865633185725  558.616346865789
1263000  -561.252428467314  558.106852460846
1264000  -560.05307950682  560.020796670267
1265000  -562.189285137381  561.123982020268
1266000  -565.518919598555  557.088136983519
1267000  -567.598833190903  561.424098235998
1268000  -562.618506963444  561.203611762033
1269000  -565.952647054118  563.117195774637
1270000  -565.049978803501  564.956913227613
1271000  -565.528444937726  564.966345928788
1272000  -565.25585165165  564.282673268885
1273000  -565.464422028009  567.113672727155
1274000  -564.369339837645  567.497685378672
1275000  -563.787062394692  568.130327076622
1276000  -565.438272589607  564.995143174239
1277000  -564.469116119908  568.731833612065
1278000  -566.738201712139  566.969094215341
1279000  -566.879826983831  568.71528143939
1280000  -566.192555714814  568.420309419126
1281000  -568.980916946396  568.442347895528
1282000  -566.498084430775  571.696949207599
1283000  -569.691290953994  570.381767888495
1284000  -568.060577996355  571.818888280761
1285000  -567.085785838506  570.752204325201
1286000  -569.95200038879  573.246307213096
1287000  -567.46229151264  571.258642431393
1288000  -569.666149375141  573.889475411445
1289000  -569.093097217733  573.740629885478
1290000  -569.900173072974  573.05302335784
1291000  -567.889081399477  576.669163988107
1292000  -568.42521289512  575.341969941553
1293000  -569.548257392048  574.562298578062
1294000  -571.587942554351  573.298811643804
1295000  -571.862405155148  575.644151998534
1296000  -573.621555614254  575.144941480682
1297000  -575.773984096891  574.255251631788
1298000  -571.759523136128  575.135980778577
1299000  -573.647797501222  575.653442126078
1300000  -572.350740018695  575.84939311096
1301000  -573.31606775812  575.625812123684
1302000  -573.693560431241  575.958806754518
1303000  -574.474291094684  575.81921542965
1304000  -573.519264721188  578.896777186466
1305000  -578.43986360967  579.263019263178
1306000  -573.856873615814  581.951066623095
1307000  -579.353296546947  580.624753738304
1308000  -575.550550823953  580.378961382569
1309000  -581.537004527799  582.867684962336
1310000  -579.126186893961  581.098646028783
1311000  -578.378759372251  583.971589547702
1312000  -580.087728597405  583.942934760561
1313000  -580.000334544334  582.831332710549
1314000  -579.03163026362  583.196749084884
1315000  -580.908211910524  583.975780235197
1316000  -581.284391929423  584.386288110914
1317000  -580.134666577833  586.207357741484
1318000  -581.757573500329  587.257332730527
1319000  -582.747607213685  588.880515778782
1320000  -583.475156151346  588.853921038371
1321000  -584.459024911591  592.564056743805
1322000  -581.462850137036  591.036430701543
1323000  -584.294272238379  592.303401397949
1324000  -582.805487184723  590.779911745521
1325000  -585.701170668896  591.975362693909
1326000  -586.680194498241  593.750498020367
1327000  -585.134273627088  592.278143359926
1328000  -580.994296702956  594.881932235385
1329000  -586.267026846752  595.331002692512
1330000  -587.489922909802  597.016734343727
1331000  -585.698322900825  596.608967029639
1332000  -586.260954385176  593.211345958106
1333000  -586.498719453594  592.665673354183
1334000  -584.208881529176  594.694704883108
1335000  -586.82520694036  592.432897310252
1336000  -587.489106777626  594.978030381477
1337000  -587.386553764405  595.570772889434
1338000  -588.84639035525  596.917682340397
1339000  -587.159003421204  600.299263136659
1340000  -588.383903594091  599.91022480567
1341000  -589.592219210021  600.037396614242
1342000  -590.290054033899  600.743773817419
1343000  -590.914547649994  603.732270732569
1344000  -591.592600634581  604.732905206205
1345000  -594.227269973737  604.364399860046
1346000  -595.108535720338  604.208340908824
1347000  -594.234320875458  605.883451966406
1348000  -595.108659425133  605.156122708483
1349000  -594.16388051569  606.927715647197
1350000  -592.809054869246  606.74299222697
1351000  -594.945203408107  606.649623714792
1352000  -597.79587497948  608.169989166831
1353000  -595.084186877411  606.661545848422
1354000  -593.479901276001  608.818556568114
1355000  -597.855810965515  608.295095899002
1356000  -598.442621722673  607.077346749621
1357000  -598.212915848783  611.148056951678
1358000  -600.333098213877  611.233784139575
1359000  -599.946267985141  611.226499125766
1360000  -596.976324898116  610.296141841557
1361000  -598.501012688709  610.288454943431
1362000  -600.731014333526  612.623395531556
1363000  -602.046303222955  613.936404336367
1364000  -601.990332930928  611.610235070172
1365000  -603.442821153105  610.418586834747
1366000  -604.173789591338  612.386289243375
1367000  -604.291876928595  614.683589484814
1368000  -605.111940051679  615.718328809153
1369000  -604.597672595827  616.058159931173
1370000  -608.986503516282  618.134160843631
1371000  -606.266299030772  616.737481927386
1372000  -607.765688372851  617.961207661436
1373000  -607.193629225401  619.188183855796
1374000  -609.581827647607  618.455083691988
1375000  -609.615940930904  619.122830185759
1376000  -609.701707763845  620.130804086159
1377000  -608.736384952629  619.490137596207
1378000  -609.492902949713  622.49320966844
1379000  -611.378972605294  621.034252261386
1380000  -609.534142676602  621.555029188168
1381000  -611.029602952538  623.411906729389
1382000  -612.349209305763  624.241062938463
1383000  -613.141005235531  623.229681517986
1384000  -609.750147782292  625.85914511344
1385000  -611.266155005932  627.162390088776
1386000  -614.844785179378  625.760025453508
1387000  -614.213326970794  626.310041371266
1388000  -614.487164410165  624.197402411162
1389000  -616.19740845571  624.98176462001
1390000  -617.757431887908  626.168392518497
1391000  -617.217352959412  625.352848087661
1392000  -618.137676704215  627.082147527728
1393000  -617.749369687378  626.822645532168
1394000  -617.761727962868  629.064862543873
1395000  -619.969459577706  626.871122708906
1396000  -617.430575525424  625.879193669827
1397000  -620.721733499298  627.995348937814
1398000  -619.466568238821  627.407557621675
1399000  -618.947064067935  629.452849611464
1400000  -620.69459931726  626.033874351445
1401000  -621.902801568801  629.014332357956
1402000  -621.352176152643  631.104241112306
1403000  -621.443736629212  628.395781674405
1404000  -622.262213020944  631.374212689867
1405000  -620.897605234448  629.991659727896
1406000  -621.099676244336  628.267339274173
1407000  -622.148181036472  630.166689588133
1408000  -622.790750589243  631.934468147135
1409000  -625.647406856436  628.242543419878
1410000  -623.989399809332  627.978997992607
1411000  -623.606491254458  629.629940930327
1412000  -621.561245983939  631.440239721654
1413000  -622.05424135799  631.69137637662
1414000  -624.919282340398  630.30270331407
1415000  -625.163460830381  632.878132122917
1416000  -625.047641084223  633.980698213396
1417000  -625.118034911123  633.640649637519
1418000  -624.939322959024  634.631069117086
1419000  -626.146935226883  634.874358818627
1420000  -626.469479818497  633.246076154118
1421000  -627.608894233068  637.148538436629
1422000  -628.293632995957  637.673082301517
1423000  -629.443301785249  636.129752567123
1424000  -626.11829653084  637.64278977761
1425000  -631.020095434742  638.236620285723
1426000  -629.943834397344  636.559895231367
1427000  -631.301181242959  639.338525684769
1428000  -632.136657297485  639.709576974572
1429000  -633.040794498945  638.358324557484
1430000  -633.982773790368  638.148827115743
1431000  -634.120827013566  638.952716778151
1432000  -633.713237986555  641.182893926187
1433000  -634.853715022105  641.110301894112
1434000  -635.859129374818  641.131703550652
1435000  -632.892166059249  642.119387045631
1436000  -635.418629996624  644.16304207143
1437000  -633.699231911295  645.43636979688
1438000  -635.452630468682  644.703625095718
1439000  -634.788147407834  646.011545353567
1440000  -636.937523926785  643.118469278423
1441000  -635.539905514663  644.13425132184
1442000  -638.42586981006  646.754137285733
1443000  -638.164283114213  646.49118340077
1444000  -637.860795144925  644.274915018321
1445000  -642.984212122807  646.480095966589
1446000  -640.893636766471  647.070535106704
1447000  -643.127639286149  648.658543398382
1448000  -640.757528349982  646.579874959102
1449000  -640.959324003725  647.751159446957
1450000  -642.851610866368  649.919882934372
1451000  -643.094673270186  648.457078340972
1452000  -642.571825053938  648.594046543332
1453000  -643.527023922672  649.291984690114
1454000  -645.583046733653  648.388331879558
1455000  -644.782901643566  650.428123038927
1456000  -645.656433330385  651.378874584365
1457000  -646.958255338081  650.522767420922
1458000  -646.793809336286  651.378208069964
1459000  -648.333918466406  651.85278037395
1460000  -649.447615658797  651.687770055277
1461000  -646.550883835719  652.72086182274
1462000  -650.014359436508  653.258635999567
1463000  -649.550666362944  653.316851418055
1464000  -649.850190387058  655.294757427904
1465000  -649.650432631614  653.896844054174
1466000  -650.422904586063  654.38873059829
1467000  -652.515464777456  656.471380381877
1468000  -650.634836555523  653.242172102765
1469000  -651.267311507008  658.735063853444
1470000  -654.300189700853  658.724691974184
1471000  -652.841337713393  657.536642004103
1472000  -652.503297913034  659.565996966565
1473000  -655.337188493549  657.517457320517
1474000  -655.714188158997  660.622795838187
1475000  -656.83509177049  659.170448730152
1476000  -656.88711852226  658.876597738238
1477000  -659.15792191703  658.624340238626
1478000  -659.912808788593  660.061673729624
1479000  -661.601934762233  659.751387276596
1480000  -663.152950269272  660.792184164139
1481000  -662.936900471659  661.680088992578
1482000  -665.714125088167  662.013597104892
1483000  -664.389520944766  662.015913055682
1484000  -664.787999418571  659.817751743497
1485000  -665.834066296754  661.246133948949
1486000  -663.775234044076  662.259225603763
1487000  -663.784114228849  659.454356990611
1488000  -661.528911355529  662.261569044631
1489000  -664.695489257077  661.64872625815
1490000  -665.308271592743  661.322366688226
1491000  -663.922974065882  661.851261883545
1492000  -667.63500769206  662.624932104581
1493000  -665.241310286912  663.331848622351
1494000  -667.174622986229  663.479986252699
1495000  -666.862705434047  666.630096256257
1496000  -668.689996940155  662.563116234971
1497000  -666.916594582727  665.665500403408
1498000  -669.796951719262  665.702517366813
1499000  -668.382844703272  667.395695665371
1500000  -669.760265136924  667.387746767724
1501000  -671.389018301829  666.181228102809
1502000  -670.658250201045  666.526744736873
1503000  -673.939174123826  669.4296520593
1504000  -676.521623060281  669.469948053377
1505000  -676.000809726877  668.520127280031
1506000  -677.951238605534  671.834068428064
1507000  -677.668891709735  668.329457389534
1508000  -680.258744991901  669.741454467669
1509000  -677.829163690629  671.246185167681
1510000  -679.148292773639  674.557967730342
1511000  -678.289924108076  671.34236526476
1512000  -678.807130635991  671.945763677856
1513000  -681.511743768593  674.768390309394
1514000  -680.515420636275  673.050193947446
1515000  -681.138775838893  676.266333274796
1516000  -681.923732934128  675.018989904401
1517000  -684.134283963531  677.399914482907
1518000  -684.376502924179  674.952415585184
1519000  -683.956674070953  676.45758804121
1520000  -686.521922224643  677.401873265262
1521000  -685.842596363676  677.591615149887
1522000  -688.094344948978  675.576766575102
1523000  -689.167227164511  678.081555279574
1524000  -688.900545143994  679.655020376814
1525000  -686.604414076712  678.48642211273
1526000  -688.375073434019  679.227431676614
1527000  -686.967431169666  677.9009189976
1528000  -687.160540620398  678.418039346245
1529000  -684.890968936623  677.304666618783
1530000  -688.40900103986  680.347742219546
1531000  -689.647074910517  681.024779712248
1532000  -690.873964850266  680.814956217889
1533000  -690.336356778024  682.981682251609
1534000  -690.59347451266  684.559919193508
1535000  -691.007401314547  684.431243077491
1536000  -692.635641426072  686.093314625364
1537000  -693.307564243124  683.847768262881
1538000  -693.299527173908  684.180969590576
1539000  -692.902861708771  684.889605187664
1540000  -694.414418243221  685.229895266224
1541000  -693.802173233534  687.217102451202
1542000  -694.062697626449  686.208378305848
1543000  -692.845258337869  686.973455186008
1544000  -693.630846511796  685.719068126779
1545000  -695.076280595579  688.334032644898
1546000  -694.329692982847  687.265816551734
1547000  -697.477222090548  687.281078588503
1548000  -698.458044461149  689.973545602119
1549000  -695.856206045415  687.62658974909
1550000  -697.687034839691  692.338198323659
1551000  -699.484006637886  689.744360862604
1552000  -703.641257416481  689.862173653606
1553000  -703.1877607778  687.845456651529
1554000  -700.869421444313  691.050289600167
1555000  -702.028839613564  694.063976661113
1556000  -704.219014180526  693.031849118837
1557000  -706.023328707637  690.785941460414
1558000  -706.591621106116  688.651321733125
1559000  -705.648285116533  690.263029722507
1560000  -704.083839905607  691.030603438119
1561000  -705.394692249471  693.187023143947
1562000  -705.643407753591  694.745812025435
1563000  -705.518885913739  692.415021386806
1564000  -705.924784744697  692.707055754211
1565000  -706.463477632334  694.481950070183
1566000  -705.106011097264  693.04534356548
1567000  -707.770409887724  695.632264260791
1568000  -708.289299860058  692.110469169543
1569000  -707.084841296334  694.049441193043
1570000  -706.75902103533  697.799176332807
1571000  -702.800314160472  692.393322770488
1572000  -705.583256624375  697.088720886597
1573000  -704.548856190129  691.95035983676
1574000  -706.03047826668  697.078456121413
1575000  -709.887750377417  698.297243560881
1576000  -706.719601441195  697.586952097378
1577000  -709.95359827591  698.277323422584
1578000  -710.519648101706  701.089360731322
1579000  -709.33861200674  702.170390701464
1580000  -709.756167889556  701.977818642502
1581000  -713.917643455418  699.722985383387
1582000  -712.724722364985  700.622177490464
1583000  -713.268025506384  701.391650234401
1584000  -713.848637985225  699.888901726147
1585000  -712.416156278794  702.956189849953
1586000  -711.764281644262  699.815659786287
1587000  -711.570946943572  704.620136636631
1588000  -712.297860861565  703.719502616237
1589000  -712.524022019583  705.561131772885
1590000  -708.934332650194  703.205935084239
1591000  -711.812653065664  706.148950742303
1592000  -709.221089945405  707.439983589913
1593000  -710.923293542331  706.703748937049
1594000  -712.525460229217  706.550654663782
1595000  -712.769053457805  706.758035671721
1596000  -715.011127590846  706.543188586924
1597000  -714.911565384526  708.288461597615
1598000  -716.468101464003  709.982237295823
1599000  -715.75280009208  710.161236082917
1600000  -716.450556456083  707.904150894871
1601000  -718.337053959573  711.440363808171
1602000  -716.839245087213  709.70372931597
1603000  -719.592555792819  710.103841336955
1604000  -717.26667415021  709.717039843738
1605000  -718.134827802575  711.712695038568
1606000  -718.171195598917  710.569227625602
1607000  -720.228058625586  711.58118248549
1608000  -719.92173894531  711.90294796043
1609000  -719.884095511218  712.965053229108
1610000  -720.860765477547  713.146061350826
1611000  -722.528309509203  714.469155147163
1612000  -722.345228043033  713.189502950363
1613000  -722.916396713607  715.683146001987
1614000  -722.893082147798  712.700159891344
1615000  -723.402655291801  711.233432474651
1616000  -724.143058447365  714.077220278794
1617000  -722.83959030803  714.435377460031
1618000  -725.221343338714  714.503596838431
1619000  -723.201567116797  715.772642931665
1620000  -726.582872145712  712.711681342834
1621000  -723.749900873134  714.472227598308
1622000  -729.115396500698  716.238161985169
1623000  -725.679280025632  714.637212339212
1624000  -727.03020494959  714.835817400079
1625000  -728.694570924319  715.547720475101
1626000  -729.002667925249  718.927050185783
1627000  -731.658627023954  717.938964265011
1628000  -729.652915978924  719.50359294612
1629000  -728.755617605484  719.773889292605
1630000  -731.404893563494  720.2575793733
1631000  -731.113378434203  718.925507025226
1632000  -731.090910458329  720.428811485988
1633000  -730.765440918442  722.498509607283
1634000  -730.719023384034  720.089911240017
1635000  -731.643480298759  722.853584515369
1636000  -732.156476752979  723.33981238282
1637000  -732.919262060763  725.558145162905
1638000  -733.042588935443  725.678023688047
1639000  -734.296897564447  722.847701024366
1640000  -737.396870017387  724.477540391109
1641000  -735.214244444105  724.963934972927
1642000  -737.111404647671  727.475103119328
1643000  -737.910008914018  727.164370002112
1644000  -736.257956226974  728.176984867285
1645000  -735.915397547941  729.052037231627
1646000  -735.661829441263  727.715382930171
1647000  -737.846580129471  729.247346652375
1648000  -736.868623387359  731.527774564747
1649000  -736.261947503201  726.942093871186
1650000  -736.72597165361  730.2162696592
1651000  -738.900840172342  734.043519012052
1652000  -740.862947276681  732.239370656809
1653000  -740.342610108416  730.102170431082
1654000  -738.399303521733  731.933768764034
1655000  -740.980125854548  732.444011206148
1656000  -741.390068366306  733.715504504573
1657000  -740.070702644048  731.510417720972
1658000  -743.319145019156  734.962595367046
1659000  -742.810507142156  733.416542925729
1660000  -744.44863994782  736.70530848781
1661000  -741.140286094615  737.240825731191
1662000  -741.624838482877  736.400024313937
1663000  -744.187965906946  737.813231057371
1664000  -743.585023047795  738.254185835245
1665000  -744.674056559598  738.819309223828
1666000  -746.524096841719  739.291612625081
1667000  -742.806861496758  739.51815876333
1668000  -742.959890995374  740.332100491467
1669000  -744.508908240221  738.464392667601
1670000  -744.175351749921  742.805017670789
1671000  -744.941601277999  739.122981879317
1672000  -743.48359897838  740.238543921956
1673000  -746.366798103526  741.299367016295
1674000  -745.052080873469  740.086050446166
1675000  -742.691370370542  743.105275886521
1676000  -743.266952651637  744.437975051477
1677000  -743.995357187754  743.464351081388
1678000  -743.820042035907  746.656190534331
1679000  -745.089032972244  746.362827211962
1680000  -746.316834681727  747.297995181386
1681000  -746.623392679311  746.759687462131
1682000  -746.723137496979  746.357620972011
1683000  -746.189495141858  748.540647976262
1684000  -745.625021969195  746.309616963153
1685000  -748.097707277509  748.943301101119
1686000  -746.247480679674  745.566037634571
1687000  -745.846127266357  747.401693450321
1688000  -747.520719133758  750.168411251776
1689000  -749.669034388231  750.195839202937
1690000  -751.591736284245  752.804060058793
1691000  -749.133384819026  750.502135575018
1692000  -749.856367075157  751.636941787805
1693000  -751.461607013599  752.154879306946
1694000  -748.67695348117  753.109887493189
1695000  -752.591956399731  752.38922981325
1696000  -751.294397824246  753.007299016359
1697000  -753.313545638631  752.243011650057
1698000  -755.095520594023  754.43329526716
1699000  -750.808349539373  753.080269664946
1700000  -753.735455831676  752.107361594659
1701000  -751.979203415231  755.502350743245
1702000  -753.72187354047  754.697161008802
1703000  -754.677604450327  755.192771953514
1704000  -758.334931247468  754.668264012052
1705000  -756.750219091118  756.903540249204
1706000  -755.279124326321  756.324896106405
1707000  -755.226675539786  760.466820983226
1708000  -754.67953718402  763.245256647172
1709000  -757.04690478347  760.970032063564
1710000  -758.361837677479  758.691069776501
1711000  -758.342636959713  762.94238576738
1712000  -756.593503870963  761.428981103762
1713000  -756.448591594658  763.551332591304
1714000  -757.63727932974  763.032453474139
1715000  -763.061470943949  763.785135364972
1716000  -764.825064101225  763.987295319969
1717000  -764.518975066639  764.304917194574
1718000  -765.97635387911  763.896209551007
1719000  -766.692925645649  766.659414848627
1720000  -766.200333995545  765.319721769416
1721000  -767.504511101925  767.682261614703
1722000  -767.973364156262  767.303567177463
1723000  -768.081339911162  766.876883409149
1724000  -766.014499559828  767.740743263479
1725000  -766.821784662285  770.047338585913
1726000  -766.281527886727  769.927400579366
1727000  -769.237603661135  772.631422014395
1728000  -771.599984370709  769.67102413555
1729000  -769.226240581498  771.346311689047
1730000  -768.509031845444  773.076311305832
1731000  -772.876340893513  772.924550606066
1732000  -772.354753071649  774.69624202565
1733000  -773.658261471579  774.585718361671
1734000  -774.414767830365  775.158474618316
1735000  -773.790283041041  773.918110818654
1736000  -773.417096709716  776.166839955455
1737000  -775.30624550297  776.691179397124
1738000  -775.48398105135  775.975601067608
1739000  -776.606806189534  776.140606486883
1740000  -776.402634780051  773.080952408115
1741000  -775.966361964585  775.056249283258
1742000  -774.444591733382  779.310552425149
1743000  -775.855387894311  778.453092577564
1744000  -777.24469510439  774.807538246133
1745000  -780.086867790538  778.131055901724
1746000  -775.799207229443  777.262109382609
1747000  -779.394414868916  777.525145954955
1748000  -778.928275245876  777.572034462088
1749000  -783.012776156809  779.561155390279
1750000  -780.451360292153  780.780126716425
1751000  -783.793442161723  779.654242356715
1752000  -784.429328352509  780.427305857207
1753000  -786.147023006081  781.800622748107
1754000  -784.104890850291  780.651562091604
1755000  -786.609907571161  780.009633832796
1756000  -786.84465514885  780.672116138707
1757000  -788.695262528734  782.41566869496
1758000  -786.005101156636  785.500638275442
1759000  -787.812734212678  786.576929107275
1760000  -788.424250812057  785.527392633468
1761000  -787.555781744196  786.175682257262
1762000  -788.791955158055  789.178218370455
1763000  -787.628203306771  789.47028901213
1764000  -785.908407658435  789.430842905071
1765000  -787.472113181543  790.440120279004
1766000  -788.454114224204  789.983426360391
1767000  -788.233485892177  788.94031642558
1768000  -788.436052193404  791.630505317386
1769000  -786.652372198205  791.994084050616
1770000  -786.692041676991  792.149975506619
1771000  -786.380874344386  791.32336318743
1772000  -787.108000303953  793.290695928362
1773000  -791.037575982177  791.053752491299
1774000  -793.014295130165  791.501227713352
1775000  -791.94279138719  793.315086957599
1776000  -793.362172050381  793.209616804432
1777000  -791.255510817142  792.218583199281
1778000  -793.325711821553  795.316411700009
1779000  -795.950039271429  794.533876436739
1780000  -794.761003758554  791.602062238477
1781000  -794.186850871576  793.07377781821
1782000  -795.096804221025  794.958970243134
1783000  -797.097767577716  794.964761916382
1784000  -795.294072583794  793.96192356023
1785000  -797.530862964711  794.751876739785
1786000  -794.32552132582  797.622237282357
1787000  -797.712282081525  792.044860652102
1788000  -797.945461187075  795.81652853831
1789000  -798.101482186238  795.688722165332
1790000  -798.194737011074  798.268434609011
1791000  -800.963900160984  799.051458520934
1792000  -802.450028967784  799.885338605408
1793000  -802.432077723932  798.842228619935
1794000  -799.878794294884  799.096578194985
1795000  -803.100404907672  800.951330778754
1796000  -805.168426200224  800.374010964531
1797000  -806.030477136671  802.630333608566
1798000  -805.070096317108  802.785583342404
1799000  -807.585029309365  803.614021352427
1800000  -807.584206420271  805.247402416492
1801000  -809.185484122385  804.457138702518
1802000  -809.849756815031  803.457965791359
1803000  -810.706071460997  805.383636607134
1804000  -811.516638063436  804.61996267511
1805000  -812.265195140264  804.924602473247
1806000  -810.368981088283  806.264399680124
1807000  -809.231545716795  804.997378586701
1808000  -810.311273540233  803.954673522162
1809000  -809.273386985667  804.303465142825
1810000  -808.446386398296  801.224099588677
1811000  -810.552615676371  804.831015317151
1812000  -811.926149092559  806.302173163291
1813000  -812.977266918506  806.388726515968
1814000  -811.615326863005  805.1409124931
1815000  -813.155862854549  808.77332460048
1816000  -812.809826250676  807.507434264565
1817000  -815.130436735198  809.445251625629
1818000  -814.128630329372  806.548065310962
1819000  -814.91197688687  807.933093964619
1820000  -815.186775687811  808.171292653813
1821000  -818.058920530691  808.383409877062
1822000  -817.054177629323  812.830717787564
1823000  -818.193828966516  813.699330856299
1824000  -820.600706406233  813.159278544881
1825000  -820.236150253483  812.270841388469
1826000  -821.713387170703  814.3354276465
1827000  -821.151014736853  813.627719168259
1828000  -821.355835399774  814.555150751023
1829000  -823.571348688542  813.807926241056
1830000  -822.90842745506  814.28860009045
1831000  -822.903196603335  813.488419868571
1832000  -823.556471524148  812.278882847389
1833000  -826.415084399808  812.654624895104
1834000  -824.60143742804  814.091995565374
1835000  -825.760058877495  815.484856904179
1836000  -823.449388339885  815.051862903345
1837000  -826.150830153597  817.932390161888
1838000  -824.234453166576  817.534412487586
1839000  -824.526052371525  819.217076420119
1840000  -826.983210697731  819.264948358296
1841000  -826.874455316289  819.92404356631
1842000  -829.154644843449  820.382026174528
1843000  -829.91601124394  819.111900912246
1844000  -828.023103404194  821.710508261408
1845000  -831.536819241949  820.451419728968
1846000  -833.683431296553  822.919182369237
1847000  -835.998825913541  822.805932684238
1848000  -834.26160908109  823.68801710024
1849000  -837.490030384895  825.208996835672
1850000  -833.253504524907  824.176612670825
1851000  -832.990108901773  824.963984619582
1852000  -838.05311732394  822.096745198307
1853000  -836.160185437253  824.22479437315
1854000  -840.075246002202  825.923704372073
1855000  -838.823635195557  825.89027438184
1856000  -838.621282488329  827.139640597136
1857000  -838.679166777302  824.889960422078
1858000  -839.964801987002  826.793765626615
1859000  -841.028548590798  824.746267041892
1860000  -838.832253343932  823.627212281582
1861000  -837.845381470977  826.288142991765
1862000  -838.50197342213  827.359821309476
1863000  -839.357894647317  824.998555070985
1864000  -844.300321941761  826.534369100129
1865000  -846.408982343778  828.130944232441
1866000  -841.685543694467  829.442006087509
1867000  -843.804326845056  830.460247522908
1868000  -844.124241566381  831.137404346926
1869000  -841.843935648175  829.540511255496
1870000  -843.112417133279  829.717864837905
1871000  -845.231505930762  832.548243016205
1872000  -845.998820157084  831.082183680361
1873000  -847.62401406512  830.489380473393
1874000  -845.931406006661  831.307537842631
1875000  -843.40680758109  830.202634009509
1876000  -846.702476320772  831.822377884364
1877000  -848.438811898977  831.741952202265
1878000  -846.404412531132  832.902597698981
1879000  -848.78991013173  833.444394652239
1880000  -848.409611414407  833.813594737258
1881000  -851.82817485252  832.990521617034
1882000  -846.29687715864  833.447813907595
1883000  -850.929104032688  834.590342781511
1884000  -848.116728190502  835.106518776141
1885000  -848.447232810983  835.215977315895
1886000  -848.779747067889  837.258169638174
1887000  -850.906294399347  836.433006978827
1888000  -850.538839383267  835.394933495302
1889000  -849.579245848962  837.762539411457
1890000  -849.256940038423  835.953538037536
1891000  -849.757921586911  836.299093006347
1892000  -850.498767118889  838.261546151124
1893000  -849.297603880341  835.462399870732
1894000  -852.434229737979  838.388112133291
1895000  -852.080148367748  840.352634157785
1896000  -849.659087461372  841.698813806531
1897000  -852.115794369679  840.109365440364
1898000  -852.208147293563  841.216680549604
1899000  -853.636174826983  841.215032078378
1900000  -852.051173517271  843.056226079607
1901000  -851.576462581268  843.054341322218
1902000  -853.88894424433  841.744521472446
1903000  -853.133873985983  841.783047445672
1904000  -856.614690415436  844.921115553673
1905000  -855.632242913994  845.380763263312
1906000  -854.518305112173  845.533207152937
1907000  -853.64008333549  845.989842239597
1908000  -853.433656247922  843.787731275925
1909000  -855.447314003066  844.407497038985
1910000  -857.62640778121  846.949152506313
1911000  -856.579306124577  846.268526742901
1912000  -857.692239439267  848.866718457075
1913000  -862.364241556198  851.217185439871
1914000  -858.64934883103  850.782432308989
1915000  -862.058201432166  850.110333209392
1916000  -858.347884236223  849.925605377832
1917000  -860.201529650747  851.696559453713
1918000  -860.829229192786  852.367330215698
1919000  -863.54033886735  852.193340790383
1920000  -858.60606857021  854.473524962385
1921000  -862.765520090727  855.040783034387
1922000  -863.935325250961  854.731792250689
1923000  -864.423666372356  855.85942889025
1924000  -864.658731688106  856.158023398208
1925000  -864.647006955174  856.74235405176
1926000  -863.549887709859  858.355269520477
1927000  -867.163960914324  857.909315025371
1928000  -865.198592872412  861.617004756394
1929000  -863.485282913658  858.744403831065
1930000  -862.860054633937  858.403510559822
1931000  -861.832035460873  858.423626099547
1932000  -860.386975176586  862.061657365128
1933000  -868.861762533111  860.7339569974
1934000  -867.064007790394  859.17126497308
1935000  -863.96605696676  858.264697322562
1936000  -866.60385509505  862.77950575856
1937000  -864.694777109332  862.318433096536
1938000  -866.479780816228  868.056179596542
1939000  -866.060655190452  865.046680938881
1940000  -864.890540391545  868.566397936459
1941000  -867.498193407313  864.802255985323
1942000  -868.519747437221  865.187300888692
1943000  -870.986112711415  870.030086866043
1944000  -870.146923375476  870.717787896883
1945000  -871.279028528635  868.343069603639
1946000  -871.056886877373  871.175324407997
1947000  -873.850528796218  869.680515343447
1948000  -872.805202427394  869.889073202346
1949000  -874.213004595508  870.478409872966
1950000  -874.911996010689  871.17845405176
1951000  -874.855276346236  872.950945430543
1952000  -873.751773291296  871.670641871321
1953000  -873.857770167036  870.099339961704
1954000  -875.315921232338  872.048048098958
1955000  -877.510422054701  873.638035117531
1956000  -879.118438505962  872.238284133343
1957000  -878.924820212232  873.936511984698
1958000  -879.224323608174  872.076905689266
1959000  -878.28011418533  874.071825168544
1960000  -877.501858985431  874.562931482923
1961000  -879.086409832967  875.172467841106
1962000  -877.388787194264  878.48144809961
1963000  -879.658018555345  877.988309888696
1964000  -879.840313987778  874.984919721173
1965000  -882.787149634335  877.649765678889
1966000  -882.90931577071  880.369691882788
1967000  -883.082004479772  877.127019517184
1968000  -883.426146819317  879.580621433398
1969000  -884.822914791982  880.043445081234
1970000  -886.290414875612  882.388155971389
1971000  -885.058487130981  881.75311207264
1972000  -885.534589741554  882.746585671483
1973000  -887.943391857346  883.478872871209
1974000  -886.176749425132  885.371960736362
1975000  -887.643132107366  885.860422827365
1976000  -887.498749993538  885.910150291117
1977000  -885.879038616053  888.623553299754
1978000  -886.992737507579  887.550134921411
1979000  -886.468787442286  887.52059853475
1980000  -885.127955686237  889.63820309179
1981000  -886.36476714127  888.990886004711
1982000  -889.422908695633  887.786659359217
1983000  -889.101208796775  887.360967053192
1984000  -888.657231365605  888.576202182323
1985000  -891.057915243682  887.665988262788
1986000  -888.738448889656  886.494330281105
1987000  -889.193379196735  888.028330981213
1988000  -890.494498417528  889.111261058167
1989000  -893.117508317508  890.566837441501
1990000  -892.306073117986  890.1758149356
1991000  -897.763447092089  888.524136723065
1992000  -894.226944310144  891.144966527758
1993000  -896.546435538806  891.558305648575
1994000  -894.774255513754  890.350936952367
1995000  -893.48302336536  892.617151503028
1996000  -895.883855713485  892.301190669723
1997000  -898.749846531385  890.729321639146
1998000  -900.126586798931  889.96259894181
1999000  -898.307764699373  893.356789832206
2000000  -899.623649348419  891.649179355695
2001000  -898.413982843012  894.164727836044
2002000  -901.429763267984  894.152453118652
2003000  -897.872510712035  893.464535181378
2004000  -899.095512261675  896.200449836439
2005000  -900.350115312358  894.564395288415
2006000  -901.096018102029  895.774826950733
2007000  -905.012911013179  896.310022080258
2008000  -904.564927298146  898.432559392571
2009000  -905.399286138185  896.407797143495
2010000  -906.675116606325  898.527096792209
2011000  -904.210679823002  898.909005940747
2012000  -905.009507061017  903.391477102696
2013000  -904.943269334032  901.283745776411
2014000  -908.874001676445  901.929321095532
2015000  -908.117777419453  902.306296610928
2016000  -904.095281972633  903.880491215756
2017000  -906.602171440763  905.918189236554
2018000  -907.346106614895  903.576990543862
2019000  -907.528065201072  908.216080881772
2020000  -909.683495787509  908.387698828822
2021000  -906.507079170583  908.817102997277
2022000  -910.989753599898  905.481247994879
2023000  -908.505183856135  908.286450228949
2024000  -908.829078706425  909.262441101694
2025000  -911.721621719449  906.984367613312
2026000  -913.32730837719  908.287601758821
2027000  -912.960145926036  909.509308351047
2028000  -910.932219630765  911.212040322929
2029000  -914.613356460505  910.165253287688
2030000  -911.561779873917  908.333652374788
2031000  -914.952056916447  908.379079594882
2032000  -911.948821239005  912.210273281006
2033000  -914.166271764125  914.344216340603
2034000  -913.886080051434  913.28845122268
2035000  -912.874957286812  912.121096955797
2036000  -913.964785862515  912.173185885728
2037000  -912.324331269891  911.677122594396
2038000  -914.506401197826  914.678157422332
2039000  -917.672969666099  915.694948070229
2040000  -915.790725096178  912.405954144751
2041000  -919.481174964886  916.83775895523
2042000  -919.111316071189  917.263425941318
2043000  -919.174404341792  916.951488901539
2044000  -921.44793469462  918.033597484353
2045000  -920.226078320938  920.442219614499
2046000  -922.45281544824  918.806242371144
2047000  -918.143780870119  915.417938773593
2048000  -918.7077733735  916.525789080052
2049000  -920.629918120947  918.350223373436
2050000  -922.360185036463  919.443849451848
2051000  -922.407398016447  920.066311693374
2052000  -924.963785368116  921.793400626604
2053000  -924.745671008509  920.299818989222
2054000  -922.089411151913  921.505885425157
2055000  -923.299254169377  922.118853624371
2056000  -922.53738901263  923.570356365186
2057000  -926.492189788503  922.837250606939
2058000  -926.611308081972  922.785166261753
2059000  -925.618688124119  920.185815260895
2060000  -927.298092579489  923.12439881078
2061000  -927.351518146675  922.484859043537
2062000  -924.729432145705  921.902492978751
2063000  -927.03798657731  923.49389191662
2064000  -927.988244013274  925.603821189541
2065000  -927.204770542747  925.148819522279
2066000  -930.490227255695  925.795385017534
2067000  -930.303666598161  925.647498002118
2068000  -929.704352392192  926.600691218227
2069000  -927.23652974187  925.959596953287
2070000  -931.152146586559  927.215085440324
2071000  -931.287588124661  927.911903227521
2072000  -928.843169103244  928.585143828555
2073000  -930.05473601512  928.581035416248
2074000  -933.11955521275  927.764668589769
2075000  -933.509274351065  930.105757587786
2076000  -933.208662555812  929.668204816033
2077000  -931.222176043132  931.756432961136
2078000  -934.730806032074  935.662302009408
2079000  -935.078818330619  934.627919765393
2080000  -933.850824479173  935.896212859818
2081000  -933.282217386015  931.324425853654
2082000  -935.748351494449  934.170996587451
2083000  -933.331816072403  935.20243897021
2084000  -932.682188364019  936.011991064262
2085000  -936.050525841106  932.829009981753
2086000  -935.382111324599  936.198929184521
2087000  -934.645696920682  937.613269599347
2088000  -935.93060165136  935.763501932276
2089000  -934.616064385037  938.573304200317
2090000  -932.284048501553  938.698409093571
2091000  -936.210648735015  939.785555801929
2092000  -934.364143196809  940.877359947044
2093000  -935.463056669845  940.078028737075
2094000  -936.949317901494  939.399380640629
2095000  -937.064874345083  936.639028967762
2096000  -938.178897635075  941.615869854093
2097000  -938.368509318329  941.88164601858
2098000  -941.971995470209  940.538736289018
2099000  -940.389757285323  941.266790344403
2100000  -941.921527700449  943.415726585738
2101000  -944.638787480614  943.645029220178
2102000  -946.369874105436  942.58127162621
2103000  -941.174226059915  943.849603120163
2104000  -943.574144221973  943.910720815793
2105000  -946.228108206346  944.231964754658
2106000  -944.571422152799  942.727617491284
2107000  -945.935831167469  941.827477620273
2108000  -947.975998265395  943.175529089711
2109000  -947.989204681897  942.526267685409
2110000  -948.983439868634  947.080287546143
2111000  -947.613899577186  945.955555240039
2112000  -948.337657459572  943.414981686217
2113000  -951.4014387609  949.456009778602
2114000  -951.129310085782  947.759646088122
2115000  -951.832907712077  949.00100655243
2116000  -951.215504005236  950.54128484303
2117000  -955.201288459845  949.059260003875
2118000  -956.076562898077  951.629120160281
2119000  -952.423838212525  951.349619657538
2120000  -952.816664242298  953.403617002214
2121000  -954.861396520807  952.395325751495
2122000  -955.757411754426  953.627162136066
2123000  -954.012988420151  954.683627107573
2124000  -957.55430687687  955.052657025559
2125000  -955.488360827482  954.493748599766
2126000  -955.242134401444  954.251440457198
2127000  -957.883514887961  954.423541284259
2128000  -956.616082351856  955.290534206859
2129000  -958.51352459075  955.963613680896
2130000  -959.503301492569  956.628732766115
2131000  -959.14857706797  958.096137971125
2132000  -962.024553187142  956.626144789551
2133000  -961.906102884007  956.04956820457
2134000  -960.495425363505  958.107207953056
2135000  -963.90304394609  956.913700888746
2136000  -961.560753068807  959.469594915718
2137000  -961.959968136616  958.99543863025
2138000  -963.358148149554  959.951574019247
2139000  -963.541258919032  959.573876879969
2140000  -963.788847021363  958.029620269711
2141000  -963.292099736077  958.711633359209
2142000  -962.484722387984  956.516347268553
2143000  -964.453990336427  961.641926791703
2144000  -962.351399811276  959.710747393489
2145000  -963.470920883155  957.130106131666
2146000  -962.994906942212  957.084783306472
2147000  -962.000402457301  957.283319155946
2148000  -965.172640797008  958.591088101002
2149000  -963.470674327972  960.126489482838
2150000  -965.482962195952  959.14856820732
2151000  -964.35242442029  960.081808171581
2152000  -965.023063300828  961.972688194361
2153000  -965.897778790652  960.238237869424
2154000  -963.780765456394  961.944379037724
2155000  -968.398709861968  960.449813208456
2156000  -967.465131615862  961.474304181804
2157000  -967.490875075243  961.750120314406
2158000  -967.898103229989  962.04314126836
2159000  -967.540903312552  963.575409918036
2160000  -968.81040374666  963.592387629064
2161000  -972.488880874826  961.830696134902
2162000  -972.069139523606  964.096461316786
2163000  -971.519705676887  964.327453737242
2164000  -972.467238887149  964.417488788518
2165000  -973.734771046828  963.56702237191
2166000  -973.933327941097  966.975567735368
2167000  -971.20499312003  968.353008090246
2168000  -971.688283794415  968.961173623218
2169000  -974.164169343268  967.386914495101
2170000  -972.609521713796  968.617671901765
2171000  -975.753890282739  969.286599998116
2172000  -970.734280704564  969.685975470385
2173000  -974.614781694  970.258636780897
2174000  -977.757838905105  968.612344245917
2175000  -974.313746108014  970.87741525657
2176000  -975.247846204591  968.54485503612
2177000  -977.893713451518  970.683989553671
2178000  -979.972050912254  969.282780947836
2179000  -980.931160778108  972.06564727548
2180000  -981.78240412719  972.706272412883
2181000  -980.328754087092  973.099628512619
2182000  -978.360596873702  971.807955413558
2183000  -983.725529971389  971.753533660413
2184000  -981.913999410548  973.297964375811
2185000  -982.412530792128  973.445373735045
2186000  -982.037299500116  969.31189852153
2187000  -982.420185838644  972.845499616226
2188000  -982.880556792021  974.837530927494
2189000  -983.699919038301  973.915384701123
2190000  -981.691194786287  973.373512765007
2191000  -984.610582762641  973.139789473871
2192000  -986.48585975318  975.258984321676
2193000  -985.779961258822  974.932687338502
2194000  -985.344686450176  975.185671130978
2195000  -986.21124272036  976.066240365241
2196000  -985.700740477466  978.214493326922
2197000  -986.542857893795  978.025669410212
2198000  -988.724340815813  978.927989099523
2199000  -989.714335226386  980.922149580828
2200000  -990.000424254279  978.84034955145
2201000  -989.075093253994  981.920460413644
2202000  -989.392475368347  980.154424188577
2203000  -990.554149816485  978.291213955391
2204000  -993.453605107011  980.773202456796
2205000  -992.573630810159  980.749365443765
2206000  -995.297904498014  981.685630248237
2207000  -993.792955964603  981.75493466958
2208000  -994.617587361983  983.266991202991
2209000  -996.18435411888  981.364438898721
2210000  -996.091043186646  983.067814892143
2211000  -994.90256885855  984.093339313373
2212000  -994.7163917617  985.313997647005
2213000  -999.004587032863  986.432877700183
2214000  -998.707241171904  985.985637626693
2215000  -997.168145027078  986.709193610345
2216000  -996.139977732691  985.583747670156
2217000  -996.609687984868  986.152932179862
2218000  -998.08672863193  986.846091549695
2219000  -998.796112957341  986.850578891737
2220000  -999.652109665286  986.462337455294
2221000  -999.521868525083  987.305730849957
2222000  -997.456732690007  986.885840872132
2223000  -999.505143576195  985.989880866641
2224000  -1001.31020123208  990.950108298855
2225000  -998.572564074958  987.743593161375
2226000  -999.680471572744  989.653317448715
2227000  -999.899159777811  987.969786133161
2228000  -1002.4422719866  990.100726153957
2229000  -1000.51693326401  991.410257968289
2230000  -1001.18873873316  990.91431527529
2231000  -1003.81890588109  992.842463413447
2232000  -1000.67400257501  993.970014588211
2233000  -1001.69392446651  994.949588639537
2234000  -1003.42358077357  992.99698984653
2235000  -1003.66980543302  994.487158880569
2236000  -1004.20550168124  993.3200868866
2237000  -1004.43027251585  994.113597588667
2238000  -1005.22016251946  995.576354821357
2239000  -1006.23626887557  996.576459029156
2240000  -1003.21329757052  998.189291061684
2241000  -1006.1109863614  1000.1757391902
2242000  -1007.50653722369  997.687071854233
2243000  -1005.08148292891  998.814793979363
2244000  -1008.87846001464  997.066098359138
2245000  -1010.06784049793  997.822891517633
2246000  -1009.0008395012  998.07841497898
2247000  -1009.61615594741  999.745748366009
2248000  -1007.68509164517  1000.83469596586
2249000  -1010.21317563118  999.439952620965
2250000  -1012.60753202934  997.036093690183
2251000  -1012.76239265635  999.417773546856
2252000  -1011.83103736185  998.759013920451
2253000  -1011.83931678144  1000.35086236943
2254000  -1014.5562293758  1001.63055997397
2255000  -1014.27228275882  1000.79805034006
2256000  -1019.64294093461  1002.64313533104
2257000  -1017.40886560657  1002.96552176726
2258000  -1017.58350616008  1001.4800889907
2259000  -1018.15063635311  1001.60534428537
2260000  -1019.77460534658  1001.45243301275
2261000  -1020.11513875015  1005.34365367394
2262000  -1021.38636184416  1005.69193593833
2263000  -1018.91329833094  1006.19247208792
2264000  -1017.87185683613  1004.45090581608
2265000  -1020.12532441304  1006.41278203419
2266000  -1021.7751739213  1007.33105370914
2267000  -1021.02478489343  1006.47171347728
2268000  -1019.50713598259  1005.16355744792
2269000  -1019.93852601614  1006.05679437327
2270000  -1020.68052129981  1005.03232150586
2271000  -1021.60600827653  1006.23401130507
2272000  -1018.29055258535  1005.48861945813
2273000  -1019.4103663962  1007.6034431673
2274000  -1020.98026368275  1005.29647407003
2275000  -1021.81053428376  1006.66098227829
2276000  -1023.06050542332  1009.20714612824
2277000  -1017.93060579383  1009.80357682247
2278000  -1021.01311709611  1010.51041178803
2279000  -1022.33638508765  1009.35037662281
2280000  -1021.74642512234  1011.07182874384
2281000  -1024.92639839003  1007.00305893938
2282000  -1022.82892688074  1009.32662599434
2283000  -1024.71993965656  1010.34355656303
2284000  -1024.75411974957  1010.18625344484
2285000  -1024.84283965528  1010.68143688339
2286000  -1023.56442969095  1010.08209840151
2287000  -1024.47938455286  1010.6099872867
2288000  -1023.93899112642  1009.46155379929
2289000  -1024.06403334235  1011.75888923141
2290000  -1024.39959212998  1009.57310449676
2291000  -1024.53074833683  1010.39145925223
2292000  -1024.35876941367  1009.30703417595
2293000  -1024.95583401321  1013.70519723543
2294000  -1025.77592941545  1014.88166738321
2295000  -1028.91446579991  1013.84204558062
2296000  -1027.17182575925  1014.17011662788
2297000  -1027.26696975908  1014.55614797724
2298000  -1025.79203150547  1014.05690977134
2299000  -1026.75266457109  1014.65521234979
2300000  -1028.67344503266  1016.86919973496
2301000  -1029.83705765846  1016.30312579793
2302000  -1027.22287083716  1018.39585834276
2303000  -1031.39405100583  1018.15570577048
2304000  -1030.29845059916  1021.19224928439
2305000  -1030.4800652444  1018.14875682772
2306000  -1032.06527487108  1017.71362873866
2307000  -1031.75548661145  1020.52715548902
2308000  -1028.2821855646  1019.96233668847
2309000  -1030.7441812982  1021.71926559092
2310000  -1031.76192539347  1020.91378223528
2311000  -1031.76069429183  1019.76988038143
2312000  -1030.73326520086  1021.48412513244
2313000  -1033.06944884973  1021.68378863951
2314000  -1032.86478037501  1023.41017716368
2315000  -1034.20319782798  1024.59223983357
2316000  -1036.36129076583  1025.23735458852
2317000  -1035.37761510197  1023.93547678418
2318000  -1034.20969631769  1023.27882980891
2319000  -1034.84787207461  1026.31904158167
2320000  -1035.09297243875  1025.36401582938
2321000  -1037.6804730013  1028.63232031206
2322000  -1036.42085232069  1028.78980412595
2323000  -1040.04797589962  1027.41001034467
2324000  -1037.83454187455  1028.40112768072
2325000  -1039.537091841  1029.20763391188
2326000  -1039.61794469605  1030.57144289206
2327000  -1038.52153574761  1030.7505840858
2328000  -1040.73683013538  1029.36863689828
2329000  -1040.80958449693  1032.59570347191
2330000  -1039.90042088902  1032.82414552879
2331000  -1040.49584706011  1032.35925310351
2332000  -1040.25302859315  1035.0751930811
2333000  -1041.80332687091  1032.046261272
2334000  -1040.82563343579  1033.22997211045
2335000  -1042.0233288772  1033.96979840294
2336000  -1044.55964685956  1035.04122575523
2337000  -1043.34786647846  1036.16759162987
2338000  -1042.74561857664  1035.62257052041
2339000  -1044.31724275047  1036.37893376746
2340000  -1043.02582808613  1035.68755456151
2341000  -1042.58372577737  1038.36751630129
2342000  -1047.92128249795  1041.04432042497
2343000  -1044.7868992365  1038.68134487101
2344000  -1046.32199451717  1040.14636744524
2345000  -1045.63527353156  1042.30134117181
2346000  -1044.45597078639  1040.19293679402
2347000  -1046.1624213321  1041.58295110906
2348000  -1046.70006958004  1044.27358133411
2349000  -1049.6462203732  1042.56247211654
2350000  -1047.45582565883  1041.13656513953
2351000  -1051.19673631017  1041.76992531283
2352000  -1049.51293017876  1044.53165714432
2353000  -1050.97166590459  1044.0497860586
2354000  -1052.11084487599  1044.32149422209
2355000  -1050.12596785444  1044.15919118768
2356000  -1053.41640476386  1044.87266977766
2357000  -1052.21750932944  1043.18750310745
2358000  -1053.73580621745  1041.02689049763
2359000  -1052.88561957322  1041.85962629676
2360000  -1053.68392650116  1044.1900537916
2361000  -1054.70016469987  1044.61498856568
2362000  -1056.14482664364  1041.65279895862
2363000  -1055.60585295655  1045.08429096036
2364000  -1058.38366513091  1046.68757394735
2365000  -1056.57737244892  1044.4603407273
2366000  -1056.32315029164  1047.88208410526
2367000  -1058.65283198985  1048.2218129317
2368000  -1059.15426271218  1046.39603244745
2369000  -1054.76466684962  1050.49407357951
2370000  -1056.95114851448  1047.72717065795
2371000  -1057.9130422793  1048.8837589817
2372000  -1057.67603818853  1048.30849085385
2373000  -1056.64655501652  1050.20617318122
2374000  -1059.79836486793  1049.93840739748
2375000  -1056.77770501183  1052.58483204969
2376000  -1060.30311843716  1050.76319504936
2377000  -1056.80246505734  1050.02128348121
2378000  -1055.48147702024  1052.395489799
2379000  -1058.36475803264  1053.08061833119
2380000  -1057.40839109172  1054.21008831408
2381000  -1059.90671223483  1055.03900127999
2382000  -1058.61636980104  1055.5366280902
2383000  -1061.61372008285  1057.90404631864
2384000  -1060.5461260851  1059.50709164673
2385000  -1061.19754337373  1059.64174819624
2386000  -1057.96455546598  1060.07461336621
2387000  -1060.76619277837  1058.37566643077
2388000  -1061.29918222703  1060.51218855179
2389000  -1062.07099664189  1063.33611279255
2390000  -1065.55054502746  1060.65566705244
2391000  -1064.98951864187  1062.7086890131
2392000  -1066.38943935934  1064.32490719879
2393000  -1068.18861942295  1062.19270085884
2394000  -1069.46749644927  1065.56930945401
2395000  -1071.09491997214  1064.05665114806
2396000  -1071.36510757488  1063.91296614164
2397000  -1070.68406693285  1064.87288419631
2398000  -1074.97971799016  1067.90684497535
2399000  -1073.36920035517  1064.54701299578
2400000  -1072.74735005439  1066.90096617602
2401000  -1074.86453156169  1066.22879874682
2402000  -1071.60826703518  1066.66731662063
2403000  -1071.72532851973  1067.93411234676
2404000  -1073.86389340576  1066.63646288686
2405000  -1076.81965315466  1067.89054063594
2406000  -1076.02932197928  1071.10264964699
2407000  -1077.32944612708  1073.01099327394
2408000  -1076.50030033636  1073.54989998102
2409000  -1075.14610465093  1071.97113827963
2410000  -1075.76691138157  1072.44646612869
2411000  -1075.65164987682  1072.7527885318
2412000  -1079.77759903236  1072.1437371409
2413000  -1079.13249100944  1075.2672939025
2414000  -1079.35560348334  1074.79530914625
2415000  -1078.69461772724  1074.25360103539
2416000  -1079.65634514979  1073.64546894497
2417000  -1082.24822729974  1075.72818184273
2418000  -1081.52597802595  1074.93967681335
2419000  -1082.11182703372  1075.36219441993
2420000  -1083.45253177323  1076.59973083539
2421000  -1083.47526886954  1076.64288223098
2422000  -1082.47543163382  1079.40429542483
2423000  -1085.02687965175  1078.99709451842
2424000  -1081.10526489264  1080.81958023672
2425000  -1081.53498934119  1079.76563112947
2426000  -1083.34753433774  1081.67969190581
2427000  -1087.54405202905  1082.90104668351
2428000  -1086.37653179136  1081.53659143802
2429000  -1086.96832460459  1083.47924406522
2430000  -1085.612433481  1084.41607250672
2431000  -1086.55333029002  1085.95507547632
2432000  -1087.72298004932  1085.62184382475
2433000  -1084.9856667099  1086.94129169138
2434000  -1086.92128493029  1085.76534189298
2435000  -1087.39670678486  1084.31890928177
2436000  -1086.23604803972  1083.08998293302
2437000  -1088.65388508501  1087.92414119881
2438000  -1087.83705448637  1087.76684153521
2439000  -1087.79712318146  1088.01102061611
2440000  -1089.63950397547  1090.60540392069
2441000  -1088.95036354908  1091.0553359209
2442000  -1088.0910347926  1090.74849154361
2443000  -1089.12518689503  1088.45579381139
2444000  -1088.75591133842  1087.64340830208
2445000  -1090.2697819094  1089.03502372184
2446000  -1093.56090971057  1091.81953349551
2447000  -1093.92198031432  1092.26926798097
2448000  -1093.62253363915  1091.41021533461
2449000  -1095.11996931061  1094.95986246833
2450000  -1096.35188465271  1094.86900383168
2451000  -1096.89371624402  1091.08213575585
2452000  -1095.38768077047  1093.56707137737
2453000  -1093.64305646369  1094.03567968734
2454000  -1095.40675773079  1092.83521505939
2455000  -1095.59965986062  1093.48998941612
2456000  -1096.68616772193  1094.69757643785
2457000  -1094.40754866589  1091.63885637541
2458000  -1096.46876010912  1092.51817258899
2459000  -1099.4266843719  1093.80995203944
2460000  -1098.79334915593  1093.59889966012
2461000  -1098.24128470965  1096.74328090445
2462000  -1096.61271409404  1097.51457498338
2463000  -1095.454018032  1095.95973606441
2464000  -1096.22631322186  1098.34769012712
2465000  -1096.54162067381  1096.88332410032
2466000  -1100.18591892135  1100.59506740958
2467000  -1100.47329090924  1099.21673536482
2468000  -1101.59192009657  1101.82775180017
2469000  -1103.21195822816  1101.93409833576
2470000  -1099.69817390296  1101.93606755267
2471000  -1100.28938265333  1102.91138833581
2472000  -1103.59692210438  1104.70233383367
2473000  -1105.45289764586  1103.93295574296
2474000  -1102.75050402665  1103.52343384541
2475000  -1106.34926682453  1105.24652492629
2476000  -1104.49965840396  1105.71869544234
2477000  -1105.73145561805  1108.08837488595
2478000  -1109.76409570997  1107.90755009329
2479000  -1110.564626368  1108.60774347069
2480000  -1112.49541006522  1108.41257971364
2481000  -1110.71983613636  1109.4308024455
2482000  -1108.73875319595  1109.73593505322
2483000  -1110.30987396033  1110.67612248329
2484000  -1111.8396648491  1112.3812317815
2485000  -1115.90706485472  1110.63339143661
2486000  -1113.91451316516  1111.72987171097
2487000  -1115.22979552428  1113.67236759661
2488000  -1114.98290627468  1116.62623146726
2489000  -1117.93042966044  1113.11307162257
2490000  -1116.4772102838  1112.56016630427
2491000  -1117.32704166306  1114.1442239763
2492000  -1116.6446833057  1115.5271482054
2493000  -1117.64897209466  1117.49808970576
2494000  -1117.8079846008  1115.77272084873
2495000  -1118.42152326205  1117.34279796947
2496000  -1115.4225397734  1117.38551230318
2497000  -1118.31888125436  1115.47728343332
2498000  -1119.23026377515  1115.86790684359
2499000  -1122.28269333366  1117.50081958137
2500000  -1123.92342740688  1119.41422433655
2501000  -1123.41288085616  1117.26473966596
2502000  -1126.14220600502  1117.29626048725
2503000  -1127.82520128568  1117.10658052889
2504000  -1127.8873202938  1119.28596010038
2505000  -1127.62144212433  1119.50100882706
2506000  -1125.68218486385  1118.44420673237
2507000  -1124.23139064219  1119.25057610253
2508000  -1127.85346432636  1120.75278466526
2509000  -1124.90245676348  1117.9195846693
2510000  -1125.6454655491  1118.98345794482
2511000  -1123.13426677562  1121.00826787942
2512000  -1124.85533114915  1122.85973694686
2513000  -1127.47388094521  1122.62642690852
2514000  -1126.53635374067  1122.75294092984
2515000  -1127.61397159306  1123.80016733823
2516000  -1126.74100398202  1122.80168018692
2517000  -1129.31188583327  1123.62534118761
2518000  -1130.11338484965  1124.88606771815
2519000  -1129.38104892951  1125.70929732329
2520000  -1131.44670220983  1124.76600903451
2521000  -1130.64746876525  1125.49127131748
2522000  -1128.25433386361  1123.8035227786
2523000  -1130.65742818792  1124.77256928622
2524000  -1129.8526933034  1125.02862739839
2525000  -1131.23355630597  1123.28133757849
2526000  -1130.04381181816  1127.12456544992
2527000  -1132.0920664861  1124.32777172598
2528000  -1133.37731220899  1123.92879858835
2529000  -1133.0685852874  1126.05816352767
2530000  -1133.74052156532  1125.10471459721
2531000  -1134.66076210943  1125.87303400286
2532000  -1133.99072031849  1127.65518121332
2533000  -1136.44056756529  1127.22870837415
2534000  -1138.41803412312  1126.82370774271
2535000  -1138.52785553351  1128.99850435643
2536000  -1139.42283009127  1128.71130264742
2537000  -1138.94206149979  1130.63758872544
2538000  -1139.82580572095  1129.10828424144
2539000  -1141.55599107075  1129.45227782358
2540000  -1138.25208079058  1131.24625019809
2541000  -1140.7069480095  1129.96154080602
2542000  -1142.73210519082  1133.41260940998
2543000  -1145.94361858681  1131.22215220379
2544000  -1144.1522120791  1133.23926434001
2545000  -1144.93406966752  1133.1557034423
2546000  -1146.17809822749  1131.5015968141
2547000  -1145.60076073032  1132.53290486265
2548000  -1143.78155969328  1134.50330738812
2549000  -1142.65354640909  1135.0101642523
2550000  -1144.70894943748  1133.69778694245
2551000  -1144.94537044811  1133.14967304851
2552000  -1147.85005647542  1135.75213340788
2553000  -1146.22686700485  1138.61774878393
2554000  -1144.80641922037  1135.02924423141
2555000  -1147.77851835229  1137.50786661119
2556000  -1146.88190609827  1138.01368670549
2557000  -1148.25610864516  1136.38354603001
2558000  -1151.41631503802  1136.60959086101
2559000  -1151.10411292911  1136.38454664512
2560000  -1151.07873067438  1138.30453293592
2561000  -1149.23227327658  1138.21576912017
2562000  -1150.68411497918  1137.15319990006
2563000  -1151.31342091772  1137.44914124792
2564000  -1153.49138955269  1140.49569879437
2565000  -1153.97880224804  1141.68254263335
2566000  -1153.26941123705  1141.763163768
2567000  -1152.65654336546  1142.42584202733
2568000  -1151.3401051361  1144.19236880111
2569000  -1152.59393863313  1143.99838908374
2570000  -1153.29017416983  1144.59672745436
2571000  -1151.19296371293  1145.03374989747
2572000  -1152.73919301044  1143.74318010287
2573000  -1152.27728921256  1145.86673999563
2574000  -1156.86269486368  1146.25884572449
2575000  -1155.01697315177  1145.82886201558
2576000  -1157.81219460329  1148.30208463014
2577000  -1159.26980812791  1148.18264436944
2578000  -1158.45537544827  1150.21760897628
2579000  -1161.58034095152  1150.6827157549
2580000  -1161.96530211811  1149.87653951537
2581000  -1164.21751909579  1151.23075068621
2582000  -1162.45581373453  1152.13955534309
2583000  -1164.39690674615  1152.08091204075
2584000  -1163.97359701853  1153.52092107171
2585000  -1164.71597802367  1155.77476973523
2586000  -1168.45835915638  1155.56812738853
2587000  -1162.62369098434  1155.32721090803
2588000  -1167.01377064129  1155.17469236422
2589000  -1165.57356201379  1158.86682166865
2590000  -1167.59416431352  1155.92478952054
2591000  -1167.30767336782  1157.5498145931
2592000  -1167.57923010838  1161.15312343121
2593000  -1169.37382291159  1158.8259291914
2594000  -1168.6059191885  1158.89279903026
2595000  -1167.4822501661  1156.50617599583
2596000  -1169.62736021362  1158.32347017254
2597000  -1169.04076593526  1159.05441158094
2598000  -1172.51721945131  1160.73201953407
2599000  -1169.69748834934  1159.72232734291
2600000  -1169.57652086689  1160.88606812112
2601000  -1167.45224047734  1162.332612556
2602000  -1172.30410480106  1163.44340256519
2603000  -1169.63567812324  1164.04292743894
2604000  -1173.14626087169  1164.46971323334
2605000  -1172.67139076503  1164.18455624694
2606000  -1170.57730135504  1164.39831394564
2607000  -1172.88248023246  1162.69289086978
2608000  -1172.89060041361  1162.95696346245
2609000  -1172.72557379448  1164.36529884339
2610000  -1174.04789524604  1166.74439612353
2611000  -1172.40938576021  1165.07734708537
2612000  -1174.41344586873  1166.69029691531
2613000  -1175.41133821212  1166.66025841662
2614000  -1176.26010236042  1166.14765229991
2615000  -1176.04443364679  1165.20456957216
2616000  -1177.17722846676  1166.89943275279
2617000  -1179.65806551773  1168.47424160821
2618000  -1178.66461244072  1167.57917098243
2619000  -1178.74260718632  1168.59713081102
2620000  -1180.69130742573  1167.95335014715
2621000  -1181.48389070235  1169.25557524695
2622000  -1180.32160706571  1165.44834082931
2623000  -1178.35651712222  1168.0092077288
2624000  -1179.86591843792  1169.89821076134
2625000  -1178.41222613611  1169.00805705696
2626000  -1180.04081457432  1168.97434121258
2627000  -1179.31965559927  1172.93766208722
2628000  -1179.73403037457  1170.3791073387
2629000  -1181.11402274174  1174.04123840514
2630000  -1182.35345110404  1172.65362748368
2631000  -1183.99153054746  1172.1353669044
2632000  -1181.93391484001  1171.55070781237
2633000  -1184.66984960676  1172.95577356882
2634000  -1185.02315083289  1174.01032080746
2635000  -1187.44191191844  1172.97239227471
2636000  -1183.78268598239  1174.18711253962
2637000  -1184.37576902414  1174.73707387242
2638000  -1182.77291586039  1177.67122104028
2639000  -1187.50847695984  1176.38267756264
2640000  -1186.93058679671  1177.53531051352
2641000  -1185.45078438738  1177.38378202356
2642000  -1187.49640994315  1177.91731544582
2643000  -1188.75277504194  1180.40362878368
2644000  -1187.64037113795  1180.23768362335
2645000  -1186.75593538343  1184.43005418619
2646000  -1185.10217770654  1181.98476515272
2647000  -1186.93532789596  1183.40170837337
2648000  -1189.22620182918  1182.97003309063
2649000  -1189.21742395674  1183.75454976104
2650000  -1189.63997621262  1182.15423461788
2651000  -1191.35829608623  1184.57389702745
2652000  -1190.94832721923  1186.0324713933
2653000  -1190.11789525041  1185.66869097211
2654000  -1191.40070655291  1186.47863125994
2655000  -1188.94213423739  1187.7579700397
2656000  -1191.59559863902  1188.59503543934
2657000  -1191.60083036076  1186.51173442598
2658000  -1191.5739028764  1189.24833494338
2659000  -1195.26270141197  1189.70108046863
2660000  -1194.14647513375  1186.69097646144
2661000  -1194.06912763915  1187.13842963801
2662000  -1193.35023842652  1190.82907535849
2663000  -1197.24138230513  1191.44199485511
2664000  -1196.92470566421  1192.05744919675
2665000  -1195.91909175835  1191.00943166439
2666000  -1195.87979390093  1192.10203146299
2667000  -1197.96247689995  1192.30608151321
2668000  -1196.18177529854  1192.61038769086
2669000  -1196.95020551417  1192.8666617217
2670000  -1197.03419979668  1192.42194064128
2671000  -1196.3731960607  1192.65951627449
2672000  -1198.50202219106  1196.44610315642
2673000  -1198.75880926029  1196.18878600546
2674000  -1202.0931168744  1195.85273584406
2675000  -1200.33070162818  1192.87753560062
2676000  -1199.48137429538  1198.25770542388
2677000  -1201.27914750338  1195.71273820194
2678000  -1198.22117013116  1197.08893775331
2679000  -1202.89297427598  1197.99767074408
2680000  -1202.10238915386  1196.65711861882
2681000  -1200.52054354465  1197.09713968535
2682000  -1202.13202471011  1198.4666268705
2683000  -1204.30285100129  1200.45751381518
2684000  -1203.43025819832  1200.5726383107
2685000  -1203.87910753344  1201.72237602685
2686000  -1204.70156539644  1201.77518022466
2687000  -1203.48180172239  1199.95277386918
2688000  -1206.21275753262  1199.22985678881
2689000  -1205.92965991257  1201.03545750645
2690000  -1205.86507508264  1199.9623563307
2691000  -1207.56289117399  1201.24650012574
2692000  -1207.87029489875  1201.54615039018
2693000  -1208.39519744704  1202.24001796563
2694000  -1210.44121959336  1201.91690094952
2695000  -1208.12803980497  1205.00528026218
2696000  -1209.12693165538  1207.29502768791
2697000  -1207.31358078379  1204.93106981149
2698000  -1210.23095469616  1205.84260360175
2699000  -1208.34629677708  1207.14572078725
2700000  -1210.64412393992  1206.94311746101
2701000  -1206.31157093501  1207.3750229604
2702000  -1208.97030402673  1206.87823973279
2703000  -1212.81956985322  1208.94058724665
2704000  -1211.66279964535  1208.38624322306
2705000  -1210.49390586123  1208.22222785673
2706000  -1214.99654674382  1205.77316533761
2707000  -1209.53552413815  1208.24460458426
2708000  -1214.23786212327  1208.92758598936
2709000  -1212.13271242706  1208.77945945912
2710000  -1212.63671183595  1211.08815190716
2711000  -1214.22659864457  1212.67048276317
2712000  -1212.92742943074  1210.09183158905
2713000  -1212.22521584127  1213.74221643561
2714000  -1213.21864446127  1211.02536272712
2715000  -1213.62105088154  1215.95679681574
2716000  -1213.45401352453  1214.06082832422
2717000  -1216.86206130154  1214.51017427495
2718000  -1215.85032066832  1213.79200162105
2719000  -1218.77869709551  1216.63234602349
2720000  -1215.54021214335  1215.48265996062
2721000  -1219.12272897965  1215.16343815796
2722000  -1217.87190156213  1218.28832725998
2723000  -1220.78164216038  1216.14278062577
2724000  -1220.88035266854  1216.96662212831
2725000  -1219.66593911141  1216.83578574882
2726000  -1221.72970820517  1215.6279050525
2727000  -1220.36993992266  1217.90117138887
2728000  -1222.67045981553  1217.289422957
2729000  -1219.99650053364  1218.07477851366
2730000  -1223.83190224493  1219.88953144156
2731000  -1225.81464947457  1218.87674005421
2732000  -1225.24287444224  1221.26841740398
2733000  -1223.73038503025  1222.404613057
2734000  -1224.1348607946  1223.71257115494
2735000  -1226.14978613576  1225.99070924569
2736000  -1227.32432284688  1223.09502209138
2737000  -1228.32361605845  1224.26728339369
2738000  -1223.95040740685  1227.23725563311
2739000  -1228.36936573216  1224.02227509085
2740000  -1223.89499097007  1225.08835411913
2741000  -1226.98032411674  1226.91446491153
2742000  -1227.01089390625  1225.89817444303
2743000  -1225.46577442334  1225.60123706159
2744000  -1225.16440050922  1226.76312602727
2745000  -1230.75817088223  1225.34108198882
2746000  -1229.45736379222  1227.50715962686
2747000  -1229.77994928917  1224.6045450436
2748000  -1231.12991311269  1229.02613664416
2749000  -1230.51536413963  1225.72502406761
2750000  -1230.70428494104  1225.33075652658
2751000  -1230.83108130489  1226.03952152406
2752000  -1231.72244652202  1229.92431861424
2753000  -1230.04389996911  1229.42914297396
2754000  -1231.00785050219  1228.64481276566
2755000  -1233.74895560586  1228.18227526043
2756000  -1234.25904656621  1230.04686692911
2757000  -1234.4392225533  1229.85827921212
2758000  -1234.78247182544  1229.19766576473
2759000  -1235.20358127833  1229.70285759847
2760000  -1238.67890661385  1229.57908566189
2761000  -1236.453133406  1232.59765796498
2762000  -1237.30246434846  1231.86840926033
2763000  -1236.45229515067  1230.11214569487
2764000  -1240.12158222981  1230.82486299169
2765000  -1242.53789220885  1234.16988001363
2766000  -1241.36126317475  1234.65191130032
2767000  -1243.91797112477  1233.07839019404
2768000  -1241.89629413165  1234.97661818917
2769000  -1241.25910803081  1235.10886323975
2770000  -1242.55522251872  1235.64929930433
2771000  -1242.08061558494  1235.17943126371
2772000  -1246.0899802666  1237.42782140494
2773000  -1241.99469558394  1237.87454694596
2774000  -1242.92269751485  1238.90068158853
2775000  -1247.03965373324  1236.52966576216
2776000  -1245.02286980751  1238.72947352085
2777000  -1246.36262506616  1238.08693569038
2778000  -1246.90919990529  1240.5812959918
2779000  -1247.18091806992  1242.42526644652
2780000  -1247.21791006459  1242.06363264281
2781000  -1247.85206712992  1242.77627101847
2782000  -1248.73309220078  1242.65049168086
2783000  -1246.09572109676  1244.35212881184
2784000  -1249.03855790794  1243.07755737085
2785000  -1248.91163355524  1244.73239326059
2786000  -1250.81277482666  1243.4086942302
2787000  -1251.96920360368  1244.6674182496
2788000  -1249.30911015521  1245.723259559
2789000  -1249.57132741568  1245.78136748152
2790000  -1250.14203395732  1247.70599783625
2791000  -1248.40208031405  1247.13479332367
2792000  -1253.31651891978  1247.83578253793
2793000  -1251.83218239101  1247.70921201692
2794000  -1252.45484932417  1245.9761778332
2795000  -1252.9471243152  1249.20954571548
2796000  -1253.41245128606  1248.06336107588
2797000  -1253.58091412827  1249.49131774216
2798000  -1252.10463779427  1250.73915452
2799000  -1252.34395991902  1251.12875258167
2800000  -1254.33417073862  1251.77949211703
2801000  -1257.9181342554  1252.10099355162
2802000  -1255.45788724529  1249.19513469789
2803000  -1256.63149484172  1251.85879782906
2804000  -1256.27224085384  1252.6381216219
2805000  -1254.31785755849  1251.76733871805
2806000  -1253.36539327642  1253.64226496599
2807000  -1258.28640100462  1253.61522461904
2808000  -1254.61985355845  1254.9336496443
2809000  -1256.95754988824  1256.40380633811
2810000  -1256.23370756312  1256.28642467115
2811000  -1257.68355554079  1257.35459293737
2812000  -1258.54001210422  1257.44906030906
2813000  -1257.19835927264  1256.69226639506
2814000  -1257.90669538429  1257.97217402658
2815000  -1257.82010542207  1258.3400600201
2816000  -1255.09559866979  1259.75459208301
2817000  -1256.70060091477  1259.65403519729
2818000  -1256.70335026656  1261.46128638313
2819000  -1257.69501407468  1261.6937235146
2820000  -1257.93052726009  1264.20089217924
2821000  -1257.27596209867  1260.76804200415
2822000  -1258.53529255172  1261.19759170654
2823000  -1258.48599989375  1262.01500994876
2824000  -1260.56169605065  1259.66225778973
2825000  -1259.8042422495  1260.46557503076
2826000  -1260.84937926144  1260.63757344767
2827000  -1263.02101706888  1262.61054187481
2828000  -1263.11523953377  1263.93522030678
2829000  -1264.19836335125  1261.71348974205
2830000  -1264.3765650108  1260.13308013816
2831000  -1265.17609018392  1260.97763160371
2832000  -1261.50128802336  1263.71256809984
2833000  -1261.77054991151  1263.42210514944
2834000  -1265.82839192377  1265.61894724691
2835000  -1264.01404514504  1264.38061592624
2836000  -1266.38948387622  1265.87368341094
2837000  -1267.22333384316  1263.80794769481
2838000  -1267.94920485025  1265.23788370609
2839000  -1268.45379700731  1266.44199124454
2840000  -1269.60328093323  1265.59471978407
2841000  -1266.64159523842  1265.4511474638
2842000  -1269.00354995953  1265.50692781331
2843000  -1269.7855730319  1267.01808332338
2844000  -1269.26971365927  1267.5889559995
2845000  -1270.06879883368  1267.74144101287
2846000  -1272.04215411022  1267.32468344968
2847000  -1270.97181894045  1267.32797262356
2848000  -1271.81007693714  1270.07281312584
2849000  -1270.68021169382  1269.68638759957
2850000  -1269.22168056234  1271.79461550936
2851000  -1269.83549444155  1269.65634310931
2852000  -1273.42109071868  1270.82066343768
2853000  -1270.58857233593  1271.66545990041
2854000  -1274.69052334293  1272.94966521286
2855000  -1272.17626912021  1270.97110238546
2856000  -1274.04022760892  1269.79721201373
2857000  -1274.58771112317  1271.37811820785
2858000  -1275.7130471198  1270.47336287688
2859000  -1275.52759870574  1270.7898753193
2860000  -1276.55464064724  1269.96572605062
2861000  -1277.89425305839  1270.25168598677
2862000  -1277.43897234964  1271.75586969173
2863000  -1277.43255875045  1269.53835737537
2864000  -1277.51978088003  1272.9275945877
2865000  -1278.74131795276  1268.89907903066
2866000  -1281.37972292023  1272.55259791986
2867000  -1280.94969908166  1270.57063906549
2868000  -1281.7855397776  1273.80993286566
2869000  -1281.97336281499  1273.83133045046
2870000  -1281.68183248486  1275.5731199435
2871000  -1279.10583626241  1275.17432119511
2872000  -1281.72752057057  1275.67606158029
2873000  -1284.67289386865  1276.80582197142
2874000  -1282.64569887872  1278.58954178001
2875000  -1285.00878255066  1278.91206794295
2876000  -1284.34581761421  1278.17948886651
2877000  -1285.77807750784  1276.75005744767
2878000  -1284.36360951931  1277.15890694594
2879000  -1286.06696649302  1282.08914475148
2880000  -1287.16545510442  1280.1493611159
2881000  -1288.40052171089  1280.80020073684
2882000  -1287.95461846108  1280.87442201258
2883000  -1289.6335946553  1283.88623402951
2884000  -1289.7376679868  1283.47407782455
2885000  -1288.96976995162  1283.82519689306
2886000  -1290.63855852064  1282.40410035671
2887000  -1290.93888968377  1286.81047421335
2888000  -1286.96967440463  1282.71002724105
2889000  -1287.93023907151  1285.74992372761
2890000  -1287.98330558488  1285.71714370137
2891000  -1289.85451013059  1283.54807837594
2892000  -1289.14776181812  1284.3368173367
2893000  -1288.39806690592  1286.32670554793
2894000  -1290.17814760588  1288.0019256416
2895000  -1293.39964071789  1288.43284212064
2896000  -1292.72485581858  1288.39884102729
2897000  -1297.03665130064  1289.09671742294
2898000  -1294.73547984747  1291.38614323464
2899000  -1296.8179540056  1291.61692953598
2900000  -1296.59705208322  1292.73024253532
2901000  -1294.44972937212  1293.03249571896
2902000  -1297.01807184514  1293.55715934911
2903000  -1297.49888471994  1293.01832925029
2904000  -1298.42510899833  1292.56941801268
2905000  -1301.0442148387  1295.44509798412
2906000  -1299.68463940646  1293.23972118378
2907000  -1298.92258710068  1296.31838300987
2908000  -1299.30249381972  1297.19608502524
2909000  -1301.25795082324  1297.55373389758
2910000  -1303.83752197706  1297.86260918424
2911000  -1302.98334847378  1297.46555127788
2912000  -1303.13564452178  1302.73961696079
2913000  -1304.34762687541  1302.27859782506
2914000  -1304.81422420685  1299.6006396666
2915000  -1304.05421438191  1302.80017109507
2916000  -1306.82166320635  1300.98732959051
2917000  -1305.87526100197  1305.44791877542
2918000  -1305.72115996345  1302.89321187708
2919000  -1304.66508564919  1303.3635199313
2920000  -1307.93287093795  1304.26717362798
2921000  -1307.56753947879  1302.49816946273
2922000  -1308.13513101715  1306.52598770174
2923000  -1308.33748056137  1305.92742773957
2924000  -1308.22506888482  1305.76832561517
2925000  -1310.25196784616  1308.20554297721
2926000  -1309.7150410368  1306.97418415078
2927000  -1310.88696772691  1306.61902610054
2928000  -1310.8952900918  1307.23938706932
2929000  -1311.026984274  1308.75429066704
2930000  -1312.33162130202  1308.31802516536
2931000  -1315.99942072262  1308.55718666243
2932000  -1313.95982354859  1310.49077074351
2933000  -1315.2915678621  1308.66413735547
2934000  -1313.59021812943  1308.65969537432
2935000  -1315.36123080056  1310.24239484014
2936000  -1313.82812086907  1311.28097803702
2937000  -1316.60120965494  1309.93800212764
2938000  -1315.06947042198  1311.15948860354
2939000  -1316.29896245631  1309.54923922381
2940000  -1317.0567939225  1310.79571872752
2941000  -1317.02497799388  1312.91269726849
2942000  -1318.27846850176  1313.32813575758
2943000  -1320.03942382111  1313.23691287619
2944000  -1321.49647046652  1314.97761644178
2945000  -1318.16256345302  1314.28554042671
2946000  -1318.8047819265  1317.19579563244
2947000  -1318.46028979349  1316.29671677457
2948000  -1316.51591817759  1317.42698391634
2949000  -1319.25688444005  1319.69678960511
2950000  -1319.67524814089  1317.89618507846
2951000  -1319.40498514015  1321.18098005583
2952000  -1315.84597500283  1320.45738216187
2953000  -1319.51783466022  1321.28160373633
2954000  -1320.85722021091  1321.68707018668
2955000  -1322.98996833611  1320.25507748194
2956000  -1322.49267442245  1321.55111230977
2957000  -1322.85907124539  1322.96835650335
2958000  -1325.3629198728  1323.07495377919
2959000  -1323.93909023703  1320.99311428245
2960000  -1323.41699315075  1321.87792276105
2961000  -1321.89889287053  1321.93057594179
2962000  -1323.39777156162  1324.86472002759
2963000  -1323.45163116737  1325.4012612704
2964000  -1323.99865713174  1327.39321334385
2965000  -1322.09196516504  1327.32668055649
2966000  -1323.82943567727  1325.2293887389
2967000  -1324.54796572178  1327.86797788804
2968000  -1324.49382538215  1326.38066117728
2969000  -1323.90046845484  1327.41996827529
2970000  -1323.2390344458  1326.24840987403
2971000  -1324.93149744481  1327.42233545283
2972000  -1325.66225328615  1328.14760931033
2973000  -1325.81350571101  1326.112657516
2974000  -1327.78063963051  1326.66813203475
2975000  -1327.08106171267  1326.32038393166
2976000  -1326.36702915142  1326.26017775394
2977000  -1330.50357294836  1329.04077925977
2978000  -1329.66009926505  1327.74728844074
2979000  -1332.07885683848  1327.29101401203
2980000  -1330.8291765593  1326.09613165144
2981000  -1332.44667363883  1325.67944947558
2982000  -1331.40211054364  1327.82273821019
2983000  -1332.03075954872  1325.43173702222
2984000  -1333.99131562269  1328.48134769135
2985000  -1331.81781684136  1326.85795193233
2986000  -1336.75667334376  1326.60534942949
2987000  -1335.25927732877  1327.93520494477
2988000  -1336.58635259282  1328.76304552498
2989000  -1336.7517796448  1329.83671370772
2990000  -1337.42324479867  1328.1996165727
2991000  -1337.06780920509  1328.60836820254
2992000  -1337.64528749994  1330.62564030962
2993000  -1335.97649029794  1330.30344058437
2994000  -1335.44534726002  1331.63052298898
2995000  -1336.47801757978  1330.09295809508
2996000  -1335.79160637275  1329.76047141096
2997000  -1335.06577135555  1329.99804729822
2998000  -1334.90427844322  1331.46552124848
2999000  -1335.71734463805  1330.80164970872
3000000  -1336.21337071876  1331.2527261929
3001000  -1338.92132577006  1332.89292756373
3002000  -1338.74778020101  1332.34617401008
3003000  -1337.39175383131  1332.75613666908
3004000  -1341.10493405337  1335.87094508113
3005000  -1340.95240383662  1333.46857152186
3006000  -1341.69167053844  1337.19666007336
3007000  -1341.49847703784  1334.47023511334
3008000  -1344.58941273977  1335.31716906303
3009000  -1342.58719585386  1337.55585017626
3010000  -1343.95598025845  1336.65661597283
3011000  -1343.08337513059  1338.29891216743
3012000  -1345.08627515752  1337.00816114656
3013000  -1343.45596105357  1339.59462488861
3014000  -1343.80927370387  1337.9236353887
3015000  -1347.97421797137  1338.17767877314
3016000  -1347.68407530818  1339.33853520074
3017000  -1348.35547070091  1338.91575515779
3018000  -1351.45144001674  1341.26813868989
3019000  -1348.85913608663  1342.7598836478
3020000  -1349.78192737817  1340.50172247111
3021000  -1350.75005781411  1339.93177427707
3022000  -1352.0702300455  1342.39169449643
3023000  -1352.15595788674  1343.53360523222
3024000  -1351.66202987219  1346.05029812851
3025000  -1351.00738262978  1344.96527078752
3026000  -1352.35125334375  1346.10748719121
3027000  -1355.26766772823  1345.19662851379
3028000  -1352.57993690138  1349.98764471026
3029000  -1355.14371203734  1347.12259904116
3030000  -1353.94553523037  1348.81172956713
3031000  -1354.56663912378  1346.65686185264
3032000  -1354.32087859456  1348.74839548612
3033000  -1359.01819971159  1348.19060030812
3034000  -1354.93001300218  1349.10512070354
3035000  -1356.44952625368  1350.16819049263
3036000  -1356.70302216927  1349.41958664105
3037000  -1359.80428733138  1351.18918341961
3038000  -1357.48533732394  1352.44359605463
3039000  -1357.52780734764  1350.47617544273
3040000  -1359.72315523081  1349.81372664738
3041000  -1359.62117296338  1353.53876101091
3042000  -1358.14683779361  1352.28148541723
3043000  -1361.49805492949  1352.33175573808
3044000  -1359.80942556792  1355.97050400462
3045000  -1360.47002290857  1353.18150426689
3046000  -1358.66076859752  1355.54651955702
3047000  -1361.38140761349  1355.36075871252
3048000  -1363.39822203451  1355.71808285795
3049000  -1363.76094882036  1359.03020886455
3050000  -1360.73989636714  1356.20085034228
3051000  -1363.17287039397  1355.37642803338
3052000  -1366.05093943437  1355.97701238216
3053000  -1367.31528074472  1355.39449193965
3054000  -1366.95013611615  1357.7666149712
3055000  -1365.43773814406  1355.92069133499
3056000  -1369.76963155176  1358.82079105251
3057000  -1366.4170952726  1357.86031677091
3058000  -1369.7654451462  1359.05760199026
3059000  -1370.69098736218  1358.24019686937
3060000  -1370.29588845929  1357.85984752337
3061000  -1368.44946095237  1362.11802493142
3062000  -1370.46735749548  1358.28111459769
3063000  -1367.7438552315  1357.4860302624
3064000  -1371.00252880668  1359.31515579519
3065000  -1371.32137861814  1361.25056460995
3066000  -1373.30111867841  1362.23404622136
3067000  -1374.92983644683  1359.6435157285
3068000  -1374.56647843071  1360.17052257559
3069000  -1375.15492512576  1359.46030908248
3070000  -1374.12174104295  1360.03660140148
3071000  -1376.28244793467  1362.2051847507
3072000  -1374.33414241332  1361.34508535651
3073000  -1376.82312452693  1360.87892309105
3074000  -1375.19616743325  1362.47931113535
3075000  -1377.33610384903  1361.60127890995
3076000  -1375.76558547273  1361.13035314601
3077000  -1376.51377875315  1360.54460230882
3078000  -1380.32290236325  1359.69963129119
3079000  -1378.75101739267  1360.36398262592
3080000  -1376.07529004223  1361.48637482978
3081000  -1378.47830625659  1363.50838990114
3082000  -1381.55002790986  1364.60920401964
3083000  -1382.44533993087  1364.85760863052
3084000  -1382.57782299602  1362.76273846147
3085000  -1383.61035613695  1361.47293157188
3086000  -1383.73881390536  1361.70522425362
3087000  -1383.27106243881  1366.72757070252
3088000  -1382.38202960357  1364.18739153732
3089000  -1382.11417206074  1365.35428953398
3090000  -1380.94900299786  1368.74162293111
3091000  -1383.2849381605  1366.81512070732
3092000  -1380.33930917297  1366.78156779216
3093000  -1377.9488938142  1367.41221836853
3094000  -1379.72460189461  1367.9905959035
3095000  -1379.49135262833  1368.23549432723
3096000  -1377.50492595663  1371.05129188792
3097000  -1380.81892436798  1372.91336277051
3098000  -1382.93200385388  1373.65573965387
3099000  -1382.58595443312  1373.81147585612
3100000  -1387.11368478877  1374.20462414554
3101000  -1384.74082761393  1375.27759342674
3102000  -1385.35568761786  1374.31561182687
3103000  -1386.26475589793  1374.32609722451
3104000  -1386.8116682876  1378.65438093368
3105000  -1385.9797845741  1377.11761142873
3106000  -1387.69850084551  1377.00456658327
3107000  -1389.22951142458  1377.30814338335
3108000  -1390.18833044706  1379.81322944383
3109000  -1390.31832665004  1380.85669777457
3110000  -1391.4216710021  1379.08392409319
3111000  -1390.78839874548  1380.15929657086
3112000  -1388.75899166455  1380.49522367591
3113000  -1395.36754730233  1381.61226223014
3114000  -1392.89506212796  1381.16291280196
3115000  -1392.96828002283  1382.2323838239
3116000  -1395.47107494383  1382.63052301575
3117000  -1394.39019934008  1384.2344431765
3118000  -1392.76322878471  1384.29487533801
3119000  -1396.87655236878  1385.14811048303
3120000  -1395.64372247735  1385.66106987976
3121000  -1395.72120110545  1387.18385019518
3122000  -1397.53763206925  1389.19331409567
3123000  -1396.10065961526  1386.97574998587
3124000  -1397.1906899911  1389.66524750024
3125000  -1400.4893218868  1387.05583859908
3126000  -1397.81223622901  1390.17035043552
3127000  -1398.77824635979  1389.56359978449
3128000  -1401.01032635704  1388.90654491689
3129000  -1401.03209708485  1387.76734532884
3130000  -1402.24079682897  1390.15304947378
3131000  -1401.81438775081  1388.82338374165
3132000  -1402.28436714853  1389.16309380259
3133000  -1401.49077371621  1389.55881685405
3134000  -1405.37788347803  1390.31878152552
3135000  -1399.90375811745  1389.82007184738
3136000  -1402.18074957135  1389.81518280046
3137000  -1402.35503692897  1389.24522001808
3138000  -1403.02295834273  1391.44675660388
3139000  -1404.51225500974  1393.45992471579
3140000  -1406.50040350077  1392.92686178565
3141000  -1403.97323545132  1392.99801713726
3142000  -1406.27392056445  1393.41448644627
3143000  -1407.44119358002  1396.07295234571
3144000  -1408.38660266914  1395.51461604723
3145000  -1406.45118934921  1397.09479003322
3146000  -1409.36116916161  1396.74948698743
3147000  -1407.39356873367  1397.6054488457
3148000  -1406.89635406224  1398.61784720467
3149000  -1408.13945567249  1398.38055480164
3150000  -1404.61742156359  1399.07179372919
3151000  -1407.54386735502  1401.57864947683
3152000  -1406.52137582067  1401.30120515452
3153000  -1407.52061492789  1401.54183629658
3154000  -1408.57354813615  1403.593257579
3155000  -1407.7599987379  1402.36696873763
3156000  -1411.77910391998  1402.13922575006
3157000  -1408.76851200781  1405.69894251881
3158000  -1408.28213316829  1403.95434071722
3159000  -1410.73942845432  1404.83367635475
3160000  -1414.08203747624  1404.35369701927
3161000  -1411.95403389766  1402.98434942109
3162000  -1415.25830820058  1403.75836560062
3163000  -1414.5960612138  1402.43802426188
3164000  -1413.56493373142  1404.94800232556
3165000  -1414.70366211462  1402.1466320887
3166000  -1412.57080231916  1404.22928073168
3167000  -1415.18298626194  1402.40390795273
3168000  -1412.16513897436  1402.17902260757
3169000  -1416.60094701918  1401.97666953802
3170000  -1416.4291033382  1404.29063730744
3171000  -1415.46231038625  1404.21747956167
3172000  -1417.72626250393  1403.83483253167
3173000  -1418.61275159284  1405.29592987131
3174000  -1421.19117550651  1407.11040956367
3175000  -1418.16342703293  1407.96908091131
3176000  -1419.74399742117  1408.47471574346
3177000  -1419.51139697264  1408.90135782771
3178000  -1418.7699396199  1408.22609554969
3179000  -1418.97618421043  1410.24387661742
3180000  -1423.7310770611  1407.56764809554
3181000  -1420.19530522605  1411.13229269257
3182000  -1421.37177114069  1409.73763633613
3183000  -1425.25307551268  1409.39051678341
3184000  -1422.46679291993  1410.5884854652
3185000  -1421.36827637216  1413.52721301162
3186000  -1422.26766975065  1416.00716419244
3187000  -1424.33100839487  1414.69773135144
3188000  -1422.61757792527  1418.11306250881
3189000  -1421.96075886094  1417.82676759064
3190000  -1425.82291928813  1417.09924260009
3191000  -1424.44740042866  1417.25343456996
3192000  -1427.13758149756  1415.77961726318
3193000  -1421.52949688393  1416.72439981334
3194000  -1425.82933142993  1418.23083803997
3195000  -1425.9779225977  1419.05767767117
3196000  -1425.28536269328  1420.15670685968
3197000  -1426.51515217886  1419.67876321769
3198000  -1424.77470158466  1421.24433176378
3199000  -1426.60649156028  1422.7694627994
3200000  -1431.26967498973  1424.27662020375
3201000  -1427.98183835666  1425.1814325177
3202000  -1426.62465625286  1422.96483448632
3203000  -1427.34737288032  1424.33102621146
3204000  -1426.54132400618  1422.6039325912
3205000  -1430.02378682194  1421.99854462235
3206000  -1429.5350398383  1425.99677587388
3207000  -1430.98296559764  1425.43844026183
3208000  -1429.38090708399  1425.05624027777
3209000  -1430.75262560808  1425.84043835907
3210000  -1430.70908585911  1426.6330564927
3211000  -1431.65108468753  1425.4630980862
3212000  -1431.3394575039  1427.96743488124
3213000  -1433.77142957807  1430.23089543648
3214000  -1429.95444128999  1427.90558172941
3215000  -1434.21558066979  1429.42878088145
3216000  -1433.81992859719  1428.94489736684
3217000  -1433.40365047259  1429.31277126451
3218000  -1433.1316868086  1430.64394085737
3219000  -1431.81149254036  1430.41439464921
3220000  -1431.28102557697  1429.36485063425
3221000  -1434.04755659551  1431.88522717723
3222000  -1431.5943217943  1431.37002191011
3223000  -1433.82809441612  1430.68015775969
3224000  -1436.65167279412  1432.07026123489
3225000  -1435.49146196853  1432.63941387586
3226000  -1436.88549053927  1432.11154268497
3227000  -1436.25958964698  1433.26077941181
3228000  -1437.29917399535  1435.65949283771
3229000  -1437.03832656846  1434.63664584359
3230000  -1438.88428322885  1433.86348183507
3231000  -1440.88724070214  1434.78345641057
3232000  -1440.94881196673  1436.26725236932
3233000  -1439.07953502324  1435.67210178602
3234000  -1441.00198275311  1435.41223862635
3235000  -1443.16515093499  1435.97040001336
3236000  -1441.10288209947  1437.40255089138
3237000  -1442.90681332619  1434.66767377409
3238000  -1444.90518919651  1440.76226340913
3239000  -1445.32867562675  1439.18770037809
3240000  -1447.30889655961  1437.01914657805
3241000  -1448.23259436752  1439.42049874041
3242000  -1448.57518161957  1437.485612915
3243000  -1451.51324398483  1438.77673762061
3244000  -1451.53359841879  1439.56790055457
3245000  -1450.85884927491  1441.68070653391
3246000  -1451.47010372682  1441.62493766857
3247000  -1450.10936658862  1440.24539129303
3248000  -1454.15870464204  1441.71994248142
3249000  -1453.93858664378  1442.4791745067
3250000  -1452.34658613482  1442.38256570646
3251000  -1455.33834358096  1440.86309695497
3252000  -1456.94135757396  1444.30913208044
3253000  -1457.95630818679  1442.93310729881
3254000  -1460.9727148897  1444.62843517329
3255000  -1457.81278952791  1444.17203512606
3256000  -1460.24888461626  1444.58190614475
3257000  -1459.28772534845  1442.89559805837
3258000  -1459.29722309521  1447.52218417648
3259000  -1461.60883325094  1448.27456166794
3260000  -1461.82863391327  1450.36054796626
3261000  -1458.79645980741  1447.48116491023
3262000  -1460.2675492734  1449.51823135886
3263000  -1460.66250983652  1448.85349559079
3264000  -1461.03966503399  1449.76300854016
3265000  -1464.92199455871  1450.26824298422
3266000  -1463.30308655976  1451.92816150759
3267000  -1464.40238827352  1453.53096320663
3268000  -1463.0716667358  1452.22255465255
3269000  -1461.46171116802  1455.24996310038
3270000  -1465.51100908909  1453.83867864328
3271000  -1466.55478867606  1454.45107046078
3272000  -1466.23655199758  1453.31558389654
3273000  -1470.72142572921  1454.94286312883
3274000  -1469.82541442779  1456.36279340395
3275000  -1467.4120740535  1455.60284944732
3276000  -1470.1070309736  1457.32065568207
3277000  -1467.16939482396  1455.99385758756
3278000  -1468.97983916283  1458.16118170285
3279000  -1467.78201241275  1459.20481666071
3280000  -1468.96818530289  1458.29730989578
3281000  -1467.90015970264  1460.14728540122
3282000  -1467.07663112473  1461.07259749161
3283000  -1465.9435692279  1458.67514323861
3284000  -1468.72027536779  1458.39205435507
3285000  -1468.67406010971  1459.46386887179
3286000  -1471.37226102074  1460.42788498273
3287000  -1470.0368281683  1460.67420588016
3288000  -1471.80384321412  1460.76851776966
3289000  -1472.27119559873  1461.41747969036
3290000  -1471.27396662123  1462.76784551391
3291000  -1471.97583444072  1464.97599485772
3292000  -1472.17435679598  1463.42662730973
3293000  -1475.33565196979  1465.76222571632
3294000  -1473.46931140987  1464.32049709313
3295000  -1477.45931464631  1465.15860916508
3296000  -1473.98955246557  1466.78780519597
3297000  -1477.79875552721  1466.75270962005
3298000  -1476.66564045991  1467.24095308329
3299000  -1476.08540234823  1468.74273348374
3300000  -1478.366553496  1467.26218860272
3301000  -1473.95631214899  1467.10035694003
3302000  -1475.71324241434  1469.89457820668
3303000  -1474.08795904593  1470.71254873211
3304000  -1476.90010042638  1470.9947731066
3305000  -1480.21306195815  1470.61116175908
3306000  -1479.02182454728  1468.84401279544
3307000  -1479.60258828054  1470.5922459153
3308000  -1477.19924118496  1468.27797424597
3309000  -1479.67199361069  1471.57592547012
3310000  -1479.6446993991  1473.35909814401
3311000  -1480.70686812108  1472.41586161356
3312000  -1480.32839874581  1472.28424880017
3313000  -1481.17224357356  1473.37538851587
3314000  -1479.64657023334  1474.62900376862
3315000  -1480.51132775865  1474.50715595227
3316000  -1482.07057265357  1473.86193964203
3317000  -1479.14433320338  1472.35704472497
3318000  -1484.18303190087  1474.60241776273
3319000  -1484.95348274217  1476.62274140625
3320000  -1482.82044738439  1474.95746888975
3321000  -1483.06107499908  1477.09178971094
3322000  -1485.85686814968  1475.61227654857
3323000  -1484.53648729628  1477.07384850274
3324000  -1486.35583358166  1478.48402132816
3325000  -1486.50534421451  1478.75454446254
3326000  -1485.45322128568  1480.58698903604
3327000  -1485.50424065222  1482.2878358852
3328000  -1486.27780033368  1483.07458600037
3329000  -1486.5416023996  1484.11246646258
3330000  -1487.38869086033  1484.3583076874
3331000  -1488.63507370348  1484.49680141327
3332000  -1487.72167095924  1487.64207625915
3333000  -1488.59775257449  1485.70115907028
3334000  -1493.34530206729  1486.30286414509
3335000  -1488.23203673822  1487.16094698921
3336000  -1492.23650233256  1487.34288411368
3337000  -1492.21177373171  1486.8933908445
3338000  -1491.68872204331  1485.60083272646
3339000  -1493.20322525078  1486.66305508556
3340000  -1492.70842628639  1488.90206515897
3341000  -1495.47314850672  1487.45339252131
3342000  -1492.12465039866  1489.759262459
3343000  -1493.9588490367  1490.35687475957
3344000  -1495.51968273851  1490.94098436539
3345000  -1494.9281667149  1492.43166454494
3346000  -1494.35040380999  1492.0855378915
3347000  -1497.34715369676  1496.60421273976
3348000  -1495.53545811107  1495.03187147626
3349000  -1496.19566103151  1494.65344353946
3350000  -1495.98296769668  1496.01808186797
3351000  -1496.26001338359  1497.65420853873
3352000  -1496.71989629928  1497.87599173431
3353000  -1496.63797087638  1497.49709798725
3354000  -1496.13329914  1495.81257781573
3355000  -1498.80024782668  1496.85846518571
3356000  -1499.07669779126  1499.9847655146
3357000  -1500.61816210332  1499.84506703558
3358000  -1499.11513301664  1498.47239499555
3359000  -1501.03181379409  1498.87279687417
3360000  -1499.06689386602  1500.78303553115
3361000  -1500.75458638165  1497.17148338575
3362000  -1503.72888039663  1497.57439033797
3363000  -1505.13654301732  1500.97151510683
3364000  -1503.41813411414  1498.70816840184
3365000  -1504.86911193088  1500.70351787125
3366000  -1505.63433052172  1500.31283680364
3367000  -1505.0921806423  1499.35521011767
3368000  -1506.61613490509  1500.32645553947
3369000  -1507.00570005639  1501.25015553265
3370000  -1509.0142099383  1504.59949214484
3371000  -1509.31770370951  1502.08479099329
3372000  -1508.66456036677  1501.97319104813
3373000  -1508.81931901961  1503.31508808672
3374000  -1510.17010054512  1503.78567556411
3375000  -1511.51631024333  1504.39497216236
3376000  -1511.31113949238  1503.4606745025
3377000  -1511.43119958202  1504.21285670645
3378000  -1513.23936400162  1504.36433320352
3379000  -1511.79899282668  1505.84353207265
3380000  -1514.61476433862  1507.84472783127
3381000  -1512.88703403118  1506.6801297086
3382000  -1513.14986098319  1507.65730053908
3383000  -1513.65880034229  1508.62945313704
3384000  -1514.18525695738  1507.65325787261
3385000  -1517.19998627758  1509.08654343268
3386000  -1518.50297640896  1507.32419661714
3387000  -1517.6232740333  1510.09137846679
3388000  -1519.21571167464  1508.61578677858
3389000  -1518.97497615154  1510.67661627762
3390000  -1520.8739575187  1509.38549419243
3391000  -1521.67365457411  1512.58957103081
3392000  -1521.4064851012  1514.4210024188
3393000  -1522.57125422767  1514.48264254853
3394000  -1521.44480068687  1511.93660352891
3395000  -1521.67910463593  1514.75508742071
3396000  -1522.50062254119  1514.88051381376
3397000  -1525.94868958839  1512.57790431849
3398000  -1523.42203170384  1516.42398269419
3399000  -1522.05409954076  1517.8819929146
3400000  -1524.66347849622  1519.02312089187
3401000  -1525.37694569711  1520.10882214729
3402000  -1526.89833977947  1517.48805233831
3403000  -1525.98243715807  1522.66009321114
3404000  -1526.00039797918  1520.66153944565
3405000  -1528.44619343815  1519.04422347621
3406000  -1525.08714624066  1520.78194820668
3407000  -1526.04974499566  1522.8779707097
3408000  -1526.48479243187  1521.18120007187
3409000  -1526.97007389123  1521.48329963506
3410000  -1526.70484296989  1523.02243980601
3411000  -1528.39062879935  1524.11540137531
3412000  -1526.41225768618  1522.23660474737
3413000  -1528.79099242994  1526.30353918066
3414000  -1526.57802207038  1524.20307658647
3415000  -1529.38022630107  1523.02063711558
3416000  -1527.88556191597  1525.73032937365
3417000  -1531.50370701841  1525.80862234782
3418000  -1529.01240827757  1524.94674323556
3419000  -1527.29906516952  1525.39496889572
3420000  -1528.79612792288  1523.28110940005
3421000  -1532.66797868314  1525.29630027846
3422000  -1532.29909891006  1527.30564415161
3423000  -1533.24793599479  1527.06396394398
3424000  -1534.02682697705  1527.65006631555
3425000  -1535.14495877034  1527.59525404603
3426000  -1534.76141249777  1526.05202264935
3427000  -1533.42708840142  1527.12960169199
3428000  -1536.47855037865  1528.43741655193
3429000  -1537.78411126257  1530.05654412401
3430000  -1540.08770433418  1531.11225513429
3431000  -1538.95093831485  1530.06755884494
3432000  -1541.71247949653  1532.89369369037
3433000  -1541.8023829145  1533.71375543505
3434000  -1540.77668937965  1531.66046541271
3435000  -1541.15121380278  1534.43156221623
3436000  -1540.87167716686  1534.80638270442
3437000  -1540.31811658693  1533.77848163347
3438000  -1543.34920873671  1534.46116480559
3439000  -1542.76955255217  1534.3313601465
3440000  -1545.7794196512  1535.43719875813
3441000  -1548.2388322336  1535.15032228935
3442000  -1548.23874792284  1537.51746040568
3443000  -1546.34994021938  1537.03594784559
3444000  -1545.82798015379  1540.2712402795
3445000  -1548.97054379388  1541.00787710426
3446000  -1548.79992513954  1541.90463206891
3447000  -1551.41276159652  1543.50157855147
3448000  -1550.90772734828  1544.30583741766
3449000  -1550.26787425382  1545.56019571939
3450000  -1548.28931329238  1546.43303295986
3451000  -1551.34561788195  1544.96782464834
3452000  -1553.86583213973  1545.04397292408
3453000  -1550.22465839433  1547.89660472016
3454000  -1552.74522278844  1548.75090207091
3455000  -1549.99277669035  1548.96013392082
3456000  -1550.44910183484  1549.64025423124
3457000  -1551.28842913491  1548.46740838143
3458000  -1549.5656285351  1551.18797939591
3459000  -1552.75832114941  1550.75147116308
3460000  -1551.92568507298  1549.45704551484
3461000  -1552.04675676835  1554.23801756932
3462000  -1554.80182952434  1553.18915238222
3463000  -1552.69082640406  1553.95411173536
3464000  -1554.31007275681  1554.08192226332
3465000  -1553.07617753067  1553.10774836209
3466000  -1554.14300416083  1552.44074996079
3467000  -1553.65483538634  1556.06418587267
3468000  -1553.34739954523  1555.87018056541
3469000  -1553.32019847069  1554.78486286112
3470000  -1554.65707360088  1557.83440142199
3471000  -1556.62977048227  1556.65829850523
3472000  -1556.26453274093  1557.49361751961
3473000  -1557.15885190404  1560.43899922039
3474000  -1557.38322191536  1555.73425245466
3475000  -1557.6113832109  1560.42558371755
3476000  -1560.14679691765  1558.93609452411
3477000  -1558.35915262153  1560.39299230135
3478000  -1556.19753274133  1561.52018481309
3479000  -1559.0070083765  1565.04857202422
3480000  -1560.894948318  1561.25378690441
3481000  -1560.38944182626  1561.22404019789
3482000  -1559.1095563652  1561.86762985728
3483000  -1560.19584761516  1562.96165140673
3484000  -1561.29854196716  1563.59488548492
3485000  -1562.87454019377  1563.29440967467
3486000  -1562.32939502816  1561.71043118819
3487000  -1563.48857387723  1563.58761971285
3488000  -1561.77865432362  1564.94704616158
3489000  -1561.0203144061  1564.68360417845
3490000  -1566.06200948174  1565.80617864433
3491000  -1564.05041663171  1565.23909095072
3492000  -1566.53830288807  1564.36894585375
3493000  -1567.04187025359  1568.85927920533
3494000  -1567.28550221103  1568.74595367586
3495000  -1568.02754457849  1567.88280916268
3496000  -1567.45841967783  1569.15065243063
3497000  -1567.66191303348  1571.97924717329
3498000  -1566.55972103543  1571.03205347298
3499000  -1566.20561309868  1570.44359207094
3500000  -1566.45316374364  1569.56472323726
3501000  -1567.79479672037  1570.07017153286
3502000  -1568.34843696019  1572.01949324799
3503000  -1566.08169834849  1572.85710298101
3504000  -1566.84765082298  1571.19098903393
3505000  -1570.03885915875  1573.36444195001
3506000  -1568.76134504713  1574.03731868094
3507000  -1568.54168780042  1573.83135468084
3508000  -1570.15143216168  1572.98015286609
3509000  -1571.07070900314  1576.93039010276
3510000  -1570.77290550437  1574.43836643873
3511000  -1571.75135344196  1575.44265359696
3512000  -1569.68834378494  1574.25711464111
3513000  -1570.89764981842  1575.09668720322
3514000  -1570.764381009  1575.60454730634
3515000  -1573.90572767877  1575.51559310811
3516000  -1574.66600265854  1574.37931447088
3517000  -1575.59873084976  1576.50402656903
3518000  -1576.41991558362  1575.92214815605
3519000  -1576.14125707338  1577.33349852925
3520000  -1576.22473756494  1576.57317510097
3521000  -1576.41326400893  1580.16554866297
3522000  -1576.45247143317  1576.75211546764
3523000  -1577.51387374428  1579.2006644882
3524000  -1579.34350330723  1578.86048743558
3525000  -1579.15957981803  1578.62483374206
3526000  -1578.82467880738  1579.92718253599
3527000  -1577.42121991566  1579.13902483789
3528000  -1580.58401733384  1581.30709108974
3529000  -1582.01748559691  1579.65440488313
3530000  -1582.65051373112  1580.6433792784
3531000  -1583.3981508907  1580.83327335243
3532000  -1585.2514509379  1580.90132526698
3533000  -1581.79189303406  1579.8809069032
3534000  -1584.17905712428  1582.52934617614
3535000  -1585.06881079337  1583.88798840958
3536000  -1582.42851176931  1583.73495565551
3537000  -1584.5958466163  1583.72172412683
3538000  -1582.91590102238  1582.64191769627
3539000  -1587.67790685751  1583.97077763352
3540000  -1586.67267665279  1585.44380770774
3541000  -1586.97177761029  1586.58353942353
3542000  -1584.76947403979  1585.84963619053
3543000  -1587.78281704822  1586.12312913754
3544000  -1584.50290737287  1584.57139210076
3545000  -1585.76962710754  1588.77067509788
3546000  -1586.44185530404  1589.46159151467
3547000  -1588.07867312027  1589.03952840497
3548000  -1587.59860763408  1589.04134751032
3549000  -1589.29392580448  1590.47089298565
3550000  -1588.42671004333  1588.39653924841
3551000  -1592.47175145115  1589.33110958209
3552000  -1591.49219388444  1590.18897293084
3553000  -1590.44537173551  1590.04405789775
3554000  -1589.87397231667  1592.00928920114
3555000  -1589.83606611259  1589.71144293641
3556000  -1591.40128803424  1591.17640093707
3557000  -1594.56602415143  1591.30233229607
3558000  -1593.67430950283  1591.5141313913
3559000  -1595.20286150133  1592.54802782204
3560000  -1594.5891566645  1594.98929384336
3561000  -1594.28529210304  1593.74863129671
3562000  -1594.3821965404  1593.88340820168
3563000  -1596.3137228468  1594.99966485054
3564000  -1595.12731561466  1596.15927110073
3565000  -1599.15861522603  1595.39235870469
3566000  -1595.28975327693  1599.07980025515
3567000  -1595.96736646943  1597.74754623934
3568000  -1600.09301261405  1599.83913933752
3569000  -1597.70134527752  1599.29808496518
3570000  -1598.00764187296  1597.92037783422
3571000  -1597.41124491714  1601.33144750933
3572000  -1596.54994079756  1597.89469687215
3573000  -1596.67176981725  1599.25678773092
3574000  -1596.81515934146  1600.25980024877
3575000  -1599.06375564049  1598.73797083181
3576000  -1598.73444217998  1599.82790769336
3577000  -1599.28076052753  1601.41094841309
3578000  -1600.37539971441  1601.22335232588
3579000  -1599.03676067944  1604.64484849068
3580000  -1603.97893994121  1603.66831596635
3581000  -1601.27642752619  1606.82981728813
3582000  -1601.75082798002  1605.23433153935
3583000  -1600.56822337704  1603.17576172982
3584000  -1601.58603155796  1604.76353971674
3585000  -1599.21043799063  1604.87781781973
3586000  -1600.20135768034  1605.89279307868
3587000  -1601.16036576813  1606.18808475381
3588000  -1601.05424026615  1606.41638852858
3589000  -1601.48829252403  1607.32453609794
3590000  -1603.48687514556  1607.62024251802
3591000  -1603.21569022256  1607.70622976811
3592000  -1603.93773264172  1609.06938058034
3593000  -1607.84220212038  1608.5503492441
3594000  -1606.58470717584  1609.20322319793
3595000  -1604.28617911273  1607.97642985635
3596000  -1606.16712449268  1608.16729061606
3597000  -1607.07470194043  1607.50858257742
3598000  -1608.73161971511  1609.75309941901
3599000  -1608.55955939774  1610.42055925495
3600000  -1609.26584074218  1609.72102124716
3601000  -1609.28199301611  1610.81856304616
3602000  -1607.58950931765  1612.16931215235
3603000  -1610.11352952039  1611.67869998722
3604000  -1610.35612685525  1611.66539082382
3605000  -1611.75517115425  1610.85454196447
3606000  -1612.83548264649  1612.1818185163
3607000  -1613.42605140481  1614.14756701431
3608000  -1612.05905861448  1614.56235736302
3609000  -1613.8225674931  1614.15797373654
3610000  -1615.11698734936  1613.58137567854
3611000  -1615.68090232781  1612.47923405003
3612000  -1616.74233699067  1613.45171709208
3613000  -1614.97671019982  1613.82780959676
3614000  -1617.84165498324  1613.72392686716
3615000  -1619.31112685826  1618.4583276312
3616000  -1622.55652101143  1618.49999941828
3617000  -1621.95882807589  1620.55468845906
3618000  -1621.04920957285  1618.53845408133
3619000  -1620.14268537888  1618.87506145996
3620000  -1621.48987487841  1620.70425325869
3621000  -1623.59971535311  1621.03195606681
3622000  -1622.88565117463  1620.40123796823
3623000  -1623.31469945495  1624.17511760819
3624000  -1624.80757674518  1622.17998369146
3625000  -1623.28583147768  1622.2994038036
3626000  -1626.80566034882  1622.42504510567
3627000  -1625.63913293054  1626.10951300522
3628000  -1626.59140912865  1625.1016155248
3629000  -1628.10766645416  1627.09380859337
3630000  -1626.80323456905  1625.59121577019
3631000  -1630.93202446603  1626.2148162041
3632000  -1631.3361918978  1627.73575598334
3633000  -1633.19203572996  1628.60437052142
3634000  -1631.97926419848  1627.62012353564
3635000  -1632.42101353635  1627.02988026412
3636000  -1630.45006068197  1627.47515112124
3637000  -1630.00550502619  1628.75110558457
3638000  -1630.0146213642  1629.95034655163
3639000  -1633.56497323837  1629.51127537706
3640000  -1635.57103424907  1630.88058553485
3641000  -1631.95114325953  1630.80026701454
3642000  -1635.68745625636  1627.98658499782
3643000  -1637.09985700836  1630.30141999604
3644000  -1634.29995447504  1628.54349516948
3645000  -1634.94051984717  1629.33228981094
3646000  -1637.4222773431  1631.00524753949
3647000  -1637.20099720224  1632.0692640622
3648000  -1637.0136620573  1632.90842905024
3649000  -1635.69421262577  1633.87391150546
3650000  -1637.47159748699  1631.07147258426
3651000  -1636.58956861568  1637.38524223495
3652000  -1637.14607862233  1635.83082464428
3653000  -1638.90938871044  1637.00799240983
3654000  -1637.38519521718  1636.30901600091
3655000  -1640.68019026025  1635.75325936155
3656000  -1640.47114203728  1638.62179291162
3657000  -1642.58954183089  1639.85573781392
3658000  -1643.0596065592  1638.13414244995
3659000  -1640.87170096201  1640.39106232287
3660000  -1646.53069809213  1638.36277657524
3661000  -1643.8006308967  1639.72429707588
3662000  -1643.76942627955  1638.48353528093
3663000  -1643.52082896995  1637.55520837941
3664000  -1643.75336460985  1637.13584398326
3665000  -1644.62426621991  1637.03998255939
3666000  -1645.52577636308  1638.03000696503
3667000  -1646.55795154275  1638.0524730264
3668000  -1646.73023130965  1640.04546014766
3669000  -1645.60272719589  1638.45025253356
3670000  -1647.27749784445  1640.09531094014
3671000  -1648.49008815464  1640.9605134432
3672000  -1645.72567483866  1642.98308858999
3673000  -1645.87623899848  1639.56679266518
3674000  -1644.04474276272  1642.3623439621
3675000  -1643.45031388746  1642.42281471836
3676000  -1647.58912646216  1640.69270092258
3677000  -1647.95825356417  1640.38268445984
3678000  -1648.26887470858  1641.25593279253
3679000  -1646.67309859303  1642.28651685764
3680000  -1648.96729369451  1643.11812050343
3681000  -1648.89866431917  1643.24094254603
3682000  -1652.28188343378  1642.62823852416
3683000  -1651.08598220214  1641.4863476349
3684000  -1652.59029343384  1642.49335775785
3685000  -1652.45784459372  1641.32303469314
3686000  -1650.50863797764  1643.63218897777
3687000  -1653.89412878943  1643.84281371744
3688000  -1653.11578429781  1642.81691087085
3689000  -1653.7661866537  1645.11405229663
3690000  -1654.89512002698  1647.65790136003
3691000  -1656.76709077574  1645.79908755807
3692000  -1655.8629059889  1645.98823238849
3693000  -1658.6740044278  1643.78879116915
3694000  -1658.1350277972  1644.76177847408
3695000  -1661.18305922852  1646.42733287523
3696000  -1661.33055662725  1647.49153349439
3697000  -1658.83712709585  1649.37270207286
3698000  -1664.24352727498  1649.65972370586
3699000  -1659.90940430892  1648.37783845178
3700000  -1659.73092242402  1647.35494588475
3701000  -1661.66535366353  1648.76275486916
3702000  -1660.31133423274  1649.44359548349
3703000  -1661.83496114644  1647.23739167977
3704000  -1664.36390283133  1647.35050347297
3705000  -1661.60062618691  1648.49754981173
3706000  -1661.62778091507  1649.50539630252
3707000  -1662.75039942608  1648.87498182434
3708000  -1665.85496505132  1649.34693728095
3709000  -1666.63873657591  1652.09587080973
3710000  -1667.48049759639  1651.08576752222
3711000  -1667.59003249315  1650.95875243541
3712000  -1666.54671274955  1653.13931743596
3713000  -1666.85497387606  1654.22420012637
3714000  -1667.84775175036  1653.27117053541
3715000  -1666.66303545697  1653.62932021393
3716000  -1666.30996420082  1653.63347532246
3717000  -1671.01255896143  1653.89800846129
3718000  -1667.35311587116  1654.6056510131
3719000  -1669.50514265586  1654.33495994155
3720000  -1671.91796135729  1656.64603059847
3721000  -1669.69628144816  1656.07343126877
3722000  -1669.33479506274  1654.5781035007
3723000  -1668.50387740591  1657.32216882033
3724000  -1673.53394475172  1657.18425836293
3725000  -1672.29950127177  1659.32874529943
3726000  -1671.74851966352  1660.1058887516
3727000  -1674.38453003558  1661.84512806954
3728000  -1674.84971110064  1661.2979687794
3729000  -1677.54704342372  1662.67080687076
3730000  -1674.40015637938  1662.62993264258
3731000  -1675.72165792503  1661.36120591602
3732000  -1679.0191508779  1664.28325430122
3733000  -1675.96342718895  1663.19265934574
3734000  -1676.05543871024  1665.17711521226
3735000  -1677.61694301797  1663.28855871184
3736000  -1676.28359722829  1666.90085780845
3737000  -1676.08115805029  1666.60059343503
3738000  -1675.97463056083  1667.63823552843
3739000  -1676.61873635673  1667.59344790865
3740000  -1679.98542519871  1668.90474595269
3741000  -1678.68037037099  1669.88435365078
3742000  -1678.10459397055  1672.70301596794
3743000  -1680.22314811181  1673.88804418395
3744000  -1680.28280069763  1673.51787481815
3745000  -1681.97727715628  1676.43145180673
3746000  -1680.60422510039  1676.06348701143
3747000  -1681.41502451298  1676.77834829963
3748000  -1682.25312028007  1675.82944497052
3749000  -1681.76374717164  1677.78387628682
3750000  -1683.41262958004  1678.87715733793
3751000  -1685.93164901196  1679.41306000242
3752000  -1685.7669128304  1678.51934902963
3753000  -1684.27395885065  1680.09050561249
3754000  -1686.70179044856  1679.73113155865
3755000  -1686.13037009957  1680.44998154943
3756000  -1685.06303497509  1680.35117035929
3757000  -1687.85937126186  1681.60827328456
3758000  -1686.41524902803  1680.751501084
3759000  -1686.07944907946  1681.25200226964
3760000  -1685.90971901407  1684.58658814916
3761000  -1687.34260339046  1682.63476308573
3762000  -1687.06231848188  1683.71936456022
3763000  -1690.53643824751  1684.30552708472
3764000  -1689.10617219374  1685.20762626004
3765000  -1691.31694850814  1686.31665382729
3766000  -1691.47136616497  1689.58754142173
3767000  -1693.15388192309  1686.08694256799
3768000  -1690.4017129359  1688.13906719228
3769000  -1691.78847570618  1686.95468501653
3770000  -1696.12934731842  1686.40508037249
3771000  -1693.84872331207  1688.33991119113
3772000  -1694.3926100559  1692.18295243692
3773000  -1694.92306177524  1691.69162054128
3774000  -1694.69397288763  1690.78620401331
3775000  -1694.03618544717  1691.95459555755
3776000  -1696.53513503917  1695.89672118407
3777000  -1692.54395370901  1693.4572643505
3778000  -1695.53354992084  1694.6219649836
3779000  -1698.06502649879  1692.04290899706
3780000  -1698.77350424868  1692.95409491747
3781000  -1698.34027026582  1692.51162494427
3782000  -1698.00073124623  1696.01001222779
3783000  -1698.85523795387  1696.31659324001
3784000  -1697.04657368571  1692.81098598721
3785000  -1699.2692623326  1693.09071429538
3786000  -1700.16349119623  1695.3624692959
3787000  -1699.31806371585  1696.95403145364
3788000  -1700.46989376773  1696.95270436259
3789000  -1698.94182484456  1698.32144892117
3790000  -1700.40362504164  1697.22555415903
3791000  -1698.43935445951  1697.52500621693
3792000  -1699.50012234154  1694.88392236202
3793000  -1697.94691371754  1696.39660834282
3794000  -1699.12086412601  1699.2626808167
3795000  -1701.62305547224  1700.60826132536
3796000  -1700.76350306617  1698.39594290018
3797000  -1702.97925545888  1700.31713069675
3798000  -1701.09040963915  1700.64234451385
3799000  -1702.43906935958  1702.248673598
3800000  -1703.45734976037  1701.32642036348
3801000  -1705.30597562811  1700.52663214083
3802000  -1702.48235035373  1701.41648281458
3803000  -1705.0312392834  1702.30518833765
3804000  -1706.61450246421  1703.28414860758
3805000  -1703.42111257469  1700.85989203592
3806000  -1705.83803867948  1703.00150126415
3807000  -1706.54644466531  1703.77108378968
3808000  -1706.15119759517  1703.53217685553
3809000  -1707.03925949611  1703.41246150337
3810000  -1706.68719746702  1705.39623113495
3811000  -1707.28303463377  1705.85958744826
3812000  -1712.04277163785  1704.43102303237
3813000  -1713.71169594335  1703.74937729068
3814000  -1712.96505590522  1704.91321846999
3815000  -1714.84144164704  1705.61174874871
3816000  -1713.31043884206  1707.81658317785
3817000  -1715.19868372174  1705.95197750657
3818000  -1712.98700662056  1707.45065693444
3819000  -1715.84328261997  1707.77585797705
3820000  -1713.95751576618  1706.41613399834
3821000  -1710.50405058564  1705.43008349204
3822000  -1714.65416964636  1707.74965841889
3823000  -1713.17112399278  1708.20847929294
3824000  -1711.77294958201  1709.82543851218
3825000  -1713.71902082224  1710.68580845293
3826000  -1712.30264247781  1710.00897362935
3827000  -1712.63815741916  1709.47647266181
3828000  -1713.88082525493  1709.27720629856
3829000  -1714.90473522106  1713.2883994554
3830000  -1715.46141279606  1713.057396538
3831000  -1712.94964297005  1711.49453307478
3832000  -1713.37146512898  1712.05403837983
3833000  -1713.13330547344  1712.36196039358
3834000  -1717.38631531441  1713.38757343767
3835000  -1715.88384972418  1713.76711237307
3836000  -1715.52810269545  1714.36706255092
3837000  -1716.14521058045  1714.58228947674
3838000  -1712.9004021071  1714.94983479778
3839000  -1715.42123611383  1714.58328844885
3840000  -1717.56522576928  1712.09997025771
3841000  -1718.09570408376  1713.53301943417
3842000  -1716.62944381774  1713.66419315605
3843000  -1719.03342968085  1714.775615733
3844000  -1716.96465231495  1713.82851169227
3845000  -1716.13022924845  1717.1581143544
3846000  -1717.05593497245  1717.80636176625
3847000  -1718.24315520794  1718.55218632638
3848000  -1717.34702489304  1716.63034054506
3849000  -1720.46922188641  1717.40722285114
3850000  -1718.32090708536  1716.04124389716
3851000  -1718.48512503072  1716.79454164769
3852000  -1721.42570836598  1718.02087250608
3853000  -1721.05468764533  1715.15829826663
3854000  -1720.75494059995  1714.63307389002
3855000  -1722.16539624917  1716.71655528544
3856000  -1722.34039021347  1716.75951459101
3857000  -1722.30349324833  1718.32316289788
3858000  -1724.62885049772  1718.11559290912
3859000  -1723.24985894199  1717.82102163079
3860000  -1724.99387960998  1714.1584613673
3861000  -1723.0245105403  1714.42462642484
3862000  -1723.96712848711  1716.01013343918
3863000  -1726.1173845366  1714.9941941291
3864000  -1726.29696071071  1717.83414403989
3865000  -1730.6730406983  1714.69464906689
3866000  -1728.96830122037  1719.43389659402
3867000  -1730.51517653235  1719.95641573671
3868000  -1729.11898104933  1721.86783515259
3869000  -1727.09594642806  1718.22379229028
3870000  -1732.15280661688  1719.53224121962
3871000  -1733.89179305239  1722.22817887926
3872000  -1733.48785867259  1720.92214999518
3873000  -1733.42041619125  1722.40670471623
3874000  -1732.96967527486  1722.06074408693
3875000  -1732.38055494254  1721.72344426224
3876000  -1733.62255417715  1722.49634908205
3877000  -1735.84096633548  1722.14331656356
3878000  -1736.76259768739  1721.97794471762
3879000  -1734.87661764572  1723.65783722433
3880000  -1736.61474347139  1727.26831535584
3881000  -1738.90849114597  1725.92491035648
3882000  -1737.62643048975  1726.57304627571
3883000  -1737.81494061324  1725.54338945644
3884000  -1740.42383746454  1726.51377195066
3885000  -1742.16186320057  1727.64531038099
3886000  -1737.73939583807  1727.21303009031
3887000  -1739.86165331632  1728.5852056847
3888000  -1740.03572385066  1728.39012355321
3889000  -1741.36531834049  1728.29432596814
3890000  -1739.68612317984  1726.41976788668
3891000  -1739.38301722582  1727.59697101876
3892000  -1742.65289463646  1728.8833792032
3893000  -1744.22746069151  1728.15904729434
3894000  -1739.34561537578  1732.52247019433
3895000  -1740.22826821652  1733.85665306609
3896000  -1738.37419242605  1732.63621969462
3897000  -1737.19709752929  1732.37121707552
3898000  -1741.00939613696  1731.71978695882
3899000  -1743.10549179703  1733.77993345363
3900000  -1743.00307446578  1733.90922731705
3901000  -1741.81529596325  1734.32834127206
3902000  -1743.21772527444  1736.89430486199
3903000  -1742.0551010936  1734.19755872103
3904000  -1742.95778949228  1736.13733933476
3905000  -1743.59682588273  1736.91465464358
3906000  -1740.955001224  1736.5471709485
3907000  -1739.21407839873  1735.96068332995
3908000  -1740.88482620777  1735.95025897978
3909000  -1742.98743961199  1736.95256882132
3910000  -1740.85824239696  1735.85369720152
3911000  -1744.53431725087  1737.47446508059
3912000  -1743.15718560721  1734.17619248523
3913000  -1744.7286172657  1737.05477044426
3914000  -1743.87995383751  1738.60056599081
3915000  -1742.550839576  1736.002778796
3916000  -1745.0030758296  1738.39064449852
3917000  -1746.34232942569  1736.79062268488
3918000  -1746.18379846433  1740.56971115969
3919000  -1746.55277479184  1739.94563145458
3920000  -1749.68178413378  1741.67269441335
3921000  -1746.87599236215  1742.05501142722
3922000  -1747.64783546158  1740.16335356114
3923000  -1750.7235807799  1739.21389967227
3924000  -1747.64394214628  1742.3208090687
3925000  -1747.14086516033  1742.36168017896
3926000  -1749.50364097341  1742.06769171381
3927000  -1749.89014835524  1740.89282088395
3928000  -1751.63897319361  1741.19424866996
3929000  -1748.02036213096  1741.51491193685
3930000  -1750.18982365456  1743.30946411496
3931000  -1753.62554289173  1745.52547897999
3932000  -1751.83569190598  1745.10220274004
3933000  -1752.55782025964  1747.52565072529
3934000  -1753.18305541708  1745.22128610409
3935000  -1754.7242966396  1745.06519587695
3936000  -1753.42560087649  1748.07757883001
3937000  -1756.9492786286  1748.17962145812
3938000  -1754.49169596314  1750.3121021119
3939000  -1755.35248298893  1750.60036345857
3940000  -1756.59767194426  1750.99974607794
3941000  -1753.58913450258  1751.62639772113
3942000  -1753.56093413725  1753.36066838895
3943000  -1755.54841355042  1755.45371820201
3944000  -1755.88029629226  1754.27214821036
3945000  -1757.56096270605  1753.58030927886
3946000  -1757.02082456593  1753.8272858307
3947000  -1757.56403464876  1755.57604703338
3948000  -1760.65902286486  1755.73101125978
3949000  -1760.20604203387  1756.07269798399
3950000  -1760.33401520224  1757.06679686739
3951000  -1761.45165496652  1757.93735966971
3952000  -1757.78520965231  1755.26185045789
3953000  -1761.12744879647  1756.87681744921
3954000  -1760.30241856277  1759.14887999505
3955000  -1760.42980820309  1761.21961635244
3956000  -1760.40345479733  1762.0629086097
3957000  -1762.86805450711  1761.84249913323
3958000  -1764.69769398362  1760.64608414021
3959000  -1763.58580655364  1760.4540147018
3960000  -1764.65869045951  1761.09569443713
3961000  -1760.77843780352  1762.10871613099
3962000  -1765.34704775648  1760.1411314993
3963000  -1764.13783340868  1759.50400562452
3964000  -1764.63070775548  1762.94554294846
3965000  -1765.6214370236  1761.49710956014
3966000  -1765.7253285406  1762.03909983456
3967000  -1769.50867739209  1764.67520374298
3968000  -1766.87121188216  1764.11207993255
3969000  -1769.33644736832  1763.33655344721
3970000  -1770.7658868076  1762.62205246878
3971000  -1768.66207875029  1764.14784652702
3972000  -1768.88807568403  1765.91533511637
3973000  -1771.86469955603  1765.96024010782
3974000  -1772.88810077055  1767.3243953969
3975000  -1774.20080770458  1766.23547320268
3976000  -1773.39545820328  1764.64608068937
3977000  -1773.52692455599  1766.6232829437
3978000  -1773.69372856591  1768.19274365359
3979000  -1772.80861354137  1766.65447014725
3980000  -1772.5987009796  1768.07558207692
3981000  -1775.91646094705  1767.58580374516
3982000  -1775.989714995  1766.11605399968
3983000  -1775.45128705864  1768.89411624127
3984000  -1778.17850663282  1767.26684070755
3985000  -1776.64583409042  1769.63257847706
3986000  -1778.61244841177  1770.14103646651
3987000  -1777.95009796504  1771.51014182783
3988000  -1776.95672504389  1772.23123500603
3989000  -1774.30481900456  1772.53009529258
3990000  -1779.26657877533  1772.61113017083
3991000  -1775.79815815078  1772.12716651871
3992000  -1775.72993974154  1770.1876236825
3993000  -1775.99357409109  1770.05950489729
3994000  -1779.16704396981  1770.04603625568
3995000  -1781.66169002852  1771.07250071471
3996000  -1778.12828956001  1769.64990740058
3997000  -1783.03388415227  1770.61301343993
3998000  -1781.15339941184  1773.10481252922
3999000  -1776.97879593792  1771.99932982727
4000000  -1779.21256201806  1771.3145118747
4001000  -1779.10957452022  1772.29497307738
4002000  -1781.54910978025  1773.57507216876
4003000  -1781.36761931178  1773.30509878293
4004000  -1777.0257390406  1774.2929266773
4005000  -1780.89109021476  1775.4193395575
4006000  -1781.76749684339  1774.71273256772
4007000  -1779.77463846845  1773.92295973744
4008000  -1780.87187346656  1771.98340540313
4009000  -1779.8294358367  1774.27986593055
4010000  -1783.11655231049  1773.45908762584
4011000  -1781.37895365047  1775.28491532406
4012000  -1781.01880735486  1776.9985225456
4013000  -1782.83816139387  1776.2514272207
4014000  -1781.01887671398  1778.52567194128
4015000  -1782.2144876847  1775.8805677729
4016000  -1780.23964786299  1778.16123231426
4017000  -1784.23661721391  1776.9341256766
4018000  -1786.19484348728  1779.65170341593
4019000  -1783.36367847176  1778.05116002855
4020000  -1783.32653205153  1780.59986879054
4021000  -1786.1153179516  1779.25765075255
4022000  -1785.32198263751  1777.62854539714
4023000  -1785.26987658907  1778.50558520491
4024000  -1784.78989203821  1779.65591189392
4025000  -1782.95624771967  1781.81106280413
4026000  -1782.93714880655  1779.42710782078
4027000  -1786.40169864782  1782.95669075967
4028000  -1785.49589064523  1779.86290758168
4029000  -1784.31235265599  1781.40305116577
4030000  -1785.67505820255  1783.88059777934
4031000  -1785.45241340655  1783.69436370883
4032000  -1786.89012420571  1783.65227714476
4033000  -1789.11798092977  1783.14774491742
4034000  -1788.68637582661  1784.15295831042
4035000  -1787.1439964392  1784.77166498899
4036000  -1789.35481186151  1784.46497153582
4037000  -1790.43404542839  1785.17169779693
4038000  -1789.30394155356  1787.07340557182
4039000  -1788.94991728292  1785.00798418206
4040000  -1791.82802757614  1786.67689303604
4041000  -1791.42205417514  1787.8865647179
4042000  -1792.42592926249  1788.10846834367
4043000  -1793.25887951852  1785.53666935432
4044000  -1793.39681810288  1786.81145655555
4045000  -1794.25667339182  1784.82606114939
4046000  -1794.37056457044  1787.48495479801
4047000  -1797.49522316672  1788.78001826247
4048000  -1796.8715749248  1789.20977276957
4049000  -1793.10785707807  1790.59037146004
4050000  -1794.96901828862  1789.67398007036
4051000  -1794.0473225503  1790.07228764358
4052000  -1796.58782056644  1792.70144205688
4053000  -1794.43416930983  1792.06373210127
4054000  -1796.20397272093  1791.55546339935
4055000  -1798.00607224317  1790.80595799692
4056000  -1797.53447383254  1793.09718496344
4057000  -1796.04201339295  1791.71036917593
4058000  -1798.09631836386  1792.61765246092
4059000  -1797.88263801447  1793.03726266837
4060000  -1797.42891627971  1793.23383839299
4061000  -1798.7839237882  1792.70458101864
4062000  -1799.28136834334  1795.09124805837
4063000  -1797.79371299178  1796.3773445169
4064000  -1802.14080247166  1797.09828728551
4065000  -1802.50462382083  1794.97520795948
4066000  -1803.39209322637  1795.01961700717
4067000  -1800.59851267138  1797.00248044446
4068000  -1802.81420415259  1796.10259755902
4069000  -1801.40146621271  1796.49177948148
4070000  -1805.15760223441  1796.08622938286
4071000  -1802.86656517625  1796.43058531151
4072000  -1802.59675165364  1798.6217581344
4073000  -1805.23394497151  1796.54498572055
4074000  -1802.7476982889  1796.87616240253
4075000  -1805.48408758998  1798.07927165126
4076000  -1808.82582818221  1797.80666850881
4077000  -1806.0352719638  1799.58219353636
4078000  -1809.53491129663  1799.10339909038
4079000  -1805.6775251751  1802.9044904187
4080000  -1807.7721283237  1802.14472431616
4081000  -1806.35052191972  1804.60118399035
4082000  -1808.86192102763  1804.89361701884
4083000  -1805.21455860998  1806.89672732182
4084000  -1809.38230043265  1808.42841642616
4085000  -1809.28012430282  1806.63305231008
4086000  -1808.88082708023  1809.89869676049
4087000  -1807.68334262006  1808.72452724638
4088000  -1811.25718564999  1808.92115729791
4089000  -1808.30062662103  1808.32920948179
4090000  -1809.05272039924  1810.62293969551
4091000  -1808.67252102058  1810.32852991407
4092000  -1808.24124872676  1811.29946148803
4093000  -1808.88321347788  1811.653311163
4094000  -1812.21009490919  1810.26167785498
4095000  -1813.13137533733  1812.11855944119
4096000  -1814.60924462418  1813.34028311884
4097000  -1816.2103006097  1813.84769255574
4098000  -1814.20463477536  1814.15310102527
4099000  -1814.83585395508  1813.94764682903
4100000  -1813.08197018325  1812.02636277984
4101000  -1813.96269611292  1812.29553053638
4102000  -1816.67477235268  1811.67835038935
4103000  -1814.55109504985  1814.73472288626
4104000  -1815.63949671577  1814.41160039659
4105000  -1812.89990993424  1815.82944415029
4106000  -1816.67343111291  1816.88270246073
4107000  -1817.05889419591  1814.34905561533
4108000  -1816.84922601423  1815.41072694302
4109000  -1820.29289494616  1817.17631285722
4110000  -1818.31239131824  1819.56089729978
4111000  -1820.30356462751  1821.57823593837
4112000  -1817.10665761135  1818.94257102825
4113000  -1816.98866918935  1819.78870882941
4114000  -1818.10069943156  1821.66461476069
4115000  -1815.68530367095  1822.9343313427
4116000  -1817.03487384583  1821.71934427093
4117000  -1820.51524535476  1823.87105983931
4118000  -1818.55540290614  1824.23338970472
4119000  -1816.15770844186  1824.69731527639
4120000  -1819.12382609159  1823.97432476404
4121000  -1817.40743811107  1823.74408229548
4122000  -1818.22456540255  1826.48968891372
4123000  -1819.67134017958  1826.45392355936
4124000  -1820.60596235288  1823.41737884173
4125000  -1821.84796350349  1824.02277709255
4126000  -1822.6088706682  1825.85755364929
4127000  -1822.33602849836  1826.14195287698
4128000  -1824.57277151975  1824.31948809243
4129000  -1824.93420439591  1824.49342167744
4130000  -1824.61061797535  1825.10245666717
4131000  -1826.313499346  1828.97175740478
4132000  -1825.25566303489  1825.71461508381
4133000  -1825.78920138578  1826.01736234027
4134000  -1825.71384326844  1827.93347151505
4135000  -1827.28205796895  1825.60332214398
4136000  -1830.25250516139  1830.28498273294
4137000  -1826.2871031755  1828.37044987454
4138000  -1829.08620641913  1832.0413111815
4139000  -1827.56066554602  1831.40541344549
4140000  -1828.903646678  1830.68503996266
4141000  -1824.91597128636  1831.23081511701
4142000  -1831.24490025851  1833.35167584981
4143000  -1829.02793064125  1834.40053921339
4144000  -1827.94748523948  1834.50301925792
4145000  -1829.8677086869  1834.05549260162
4146000  -1831.2133395647  1833.27883434782
4147000  -1830.06882122582  1835.15540680044
4148000  -1833.72253317325  1834.56405282368
4149000  -1831.45488475559  1836.92030334226
4150000  -1830.62228723316  1838.57979752232
4151000  -1830.02599008501  1837.32432349394
4152000  -1830.71777863765  1839.65257445877
4153000  -1830.56448363379  1839.86113581486
4154000  -1830.83818199274  1841.93372048934
4155000  -1833.35322839097  1842.2054322414
4156000  -1834.63535369161  1840.78923474104
4157000  -1830.47595250608  1842.0917686321
4158000  -1832.56918852145  1841.85298203453
4159000  -1832.64156782525  1840.55821127258
4160000  -1835.30847412484  1840.74145249859
4161000  -1836.23305243199  1841.79895184199
4162000  -1836.86227886748  1841.0681339631
4163000  -1837.71686154324  1842.06360978921
4164000  -1839.3851139924  1841.76043785508
4165000  -1839.4707059658  1841.2322936623
4166000  -1840.17846445268  1844.53767770977
4167000  -1841.20063687949  1843.99255461371
4168000  -1844.61995652954  1844.88348776449
4169000  -1843.6156431136  1845.95860642135
4170000  -1841.91343659381  1845.53645652501
4171000  -1842.51613201552  1848.56795085836
4172000  -1845.39528318041  1847.19635433931
4173000  -1844.54644802754  1846.31063921154
4174000  -1848.62591651793  1846.79267367907
4175000  -1848.5087612869  1847.79476077359
4176000  -1847.46331838865  1846.0168797742
4177000  -1846.9479591769  1850.08428745185
4178000  -1848.51135338402  1846.65271057883
4179000  -1850.3059051962  1846.97811157519
4180000  -1848.20310749339  1849.03746530254
4181000  -1846.76805422101  1847.89455744139
4182000  -1845.81695235491  1848.12738051417
4183000  -1847.27306781903  1851.24843175969
4184000  -1845.67505819967  1849.13199028934
4185000  -1844.86470404821  1850.16401660765
4186000  -1846.26078864922  1851.68723146491
4187000  -1847.5163270401  1851.47912811287
4188000  -1849.57684906064  1850.98744444927
4189000  -1847.75477369017  1853.74902590212
4190000  -1848.45746502041  1853.03556110452
4191000  -1848.86324673549  1853.47496529935
4192000  -1851.78963417725  1853.92685284169
4193000  -1850.70416199531  1855.11173113873
4194000  -1851.03322116057  1856.80598582873
4195000  -1855.25209494781  1854.25272394879
4196000  -1854.36254577607  1855.6145329889
4197000  -1851.63129787189  1855.84635388277
4198000  -1854.36379275036  1853.86507244591
4199000  -1854.30192444329  1856.39642665501
4200000  -1857.96919004698  1856.12107338338
4201000  -1856.51583792587  1859.37863127725
4202000  -1857.29361755822  1857.63992728262
4203000  -1857.70949857438  1857.60531136455
4204000  -1859.87954501444  1858.52994750458
4205000  -1859.85097750479  1859.02785514806
4206000  -1861.50182127916  1859.04134456661
4207000  -1860.96420569274  1862.49124026595
4208000  -1861.87195162756  1863.40883049709
4209000  -1861.52893198152  1859.78328038146
4210000  -1862.21647442918  1859.95958709027
4211000  -1862.02866650093  1863.19187170167
4212000  -1863.48425312723  1862.11003704014
4213000  -1865.80920416377  1860.98665522521
4214000  -1865.09551300121  1860.94488186564
4215000  -1868.86984253266  1862.58686856813
4216000  -1865.79635514638  1865.60979464189
4217000  -1869.51436807677  1865.49467989917
4218000  -1864.98907586951  1865.66334856059
4219000  -1866.14643176311  1865.23435117131
4220000  -1868.99372999629  1867.5926342071
4221000  -1866.25318233245  1866.04754606902
4222000  -1867.51611253479  1869.10014811681
4223000  -1869.7261747238  1866.63047592571
4224000  -1869.9366016384  1864.34496264262
4225000  -1870.45938857372  1867.31466469658
4226000  -1874.14390442981  1865.35498690265
4227000  -1870.9468721336  1866.33996354784
4228000  -1873.86821050559  1868.00548842559
4229000  -1870.63256994822  1867.58896319523
4230000  -1871.84969039131  1869.34236301481
4231000  -1872.35601179979  1866.99484676358
4232000  -1875.14958991222  1866.60981267579
4233000  -1873.78281077525  1869.29293128524
4234000  -1879.16573940438  1869.72844062856
4235000  -1878.08644505737  1870.72793311518
4236000  -1878.45380651656  1868.67701671124
4237000  -1878.81961131039  1871.5905498991
4238000  -1877.04262086497  1871.77330314765
4239000  -1878.05044634281  1871.9178089288
4240000  -1877.52666285451  1873.12718675425
4241000  -1882.14028798627  1873.94504681405
4242000  -1882.18856671868  1876.43894839362
4243000  -1883.09810660969  1874.97370656772
4244000  -1880.05866706868  1874.69211790644
4245000  -1881.25510378169  1875.7289055121
4246000  -1885.18939645253  1874.66905330338
4247000  -1886.78069173807  1875.46106529492
4248000  -1889.01784154545  1876.25752509101
4249000  -1887.4684694046  1875.8616379592
4250000  -1885.66912286778  1876.58696080893
4251000  -1887.51623713823  1876.41137186207
4252000  -1890.40330281763  1878.77529144424
4253000  -1888.35594585092  1880.39924986116
4254000  -1888.92811388962  1881.35534976052
4255000  -1888.34197970717  1880.02945303524
4256000  -1889.44526166964  1881.9282639599
4257000  -1889.46674877351  1882.08385389433
4258000  -1889.52350218571  1883.87671237704
4259000  -1891.5412303231  1884.17257224343
4260000  -1893.47036172824  1882.40607172818
4261000  -1890.48882776406  1880.32389841287
4262000  -1889.99942843527  1885.47415141542
4263000  -1891.10570374888  1885.3133813015
4264000  -1892.46014871208  1884.9689415561
4265000  -1890.92355470061  1887.01443105377
4266000  -1891.49979939542  1889.12359873336
4267000  -1891.40627877076  1886.99618470065
4268000  -1894.17182064682  1888.85687747438
4269000  -1897.56048148673  1891.41400033747
4270000  -1894.42211772145  1890.33080834059
4271000  -1896.94087455104  1890.81043901115
4272000  -1897.0309568893  1890.13675779903
4273000  -1895.65317649933  1892.14745293703
4274000  -1895.47455670263  1891.79308685484
4275000  -1896.20645473687  1889.84911936754
4276000  -1897.07603060624  1891.57029325151
4277000  -1894.64067181751  1892.74106964785
4278000  -1897.45714043825  1892.94793197879
4279000  -1896.06724553749  1891.23503060853
4280000  -1897.6318913052  1893.96959066453
4281000  -1902.08557374519  1892.91760509018
4282000  -1901.75752232632  1891.90525877647
4283000  -1903.28075355484  1890.42570534444
4284000  -1901.38508677444  1892.56763119324
4285000  -1902.26590080553  1894.71133433881
4286000  -1903.88126348494  1895.68522746256
4287000  -1904.18727161922  1893.70125166685
4288000  -1901.2601518941  1895.38793283417
4289000  -1905.62399983818  1895.41585278702
4290000  -1903.03488807653  1896.34009302001
4291000  -1905.33090465455  1897.51590434857
4292000  -1905.33074206492  1897.92138263111
4293000  -1906.72370438108  1898.31932168338
4294000  -1906.69512355028  1898.33950311511
4295000  -1907.54183845983  1900.83481801176
4296000  -1906.69097501366  1899.40225618146
4297000  -1907.0015859608  1900.62818891853
4298000  -1908.6604377861  1901.78975238075
4299000  -1910.84959885209  1900.90037264875
4300000  -1910.4033854594  1901.87253448171
4301000  -1911.5871083089  1900.0881143174
4302000  -1910.97536780633  1902.509640644
4303000  -1911.73493442472  1902.48360370201
4304000  -1912.84220268445  1902.40889638007
4305000  -1912.00054082864  1904.46783763465
4306000  -1912.61646672999  1903.08116290637
4307000  -1914.37740742034  1904.57738017065
4308000  -1915.8368293239  1906.02486291264
4309000  -1912.70712224231  1906.99613268925
4310000  -1915.67217035207  1907.07422311373
4311000  -1915.94343116193  1909.53718314812
4312000  -1913.5644892868  1909.09896719807
4313000  -1913.70455180591  1910.27445638107
4314000  -1914.54822676059  1911.13067796083
4315000  -1915.67221907554  1909.22675921804
4316000  -1919.04703946184  1912.27271724922
4317000  -1918.58308017864  1912.80775579313
4318000  -1920.38911553328  1912.84260082911
4319000  -1919.94581945403  1915.19392905489
4320000  -1920.02798359466  1914.3661674082
4321000  -1921.90109518633  1914.62540426006
4322000  -1920.43354658146  1913.41965341618
4323000  -1920.4941134825  1915.50441213711
4324000  -1922.07154156692  1916.03385253035
4325000  -1919.17485519803  1916.80244471502
4326000  -1920.96412296016  1918.73480653484
4327000  -1922.02118017768  1916.22100758666
4328000  -1923.87222614234  1917.25943704159
4329000  -1922.22515724784  1918.33932930857
4330000  -1923.54970556871  1920.09921546532
4331000  -1922.3754997301  1917.13636595481
4332000  -1922.00930186924  1919.95878274526
4333000  -1922.22784130799  1919.54512162693
4334000  -1927.96885842244  1920.57736534143
4335000  -1927.27122474533  1919.94113566746
4336000  -1928.06878822909  1918.56553790148
4337000  -1926.65092282972  1923.87785183141
4338000  -1927.1661443806  1921.50351047257
4339000  -1927.8123953127  1923.01468183611
4340000  -1927.03231306826  1921.6356854566
4341000  -1931.16659432369  1922.60026302794
4342000  -1927.52712752185  1923.90810403032
4343000  -1932.19060419111  1924.20579530335
4344000  -1931.43761897487  1924.44655063366
4345000  -1931.18856384976  1924.19680727251
4346000  -1933.44631357959  1926.42062460256
4347000  -1934.65503774497  1927.8009408427
4348000  -1934.70866117226  1925.57202682588
4349000  -1934.40587144889  1929.14866698347
4350000  -1933.53749441494  1928.75379816129
4351000  -1934.09564001137  1929.22775374735
4352000  -1935.05011603568  1928.89794594475
4353000  -1933.44074004316  1930.10245408917
4354000  -1933.60077100692  1929.96339331805
4355000  -1933.44099210913  1933.55392548429
4356000  -1931.4246189429  1931.35334704534
4357000  -1934.13688588308  1934.02732443967
4358000  -1933.28763683716  1933.17971377353
4359000  -1936.68237122308  1932.86833037034
4360000  -1934.33010672598  1934.0227678158
4361000  -1938.72822406307  1933.20880390611
4362000  -1938.32806418966  1938.41768312434
4363000  -1935.94200515097  1935.32159329721
4364000  -1938.28367411599  1937.28135693404
4365000  -1939.2047737824  1938.26394291333
4366000  -1940.15597891267  1935.86962373415
4367000  -1940.23162485903  1937.69559927444
4368000  -1940.38885965688  1940.46207298635
4369000  -1941.50211987957  1939.43280731066
4370000  -1940.06135646726  1938.87817203977
4371000  -1941.42594287477  1939.04097195606
4372000  -1941.69089306993  1939.34056840877
4373000  -1941.34426803954  1938.52958917364
4374000  -1940.70209708173  1938.48741737907
4375000  -1943.11743854035  1938.81216327776
4376000  -1942.83976142401  1939.19898571242
4377000  -1940.41236215481  1939.33698922832
4378000  -1942.33660234267  1940.46320192379
4379000  -1947.27358890125  1940.92002253709
4380000  -1942.91717485164  1943.59259513176
4381000  -1944.48895787545  1942.97517727462
4382000  -1944.93852788486  1942.16587277529
4383000  -1948.66860324146  1944.00092579602
4384000  -1949.1695786558  1941.72051738991
4385000  -1947.0350962094  1942.15477534181
4386000  -1947.53105127048  1942.33395680765
4387000  -1949.47618696423  1945.74085006467
4388000  -1949.48878393001  1945.50369219115
4389000  -1945.67568782032  1946.99639905298
4390000  -1949.03461208267  1946.3761667067
4391000  -1948.08562407383  1946.40527253479
4392000  -1948.51461977578  1947.92523608119
4393000  -1951.04961469231  1947.93569337407
4394000  -1951.55397488437  1947.83746180835
4395000  -1949.69015184002  1948.2969818732
4396000  -1950.78427660377  1949.35399215092
4397000  -1952.69189437621  1950.24047879763
4398000  -1950.86504002465  1949.00300868474
4399000  -1954.80449369962  1950.79594568922
4400000  -1952.4086937308  1953.51454920262
4401000  -1953.47914905793  1952.62300638972
4402000  -1954.15223493462  1951.75926285834
4403000  -1954.36773126295  1953.79199886176
4404000  -1953.78677767826  1954.29115555756
4405000  -1952.29456351391  1953.29598990708
4406000  -1952.24894059301  1952.76572467507
4407000  -1952.19368847859  1953.06168146243
4408000  -1952.71166397996  1957.24201226717
4409000  -1949.52998374015  1956.27002852176
4410000  -1953.14516094186  1957.10803650194
4411000  -1951.49619297084  1955.77775054147
4412000  -1953.16037758128  1955.16697877158
4413000  -1953.66409699665  1957.21930264729
4414000  -1954.58944584215  1954.76025100468
4415000  -1954.48552278447  1956.43127017353
4416000  -1951.83084764097  1958.81850215692
4417000  -1952.55938095057  1959.69110781616
4418000  -1953.2427756117  1957.9240841072
4419000  -1954.93802848403  1958.13651978514
4420000  -1955.60408317408  1960.01430358601
4421000  -1956.5950939571  1958.75920639646
4422000  -1957.38053470987  1957.60280858315
4423000  -1956.76166758171  1957.2395240142
4424000  -1957.98208690712  1957.60728579714
4425000  -1959.33489957325  1958.07510491007
4426000  -1961.41638133015  1958.25913257604
4427000  -1961.59665610199  1959.83013475732
4428000  -1960.20780146096  1959.40943250277
4429000  -1962.31735739965  1961.98784163545
4430000  -1962.22710660527  1959.24407664422
4431000  -1962.70006980433  1961.59155078983
4432000  -1962.32881403985  1962.30239775938
4433000  -1959.72953877801  1963.11057607689
4434000  -1963.73700538677  1964.51421997676
4435000  -1962.68930904745  1963.13056497117
4436000  -1964.94583920269  1963.21851007217
4437000  -1965.83798634989  1964.12652737263
4438000  -1966.80836424388  1963.71490966354
4439000  -1964.56787714981  1964.94880363468
4440000  -1969.88773181252  1966.5241131537
4441000  -1968.49599676087  1964.90107351281
4442000  -1969.45192312073  1966.68748062436
4443000  -1971.22744122749  1966.5535621417
4444000  -1971.40836410871  1968.24137986943
4445000  -1973.02017232372  1970.16581098662
4446000  -1974.90943208634  1970.67790385446
4447000  -1975.83161370937  1972.13848583841
4448000  -1974.07254296917  1970.01667920937
4449000  -1975.55171640415  1971.34113646207
4450000  -1973.9127190744  1970.7500041378
4451000  -1975.50650559346  1971.67552532656
4452000  -1976.44223114851  1967.14175935287
4453000  -1974.39531337057  1970.06790443763
4454000  -1978.45472791571  1969.88680797804
4455000  -1975.6038399776  1969.30878469603
4456000  -1976.89599494134  1969.05253867303
4457000  -1976.65593119828  1971.52257868215
4458000  -1978.68602425951  1971.29363606158
4459000  -1977.19140815765  1972.10397602525
4460000  -1978.14362640664  1971.14168982939
4461000  -1979.17672530876  1973.04860590071
4462000  -1980.39951210364  1972.3916336727
4463000  -1980.02048932201  1975.26284193956
4464000  -1978.68924129445  1974.23003737222
4465000  -1979.95708875876  1975.75928024555
4466000  -1979.08067788156  1976.58037603263
4467000  -1980.46718568788  1975.70219265298
4468000  -1978.42503121185  1977.59554166217
4469000  -1977.95610394893  1975.80290059165
4470000  -1977.35377410864  1977.69685794349
4471000  -1979.46526247989  1976.95850300226
4472000  -1979.36463376545  1976.74272446915
4473000  -1977.57395836682  1978.60137205997
4474000  -1978.84148656574  1977.66178966064
4475000  -1979.38568959492  1981.3140252337
4476000  -1977.79060600372  1980.84719398178
4477000  -1981.46963919968  1980.79219122971
4478000  -1977.45821675983  1982.37160248413
4479000  -1979.73909706247  1983.73990106585
4480000  -1981.80175256373  1984.97341918976
4481000  -1982.11344989618  1985.0134411614
4482000  -1981.02245731725  1983.65931480463
4483000  -1984.51044135684  1987.64219184889
4484000  -1985.8078575781  1985.78104260428
4485000  -1984.89445972677  1984.14601985135
4486000  -1984.39042350515  1984.67588451008
4487000  -1986.72782561087  1986.32382696101
4488000  -1984.68738963274  1986.72159326792
4489000  -1986.13524144845  1986.58910878767
4490000  -1987.53829470508  1986.0775244397
4491000  -1988.72073225646  1988.31529627877
4492000  -1988.95849845934  1986.84014532517
4493000  -1991.65670335202  1988.76122456449
4494000  -1992.14836220641  1987.57538422832
4495000  -1993.49632821556  1990.09159474146
4496000  -1993.75035730732  1988.73721412826
4497000  -1992.37904714018  1989.73325003982
4498000  -1993.79670860712  1988.10383757032
4499000  -1994.59157699939  1990.60489338195
4500000  -1995.19323619373  1991.41954453537
4501000  -1995.09554151196  1991.23870309538
4502000  -1995.9378464285  1990.01421930047
4503000  -1996.03248815127  1994.01099825552
4504000  -1995.91898510507  1991.24912493093
4505000  -1994.1684932296  1994.28352214207
4506000  -1995.04391015009  1993.29725985431
4507000  -1994.69344019641  1994.94250519281
4508000  -1993.39627464357  1991.49174263613
4509000  -1994.64833983516  1993.07056518691
4510000  -1991.85023131884  1994.48314664395
4511000  -1995.44230229135  1994.07615916356
4512000  -1994.88298709334  1994.87457644406
4513000  -1994.80660550383  1997.03641845744
4514000  -1995.48284322246  1995.83366379511
4515000  -1995.58094543254  1998.02410044057
4516000  -1995.72211513901  1996.64717624712
4517000  -1992.56275505122  1997.37097618834
4518000  -1993.86671941528  1996.16485072534
4519000  -1994.4219645512  1997.26756379754
4520000  -1994.51512113902  1997.54040141816
4521000  -1995.25704709647  1997.48350537205
4522000  -1995.23209812999  1998.75428417496
4523000  -1996.62910516804  1998.57751079121
4524000  -1996.50445717435  1999.27243876984
4525000  -1996.29607411406  1997.9641037866
4526000  -1999.22300463169  2001.78006642294
4527000  -1999.5509950641  1998.34636476237
4528000  -1998.91579442566  1999.60726100576
4529000  -1998.99015012804  2002.15705860954
4530000  -1998.18988749882  2001.55694239411
4531000  -2000.6134822833  2000.448556008
4532000  -1998.9078638864  1999.27596800652
4533000  -2002.02398820587  2001.99197113417
4534000  -2003.47816610469  2002.12520486383
4535000  -2006.28651980893  2002.81594990975
4536000  -2002.71367681106  2004.40984121476
4537000  -2006.47096230501  2004.7156389365
4538000  -2008.41746509058  2005.75379192236
4539000  -2006.79681066364  2004.23765595675
4540000  -2008.73930631887  2003.10093104192
4541000  -2010.80408726734  2005.15026907553
4542000  -2012.823778243  2004.614279592
4543000  -2011.49326714961  2006.64954557225
4544000  -2012.90712432819  2008.15139163919
4545000  -2011.44971530444  2008.34491039642
4546000  -2015.17326891083  2007.92647759184
4547000  -2014.11498544527  2009.19079666042
4548000  -2017.81380570586  2008.77664975867
4549000  -2016.41050649241  2010.2543600438
4550000  -2019.54480961561  2009.85111251329
4551000  -2019.80183446471  2009.11297527628
4552000  -2019.44503253638  2010.01462653522
4553000  -2021.99435965398  2010.28391936537
4554000  -2022.62293182752  2008.76645009366
4555000  -2024.09514491826  2011.19210607448
4556000  -2022.73038864209  2014.72061176422
4557000  -2021.0280658335  2014.89958424594
4558000  -2022.37484909802  2013.43623070475
4559000  -2025.00467753376  2013.82269891429
4560000  -2022.8546392884  2016.87639566577
4561000  -2025.49652802282  2016.70949659302
4562000  -2023.86137830816  2015.14080867556
4563000  -2023.57624138945  2016.61183141708
4564000  -2025.75202715303  2014.74620668104
4565000  -2025.79917524927  2016.97247731743
4566000  -2026.23556720638  2018.70781735415
4567000  -2026.09542268917  2017.45447903152
4568000  -2026.27398466554  2017.70877400257
4569000  -2025.59783338221  2016.49031264302
4570000  -2028.95251636369  2019.09743379937
4571000  -2026.45314736914  2018.53156500291
4572000  -2024.63058280906  2018.46581006236
4573000  -2029.34072857295  2020.2107577155
4574000  -2028.5040969449  2017.09329496475
4575000  -2027.59183503888  2019.64875529083
4576000  -2026.82993289252  2019.64105213148
4577000  -2025.57228966287  2021.21591184978
4578000  -2029.60425548551  2020.23917939382
4579000  -2029.44362991285  2019.76408177226
4580000  -2029.37120735207  2021.85115917549
4581000  -2029.40077672707  2019.9564904043
4582000  -2029.05540567868  2023.16463749903
4583000  -2028.09640830769  2020.96758287082
4584000  -2029.12248851177  2021.98901621737
4585000  -2029.27842132326  2022.64196183934
4586000  -2027.94917406691  2021.69193354099
4587000  -2026.78795099452  2024.31782860091
4588000  -2030.21182484067  2024.8673251818
4589000  -2029.42514885349  2025.95330072956
4590000  -2031.27115545316  2025.83602341548
4591000  -2032.59820680857  2028.226399866
4592000  -2031.31495317335  2029.94333331881
4593000  -2029.9132783074  2029.73899658985
4594000  -2032.21145605582  2029.75421509842
4595000  -2034.39145892515  2031.02289598523
4596000  -2035.2417318319  2028.22403230373
4597000  -2034.08512864128  2029.94192394932
4598000  -2036.36791447991  2030.84228569837
4599000  -2035.52776698453  2030.99943608664
4600000  -2037.59933218642  2029.86529517697
4601000  -2037.56985398741  2030.71335417247
4602000  -2037.29990539448  2032.24020649911
4603000  -2034.15966712539  2031.77313477945
4604000  -2037.27849845327  2030.23937996639
4605000  -2034.83486660437  2031.21965139311
4606000  -2037.62990152897  2033.29003593255
4607000  -2037.81135699952  2032.29007135164
4608000  -2041.58344467277  2031.46541074547
4609000  -2040.49746391362  2030.27372100225
4610000  -2040.11242404845  2034.47688995921
4611000  -2042.22777626348  2035.4581651839
4612000  -2041.54325391557  2034.64579083755
4613000  -2041.02333774696  2033.63801780875
4614000  -2042.39958820334  2033.54254715009
4615000  -2043.45878107871  2032.71700117318
4616000  -2041.81841573005  2035.35727187547
4617000  -2044.29001528233  2037.98836686737
4618000  -2043.11080285349  2035.87237943495
4619000  -2044.19812304594  2036.50547410383
4620000  -2043.65641775846  2038.69019863164
4621000  -2047.11535312857  2038.86432353858
4622000  -2046.91693420483  2039.50683769909
4623000  -2046.72773434121  2040.45305529835
4624000  -2045.32313893202  2040.75822758455
4625000  -2048.68593440006  2040.55311135119
4626000  -2047.17457998853  2039.61802578367
4627000  -2046.71360386196  2040.07966443288
4628000  -2046.83753065251  2040.44507074371
4629000  -2049.77365890006  2040.90840782259
4630000  -2047.35177031785  2042.55468389136
4631000  -2050.72951339673  2041.44420355811
4632000  -2050.28498804264  2043.64260880558
4633000  -2051.55145655419  2044.93184950662
4634000  -2055.09398635162  2044.09611269773
4635000  -2050.77664287889  2043.76871389195
4636000  -2053.04232778157  2043.63171186764
4637000  -2055.45257763651  2042.79217197038
4638000  -2055.08832615415  2042.28716107091
4639000  -2060.08286641108  2044.58284926621
4640000  -2059.54703467809  2044.94201420195
4641000  -2056.67928149344  2043.9893915545
4642000  -2058.18225965131  2045.52587152987
4643000  -2058.19475931517  2046.56298134388
4644000  -2058.47014492404  2043.79726986441
4645000  -2060.85232201786  2046.66740630266
4646000  -2061.55963866633  2048.06904054126
4647000  -2059.05323919326  2047.02127029294
4648000  -2060.4570050412  2046.23129344137
4649000  -2063.82880194821  2047.850933876
4650000  -2061.30856720196  2048.13852771739
4651000  -2060.09773863395  2047.3247797619
4652000  -2060.56641796843  2048.74139311382
4653000  -2060.86638743973  2050.37811753769
4654000  -2060.54583617541  2047.77876529052
4655000  -2063.59504393525  2052.28787735134
4656000  -2064.43657419442  2054.03831103287
4657000  -2064.81801766674  2053.67710998121
4658000  -2066.54428651131  2053.57461922189
4659000  -2066.49309871625  2054.98450714697
4660000  -2065.75152869602  2055.40671752411
4661000  -2066.88064983209  2053.94137826803
4662000  -2067.54182770466  2054.34181265168
4663000  -2066.39227362748  2052.7772965631
4664000  -2068.38049379747  2055.1010307467
4665000  -2067.42236388194  2055.93334912065
4666000  -2070.97871739654  2056.01954352842
4667000  -2074.81418131856  2056.73663838498
4668000  -2074.53685411927  2056.44720159432
4669000  -2075.06779283248  2059.42191455592
4670000  -2073.66764612614  2056.63512384446
4671000  -2074.43933750856  2057.462425252
4672000  -2075.768550063  2059.22362793316
4673000  -2073.52842062164  2059.7176528894
4674000  -2074.9655173827  2059.57322817652
4675000  -2073.87101461188  2058.66148967067
4676000  -2074.37019402273  2061.2178359432
4677000  -2075.3196662682  2059.85857674047
4678000  -2075.99772704867  2061.66791122947
4679000  -2076.5324570543  2062.64928336758
4680000  -2077.77776208943  2061.54225062436
4681000  -2076.15686000178  2065.81458212173
4682000  -2076.48756188322  2063.04259724691
4683000  -2077.8128402124  2062.49431255889
4684000  -2078.60969884974  2060.62902717237
4685000  -2076.44178858051  2062.00174886269
4686000  -2077.08577799543  2061.81450469294
4687000  -2077.78507010128  2062.11956733862
4688000  -2078.4513829028  2064.64773140269
4689000  -2077.40744321664  2065.193660179
4690000  -2077.32170583769  2065.15670188635
4691000  -2075.75821986434  2065.91362980824
4692000  -2077.48502684244  2068.50698138766
4693000  -2076.69418279537  2067.06491352675
4694000  -2077.77801329156  2068.35049866231
4695000  -2076.60661590613  2067.36716656653
4696000  -2076.08198129216  2065.39481002737
4697000  -2078.81266568237  2067.14665701512
4698000  -2076.17885236491  2068.47791317095
4699000  -2081.23496453694  2066.70651625673
4700000  -2080.29339177754  2067.83454592345
4701000  -2081.34233627173  2067.31158336381
4702000  -2083.90494365976  2067.6399642422
4703000  -2082.64595289095  2067.43002138405
4704000  -2081.45106593343  2070.42010592005
4705000  -2079.34450992838  2068.3751933516
4706000  -2082.42400083994  2067.29181930702
4707000  -2084.3494545231  2070.13942319338
4708000  -2083.38168613125  2071.6603161791
4709000  -2080.86015758877  2070.50838472637
4710000  -2083.52696775934  2072.99356340632
4711000  -2083.63811374101  2071.64118741361
4712000  -2083.74872569125  2072.49076306722
4713000  -2086.72963082421  2069.98935615645
4714000  -2088.09101193889  2071.06489085931
4715000  -2086.49068164781  2073.17374210499
4716000  -2088.96555878237  2073.72480782803
4717000  -2087.06245716828  2073.98459246911
4718000  -2087.26483299304  2075.15838108644
4719000  -2087.05672140446  2074.75645636804
4720000  -2087.99276211186  2075.54666408588
4721000  -2085.99158551143  2076.76876631157
4722000  -2088.41536266015  2075.22753970581
4723000  -2085.56424900897  2075.61535568481
4724000  -2089.61046484601  2076.44256873978
4725000  -2089.65226386674  2078.24860200546
4726000  -2087.34721863286  2078.120918459
4727000  -2088.01624760171  2077.27661098176
4728000  -2089.99117169492  2077.45741442826
4729000  -2088.06046921773  2078.91292909384
4730000  -2089.65358309438  2081.59367879934
4731000  -2089.39490932887  2079.03289905044
4732000  -2089.20453537773  2080.03740940818
4733000  -2091.11153930999  2081.13754106905
4734000  -2089.89856297039  2081.61501340298
4735000  -2091.76140772413  2082.30424344809
4736000  -2094.6485288659  2081.99446634559
4737000  -2093.4322199189  2085.05109711047
4738000  -2096.44187414352  2083.16264331874
4739000  -2094.13218470255  2083.83093177883
4740000  -2093.96409503672  2084.93102408285
4741000  -2092.34238582896  2087.52046602005
4742000  -2094.77326191196  2088.32662903238
4743000  -2092.6098665272  2088.44649407869
4744000  -2095.4597536526  2087.86961762703
4745000  -2094.64400183262  2089.82380435834
4746000  -2095.16636934783  2091.30316894968
4747000  -2096.95617612271  2092.38863693057
4748000  -2096.05758716495  2092.18255527631
4749000  -2099.30608711005  2089.75214237381
4750000  -2098.14036955338  2093.17696820737
4751000  -2097.58789785166  2091.94502306591
4752000  -2096.51299423452  2094.83162672892
4753000  -2098.76913770555  2095.88550424733
4754000  -2101.03029918034  2094.4213715946
4755000  -2102.68978075535  2095.99740106716
4756000  -2099.07691338252  2096.12933342004
4757000  -2099.10831070742  2094.34631586213
4758000  -2099.87084909995  2096.54865357796
4759000  -2100.98939290287  2095.24296738368
4760000  -2097.85790471184  2095.89710413099
4761000  -2099.54599787406  2094.67325756165
4762000  -2102.27149273465  2097.35651603702
4763000  -2102.72180954085  2099.21019345173
4764000  -2102.83715661076  2099.40135724477
4765000  -2103.08090594069  2098.62432444124
4766000  -2105.00125457532  2099.38218949326
4767000  -2102.82547946969  2100.33403938602
4768000  -2105.06501514672  2098.98211891457
4769000  -2101.74350125232  2098.78361828699
4770000  -2102.04391730279  2100.27555768777
4771000  -2103.01733867487  2099.34740934201
4772000  -2104.92083425283  2099.03124114841
4773000  -2102.24923303764  2099.6728144055
4774000  -2105.09702773293  2101.99171216108
4775000  -2103.85085035963  2103.42266726334
4776000  -2100.69337447912  2104.40379357956
4777000  -2103.21361849018  2104.71148392975
4778000  -2103.47418078645  2105.68861293477
4779000  -2102.0110170443  2106.01931434764
4780000  -2106.58293529475  2107.94162778647
4781000  -2107.2053353814  2106.72771420306
4782000  -2109.07382913559  2106.68160050331
4783000  -2107.98954119335  2108.46457382366
4784000  -2109.11625756271  2107.42070540583
4785000  -2110.9187880149  2106.40651615751
4786000  -2110.85374428183  2107.38863460681
4787000  -2109.13243244781  2107.26936005316
4788000  -2112.63257028458  2108.47683545515
4789000  -2111.4025966863  2107.80335602099
4790000  -2112.65007649584  2110.06853534143
4791000  -2111.33147566626  2109.31312885158
4792000  -2110.12385581463  2110.03197418649
4793000  -2114.36980437436  2108.84630385065
4794000  -2112.37536053591  2108.4969160093
4795000  -2116.34665357406  2109.30670364775
4796000  -2115.4080949297  2108.56643729611
4797000  -2117.41249176491  2109.09378381516
4798000  -2118.57546897419  2111.07459092284
4799000  -2117.24802083612  2109.12150042892
4800000  -2117.17716818943  2108.48971497768
4801000  -2115.69282902064  2109.60582140047
4802000  -2119.17230682382  2111.89073469148
4803000  -2115.84092382239  2109.73400511875
4804000  -2116.60875717365  2108.9155280429
4805000  -2119.88924085152  2112.2612127572
4806000  -2115.82641074612  2111.05141443655
4807000  -2120.60049603853  2113.1047810082
4808000  -2121.29957596118  2114.00014326887
4809000  -2123.42092493235  2114.26419860053
4810000  -2125.70033220764  2114.87200823587
4811000  -2124.14983229863  2112.47347856401
4812000  -2126.87398998724  2116.5191547905
4813000  -2127.15448708175  2115.6823440293
4814000  -2123.33024219773  2114.56961916361
4815000  -2125.68187673117  2116.49393351676
4816000  -2126.9837503836  2118.25979026369
4817000  -2126.98133413355  2118.00400164242
4818000  -2125.65775592039  2118.22909724943
4819000  -2129.63605390858  2120.57920607456
4820000  -2127.36075610448  2121.00371570533
4821000  -2130.12196873782  2119.77633618575
4822000  -2129.4464843216  2118.78757176249
4823000  -2128.06037691767  2122.17711998408
4824000  -2129.6448328028  2123.76296348733
4825000  -2129.29246429858  2122.73062897338
4826000  -2128.24239289686  2122.35135645574
4827000  -2128.61010007348  2123.27444055842
4828000  -2129.55430664119  2122.31765198859
4829000  -2129.8696878054  2122.95020146189
4830000  -2132.07011352033  2126.14502103089
4831000  -2128.01106262073  2127.17396939896
4832000  -2129.73135876233  2125.14730329441
4833000  -2128.70216050342  2126.21231668459
4834000  -2130.21498500981  2126.63510571609
4835000  -2129.74173250104  2126.80680156007
4836000  -2129.31335180364  2126.73439653293
4837000  -2129.32366341251  2130.0054866567
4838000  -2131.60069012855  2130.49644131708
4839000  -2131.27991181278  2131.39048226967
4840000  -2131.88825847295  2128.93549507159
4841000  -2134.16026470376  2131.2782599005
4842000  -2135.08755518303  2131.67811926863
4843000  -2136.84594152937  2133.3853991438
4844000  -2136.68743678561  2133.9553578774
4845000  -2138.15679035063  2133.19830363138
4846000  -2138.49343761385  2134.90856070764
4847000  -2139.62833485858  2136.93725489284
4848000  -2139.78144721567  2135.98738477258
4849000  -2140.29126696465  2138.1006778406
4850000  -2142.03786572034  2140.22746502083
4851000  -2140.87415314821  2141.44772435133
4852000  -2140.18344588316  2142.14323867965
4853000  -2144.56785161934  2138.86495224748
4854000  -2144.39347972446  2142.84381546575
4855000  -2145.58885683039  2141.39070151267
4856000  -2144.21565649384  2142.33359449262
4857000  -2143.92358604603  2144.40111981316
4858000  -2145.17599426337  2143.99976051301
4859000  -2144.24874716041  2143.41679230845
4860000  -2146.55325569762  2141.86920068727
4861000  -2148.46925002133  2143.01226402429
4862000  -2150.21751288308  2144.20668823987
4863000  -2146.97956297418  2145.043087928
4864000  -2151.53040795176  2146.47832173588
4865000  -2153.48676104253  2146.23272383486
4866000  -2151.11213016329  2144.76559955497
4867000  -2151.0018731135  2146.11923483597
4868000  -2149.80379522603  2144.46029297288
4869000  -2148.86394120986  2146.93680661873
4870000  -2149.11753817824  2148.43133855024
4871000  -2149.01506456791  2148.22607083856
4872000  -2149.49707671119  2145.5587961727
4873000  -2149.30764131415  2149.04858545641
4874000  -2147.78711190078  2147.12411654594
4875000  -2150.88081405952  2150.56787564513
4876000  -2150.43958291556  2151.90203848076
4877000  -2155.5676625901  2154.05635435767
4878000  -2153.65912342581  2151.08318862066
4879000  -2151.46627548672  2151.80635386528
4880000  -2153.44777933894  2153.86016770145
4881000  -2153.02592315867  2151.96507075991
4882000  -2156.83166379258  2154.00654115832
4883000  -2155.43680208175  2156.54489749284
4884000  -2157.57332302934  2154.76731344294
4885000  -2153.54258741248  2156.05922409684
4886000  -2156.64359085144  2153.53423274295
4887000  -2155.63642236594  2154.95223976255
4888000  -2155.93566728448  2157.16349405875
4889000  -2158.44052569703  2154.71559203259
4890000  -2156.89698938472  2153.00027603144
4891000  -2158.29933654487  2156.99758044542
4892000  -2158.73561014927  2157.72000712902
4893000  -2162.91365182101  2156.47065192079
4894000  -2159.70450946932  2156.29484472204
4895000  -2161.83535094869  2158.26162742001
4896000  -2162.04622345329  2156.60554309122
4897000  -2161.21877580154  2158.15932367266
4898000  -2161.97838133922  2161.29768710687
4899000  -2162.63180673978  2159.01471574817
4900000  -2161.28939817979  2158.58724995662
4901000  -2165.7553068357  2163.85715738005
4902000  -2165.65242553867  2162.89723149086
4903000  -2164.56774817334  2164.56373319647
4904000  -2165.95923323397  2167.32538243851
4905000  -2164.69945618787  2165.92117485067
4906000  -2164.96384782377  2164.48046454654
4907000  -2164.01756428371  2165.5058028193
4908000  -2165.91015944828  2164.30606468907
4909000  -2169.01378557989  2166.2903308409
4910000  -2165.76275538914  2166.50758442803
4911000  -2166.92338444397  2168.63421850245
4912000  -2167.17640111271  2164.40120171818
4913000  -2166.33154128612  2166.25774086463
4914000  -2167.88532080462  2167.4478027076
4915000  -2168.13790772789  2169.02347529922
4916000  -2168.05364776135  2170.80739199388
4917000  -2169.4266905426  2167.45354374975
4918000  -2169.49550437995  2168.92988158785
4919000  -2172.21965942056  2168.23228429527
4920000  -2169.61515074528  2169.94566646652
4921000  -2172.35172330274  2170.26344825196
4922000  -2171.59243032868  2167.53193966904
4923000  -2171.24345039389  2169.90663942078
4924000  -2171.79549413222  2168.35117433811
4925000  -2172.70274885773  2171.27302002235
4926000  -2174.11411143413  2172.56507619163
4927000  -2174.42920002379  2172.05002004716
4928000  -2173.78509871604  2171.56193099506
4929000  -2173.18335749745  2172.39311222498
4930000  -2172.74639397116  2172.11349504525
4931000  -2176.3427693332  2169.09419312143
4932000  -2180.20670704814  2172.58695941674
4933000  -2179.91428116144  2171.02738002035
4934000  -2179.0150584616  2171.50845858967
4935000  -2176.60740916246  2172.98371957083
4936000  -2178.23797200976  2172.90114245877
4937000  -2179.96160114505  2175.39112632363
4938000  -2177.73632144016  2173.92799174308
4939000  -2177.93616984215  2173.66726608534
4940000  -2178.3321674645  2177.15012186597
4941000  -2179.48449951362  2174.06595953942
4942000  -2182.61341376991  2175.14557955112
4943000  -2183.10435784792  2177.79414704822
4944000  -2183.51806641984  2178.66671575655
4945000  -2183.1058086442  2176.63530257301
4946000  -2185.05950058931  2175.49258899774
4947000  -2185.20983584764  2177.93957822341
4948000  -2185.24038431541  2175.38774748718
4949000  -2186.04870835436  2175.18331589792
4950000  -2184.42174156794  2177.30769596044
4951000  -2185.57161576593  2176.70571785123
4952000  -2187.37569379861  2180.22378282488
4953000  -2186.60915084308  2181.45220733301
4954000  -2188.89845059412  2179.92047336035
4955000  -2189.10956589731  2178.98790619737
4956000  -2186.32494914753  2181.90073834832
4957000  -2185.21535005613  2182.6081855873
4958000  -2187.83065375517  2184.30370321763
4959000  -2190.58049001961  2182.25484730133
4960000  -2188.09521828157  2182.80116030154
4961000  -2188.79224857804  2184.8385182295
4962000  -2191.05918842256  2183.29564968019
4963000  -2188.23828189416  2184.72859647218
4964000  -2192.15550361608  2184.1184244358
4965000  -2190.82463325389  2184.05960085025
4966000  -2192.98809730315  2184.64361242325
4967000  -2191.42666881895  2187.33833828237
4968000  -2192.33055274362  2184.39195785911
4969000  -2194.15401677557  2185.31724625752
4970000  -2190.93927865608  2187.80468282081
4971000  -2192.43433488985  2188.05361346629
4972000  -2192.91416487074  2188.37284662123
4973000  -2191.57882290148  2185.44738731559
4974000  -2190.43324964183  2187.93010452953
4975000  -2193.477934996  2185.87737118784
4976000  -2195.81047454382  2190.55150266894
4977000  -2196.21482886128  2188.62740754242
4978000  -2197.64540525154  2189.15098312917
4979000  -2194.57907579458  2189.35142665319
4980000  -2197.13468483173  2189.44604081853
4981000  -2194.2298929295  2189.40576617641
4982000  -2193.94499860415  2190.3474281769
4983000  -2196.29568185683  2188.27858094211
4984000  -2195.36674516112  2190.41740591946
4985000  -2197.26591832798  2188.5654589763
4986000  -2195.09969821131  2190.68601013635
4987000  -2196.72797470541  2189.24738896933
4988000  -2196.44789767204  2191.17198448383
4989000  -2192.59977656095  2192.22022972707
4990000  -2195.97407808632  2193.42459629418
4991000  -2194.47928997302  2192.56526922293
4992000  -2198.29394755081  2193.39917728017
4993000  -2196.07615095375  2193.24737714179
4994000  -2196.82044843101  2194.45253526007
4995000  -2196.41874923057  2193.17229944043
4996000  -2200.15447013304  2194.15657135711
4997000  -2195.89156339192  2192.39794978415
4998000  -2199.92367253774  2195.39219544256
4999000  -2202.18091389825  2194.49505566663
5000000  -2199.05633349056  2196.22308502074
5001000  -2203.12092444443  2195.83211239516
5002000  -2201.27796886551  2196.93353207676
5003000  -2204.266989011  2197.91728503891
5004000  -2201.49223741455  2198.87141572894
5005000  -2201.30827813129  2197.85567496273
5006000  -2203.0535694974  2199.51773109826
5007000  -2203.90107630498  2200.59963791682
5008000  -2203.7349192234  2201.19397799707
5009000  -2204.60685324829  2199.84148379175
5010000  -2203.75009826693  2203.12898144011
5011000  -2206.30647523543  2202.8912005828
5012000  -2207.22813385172  2201.27501986537
5013000  -2205.82821231295  2202.47777957019
5014000  -2207.57129428205  2202.4573747756
5015000  -2209.0130299206  2204.39678422873
5016000  -2209.94387073041  2204.69313507678
5017000  -2210.72899986009  2206.38033993016
5018000  -2209.57270071391  2205.57860802114
5019000  -2209.08426918031  2207.83168997421
5020000  -2209.31439005266  2208.08482708146
5021000  -2211.23969975036  2207.28902704364
5022000  -2207.89846334373  2209.4408831238
5023000  -2208.84752215656  2209.91599694012
5024000  -2210.41837584092  2208.29599045483
5025000  -2215.38028945691  2209.75142973323
5026000  -2211.55339147932  2209.68182061144
5027000  -2210.57367083038  2210.65552903729
5028000  -2212.34731285586  2211.04775398997
5029000  -2213.56910061641  2211.73017696123
5030000  -2215.69946658826  2213.6305830093
5031000  -2211.46422081359  2213.29942414888
5032000  -2216.46879424762  2213.52798362495
5033000  -2214.24862466949  2212.96029872095
5034000  -2213.61857927904  2213.29291262355
5035000  -2215.03134369367  2211.49942488615
5036000  -2215.61545609069  2215.13244131247
5037000  -2219.017304053  2212.623133964
5038000  -2218.44168891874  2215.71052321822
5039000  -2217.77688567278  2215.92042453213
5040000  -2222.85659637579  2215.24986180347
5041000  -2217.83765913509  2217.27602380524
5042000  -2219.79161645461  2216.58523141578
5043000  -2220.36456636913  2215.93645140413
5044000  -2224.35170088295  2216.34804777101
5045000  -2225.96255906241  2216.59439131141
5046000  -2220.22767383352  2218.62262988372
5047000  -2222.07829381177  2220.74230724624
5048000  -2220.02608076952  2218.92551868167
5049000  -2222.44575325388  2221.47050601953
5050000  -2225.48889642665  2225.92147216766
5051000  -2223.69710694712  2225.64203787284
5052000  -2225.10643436382  2226.61538930065
5053000  -2223.5338464965  2227.51235014921
5054000  -2227.13542418555  2227.73796795933
5055000  -2227.53284749874  2228.52881559762
5056000  -2230.41441905846  2229.30957551884
5057000  -2223.99111988597  2229.83884143691
5058000  -2226.94289745404  2231.71184363101
5059000  -2227.22848287613  2232.49701053665
5060000  -2229.30253641941  2231.96839730443
5061000  -2230.1249200032  2233.06298519551
5062000  -2229.55942434541  2234.54782843728
5063000  -2228.92385751234  2235.10828884078
5064000  -2233.63591236226  2237.3083067547
5065000  -2233.39002507082  2234.37976871355
5066000  -2230.98687670254  2236.4476257811
5067000  -2232.10333585623  2236.80317421158
5068000  -2234.31346793888  2237.02650014958
5069000  -2235.58884917843  2240.45492619341
5070000  -2237.27437317068  2237.64810331925
5071000  -2233.67207899318  2237.86813831768
5072000  -2238.56660866371  2240.35522475007
5073000  -2238.16738832533  2242.00693643226
5074000  -2234.84859926936  2244.27452507191
5075000  -2238.48924607542  2244.64162363912
5076000  -2238.04782454201  2243.95094290511
5077000  -2241.83147150972  2243.6453958797
5078000  -2241.18979232345  2243.47820251069
5079000  -2241.06911278358  2246.90881180289
5080000  -2240.50740688121  2246.42621892591
5081000  -2239.95196950482  2249.55567158301
5082000  -2241.04332529406  2248.14248013379
5083000  -2239.3682718973  2249.08772886341
5084000  -2242.18298297518  2249.12805350734
5085000  -2241.91503149947  2247.99119900129
5086000  -2244.78949672137  2249.63763834418
5087000  -2247.81481012581  2247.73423531742
5088000  -2243.78412417577  2247.28481983753
5089000  -2248.40547698849  2249.95326092766
5090000  -2244.17548246466  2248.55525907984
5091000  -2246.31172152583  2250.70358051995
5092000  -2246.84203501617  2249.53095414099
5093000  -2245.73336098008  2251.31911236586
5094000  -2246.31154355431  2251.07606360634
5095000  -2249.21477543429  2249.41226678219
5096000  -2249.02114262704  2250.98965090817
5097000  -2249.38511430458  2251.89239270445
5098000  -2250.63139003344  2250.60746986574
5099000  -2249.98641473199  2252.48782197473
5100000  -2249.97507150978  2252.64099207982
5101000  -2250.53714355057  2254.16478719178
5102000  -2249.86203330112  2253.31276595866
5103000  -2251.68089048585  2253.9651824783
5104000  -2253.12790787632  2254.73862295182
5105000  -2250.34973231635  2256.4182667342
5106000  -2251.16016543613  2254.7378559605
5107000  -2253.42648023602  2254.0301710948
5108000  -2250.22118679262  2254.1882013481
5109000  -2251.13935905493  2254.9029608702
5110000  -2251.22679200692  2256.42990686329
5111000  -2254.76769945265  2256.3939288268
5112000  -2253.6855445657  2257.82469073378
5113000  -2254.62481797009  2258.43464147002
5114000  -2255.38377779685  2256.83923405692
5115000  -2256.25447950719  2253.03614516521
5116000  -2257.7528584647  2257.76947741418
5117000  -2256.97157012817  2257.92379171992
5118000  -2256.859505239  2257.50121480258
5119000  -2256.83537540291  2258.05285832455
5120000  -2259.40969847365  2258.0795800874
5121000  -2259.78824811512  2256.26385146519
5122000  -2264.02794671153  2257.3732063214
5123000  -2261.8873642608  2256.8355568222
5124000  -2258.81196596309  2255.55099455993
5125000  -2261.10550950988  2257.30534700402
5126000  -2259.64989094448  2256.43951533998
5127000  -2261.3259644097  2255.81968596546
5128000  -2260.40880993413  2258.24202603395
5129000  -2260.77586046342  2257.87409385633
5130000  -2260.18603146489  2256.52208377649
5131000  -2262.05755951774  2257.36828202873
5132000  -2261.74132180857  2257.32934542623
5133000  -2261.35171577101  2258.41289301068
5134000  -2262.0550580017  2258.38569483047
5135000  -2262.17671944326  2259.7660456681
5136000  -2263.12214742258  2259.32768200365
5137000  -2264.01421435111  2261.5764164583
5138000  -2260.85189667079  2259.13323841974
5139000  -2261.18707954767  2260.35941671982
5140000  -2262.4234420185  2261.02796060535
5141000  -2263.90960996568  2261.19245809343
5142000  -2262.344115607  2263.85814419917
5143000  -2265.19992946572  2263.80842336558
5144000  -2265.8226140115  2262.41259578529
5145000  -2266.09703682786  2265.96402325465
5146000  -2264.0764587136  2265.03261260294
5147000  -2264.84684217306  2263.58709374048
5148000  -2262.60057204201  2264.40398729173
5149000  -2266.60457437595  2263.7851129651
5150000  -2266.02584392551  2265.91686900447
5151000  -2264.58003391732  2266.6492853927
5152000  -2267.10897072927  2267.3942323632
5153000  -2266.19907699497  2268.64052364699
5154000  -2268.16998534616  2268.84602996903
5155000  -2267.66034590781  2267.50519765756
5156000  -2271.27877173507  2269.67209284093
5157000  -2269.82862128451  2270.42930709235
5158000  -2267.68432466162  2270.35321554241
5159000  -2270.82961986298  2269.0873504788
5160000  -2269.69158728851  2270.39085904493
5161000  -2272.52640651954  2270.46998813967
5162000  -2271.16102999475  2268.66222956258
5163000  -2270.15146059778  2270.91204345876
5164000  -2272.10306050999  2275.04146595112
5165000  -2271.04935481068  2274.13928891666
5166000  -2273.72275572664  2273.60737489656
5167000  -2272.81873333318  2272.52841458702
5168000  -2273.40840841483  2272.18218706073
5169000  -2273.7893078286  2275.24026036288
5170000  -2275.12391090516  2275.16719835834
5171000  -2272.23695428807  2277.93143875622
5172000  -2276.13353872271  2276.86987037531
5173000  -2274.1138109956  2275.65045659762
5174000  -2276.60906305067  2276.05454642706
5175000  -2276.60230176079  2278.8358634153
5176000  -2277.97499815251  2279.85485312894
5177000  -2276.5589334896  2279.75867020294
5178000  -2277.82758844194  2280.2365563049
5179000  -2279.09393463651  2279.67648148634
5180000  -2279.85593450454  2280.44485335872
5181000  -2281.28656716525  2279.90468002962
5182000  -2279.64522175479  2282.8123523851
5183000  -2280.97656628422  2281.52626249665
5184000  -2283.71800246557  2283.4256326732
5185000  -2282.73602333991  2281.12060566124
5186000  -2283.86391229908  2281.99599545838
5187000  -2282.36498860359  2280.71074753193
5188000  -2282.66581808627  2281.63426491116
5189000  -2282.28535162536  2285.82256591992
5190000  -2280.79758202868  2284.28701259478
5191000  -2282.37276386616  2283.82728868511
5192000  -2282.67040606482  2285.17779377615
5193000  -2284.10497169656  2282.48687874108
5194000  -2284.14645677432  2283.77970696254
5195000  -2283.89922224541  2286.13397473238
5196000  -2284.28482249582  2286.4024997352
5197000  -2285.91554890899  2283.7671186279
5198000  -2284.48824103701  2285.43685296949
5199000  -2285.94950912976  2285.36471737889
5200000  -2282.2912969299  2286.45039362221
5201000  -2287.75592605916  2282.46432886508
5202000  -2286.9680447388  2285.74712805071
5203000  -2289.42549638538  2285.03181638767
5204000  -2288.1164861489  2287.30876750983
5205000  -2291.11917448655  2286.371088675
5206000  -2290.9382584299  2288.38635312843
5207000  -2290.07012628966  2288.24200433902
5208000  -2293.02488543531  2290.25051536596
5209000  -2291.66568642784  2288.84218657172
5210000  -2292.5167378232  2285.68292656053
5211000  -2289.91547433585  2288.94678541024
5212000  -2290.62244934526  2290.04766884225
5213000  -2290.50819012706  2290.6062554134
5214000  -2292.64899517193  2289.53468773214
5215000  -2291.75628293374  2291.41155982425
5216000  -2291.22500597332  2292.34780107702
5217000  -2295.03177346989  2292.71507940908
5218000  -2293.58701735815  2291.59154864823
5219000  -2294.98769754941  2291.31831788373
5220000  -2295.74113117444  2295.13001644901
5221000  -2296.73615961832  2293.92688389552
5222000  -2297.92356938957  2293.51846307229
5223000  -2300.42557670879  2293.82131488511
5224000  -2297.8107023868  2293.98761421568
5225000  -2298.36922470829  2295.3477627008
5226000  -2299.37583733641  2295.77352532578
5227000  -2300.15341553681  2295.54415115439
5228000  -2300.70148199401  2294.82691881191
5229000  -2301.95351778864  2296.45043299478
5230000  -2300.84922408967  2295.04088937738
5231000  -2303.66741882246  2297.22393778122
5232000  -2302.6036407141  2297.39178531879
5233000  -2305.30288404463  2297.17759150648
5234000  -2302.08681313837  2298.61050029094
5235000  -2304.60960072654  2299.86107754001
5236000  -2301.79181540964  2302.5384016467
5237000  -2303.41360451417  2299.7303677626
5238000  -2302.1271028649  2302.2173690294
5239000  -2305.61498922061  2305.29172536709
5240000  -2303.39574252171  2302.21331292187
5241000  -2302.67009808319  2304.5805479179
5242000  -2303.57101888163  2301.82263249549
5243000  -2305.11830049703  2304.94554649388
5244000  -2306.87656015277  2303.68988569671
5245000  -2309.16742235123  2304.15103672169
5246000  -2306.64523139084  2306.25675181409
5247000  -2308.49819231948  2305.723944412
5248000  -2307.24610678471  2305.50845899759
5249000  -2306.38466119029  2306.23048997052
5250000  -2306.32453567337  2304.12346819091
5251000  -2309.56869184996  2306.51806427397
5252000  -2306.80995327893  2309.84599437579
5253000  -2309.20973181774  2308.85243074146
5254000  -2309.47150172386  2311.41827681268
5255000  -2310.22383338312  2313.20896207271
5256000  -2307.59255045683  2311.50489465713
5257000  -2311.28730315965  2310.80239566015
5258000  -2308.95437488631  2308.70671933218
5259000  -2308.97646706264  2311.90458607396
5260000  -2311.4652030774  2310.75726125691
5261000  -2309.92225527711  2313.47777658947
5262000  -2308.61604547233  2312.56945620111
5263000  -2311.10761558175  2309.36448777935
5264000  -2312.90349824647  2312.52700271536
5265000  -2316.57229103154  2313.67213526608
5266000  -2315.25748311158  2316.72503660664
5267000  -2314.28501154451  2314.91035079084
5268000  -2313.84668163526  2314.80517425088
5269000  -2316.86169004693  2314.74392593397
5270000  -2317.42592778791  2314.17306276286
5271000  -2318.08590814904  2316.54005518501
5272000  -2320.59422771464  2315.53046872716
5273000  -2318.18386092817  2312.5723831873
5274000  -2321.28819434872  2315.47279186852
5275000  -2319.57727981445  2315.63805315172
5276000  -2317.795264764  2316.91272179815
5277000  -2318.9089211842  2318.27730089575
5278000  -2319.63524705778  2318.06191187965
5279000  -2319.13702359592  2317.01320169426
5280000  -2322.89908311058  2316.64323496699
5281000  -2324.06804284997  2317.5596716205
5282000  -2321.99708152889  2316.73654746223
5283000  -2321.58672109954  2316.16476760911
5284000  -2324.18011244777  2318.80017206709
5285000  -2325.05849565874  2317.74470237495
5286000  -2325.10515047977  2321.10670088389
5287000  -2324.91534339397  2322.73356349239
5288000  -2326.44637473302  2321.72630987132
5289000  -2328.59754877365  2322.16682319418
5290000  -2328.12888088361  2321.73954778522
5291000  -2326.61786872629  2324.12477727533
5292000  -2326.78287052014  2324.42687423179
5293000  -2327.9943290703  2327.17663220715
5294000  -2329.6197854257  2323.9722750605
5295000  -2328.09655739991  2324.44005133702
5296000  -2326.94192540139  2322.12408915112
5297000  -2330.44595609395  2323.79280615117
5298000  -2331.81624703942  2326.18774450402
5299000  -2330.03866911059  2327.15248932046
5300000  -2328.76513543395  2325.57460484618
5301000  -2334.49355525912  2327.01302156241
5302000  -2335.32488450412  2324.88130797448
5303000  -2330.83475528183  2327.09231510299
5304000  -2331.86232448165  2326.2524894701
5305000  -2333.95587206773  2328.96087215411
5306000  -2332.24837247866  2326.42924517274
5307000  -2335.03945501363  2328.72038668039
5308000  -2332.57600392781  2330.47854925984
5309000  -2335.44675655192  2331.59168805494
5310000  -2335.72698962966  2329.74029678595
5311000  -2334.4889407197  2328.37319197892
5312000  -2333.18874906462  2328.18178256947
5313000  -2338.56599827659  2331.46019742332
5314000  -2335.13317118497  2330.73183459209
5315000  -2332.93317457921  2331.95383160662
5316000  -2335.213567128  2332.0599421431
5317000  -2333.45132640715  2330.20553565102
5318000  -2338.96374836199  2334.86933419568
5319000  -2336.26205852588  2334.10374088349
5320000  -2338.10342812234  2335.66201227379
5321000  -2337.20295803977  2337.29131061796
5322000  -2337.06797571029  2335.4478666717
5323000  -2339.02444717411  2335.04295690102
5324000  -2340.40478585495  2336.28945253056
5325000  -2342.30690037091  2335.75285513132
5326000  -2343.8418231903  2338.5459267027
5327000  -2340.84247704804  2339.15765792677
5328000  -2340.53313440286  2338.97141821615
5329000  -2341.3295530095  2338.54039996353
5330000  -2343.23926176331  2338.18544979501
5331000  -2344.62403799642  2338.62791688557
5332000  -2343.33267258768  2336.32701728695
5333000  -2345.09745986208  2338.70836617059
5334000  -2343.82385517957  2340.19858914908
5335000  -2341.79226762144  2338.20651919508
5336000  -2341.02716250816  2339.533209325
5337000  -2344.27120781881  2339.11598568496
5338000  -2343.46621919605  2339.61492423273
5339000  -2344.7452421208  2341.96405272488
5340000  -2346.28404739897  2341.22888058997
5341000  -2347.74328337948  2341.25173824588
5342000  -2346.82641967131  2345.05534228905
5343000  -2346.84286052212  2343.8869184392
5344000  -2348.81584732716  2343.41590467764
5345000  -2348.33830774338  2342.83241174927
5346000  -2348.50822869495  2344.24026492577
5347000  -2350.07614934826  2344.26595760736
5348000  -2350.5338002558  2345.52773553632
5349000  -2349.83146745567  2344.28029022946
5350000  -2348.88646276601  2343.30794808329
5351000  -2349.87552248196  2347.19330595665
5352000  -2350.14900986713  2347.24991239033
5353000  -2351.72531966338  2347.89334570343
5354000  -2351.58773446396  2348.81350479052
5355000  -2352.90245773066  2349.23438459212
5356000  -2349.95644856319  2349.48567915942
5357000  -2349.69055747235  2349.58063036307
5358000  -2351.616421874  2348.58390291802
5359000  -2352.33594925442  2349.84680140754
5360000  -2351.8682162632  2350.63818936009
5361000  -2354.89908947553  2353.95398821024
5362000  -2353.743527183  2353.1530657907
5363000  -2354.4877354375  2353.07119257538
5364000  -2353.3240201438  2354.96285212742
5365000  -2355.37666369522  2354.30465170361
5366000  -2355.72110150843  2355.08977532714
5367000  -2354.17560926678  2353.655890428
5368000  -2355.63933205719  2357.54139795208
5369000  -2355.66663108394  2354.16749429036
5370000  -2354.67890028301  2356.20724054661
5371000  -2357.45840464025  2359.40894310855
5372000  -2358.92586759002  2357.28381167902
5373000  -2356.93780316205  2357.6183177119
5374000  -2361.08804740812  2358.18189619373
5375000  -2359.03980632682  2361.20623108329
5376000  -2359.91065304737  2359.69150229729
5377000  -2358.99874201022  2362.35330730559
5378000  -2361.71570584267  2363.69653967033
5379000  -2359.05128957023  2360.10394258546
5380000  -2363.70316000387  2363.41902671866
5381000  -2361.98454365908  2361.66475523831
5382000  -2363.20959554514  2362.4749130888
5383000  -2363.65665489951  2364.77951837576
5384000  -2362.2019164003  2364.56368412175
5385000  -2368.56485756815  2362.91126759852
5386000  -2365.71916707312  2365.95077610487
5387000  -2369.48057325676  2365.83360492661
5388000  -2371.4288800935  2364.63163707203
5389000  -2369.7631742876  2364.64007580705
5390000  -2370.66859819513  2365.65017603754
5391000  -2371.7458513876  2364.89853221399
5392000  -2370.69587773007  2366.19197615543
5393000  -2373.33267601167  2366.72295859364
5394000  -2373.27621746861  2368.14742491114
5395000  -2372.84703451406  2366.13431166293
5396000  -2374.01894571889  2371.33483302309
5397000  -2373.91595675009  2368.5753672287
5398000  -2373.99250420034  2369.38822935342
5399000  -2374.79354117832  2372.36673366309
5400000  -2374.75869369843  2372.60872294058
5401000  -2375.85802992409  2370.96857363359
5402000  -2374.9133189557  2372.29607621235
5403000  -2376.13043137161  2373.55522763456
5404000  -2374.50459194007  2372.49747080983
5405000  -2378.37672172415  2376.09213407489
5406000  -2377.54981490779  2377.52619604209
5407000  -2375.14957305858  2374.79432168244
5408000  -2375.62651571205  2377.75136663806
5409000  -2378.51829548897  2377.89633147787
5410000  -2379.48472900645  2380.38985916817
5411000  -2379.86964636275  2379.04355085053
5412000  -2379.7729565345  2380.47500299031
5413000  -2383.47943383602  2379.8593492589
5414000  -2386.3366435241  2380.50831131022
5415000  -2383.82036635592  2380.60584638717
5416000  -2383.36852134775  2382.15456431096
5417000  -2380.46981455594  2384.43215667331
5418000  -2384.92633487959  2382.78445329017
5419000  -2384.5425573675  2383.50917779971
5420000  -2385.57201218181  2382.76878440319
5421000  -2387.42959226164  2384.66720679765
5422000  -2386.34890611094  2387.62064927166
5423000  -2389.11968395  2388.20838326519
5424000  -2387.95503834773  2389.3889463099
5425000  -2388.56391184724  2385.8413278026
5426000  -2388.9276482417  2386.2937767011
5427000  -2388.96514439795  2389.58552030929
5428000  -2390.94653103473  2388.87353370682
5429000  -2390.55828361208  2388.18128223039
5430000  -2391.54626490222  2391.12585345214
5431000  -2393.76191804025  2390.59974974234
5432000  -2394.29434127614  2391.23843453013
5433000  -2392.9939783752  2391.30840257061
5434000  -2392.27791404655  2391.49082729831
5435000  -2393.37612528162  2392.90273339173
5436000  -2394.68308427654  2393.18429365601
5437000  -2394.14075335128  2390.34901679185
5438000  -2399.28396295466  2392.02471010139
5439000  -2395.15367839972  2392.01781836215
5440000  -2394.71596696117  2391.74453984725
5441000  -2393.67254803726  2394.30069390175
5442000  -2397.03358826853  2394.96616291016
5443000  -2394.70316883912  2394.13403161324
5444000  -2395.04768601264  2393.72440081267
5445000  -2395.72260166853  2395.70671371107
5446000  -2396.47107928515  2394.33104521792
5447000  -2395.74949801084  2393.83200980758
5448000  -2396.02790246166  2396.21053952866
5449000  -2396.60789160314  2395.89013641503
5450000  -2401.8162494881  2395.40002733584
5451000  -2404.58529372501  2396.88306908431
5452000  -2402.69556583067  2394.88720165886
5453000  -2403.98696158072  2396.32820196532
5454000  -2402.26311233501  2396.03193705668
5455000  -2404.63674418447  2395.40753029459
5456000  -2400.16659525585  2396.54527305957
5457000  -2400.60232625283  2398.09139640228
5458000  -2400.16707195001  2395.90840065252
5459000  -2401.97590608182  2396.85412485708
5460000  -2399.90110868803  2397.14398937335
5461000  -2400.56570795412  2396.32513321394
5462000  -2400.05812098721  2397.02647370583
5463000  -2401.64105385954  2397.28785659848
5464000  -2405.1940317593  2396.96608420505
5465000  -2403.95067200523  2396.97306090937
5466000  -2404.06866470327  2398.27515211951
5467000  -2403.01043238409  2398.87368775221
5468000  -2406.03628534967  2396.30851336867
5469000  -2404.10287950472  2397.38741006063
5470000  -2409.44098813997  2398.75999806818
5471000  -2406.21319697914  2398.68108727918
5472000  -2405.17264217619  2400.2657814715
5473000  -2405.81138865349  2401.63858954072
5474000  -2404.48527262398  2402.00060074151
5475000  -2406.99491988329  2401.1074358191
5476000  -2405.26511905346  2401.21582730771
5477000  -2407.05626989378  2405.84822938168
5478000  -2406.59732867103  2403.38419102327
5479000  -2403.87793342667  2405.87628129018
5480000  -2405.89165245761  2406.17346035224
5481000  -2403.80873923152  2407.45321475208
5482000  -2406.95153651805  2407.79090850021
5483000  -2409.89806865189  2406.6835769047
5484000  -2406.65858771336  2407.5416240663
5485000  -2406.94710558796  2406.69087351086
5486000  -2411.00002312234  2408.10663298154
5487000  -2412.02454500598  2408.74003518126
5488000  -2407.74072209898  2407.95476492201
5489000  -2412.99401396115  2409.22606071629
5490000  -2411.30432671117  2408.44779556337
5491000  -2413.72554288903  2408.16625777023
5492000  -2412.86458067424  2410.57656064186
5493000  -2411.57475611459  2410.04868631319
5494000  -2416.44697948991  2407.64588464108
5495000  -2413.36849821101  2412.2126097308
5496000  -2417.03896984623  2411.92578015009
5497000  -2414.29992738558  2414.04956114986
5498000  -2416.50182237366  2415.80188213207
5499000  -2414.85151463888  2416.37735944897
5500000  -2416.49994129868  2418.17923015124
5501000  -2418.94239773689  2416.80104281948
5502000  -2417.79459741915  2415.87424052346
5503000  -2420.46072239568  2417.04184517853
5504000  -2419.37469557839  2419.1233554998
5505000  -2419.30142040869  2421.65161588981
5506000  -2419.00832195979  2420.59925569336
5507000  -2420.01412352669  2421.40073032073
5508000  -2419.42734546616  2419.99998886518
5509000  -2416.38751217828  2421.45733961778
5510000  -2419.82804068769  2420.755688138
5511000  -2418.98653669247  2420.67762354739
5512000  -2421.60209213305  2423.21298218155
5513000  -2421.55115076608  2420.34872346492
5514000  -2423.20053464069  2421.68902956961
5515000  -2424.07403327988  2422.51026369328
5516000  -2425.71925440432  2422.06480396036
5517000  -2426.13397220024  2421.54332976192
5518000  -2426.59860448061  2423.82902740189
5519000  -2427.40466981565  2425.38905346485
5520000  -2426.06743764437  2428.31683939322
5521000  -2426.7350874804  2426.58931724453
5522000  -2428.03193222026  2428.38094248514
5523000  -2427.8338927497  2425.92965916498
5524000  -2429.05955086897  2429.64537493287
5525000  -2429.69863782302  2429.00130819829
5526000  -2429.43136134929  2428.80345381598
5527000  -2431.58715386877  2429.4138927474
5528000  -2431.13248564957  2430.04828482857
5529000  -2431.68749628882  2431.86162804161
5530000  -2431.59261764912  2428.19187986228
5531000  -2434.45925049702  2433.04096373876
5532000  -2433.92102767283  2432.52876135775
5533000  -2433.22963635745  2428.09685331893
5534000  -2432.46898831879  2432.2035819973
5535000  -2433.74438587421  2433.05108382544
5536000  -2437.27483183374  2430.0483310963
5537000  -2433.00163475557  2432.80168208674
5538000  -2437.62666099214  2431.28663247996
5539000  -2437.97620329376  2435.814791883
5540000  -2434.15430830994  2435.65259031898
5541000  -2435.81367976877  2434.52372300389
5542000  -2437.39768660372  2434.46488816559
5543000  -2439.45769931673  2434.07129542801
5544000  -2437.62441897304  2435.43384749124
5545000  -2442.8252003367  2434.5204828605
5546000  -2440.29786947234  2435.38566987435
5547000  -2441.23677192183  2434.07715595143
5548000  -2442.77252191274  2435.97757525227
5549000  -2443.16575756308  2435.90574512295
5550000  -2441.62005967255  2433.35351827527
5551000  -2445.58545075004  2435.72528800971
5552000  -2446.27500461793  2436.18835180121
5553000  -2442.14064896229  2436.05192581598
5554000  -2443.34532029638  2434.7324723483
5555000  -2443.65575837362  2435.6997768538
5556000  -2446.16569082951  2437.15808445408
5557000  -2445.68337053857  2437.65180700027
5558000  -2448.05207188663  2438.61275583013
5559000  -2444.99394872956  2442.80616140432
5560000  -2446.76148506976  2440.18037165375
5561000  -2448.65771431961  2442.76132797775
5562000  -2447.68498081576  2442.84704522661
5563000  -2449.13259753092  2443.72503824066
5564000  -2451.68131792378  2443.90973061525
5565000  -2450.42198460764  2442.02095894191
5566000  -2452.28151835064  2442.85385441609
5567000  -2452.30066893287  2442.36841423546
5568000  -2453.40257344169  2443.3589258106
5569000  -2451.20617567778  2444.82456478361
5570000  -2455.42523629684  2446.88008678432
5571000  -2453.99133536317  2445.29984748918
5572000  -2456.54708296061  2445.25099946293
5573000  -2456.54619374194  2444.55778767193
5574000  -2456.80929681345  2447.8261779425
5575000  -2458.34265115195  2446.81286446769
5576000  -2461.16631076833  2446.77717728309
5577000  -2458.32850741164  2447.60559256965
5578000  -2460.50604535186  2448.42473221585
5579000  -2459.67563327768  2447.77901329115
5580000  -2460.14706518929  2447.67173675102
5581000  -2460.80938526751  2447.0352499479
5582000  -2458.78204010341  2448.6182955316
5583000  -2459.98674420332  2448.78917750137
5584000  -2461.34113448248  2451.87790844654
5585000  -2457.45837844259  2448.86312150358
5586000  -2461.60902258415  2450.5993423366
5587000  -2461.48603086829  2450.82286567329
5588000  -2461.09357409279  2450.83032622155
5589000  -2458.6972469253  2449.47403994577
5590000  -2458.20974338716  2451.19248533253
5591000  -2460.50729902149  2451.81925618621
5592000  -2459.9224595284  2452.08280012914
5593000  -2459.82363517995  2453.4177476642
5594000  -2461.40472884228  2454.16522128028
5595000  -2460.03967878337  2456.49310538207
5596000  -2458.43999390894  2453.59349815736
5597000  -2458.24342700094  2454.20754472253
5598000  -2460.7258350101  2458.44340473802
5599000  -2464.1650193381  2455.47273914543
5600000  -2462.51329555915  2455.43006320823
5601000  -2463.34571365372  2454.96491688104
5602000  -2465.02150287791  2456.36741839282
5603000  -2461.80295238364  2455.17957126106
5604000  -2464.21243925727  2457.65384742495
5605000  -2464.83839106643  2453.09899923128
5606000  -2464.98940178247  2457.39832189893
5607000  -2464.60866934471  2456.06230053173
5608000  -2464.97430457134  2458.97593626526
5609000  -2464.25255732188  2455.5470980877
5610000  -2462.74345000068  2458.63303827698
5611000  -2465.25338205374  2458.32236359659
5612000  -2464.14041161317  2458.80478555325
5613000  -2466.75050874324  2460.86949594745
5614000  -2466.1460770284  2459.72249464374
5615000  -2468.74532050405  2460.48626318458
5616000  -2469.49933167081  2458.90345718585
5617000  -2469.9890046372  2460.39990776364
5618000  -2471.29069816048  2462.52869489233
5619000  -2472.08743273424  2463.87469707383
5620000  -2471.29011931172  2464.82862723357
5621000  -2470.14958444888  2464.48554972665
5622000  -2470.37237475753  2461.71505444799
5623000  -2470.48570013814  2463.51739406216
5624000  -2470.2190141024  2463.65730531497
5625000  -2473.09519601958  2461.93345841229
5626000  -2475.57182848107  2461.60148442606
5627000  -2473.47394075261  2462.64916094274
5628000  -2478.91049545918  2461.14047408015
5629000  -2476.41343474809  2462.22414188412
5630000  -2476.45599934349  2463.15275437807
5631000  -2474.03476609615  2464.44763011614
5632000  -2475.40287662749  2467.4712165876
5633000  -2475.44940144205  2467.56097039854
5634000  -2475.25440412695  2467.87528860717
5635000  -2477.83860402407  2466.56457456959
5636000  -2477.97053285468  2468.46315993303
5637000  -2478.8887192595  2469.69028226288
5638000  -2476.19522558023  2467.23787044972
5639000  -2477.15192199754  2468.63950095419
5640000  -2477.30458906174  2471.15250515727
5641000  -2478.7286592729  2471.43758556327
5642000  -2480.383485535  2471.49448731908
5643000  -2480.40022271567  2470.13758110897
5644000  -2479.81548829336  2471.07099644447
5645000  -2482.99888309812  2472.99610050864
5646000  -2482.09460252217  2470.88421492533
5647000  -2484.30833994927  2471.33504210364
5648000  -2484.64709524345  2471.13034164659
5649000  -2482.78282481113  2472.36094335912
5650000  -2483.85155544165  2473.08545663254
5651000  -2483.27123795333  2473.98827037576
5652000  -2484.5555311083  2472.42170171553
5653000  -2481.6954429961  2471.91098743645
5654000  -2483.25190800366  2474.16910858668
5655000  -2484.937419534  2476.05570574684
5656000  -2483.21291006969  2476.80028613996
5657000  -2486.0649915196  2476.36170718551
5658000  -2486.19343824753  2477.06583122612
5659000  -2488.08192257965  2478.99321293125
5660000  -2484.26127836649  2482.25196580539
5661000  -2487.87791846246  2481.70619647138
5662000  -2488.00998092231  2482.86275783256
5663000  -2487.66203838397  2482.06108110545
5664000  -2488.30824399588  2480.95552193268
5665000  -2488.36664781276  2482.17143958282
5666000  -2491.2116050284  2484.75190382164
5667000  -2494.34094425207  2481.16787013986
5668000  -2493.25056048226  2481.66968458838
5669000  -2491.12729632294  2483.32131617593
5670000  -2494.77372261029  2483.21578160945
5671000  -2493.76645863296  2484.24916818306
5672000  -2495.2767225787  2485.5614727556
5673000  -2495.01502694784  2483.54909159947
5674000  -2495.96026736219  2486.86794355582
5675000  -2495.04138911445  2483.98499113922
5676000  -2498.00255601436  2485.40046121208
5677000  -2498.57557095542  2486.31013102714
5678000  -2499.34834380389  2485.23392964745
5679000  -2498.46092020836  2487.72499032729
5680000  -2499.52341438012  2485.18070839267
5681000  -2502.08827278926  2487.45522494131
5682000  -2499.85056620727  2488.08211620447
5683000  -2500.03050166077  2488.03145884205
5684000  -2502.06657770361  2490.06533293196
5685000  -2500.02101060094  2490.61024726153
5686000  -2499.23616959202  2490.79618766941
5687000  -2501.36632136494  2494.74093378439
5688000  -2503.00770652042  2494.72805277043
5689000  -2502.25700807491  2492.83851079514
5690000  -2501.96843621007  2493.46835852268
5691000  -2503.67964498682  2494.69134201504
5692000  -2504.45918758764  2494.35004725474
5693000  -2505.44425701305  2498.205829059
5694000  -2501.67980680143  2499.8193568108
5695000  -2504.32413534383  2497.03200206601
5696000  -2505.7105218953  2499.02234967343
5697000  -2506.30800159959  2500.19792558142
5698000  -2508.17123402061  2497.64135780329
5699000  -2505.05117715676  2500.48693592395
5700000  -2507.48016479088  2500.02312063584
5701000  -2504.51513223098  2499.02861495495
5702000  -2502.7823760096  2500.16879820616
5703000  -2507.45683368178  2501.22076106547
5704000  -2507.68324646393  2503.7732850568
5705000  -2510.43692714681  2505.42969550112
5706000  -2509.9357123992  2502.46433876381
5707000  -2511.55622369778  2505.08938607314
5708000  -2511.36425890947  2506.23143899327
5709000  -2512.09321464872  2505.93129316264
5710000  -2512.97791124307  2504.29783844618
5711000  -2513.97653769071  2505.08315689819
5712000  -2514.93771345246  2504.62160252271
5713000  -2514.69537685398  2507.92295074035
5714000  -2515.28096727751  2510.28912191841
5715000  -2516.69367701538  2507.82472403118
5716000  -2513.04978204745  2509.41008456723
5717000  -2515.55765159667  2511.59401243189
5718000  -2514.43663498763  2512.7547397507
5719000  -2515.70340278914  2514.25237543297
5720000  -2513.31907148609  2515.40862877778
5721000  -2517.22391518458  2513.97548333136
5722000  -2516.02293713582  2516.45163805551
5723000  -2515.34269762844  2517.27769109926
5724000  -2515.0685908745  2516.3649172361
5725000  -2516.1314954165  2517.53072113792
5726000  -2515.46560512992  2519.81945987618
5727000  -2518.39730737581  2516.46239975675
5728000  -2517.23807697773  2519.25103207686
5729000  -2517.07176672052  2519.5655160006
5730000  -2518.28336633471  2519.34795694153
5731000  -2518.82784826613  2522.34281877155
5732000  -2518.66296612323  2523.39257217327
5733000  -2515.20349853633  2522.54722578458
5734000  -2521.04392287511  2523.3939282277
5735000  -2520.95680858367  2523.1083295201
5736000  -2520.54275565888  2525.07408034964
5737000  -2523.60978156257  2526.43608214077
5738000  -2524.14064169458  2524.3407701966
5739000  -2522.64229606222  2523.64123236941
5740000  -2523.49500388716  2524.63694285994
5741000  -2526.61844133989  2525.493632735
5742000  -2526.68932070388  2526.79252139667
5743000  -2524.23327081366  2529.38900076708
5744000  -2526.28761701049  2528.71442294456
5745000  -2527.10590665053  2533.01609768975
5746000  -2527.56029443685  2530.46190692724
5747000  -2527.81946169013  2531.42666308394
5748000  -2528.00727384323  2531.37007013532
5749000  -2529.76106282783  2529.07324536309
5750000  -2530.87888797449  2528.43661167768
5751000  -2531.01225586967  2531.04359208073
5752000  -2531.15014404223  2530.56593231464
5753000  -2527.85149281836  2531.3006946923
5754000  -2527.61041342229  2531.92271688977
5755000  -2531.63439487483  2532.62869538649
5756000  -2532.64197145536  2533.22240107991
5757000  -2530.81780087923  2532.25243330978
5758000  -2531.31301010613  2532.40994359568
5759000  -2527.99897213575  2536.23087605087
5760000  -2530.51801445045  2535.34432525438
5761000  -2532.21421134717  2535.21673591223
5762000  -2533.43922647287  2536.63285737643
5763000  -2529.8541512703  2536.98380333238
5764000  -2533.75908720246  2538.77891293912
5765000  -2531.03409962361  2537.89135314484
5766000  -2532.63646901087  2539.72623234212
5767000  -2534.64804798095  2540.28588823261
5768000  -2535.55722609234  2540.05067199265
5769000  -2535.73860921628  2543.32369215814
5770000  -2535.69996012726  2540.40597418147
5771000  -2536.4463373345  2540.8065754804
5772000  -2538.07307732738  2538.73885284111
5773000  -2538.06383581192  2543.83620791984
5774000  -2537.81277600097  2542.67158766805
5775000  -2537.41151918422  2542.94799682459
5776000  -2538.75222020168  2543.40979662586
5777000  -2541.36800864155  2544.90507336696
5778000  -2537.63746657885  2545.85696023981
5779000  -2540.69586704991  2546.12796380505
5780000  -2542.2475138995  2544.9465277123
5781000  -2543.19141009714  2545.77143720148
5782000  -2542.75351664607  2546.22275289737
5783000  -2541.96376325518  2549.41260658174
5784000  -2541.68998085452  2549.43810732896
5785000  -2542.71185593227  2550.64095737604
5786000  -2542.02558793428  2551.8982177019
5787000  -2543.38394442756  2549.97621609579
5788000  -2543.03104265678  2550.38814838277
5789000  -2543.07685929963  2552.77682650211
5790000  -2546.80132602659  2552.42190460379
5791000  -2544.58134929851  2551.51867608844
5792000  -2544.79379202913  2552.03256179898
5793000  -2545.26170657276  2553.40375591976
5794000  -2545.33397576862  2555.53858248821
5795000  -2546.59803066756  2555.12267029309
5796000  -2548.4357158445  2555.44523875445
5797000  -2547.11382811105  2556.01944802728
5798000  -2547.6308924485  2555.09845459989
5799000  -2548.96688727337  2557.70190035738
5800000  -2546.93073990345  2558.5048103514
5801000  -2550.2759663764  2557.6856950442
5802000  -2552.39818757073  2559.06520733568
5803000  -2552.71065476998  2560.66388038298
5804000  -2552.77998056058  2558.78970150424
5805000  -2553.37653036257  2562.84024229562
5806000  -2554.54602737804  2562.88429578868
5807000  -2556.07605388064  2564.97978196382
5808000  -2555.36727280932  2563.64456719016
5809000  -2557.38299330064  2565.81776035565
5810000  -2557.91491985259  2565.6454852711
5811000  -2557.20878090579  2566.08182290824
5812000  -2558.83041797439  2566.84819699889
5813000  -2560.38986085112  2566.81038962343
5814000  -2561.23729135231  2565.240962363
5815000  -2561.19858925176  2566.47099120685
5816000  -2560.96579790874  2565.31137824671
5817000  -2561.58167226115  2562.25530655252
5818000  -2562.0032143709  2566.69211932763
5819000  -2564.20442278254  2566.38698758178
5820000  -2564.20075180615  2566.08037371071
5821000  -2566.29359830298  2565.84895501006
5822000  -2565.32014002232  2564.71472882236
5823000  -2564.52543882617  2565.58258970037
5824000  -2562.59631545007  2570.16745322623
5825000  -2565.73317601415  2571.00538125307
5826000  -2563.82062587522  2569.61217776563
5827000  -2565.47256418446  2569.4557526163
5828000  -2567.16450481655  2570.48748732611
5829000  -2564.95551067579  2568.74223526436
5830000  -2568.42941640466  2572.36200578586
5831000  -2566.93571259659  2571.88975729021
5832000  -2565.94638422314  2572.11099094845
5833000  -2566.61862053756  2573.86428844372
5834000  -2567.71523621481  2573.02064525656
5835000  -2568.89044220752  2574.66095759791
5836000  -2569.24482634664  2574.88924086683
5837000  -2571.64614140966  2574.91438289855
5838000  -2569.59169834905  2573.58139036001
5839000  -2571.06282465859  2574.99454503136
5840000  -2572.54847234242  2574.07818180995
5841000  -2572.47380226853  2575.10494593907
5842000  -2576.26076899656  2575.03106180542
5843000  -2574.03124498064  2575.24690803739
5844000  -2576.31105777252  2578.29888321403
5845000  -2574.33164755444  2578.26165907278
5846000  -2577.59006930975  2578.10620406159
5847000  -2576.90426043683  2577.46323777528
5848000  -2579.12088296318  2577.9718201192
5849000  -2580.82966696409  2579.39228512161
5850000  -2582.0559686224  2581.4408188534
5851000  -2582.80403263144  2579.49321255485
5852000  -2583.44494994654  2582.77149964991
5853000  -2580.95367524769  2580.09116965193
5854000  -2581.91889952154  2580.47701451849
5855000  -2579.4185507158  2582.55948859312
5856000  -2583.37906839511  2581.55663773875
5857000  -2584.64007165773  2583.37118761969
5858000  -2583.71574682421  2579.00176157327
5859000  -2584.75123515432  2583.12854380996
5860000  -2585.01875330618  2582.07401022824
5861000  -2583.35193156497  2580.71881089269
5862000  -2584.80802703985  2584.29477192494
5863000  -2585.26725316611  2582.71586312944
5864000  -2586.57969229226  2586.31040423471
5865000  -2586.71297533947  2585.6678236078
5866000  -2586.50893646582  2584.81676525032
5867000  -2587.40911033848  2584.37685424842
5868000  -2589.61409968429  2587.73140308627
5869000  -2590.72994045607  2587.68448095671
5870000  -2590.24118628101  2588.56238591484
5871000  -2588.64806009805  2590.00817329062
5872000  -2590.50002217182  2590.23393268529
5873000  -2587.80292950025  2588.31725254676
5874000  -2587.78962250358  2587.32663146412
5875000  -2590.14971059628  2591.22554747059
5876000  -2586.93134321596  2589.86899873204
5877000  -2590.99322941137  2589.79293375108
5878000  -2592.4133385444  2591.26622698557
5879000  -2590.54288746359  2588.83022310919
5880000  -2594.18877596074  2591.55502751656
5881000  -2590.79437165542  2592.06123637481
5882000  -2592.5225356159  2589.50776396695
5883000  -2594.98701799933  2590.64618110415
5884000  -2593.21255098736  2594.8738724014
5885000  -2597.29241408288  2595.08420142811
5886000  -2599.59879131656  2595.11253735186
5887000  -2598.67644798145  2596.46750392024
5888000  -2596.44083582402  2596.61981231043
5889000  -2597.09132592826  2597.31692277417
5890000  -2599.14682497829  2598.11576636087
5891000  -2600.60863529886  2597.51932006295
5892000  -2599.88252355423  2597.96561515039
5893000  -2600.98871479539  2599.92208045354
5894000  -2602.60087040916  2600.10021499093
5895000  -2600.7599164356  2600.66176853914
5896000  -2603.58264732758  2599.61180902559
5897000  -2603.71764534993  2601.70485785789
5898000  -2607.59236646164  2600.93747153862
5899000  -2604.58799052925  2600.08510911654
5900000  -2608.57558297907  2600.05990174395
5901000  -2608.14923880836  2602.16273122185
5902000  -2605.10085629565  2604.04486632927
5903000  -2605.17253392023  2603.90359739853
5904000  -2607.43446021372  2602.32271189431
5905000  -2606.77045971369  2602.78719537358
5906000  -2608.37266576371  2606.16538690636
5907000  -2611.55318668876  2605.48065530885
5908000  -2608.16696371558  2605.47985969768
5909000  -2608.92293275473  2605.38158191255
5910000  -2607.99474344477  2605.25511274962
5911000  -2609.14894420231  2602.13834479485
5912000  -2608.34450898624  2604.29281311708
5913000  -2609.5375292479  2607.75572889757
5914000  -2608.27092232482  2606.16954512022
5915000  -2608.28725292086  2607.7499426157
5916000  -2611.38354352697  2608.32483212405
5917000  -2610.44099942331  2606.64627005992
5918000  -2612.16939055654  2608.68945833709
5919000  -2608.2864608597  2608.58147054308
5920000  -2613.57842358468  2608.43977005422
5921000  -2612.08778758296  2610.10499706018
5922000  -2611.50085059944  2611.75632368201
5923000  -2612.18759290961  2612.09433727623
5924000  -2613.6043563015  2613.97960637854
5925000  -2613.23407666408  2612.10158254018
5926000  -2614.31323321072  2611.85297479403
5927000  -2615.44724913781  2611.33780217636
5928000  -2618.44542409939  2610.96201431747
5929000  -2616.31093216122  2610.80898124189
5930000  -2618.81496608299  2612.94834474653
5931000  -2617.82616228599  2611.92494563058
5932000  -2621.34353677967  2611.75259450331
5933000  -2619.24310759612  2611.83877289719
5934000  -2622.15460676855  2612.0618608727
5935000  -2620.20833448215  2613.89202768902
5936000  -2619.36697266498  2615.12403366482
5937000  -2622.18210641947  2615.55199298752
5938000  -2621.22611225047  2615.23401782849
5939000  -2624.77852920999  2614.68870929692
5940000  -2625.30756496164  2616.70887966519
5941000  -2624.10960980906  2615.90743442588
5942000  -2624.32397754893  2615.19694388279
5943000  -2627.01795033248  2614.69095286861
5944000  -2625.29603270389  2616.33890774609
5945000  -2623.50882570779  2617.85733760691
5946000  -2625.19021391338  2617.27741945332
5947000  -2623.63822603159  2615.79743121408
5948000  -2626.82719117537  2617.57317619167
5949000  -2626.17716578588  2618.35906537935
5950000  -2626.60751799374  2616.98941109341
5951000  -2627.31111869488  2618.59956369967
5952000  -2626.924869947  2619.75616411617
5953000  -2626.44596342392  2621.11907401908
5954000  -2627.39371939776  2618.84279062467
5955000  -2630.28903877422  2620.83611435547
5956000  -2629.48436431539  2619.67634829316
5957000  -2629.50914128919  2621.56597023901
5958000  -2630.5198450747  2620.21027793523
5959000  -2632.51127413549  2620.53906931213
5960000  -2629.70392890236  2622.17588286225
5961000  -2633.03906964945  2622.87596020505
5962000  -2632.05925934853  2624.80494145407
5963000  -2632.22581308703  2625.69176897243
5964000  -2633.53249450531  2627.23939182561
5965000  -2634.38294945791  2626.16683378161
5966000  -2634.63305079974  2628.12750660763
5967000  -2635.32755161578  2629.04552803599
5968000  -2634.73571494418  2629.98624144283
5969000  -2634.5512477007  2630.06177610172
5970000  -2634.50997145794  2631.3234143683
5971000  -2636.6414492343  2630.19126460631
5972000  -2636.66459624082  2630.72340666626
5973000  -2637.39081141708  2631.03399371718
5974000  -2636.40362739551  2631.19889019177
5975000  -2635.60027781644  2631.88986695371
5976000  -2638.27548806107  2633.60175916502
5977000  -2640.24088559401  2632.46202858361
5978000  -2639.43640815185  2632.32422248976
5979000  -2640.12211312641  2632.81186356243
5980000  -2640.13071220044  2630.12546462159
5981000  -2641.44173686896  2634.44919955483
5982000  -2638.62665967566  2634.17859170414
5983000  -2641.31015430342  2634.41963333339
5984000  -2640.2049390162  2636.90233479049
5985000  -2641.45559530639  2637.15863223661
5986000  -2640.81206820415  2634.10484532692
5987000  -2642.26612384682  2637.28196492046
5988000  -2642.15444195783  2636.41803695609
5989000  -2644.26730837124  2634.49203059697
5990000  -2647.17857678721  2636.92041560189
5991000  -2648.11220868417  2637.85587034584
5992000  -2646.93294671703  2639.16502671095
5993000  -2644.00771187337  2640.47220100913
5994000  -2647.01403688916  2640.82445126779
5995000  -2646.39577898536  2640.87370299084
5996000  -2648.14097126218  2641.58400685543
5997000  -2645.88202496921  2643.16311568785
5998000  -2647.27823630953  2641.89085523985
5999000  -2647.52328573783  2642.43162254372
6000000  -2649.88943735544  2640.9379720553
6001000  -2646.94431380817  2643.90736258296
6002000  -2649.17112412408  2645.87458997145
6003000  -2648.64193089301  2645.07575867514
6004000  -2648.490105982  2646.12177007756
6005000  -2651.01510154853  2646.83865906983
6006000  -2649.85129783686  2646.75040646985
6007000  -2650.04738733686  2647.1411112311
6008000  -2650.02667110351  2646.11582879206
6009000  -2647.88317380463  2646.72632377182
6010000  -2650.2676943659  2647.04873725503
6011000  -2648.85213217909  2647.88483462308
6012000  -2648.35887912848  2647.86366461781
6013000  -2646.70094686398  2650.33262065851
6014000  -2648.2738893734  2649.51882326786
6015000  -2647.8460304741  2649.58264234015
6016000  -2649.21802161171  2647.93091991725
6017000  -2651.73938117512  2650.14279681666
6018000  -2651.22694712629  2648.85633296238
6019000  -2651.71280306803  2648.41363453012
6020000  -2651.39742400454  2651.69862582463
6021000  -2651.32182253734  2650.9692815956
6022000  -2652.47567844802  2652.58667004978
6023000  -2655.056647231  2649.72573351564
6024000  -2651.31637588482  2655.15299809067
6025000  -2652.74031073028  2654.9077299366
6026000  -2652.70806003015  2654.95277548209
6027000  -2652.41725694893  2656.81758623692
6028000  -2653.90222916133  2653.63666565323
6029000  -2654.0903009471  2656.22186675338
6030000  -2655.28987495504  2655.42269837711
6031000  -2657.8688849137  2658.2190375429
6032000  -2657.65061320968  2656.84625759874
6033000  -2657.40044270318  2657.05852437472
6034000  -2658.5334841545  2654.84760867041
6035000  -2656.98240225018  2656.76349405095
6036000  -2657.20248605249  2659.28145343014
6037000  -2658.30180257314  2656.36095215462
6038000  -2655.11828634066  2658.27920474461
6039000  -2658.95809728776  2655.19913750552
6040000  -2657.57222482063  2657.68249750376
6041000  -2660.2315931236  2652.5755331182
6042000  -2659.38475467448  2655.24629484743
6043000  -2661.57534541614  2658.30249724153
6044000  -2663.03796626444  2658.4046061034
6045000  -2663.07405567409  2658.56477002517
6046000  -2664.67747420001  2658.81970683643
6047000  -2662.77244691954  2660.05711927857
6048000  -2665.76208875958  2658.32339491478
6049000  -2665.67939158454  2659.49213239917
6050000  -2668.24795038007  2660.32172703074
6051000  -2666.60720515603  2661.27295425665
6052000  -2668.67692052637  2659.57728069329
6053000  -2667.73544817178  2662.57015634524
6054000  -2669.76973010717  2661.65962367306
6055000  -2670.73537868187  2662.84097658817
6056000  -2668.6882889397  2664.83409538282
6057000  -2672.89483924522  2665.36308936919
6058000  -2670.34407307635  2665.1940857478
6059000  -2669.61721593063  2666.28259641979
6060000  -2672.5195258839  2669.04347498952
6061000  -2671.69235800496  2668.59974574938
6062000  -2670.27949002265  2671.19748215896
6063000  -2673.8396704796  2673.13144194635
6064000  -2672.84831688181  2671.7944311403
6065000  -2673.85391534763  2670.7816526501
6066000  -2675.12807538825  2674.7128673659
6067000  -2675.40403921312  2671.16662961045
6068000  -2677.98205373915  2672.47277550939
6069000  -2677.82495704808  2674.21892119932
6070000  -2676.07743196577  2674.9894448312
6071000  -2677.18255611127  2675.98481535926
6072000  -2678.42012422379  2675.155856094
6073000  -2678.13278062089  2675.84993545763
6074000  -2680.68545570176  2677.63974131103
6075000  -2683.9304365961  2677.05386281763
6076000  -2679.37387821297  2677.97676227838
6077000  -2680.28693997048  2676.37421080681
6078000  -2683.93880443666  2678.64780994539
6079000  -2677.34419118731  2678.97501304957
6080000  -2682.41728112987  2678.84448656557
6081000  -2681.96047541084  2680.88896077063
6082000  -2682.84095378841  2678.33581202188
6083000  -2688.44056222642  2679.0427732862
6084000  -2687.39882238187  2678.33956872036
6085000  -2687.91104378135  2677.08699213903
6086000  -2685.77368968765  2678.52448272647
6087000  -2687.27102739438  2677.19218055556
6088000  -2691.13182831355  2678.51557502049
6089000  -2689.09562956145  2677.7037744516
6090000  -2691.40860574046  2679.97067350392
6091000  -2688.89447472171  2682.01304637444
6092000  -2688.35395675318  2685.60698052658
6093000  -2692.1385311463  2682.8455791127
6094000  -2691.54405027075  2683.73026521589
6095000  -2688.95554228319  2684.29003221199
6096000  -2688.84006874907  2684.62738124219
6097000  -2688.94173313472  2687.83146015641
6098000  -2691.90503852433  2687.1639473277
6099000  -2689.22044707665  2689.87531011907
6100000  -2689.07629242391  2688.26140059002
6101000  -2689.67783496076  2686.8040767698
6102000  -2694.88540096052  2689.02965671252
6103000  -2695.01094261184  2689.62838820224
6104000  -2698.00931738289  2689.53279536921
6105000  -2695.76266975003  2688.8543172497
6106000  -2698.61926404449  2688.45111590818
6107000  -2697.33783929402  2688.14567082759
6108000  -2698.07874094981  2687.25231640174
6109000  -2698.3804719744  2688.89941244428
6110000  -2700.45612695704  2688.18906566915
6111000  -2699.57159356687  2688.9245021265
6112000  -2701.94182542999  2690.9308588922
6113000  -2701.1937723474  2689.43856359082
6114000  -2698.56044307841  2689.71334492203
6115000  -2703.09433892001  2689.68115762899
6116000  -2704.30408806387  2688.91283290246
6117000  -2705.71372205072  2691.16616883206
6118000  -2707.27047831638  2693.32918434281
6119000  -2703.28710063172  2692.8709290237
6120000  -2705.41832169859  2696.8513419202
6121000  -2707.36643256904  2695.85810026799
6122000  -2708.41662301293  2695.68456181565
6123000  -2707.43923642298  2697.4248223578
6124000  -2709.30121408826  2696.44717591008
6125000  -2708.76658860212  2699.01019913462
6126000  -2710.51368378581  2699.3795174684
6127000  -2709.13835879997  2702.22136373988
6128000  -2708.27323008182  2701.56815777889
6129000  -2709.9938151381  2703.17237088589
6130000  -2707.14810930586  2704.56494911274
6131000  -2709.70022357346  2701.81411088662
6132000  -2710.46048654196  2706.31134838736
6133000  -2709.50356268125  2704.07007533483
6134000  -2711.79694754512  2707.54528855271
6135000  -2711.26328294636  2706.42593155026
6136000  -2712.90310705999  2705.35008866932
6137000  -2712.82648408726  2705.12075482663
6138000  -2712.56134288955  2705.36052706477
6139000  -2711.1814929696  2707.61065355966
6140000  -2713.04174692355  2709.86753609574
6141000  -2712.1353004219  2706.98250098939
6142000  -2716.0134394542  2707.91302022568
6143000  -2715.45404633111  2711.4013803406
6144000  -2715.12491111999  2707.90746524484
6145000  -2716.2992954359  2710.65899839788
6146000  -2715.10056672196  2709.95284569382
6147000  -2718.03796498393  2710.99551905275
6148000  -2718.23682522175  2711.87332938002
6149000  -2717.05328694561  2711.81868686303
6150000  -2720.06632816185  2711.98057840142
6151000  -2718.21956415328  2712.04104407154
6152000  -2721.38819540404  2711.05312740014
6153000  -2720.93543842688  2710.37706843785
6154000  -2720.42575954036  2712.231600786
6155000  -2722.23066943041  2714.03508812945
6156000  -2721.72220758889  2712.91738467646
6157000  -2721.59605771602  2713.51494620223
6158000  -2720.45395654182  2714.04361479298
6159000  -2722.60845786236  2715.90094747651
6160000  -2719.6559986941  2716.28664017046
6161000  -2719.20350712273  2717.34927091349
6162000  -2722.17023203083  2716.40324998786
6163000  -2724.00811693429  2718.46209668098
6164000  -2721.35146232151  2719.27022874551
6165000  -2723.87815299263  2718.71676555382
6166000  -2724.08474097684  2717.15464358433
6167000  -2724.62699569153  2715.30298213473
6168000  -2722.29216005203  2718.36439024821
6169000  -2722.88394274856  2717.65357883179
6170000  -2725.63124972359  2720.72892402598
6171000  -2724.01804409336  2719.93803585674
6172000  -2721.89791827202  2722.15847729493
6173000  -2722.88931554678  2722.00745374401
6174000  -2723.55688833827  2721.815214829
6175000  -2723.51811954958  2723.79548458527
6176000  -2725.85764318574  2724.75679669437
6177000  -2724.60237945164  2725.29605852663
6178000  -2723.66926449086  2724.41352536303
6179000  -2727.80294953261  2725.33032518894
6180000  -2729.72886327486  2724.24690965331
6181000  -2728.89523612026  2724.81746535698
6182000  -2727.81731297529  2725.92268741156
6183000  -2727.85198934776  2729.3419066699
6184000  -2725.14821308291  2728.87989155579
6185000  -2728.76830007808  2729.40491657745
6186000  -2727.75977082329  2728.45054810968
6187000  -2728.18681116764  2727.99389836275
6188000  -2730.65145418092  2726.26305849301
6189000  -2732.96424082945  2728.16126736776
6190000  -2731.43735527093  2729.1803262838
6191000  -2730.82305410874  2732.08255220761
6192000  -2735.07315189738  2730.24897281686
6193000  -2733.70299259609  2730.95643773866
6194000  -2735.1209897226  2736.07096659986
6195000  -2736.83297981369  2733.56589994537
6196000  -2736.71466901593  2733.94160115767
6197000  -2737.87129989801  2735.84980850426
6198000  -2737.19530397039  2732.90916648857
6199000  -2735.13361766696  2734.01890261125
6200000  -2738.53222517515  2735.34316152793
6201000  -2738.7605421325  2735.94096033893
6202000  -2741.77943860567  2735.67052180487
6203000  -2740.3969661721  2735.92282854586
6204000  -2741.46129925228  2735.69790162371
6205000  -2742.38176705301  2736.18374531255
6206000  -2743.8368026881  2737.30326847483
6207000  -2741.68440400275  2736.62346929839
6208000  -2745.05598237983  2737.93290186856
6209000  -2739.1549366223  2737.31128216785
6210000  -2741.97864539652  2738.99705560326
6211000  -2741.27896487289  2738.51328772881
6212000  -2743.27791699393  2739.10713752278
6213000  -2743.52417650744  2739.44409729789
6214000  -2742.73289830708  2740.60593362458
6215000  -2741.22078063169  2737.89872981288
6216000  -2742.32795523153  2740.53791376398
6217000  -2742.30187065548  2739.8154593415
6218000  -2743.99042850067  2740.0750955791
6219000  -2745.08371234761  2741.66620401835
6220000  -2747.97143671768  2744.07500364744
6221000  -2744.97820198211  2743.16329999438
6222000  -2744.47774602987  2743.11397610131
6223000  -2747.81088322441  2745.03889897865
6224000  -2747.2419095816  2743.05763119989
6225000  -2745.7533339259  2747.68098917238
6226000  -2749.94965699022  2747.26245007924
6227000  -2749.77324987507  2748.57899507312
6228000  -2749.13365186459  2747.51529872373
6229000  -2750.60921408072  2746.47249959245
6230000  -2752.32195887127  2746.43228661649
6231000  -2753.25816200417  2747.10554081822
6232000  -2754.18082006634  2747.90516955027
6233000  -2753.73070699152  2747.60500507208
6234000  -2752.11524418171  2748.50734726043
6235000  -2755.20679171969  2748.56841981291
6236000  -2754.70493857863  2750.12517817232
6237000  -2754.75019650531  2749.8445248338
6238000  -2756.71566149688  2752.16452186767
6239000  -2758.69901096938  2750.59586256793
6240000  -2757.23509069785  2752.0853591558
6241000  -2756.63354187956  2754.08028702085
6242000  -2757.96536414268  2753.46458614416
6243000  -2757.43666070001  2754.00930219615
6244000  -2758.37028306198  2752.42963988377
6245000  -2761.51047794139  2751.35477340084
6246000  -2758.84443587687  2751.86409130494
6247000  -2760.54766354826  2755.32367891247
6248000  -2762.39875142632  2754.58794623238
6249000  -2767.27502365994  2754.38654653737
6250000  -2763.57850063537  2758.08173196427
6251000  -2765.33532053182  2755.12289976751
6252000  -2765.35974558612  2760.07095331076
6253000  -2767.18173427898  2758.35423805655
6254000  -2768.02238527664  2759.33813845148
6255000  -2767.54950418676  2757.87132170377
6256000  -2766.90437057662  2759.78258367404
6257000  -2766.79314406276  2762.48228569956
6258000  -2765.47001052038  2761.68266640386
6259000  -2766.54171123394  2761.33848369484
6260000  -2766.97983247102  2762.64239271126
6261000  -2771.11027576988  2761.12312496346
6262000  -2769.40171009703  2763.24600490116
6263000  -2768.26397672896  2763.2544940809
6264000  -2769.34911057871  2760.3757171935
6265000  -2769.34965486694  2762.42070890078
6266000  -2769.31601456709  2762.28196589911
6267000  -2772.27090427374  2766.99040238941
6268000  -2769.31176289665  2765.54221276839
6269000  -2771.0432673657  2767.01982607155
6270000  -2772.16982467676  2765.15674870132
6271000  -2773.60481136589  2766.3129160338
6272000  -2773.47478309398  2766.91354592786
6273000  -2776.21446488223  2767.30127500178
6274000  -2775.77238651806  2766.75200230734
6275000  -2776.11030566417  2765.90627388019
6276000  -2775.98891952592  2769.87228961109
6277000  -2777.69797013106  2770.50218967933
6278000  -2775.06808235848  2768.99829213381
6279000  -2779.12626216294  2767.84402559789
6280000  -2779.2501977234  2770.83266865871
6281000  -2780.7639743286  2770.81918252316
6282000  -2779.60166525064  2770.69048004342
6283000  -2782.97592102914  2772.64500290337
6284000  -2777.78544860432  2772.74869332622
6285000  -2781.01854532132  2773.66440748737
6286000  -2782.40851131544  2773.80927348603
6287000  -2781.59154269106  2773.15703951754
6288000  -2784.17370677228  2776.68619837129
6289000  -2781.92864512828  2775.06361715976
6290000  -2780.97515507256  2774.14925376509
6291000  -2785.22078858553  2774.7786704606
6292000  -2780.83192719251  2776.90868393639
6293000  -2785.17745386877  2778.11646421337
6294000  -2785.12659142777  2777.57709411489
6295000  -2786.12455036134  2776.98776811593
6296000  -2785.73538656519  2780.01758253173
6297000  -2786.83433241342  2780.57990414843
6298000  -2785.89424080955  2780.96894203857
6299000  -2785.97128717829  2778.28410366386
6300000  -2786.42726465957  2778.15196783525
6301000  -2783.43745036251  2782.8331750941
6302000  -2785.60415343801  2781.62881599362
6303000  -2784.69585609431  2780.04355241115
6304000  -2785.82512870076  2781.00483003968
6305000  -2788.12855344373  2779.58014184847
6306000  -2785.30707616534  2781.96074954582
6307000  -2791.42847836439  2782.56415265986
6308000  -2790.65300953253  2783.12938709123
6309000  -2787.27644833838  2785.33726071476
6310000  -2786.82523548738  2788.07999899882
6311000  -2791.7610278398  2787.13805564364
6312000  -2788.47927960601  2787.68305761587
6313000  -2790.88038857462  2787.90370233711
6314000  -2790.13308823811  2789.19624460283
6315000  -2788.88009766323  2790.63085045819
6316000  -2789.3901329126  2788.62873489383
6317000  -2790.77241193349  2790.56694824169
6318000  -2792.09160685318  2790.92835762827
6319000  -2792.04641957198  2792.48616484455
6320000  -2791.75682564679  2795.59071196602
6321000  -2792.28940724019  2794.51038645654
6322000  -2796.4863397217  2795.84503989178
6323000  -2793.88324462386  2796.14761204533
6324000  -2793.14566041459  2793.31247436657
6325000  -2795.40660388649  2795.07082236867
6326000  -2792.75210855125  2794.81349777715
6327000  -2794.34950370995  2794.90597710274
6328000  -2794.31961810129  2795.45060136133
6329000  -2794.97708324086  2794.52256910128
6330000  -2795.68702078925  2794.75907861769
6331000  -2795.3049673926  2794.78502035047
6332000  -2794.28408391694  2796.06778925867
6333000  -2795.74526461273  2794.78252626216
6334000  -2795.16098123971  2795.23697930249
6335000  -2797.7093043694  2796.18870137135
6336000  -2796.85791889354  2795.64143173413
6337000  -2797.85920974516  2796.91315396663
6338000  -2797.65186673456  2796.26807049499
6339000  -2794.02700818981  2797.33962676074
6340000  -2796.94734493886  2801.966700419
6341000  -2797.77373482047  2802.59328212129
6342000  -2799.62660448622  2799.99085418726
6343000  -2797.72833048286  2801.40393735584
6344000  -2799.87914615318  2801.19803579848
6345000  -2802.5885064918  2798.85201359524
6346000  -2802.1251699811  2801.42861298034
6347000  -2803.18958441716  2803.47354933484
6348000  -2804.82888371364  2804.69108815964
6349000  -2803.32685468073  2803.7998037604
6350000  -2805.77975640036  2803.02038230216
6351000  -2802.5953498684  2805.74095515497
6352000  -2806.61646145398  2805.37488055809
6353000  -2807.14505761877  2806.9584442362
6354000  -2802.42180873808  2806.09669044687
6355000  -2808.83808162345  2806.32456673538
6356000  -2808.49136513756  2806.01054197244
6357000  -2806.49644220899  2808.50374481007
6358000  -2808.69557202291  2809.35046115241
6359000  -2807.61889247676  2807.39801486769
6360000  -2808.46170363796  2808.20977058666
6361000  -2810.66898524882  2807.38362703685
6362000  -2810.02849679665  2809.26642535259
6363000  -2811.2165350164  2807.76779316543
6364000  -2812.4550320433  2808.81815293942
6365000  -2813.64315423144  2809.68782422035
6366000  -2811.74885626731  2810.26071526632
6367000  -2811.39510452574  2811.36165779397
6368000  -2813.27799473779  2809.44804630542
6369000  -2814.38545889475  2809.58308753592
6370000  -2813.4464283104  2811.28698292773
6371000  -2817.28658063793  2812.74307981543
6372000  -2814.96155092456  2812.94687500068
6373000  -2814.52743610001  2814.08688337901
6374000  -2819.72521895139  2813.8175191172
6375000  -2819.85388602151  2815.47380715715
6376000  -2816.36984731361  2815.06542366738
6377000  -2817.84619137951  2814.47840804
6378000  -2820.83153828406  2814.99552270723
6379000  -2821.44361680047  2814.19764941787
6380000  -2822.04040475488  2814.73423861648
6381000  -2823.19197328287  2815.78077578143
6382000  -2825.82901980684  2815.26087572188
6383000  -2822.41165354081  2815.32376726408
6384000  -2826.37333752982  2815.1473804442
6385000  -2823.99560182761  2815.59344656263
6386000  -2824.48117685513  2817.04838769805
6387000  -2826.72388020331  2818.50903570807
6388000  -2826.56699922186  2816.77894188849
6389000  -2827.31484397456  2817.1594121453
6390000  -2829.29150683645  2820.07100048982
6391000  -2827.21724091365  2819.86075562838
6392000  -2831.63019063178  2821.68766599401
6393000  -2830.38787555984  2818.20243520427
6394000  -2829.65005913386  2819.92609378819
6395000  -2829.12150150077  2819.9630299692
6396000  -2829.47833599654  2819.7327899464
6397000  -2831.18558138422  2820.94302747789
6398000  -2830.67804793123  2821.2698637621
6399000  -2830.75723656219  2823.48504292741
6400000  -2832.02481562354  2821.82607189712
6401000  -2829.66529293543  2823.41497499806
6402000  -2831.74739771176  2822.28196343205
6403000  -2829.58407242844  2823.55523367342
6404000  -2829.48119866008  2821.97230472665
6405000  -2830.56718629127  2825.78839980845
6406000  -2830.7349452409  2823.14120058167
6407000  -2834.050750097  2822.79414431159
6408000  -2836.5629286823  2823.76762010321
6409000  -2834.70425083517  2828.35822034456
6410000  -2835.82424874893  2827.71437215881
6411000  -2836.28637231986  2827.41929117152
6412000  -2834.91896291741  2827.34765631314
6413000  -2834.83274306045  2828.93391987123
6414000  -2836.0052752371  2829.84751323218
6415000  -2837.19199021586  2831.61460962372
6416000  -2837.36577743096  2830.66574644554
6417000  -2837.83316990349  2831.38820929275
6418000  -2837.52612751943  2832.09254986537
6419000  -2839.90945478794  2833.60896355307
6420000  -2839.65914973362  2830.53675983325
6421000  -2838.5305704187  2833.88239623761
6422000  -2840.36681415212  2836.09370162073
6423000  -2839.74929066249  2835.91166749523
6424000  -2841.7095602311  2836.17469246596
6425000  -2840.28544367946  2835.82906524583
6426000  -2839.84504230506  2838.9806954881
6427000  -2840.99543361113  2835.43218629528
6428000  -2839.50921916909  2836.76570771942
6429000  -2843.12882641822  2836.43293975188
6430000  -2840.70726685391  2837.62377437806
6431000  -2840.13296081747  2838.89953538578
6432000  -2842.25972440478  2838.20111222167
6433000  -2843.02466877699  2837.6601412596
6434000  -2843.02564547717  2843.3522077749
6435000  -2846.39823773355  2843.19503733983
6436000  -2846.43393877062  2841.87008468126
6437000  -2849.94043213407  2844.45069774133
6438000  -2846.08219457491  2842.69443624303
6439000  -2845.7208786401  2841.97263584883
6440000  -2847.60160903324  2844.07771471804
6441000  -2848.41192543459  2841.98208753304
6442000  -2848.24831685632  2841.01997424208
6443000  -2847.40501567997  2844.23808081559
6444000  -2848.33588523147  2843.75040579958
6445000  -2849.44194837502  2844.04447904056
6446000  -2847.41579204286  2846.33627025628
6447000  -2849.4688378364  2844.20039398428
6448000  -2846.97356751844  2845.25643567863
6449000  -2850.43047585223  2847.19878334953
6450000  -2847.8558787921  2845.77570958425
6451000  -2849.84975989794  2847.96925507334
6452000  -2852.36869324454  2849.42551012146
6453000  -2852.39126250687  2846.795825459
6454000  -2853.55725718927  2848.98191489168
6455000  -2854.45195170809  2851.21132097903
6456000  -2854.2082525012  2850.99234570447
6457000  -2854.20099994447  2851.28000376233
6458000  -2857.42573117431  2852.85063793911
6459000  -2857.15503316345  2854.2455618646
6460000  -2858.04425813488  2853.37343351669
6461000  -2856.788090264  2854.96952992438
6462000  -2858.37507489906  2855.93171305814
6463000  -2859.07752687868  2856.30932262901
6464000  -2858.21818025047  2856.3148020882
6465000  -2860.89205381375  2854.75734455368
6466000  -2861.01283270502  2856.36598896177
6467000  -2863.65451662055  2856.07656076088
6468000  -2864.03377736612  2856.23273904374
6469000  -2866.97689199632  2855.00376392722
6470000  -2866.48914220647  2858.68672792959
6471000  -2864.777727571  2858.80348479973
6472000  -2865.48642382038  2858.3161087331
6473000  -2863.5188537684  2859.34470869056
6474000  -2869.72172447539  2860.27331886265
6475000  -2868.04595819273  2859.73033266978
6476000  -2869.7188210407  2861.01967811799
6477000  -2869.49241267038  2863.75635388982
6478000  -2868.58177582882  2862.22699272071
6479000  -2869.12796574291  2864.62552672562
6480000  -2870.52221789291  2863.3257543652
6481000  -2872.04853583048  2865.37996263897
6482000  -2871.77132170746  2867.93528929198
6483000  -2871.57595325509  2867.21531378487
6484000  -2873.07347324845  2868.0349859304
6485000  -2875.37189324385  2869.81400556676
6486000  -2875.25455552384  2868.58980780745
6487000  -2876.76441256653  2870.36077374152
6488000  -2874.8741179647  2871.22618641017
6489000  -2876.9626211083  2869.38782100843
6490000  -2873.75480710486  2872.42382738862
6491000  -2877.10400822011  2873.65838914495
6492000  -2876.52690704185  2873.53469520849
6493000  -2875.81327119092  2874.72626833969
6494000  -2876.54550054084  2874.79462258402
6495000  -2878.79017459486  2874.75366547642
6496000  -2879.64713684349  2874.34780795147
6497000  -2876.2202150166  2879.17738043012
6498000  -2877.949116912  2878.0253122592
6499000  -2879.09601051858  2879.3573763987
6500000  -2876.66009584879  2879.41274394712
6501000  -2876.07517105342  2878.36584913771
6502000  -2878.17318176599  2880.12789504306
6503000  -2878.89716954979  2876.08131686433
6504000  -2880.71291971776  2879.80675681118
6505000  -2881.52012127465  2880.08259414561
6506000  -2880.86139189617  2879.73210480249
6507000  -2882.19107145983  2882.08157382232
6508000  -2882.64219963284  2884.79891606283
6509000  -2884.34889005728  2884.04109036202
6510000  -2883.69619348551  2884.36479357578
6511000  -2882.88330041877  2886.44607450697
6512000  -2886.00866729341  2884.84787772791
6513000  -2883.27044719001  2883.95779143915
6514000  -2884.80384725683  2882.39414995203
6515000  -2885.96159228609  2885.95714351306
6516000  -2886.71967926187  2884.47469676365
6517000  -2886.00744618621  2882.99565735977
6518000  -2883.53012120755  2881.92990138504
6519000  -2884.63835317123  2883.58872546116
6520000  -2883.31305378233  2883.28306853476
6521000  -2888.695110864  2885.61571602776
6522000  -2887.50015386313  2882.66773993964
6523000  -2889.39531201303  2884.32446642584
6524000  -2889.20649968988  2887.04682342933
6525000  -2890.63767220082  2886.77119687839
6526000  -2891.27769520997  2888.13737828494
6527000  -2891.32492103446  2886.21732752762
6528000  -2889.26140623465  2887.52824714683
6529000  -2891.93623976367  2886.61410966986
6530000  -2892.30695736588  2887.74879181932
6531000  -2892.03975318415  2887.80736395325
6532000  -2892.40398708594  2889.73459163087
6533000  -2893.41848811103  2891.12241586302
6534000  -2895.41207222494  2891.39005018421
6535000  -2893.7509721745  2891.3547540052
6536000  -2895.51868459247  2895.26331925701
6537000  -2895.1317550815  2893.13566468801
6538000  -2898.48771510436  2892.76944388109
6539000  -2894.3964811492  2893.19819490749
6540000  -2898.69402494083  2892.39766742697
6541000  -2895.52267368621  2893.86239399998
6542000  -2896.28105565625  2893.67629161568
6543000  -2897.87043295334  2893.70732626444
6544000  -2900.61419659715  2895.2761689814
6545000  -2900.58712910447  2893.60799665116
6546000  -2897.55838902364  2894.27863591476
6547000  -2898.20646881805  2894.80321572387
6548000  -2897.5400469698  2895.13473852179
6549000  -2899.02699953075  2895.83894092107
6550000  -2898.77922874294  2898.050327276
6551000  -2902.82517719021  2895.04881888148
6552000  -2903.19083990819  2898.77951463683
6553000  -2901.27861864861  2897.56134995471
6554000  -2903.39108883919  2896.21373725236
6555000  -2901.97080983892  2895.80130535327
6556000  -2901.65082287229  2897.18661032382
6557000  -2903.91909611575  2896.76712702121
6558000  -2904.12069747775  2895.33150446128
6559000  -2901.68230902678  2897.92882224503
6560000  -2901.78189443476  2899.80941825927
6561000  -2900.55845228738  2900.22553000983
6562000  -2901.36196753203  2895.94525948774
6563000  -2902.87341067538  2896.19866729032
6564000  -2901.973709922  2898.40921214138
6565000  -2901.74092648691  2898.11488740638
6566000  -2903.233002819  2902.11609092591
6567000  -2903.77573378992  2902.97521367326
6568000  -2903.92388750726  2900.90459481843
6569000  -2905.69080991047  2902.31469997289
6570000  -2908.35845918166  2903.62435045761
6571000  -2906.62912711102  2904.52493787746
6572000  -2906.74861069445  2903.06690849812
6573000  -2905.21503296396  2902.86768821543
6574000  -2905.69008253558  2903.71222880697
6575000  -2904.54119089915  2903.39426934012
6576000  -2906.92697343406  2899.74455807925
6577000  -2905.80312280057  2901.03094013156
6578000  -2908.16457314615  2899.42200641666
6579000  -2909.09659914713  2900.65260703926
6580000  -2908.05832326069  2900.62952440073
6581000  -2908.32170960815  2900.70573161922
6582000  -2911.79359007969  2902.41669443014
6583000  -2910.64302952854  2901.32155680491
6584000  -2910.34347073437  2904.590949608
6585000  -2909.04226786988  2904.1881750145
6586000  -2911.79080457559  2904.05112195411
6587000  -2909.82073911316  2907.16341128991
6588000  -2913.3759722024  2906.10945785055
6589000  -2913.22391114306  2906.05933154646
6590000  -2912.8954498029  2908.1663114112
6591000  -2910.75136898042  2907.5924968647
6592000  -2910.53392092641  2906.17779152374
6593000  -2913.34689764545  2907.95687115667
6594000  -2911.03414707586  2906.5061893807
6595000  -2909.54814623128  2911.36602547594
6596000  -2911.61924827901  2909.91495349953
6597000  -2909.40768957984  2910.54364259625
6598000  -2911.74046290718  2911.37231302721
6599000  -2912.63019553064  2911.64866374935
6600000  -2913.89719362275  2911.98084260222
6601000  -2914.21008946283  2913.8323345264
6602000  -2915.83044762844  2914.28566915664
6603000  -2914.32177915614  2916.05252637105
6604000  -2913.97120704297  2916.85904857087
6605000  -2913.79461670036  2917.11435649254
6606000  -2914.50368929003  2918.47106955059
6607000  -2913.71834125226  2915.59976295346
6608000  -2915.95589946464  2916.72285007473
6609000  -2916.43703559446  2918.97700182091
6610000  -2918.25245480048  2919.97695462793
6611000  -2919.01850397391  2916.48484166089
6612000  -2919.26609832273  2916.5781993465
6613000  -2918.80307452873  2918.90174049524
6614000  -2917.64812439328  2921.31193121685
6615000  -2915.4488104047  2918.21859367589
6616000  -2919.24750154662  2917.62047599483
6617000  -2915.80909334326  2918.83261211778
6618000  -2918.38231412986  2918.67404670773
6619000  -2918.06549081301  2920.89011881634
6620000  -2919.3658031756  2922.03216143894
6621000  -2920.64295280489  2920.73882269783
6622000  -2921.40935812138  2922.05228378896
6623000  -2921.60857508369  2922.44682342
6624000  -2922.87730793134  2925.92232845308
6625000  -2925.27256632832  2925.70494119711
6626000  -2924.15134758324  2926.83062763336
6627000  -2924.4972836023  2928.90311576667
6628000  -2925.5069119152  2926.92546841922
6629000  -2924.27117790857  2929.66924599338
6630000  -2925.66314632449  2930.68917032806
6631000  -2926.39590439459  2931.73567501615
6632000  -2928.12538706378  2933.67430586125
6633000  -2926.07688367679  2933.86286945524
6634000  -2927.46899884978  2934.99813398138
6635000  -2928.27801250908  2932.68480398609
6636000  -2931.0699352971  2936.5752458119
6637000  -2929.04316505206  2937.06542687446
6638000  -2932.97925069595  2934.89281822238
6639000  -2932.81973041652  2936.00234409593
6640000  -2932.71327414698  2937.29599171978
6641000  -2932.04102129011  2938.98182638076
6642000  -2932.15065460084  2940.32805244398
6643000  -2930.3419002597  2941.04426301501
6644000  -2935.29229284661  2939.96245555797
6645000  -2933.36346949398  2943.01439037493
6646000  -2931.28807899473  2943.33247224109
6647000  -2933.13009169878  2942.24217833078
6648000  -2935.57021694668  2939.37774520955
6649000  -2931.81461678939  2943.75948878255
6650000  -2933.6272406934  2940.42021772846
6651000  -2933.58595037567  2939.68495699182
6652000  -2937.92088846349  2942.70459573221
6653000  -2934.16919132745  2942.01671755146
6654000  -2936.76041566149  2942.98565333213
6655000  -2937.97207318988  2943.34640656948
6656000  -2939.45772849294  2943.95272051047
6657000  -2938.04653202663  2944.93911343606
6658000  -2937.09394873703  2941.92105886496
6659000  -2937.27914408478  2943.3855661733
6660000  -2939.64976087116  2945.35131070537
6661000  -2942.98546681537  2944.96463739691
6662000  -2941.20462625649  2944.54273333323
6663000  -2941.76125684647  2945.55719000287
6664000  -2943.81800198199  2946.38142614263
6665000  -2943.1252146425  2944.49632546611
6666000  -2945.22514375685  2946.37535718709
6667000  -2944.55636926186  2947.57583271208
6668000  -2944.89358430855  2947.03840020987
6669000  -2944.46610591452  2947.84205334878
6670000  -2943.93980739615  2946.26317846424
6671000  -2945.18811512979  2946.19270344594
6672000  -2950.59105618165  2946.86038013899
6673000  -2950.52176951001  2948.56450492172
6674000  -2946.41696349176  2949.86959813316
6675000  -2949.91533734866  2951.01016812285
6676000  -2949.00912233932  2952.03813600454
6677000  -2949.66181604725  2953.7937734618
6678000  -2949.34737282753  2951.32654157536
6679000  -2951.69987375414  2951.93997302095
6680000  -2949.5225738245  2951.59305485595
6681000  -2951.6064931943  2952.04877949401
6682000  -2950.55161392821  2952.16968089075
6683000  -2952.88987726388  2953.7451843086
6684000  -2954.32848568634  2952.49975785495
6685000  -2952.44862048874  2952.07483875523
6686000  -2953.68560411487  2954.92634653648
6687000  -2954.69859126664  2954.11042956784
6688000  -2953.51644993731  2952.1871049668
6689000  -2952.14244075018  2954.20914956937
6690000  -2954.24744583551  2953.52051247097
6691000  -2955.05735800465  2952.42332156848
6692000  -2954.48443973481  2954.61160117286
6693000  -2953.602676496  2954.76211865702
6694000  -2952.06706468397  2953.84634552566
6695000  -2956.2401991057  2955.19264542745
6696000  -2954.08998778754  2955.55408512626
6697000  -2960.68517264884  2956.34931020295
6698000  -2959.67324313911  2955.74486035666
6699000  -2956.83063392558  2955.54927481442
6700000  -2960.73316757178  2955.24105982593
6701000  -2959.71621630198  2957.33788209733
6702000  -2960.36724986946  2959.48044298552
6703000  -2959.14531343572  2958.69473004219
6704000  -2958.8044011983  2960.15244582671
6705000  -2961.07788530078  2960.82691786957
6706000  -2959.36981755551  2963.60185326255
6707000  -2961.38633296784  2965.6289603973
6708000  -2959.03573937135  2966.46756286903
6709000  -2960.85843924859  2963.98058173924
6710000  -2960.53133786242  2964.85578855342
6711000  -2961.7579202908  2965.18134833125
6712000  -2956.88606421109  2965.36184757756
6713000  -2959.13840463261  2967.2120054842
6714000  -2957.18818902237  2967.10585330944
6715000  -2961.01968204802  2969.16495933866
6716000  -2959.99384739576  2968.26866318833
6717000  -2960.85345229251  2969.6240126477
6718000  -2960.19129109826  2973.82746326564
6719000  -2961.42542798466  2971.13035281833
6720000  -2960.44399474557  2969.15351611671
6721000  -2962.33472968327  2970.75527884563
6722000  -2965.06064623384  2969.68568444314
6723000  -2966.97293929805  2971.31398875061
6724000  -2964.71370368854  2972.32811555241
6725000  -2967.07094114893  2969.95222327431
6726000  -2964.84183894854  2971.42751378526
6727000  -2965.71669613769  2970.04163177588
6728000  -2968.18622755405  2970.31920676772
6729000  -2972.8084073255  2972.42071951036
6730000  -2974.55609699779  2972.56718795709
6731000  -2970.5244976063  2968.81958526967
6732000  -2968.54520134849  2970.25114322684
6733000  -2968.16461114208  2970.76310820646
6734000  -2970.97096910275  2969.82636227811
6735000  -2966.29522196939  2967.64504696907
6736000  -2967.39761433032  2969.75818818052
6737000  -2970.54200037486  2971.02486386903
6738000  -2969.77304578219  2970.6747221818
6739000  -2971.66608014009  2968.76983379013
6740000  -2967.86584851298  2971.51508919677
6741000  -2970.00163674183  2969.51855141273
6742000  -2973.30685093053  2970.65943769796
6743000  -2975.75189320336  2970.14764639515
6744000  -2976.80777479808  2970.94116669898
6745000  -2974.39075978493  2969.27694806023
6746000  -2972.93587900241  2972.50517981771
6747000  -2976.31274637849  2969.62347945011
6748000  -2975.51898492627  2970.36502695766
6749000  -2977.21176793784  2970.91925592644
6750000  -2974.29965321769  2972.15803504754
6751000  -2975.84236607428  2969.32634340969
6752000  -2973.90976821464  2972.58123291317
6753000  -2977.23711349959  2972.26003603844
6754000  -2977.14804085012  2972.27054609539
6755000  -2978.13901324369  2973.65172108003
6756000  -2980.73079095373  2976.08499108521
6757000  -2976.57973165208  2974.50630983323
6758000  -2978.03687418298  2976.44537450134
6759000  -2979.84459757473  2976.15617640006
6760000  -2982.18252940587  2976.59739433395
6761000  -2978.86656322103  2978.24022656464
6762000  -2979.98370980963  2977.74453570479
6763000  -2981.84869740203  2977.98782994445
6764000  -2983.91970081051  2978.3451055106
6765000  -2982.54174686942  2977.88939481765
6766000  -2981.02819252449  2976.96676643005
6767000  -2982.11644700883  2976.59745059024
6768000  -2985.15879784785  2978.48206914442
6769000  -2982.07493244393  2977.15755967594
6770000  -2983.09632462956  2978.02926640232
6771000  -2984.96146527269  2978.91027872277
6772000  -2984.6435822311  2979.15693740248
6773000  -2984.81636496977  2980.55866203561
6774000  -2984.47600877731  2979.02596659845
6775000  -2987.0681080166  2982.39057158367
6776000  -2989.38906567012  2980.48008898322
6777000  -2991.47959283273  2982.81550127332
6778000  -2990.71506029246  2981.57523099533
6779000  -2991.66675383814  2982.53066484334
6780000  -2989.04592335655  2983.15982476712
6781000  -2990.37949448142  2982.94484346552
6782000  -2990.81424743539  2981.87455663006
6783000  -2989.40265044677  2984.60246600395
6784000  -2988.27007976831  2981.09803151771
6785000  -2990.14184479152  2984.27129123106
6786000  -2991.05697681196  2984.75961461533
6787000  -2991.59350125136  2980.42154792789
6788000  -2989.04602359471  2984.59028444118
6789000  -2991.02887837666  2986.66306717844
6790000  -2991.62003502395  2987.37676777287
6791000  -2992.32137661001  2986.35523317575
6792000  -2993.56823001633  2988.17896105635
6793000  -2993.46800834032  2985.28880390035
6794000  -2992.97377118014  2986.03086843221
6795000  -2994.63526193967  2987.11045100439
6796000  -2994.54244610285  2986.45069499292
6797000  -2996.37710425785  2987.56037496147
6798000  -2997.56787305292  2985.39388172675
6799000  -2996.20199003906  2989.3076591079
6800000  -2994.15599008263  2986.796630936
6801000  -2998.01114800594  2988.05315261031
6802000  -2998.33056081813  2988.39943739351
6803000  -2999.4581136796  2989.07114711449
6804000  -3000.68155010663  2991.49265646912
6805000  -2997.7557859803  2991.26294532311
6806000  -3000.93059499674  2991.28446331571
6807000  -3000.26575661428  2992.07906617416
6808000  -3003.90680326894  2993.39922582046
6809000  -3006.84018942656  2991.30588935269
6810000  -3002.80897165314  2992.41276618957
6811000  -3004.02690207172  2990.98418749018
6812000  -3006.44624952462  2993.39871406908
6813000  -3005.99428691041  2993.66055935824
6814000  -3007.22743616025  2994.59200536793
6815000  -3007.0022289913  2992.73909218943
6816000  -3006.98129764543  2995.18298113263
6817000  -3006.25523703856  2996.56168258155
6818000  -3010.5771218294  2994.86530201771
6819000  -3007.90125246746  2997.81864402581
6820000  -3007.84897565899  2999.02845666005
6821000  -3008.41642614582  2998.93093131374
6822000  -3009.35097792386  2998.49815020957
6823000  -3008.22509568495  2999.88670373778
6824000  -3009.40991322235  3001.32804780607
6825000  -3012.11514455912  3002.52693179045
6826000  -3012.06080803951  3002.54260876523
6827000  -3011.73986467437  3004.67812162274
6828000  -3013.24137644629  3002.03901994021
6829000  -3011.12698860812  3006.59537307397
6830000  -3013.66306951075  3006.75177586902
6831000  -3011.60184507921  3006.8415129674
6832000  -3012.31825166938  3008.1364062497
6833000  -3015.69407451064  3005.9923524829
6834000  -3014.40579367597  3011.73189514392
6835000  -3014.22595276749  3011.41649989206
6836000  -3015.16736690008  3011.18068187947
6837000  -3017.75564691453  3010.29682170447
6838000  -3016.13805573201  3009.28499781617
6839000  -3016.53415004614  3012.83428672836
6840000  -3019.99906195544  3013.52959231413
6841000  -3017.0574148811  3012.05637218162
6842000  -3019.86265284447  3012.26638621089
6843000  -3019.84454365406  3014.26437918753
6844000  -3020.65295619262  3013.20255150503
6845000  -3016.85535907124  3014.19758154615
6846000  -3017.94116165654  3013.39177828429
6847000  -3020.54754390787  3013.21685307583
6848000  -3021.37214592427  3015.66688049404
6849000  -3022.89747593093  3015.23119468598
6850000  -3022.53035191394  3013.32234896061
6851000  -3021.6542424973  3012.06023210387
6852000  -3024.46706562523  3013.19184158975
6853000  -3023.43507385914  3016.74611572845
6854000  -3022.90493865891  3014.80958092498
6855000  -3024.6590148144  3017.44786333541
6856000  -3023.17110632113  3016.22318715847
6857000  -3025.81666355424  3014.02394056273
6858000  -3026.28586126381  3015.06299640206
6859000  -3022.61361485608  3018.02402647559
6860000  -3024.52325744196  3018.95823259523
6861000  -3024.17966708935  3020.10404953018
6862000  -3024.68296501428  3017.64674233398
6863000  -3024.11232500374  3016.29121034373
6864000  -3023.37980119266  3018.13876968183
6865000  -3022.80526093763  3017.3131085896
6866000  -3023.75467806146  3018.69429073017
6867000  -3025.12815204287  3018.51401454765
6868000  -3024.72074817093  3019.79273667925
6869000  -3025.27328071861  3020.7578157066
6870000  -3026.42599015056  3022.67991627373
6871000  -3026.22043052216  3021.8837208731
6872000  -3027.3345496232  3023.42196057464
6873000  -3026.88920574957  3025.3282024187
6874000  -3027.76452319207  3024.30447085652
6875000  -3026.1440049458  3023.56053970884
6876000  -3026.83281364512  3025.08032269354
6877000  -3026.83218373592  3021.38522053298
6878000  -3030.83780250162  3025.84807260624
6879000  -3031.49842049373  3025.21268249989
6880000  -3029.82817558844  3027.27507423877
6881000  -3032.2098186763  3030.45605956676
6882000  -3031.82161188627  3027.26182991943
6883000  -3031.44207680023  3028.25369348235
6884000  -3031.91829350178  3025.76243394965
6885000  -3032.77385004985  3028.12101975417
6886000  -3031.42697828094  3028.72806294529
6887000  -3033.70339010966  3028.77720723707
6888000  -3032.72292498919  3031.63954412516
6889000  -3032.40663304701  3030.22782995739
6890000  -3032.13770111574  3031.71936907392
6891000  -3034.44747209267  3033.83652102231
6892000  -3031.80825888077  3033.06929837802
6893000  -3035.37438752979  3034.57842868804
6894000  -3035.33210508163  3034.92398797115
6895000  -3035.27013032008  3036.99655019079
6896000  -3033.43190518188  3035.83596217004
6897000  -3034.93635097675  3039.31125526166
6898000  -3036.4515802621  3036.07842785027
6899000  -3037.63958387365  3038.27441957733
6900000  -3039.53478656874  3036.33477956618
6901000  -3034.70386379426  3037.05736692099
6902000  -3038.27373950875  3036.06662339868
6903000  -3038.0867931922  3037.75614494205
6904000  -3039.95938423185  3040.1785888309
6905000  -3039.19846685233  3040.96464895208
6906000  -3040.14101680611  3038.81887779314
6907000  -3040.90512190334  3038.7876842314
6908000  -3042.05393608401  3039.81973500525
6909000  -3040.26978706398  3040.61542548747
6910000  -3038.95070474713  3040.5748351444
6911000  -3041.42805635314  3042.76417742026
6912000  -3042.43267703322  3043.26418459078
6913000  -3042.23654384755  3044.73461693198
6914000  -3040.95673380002  3044.01892744587
6915000  -3040.91729421719  3046.40124533844
6916000  -3042.32119624704  3045.00707343225
6917000  -3040.91607353655  3046.25418587122
6918000  -3042.9909384669  3045.5767089467
6919000  -3042.4488243866  3046.32679198534
6920000  -3042.95488823724  3046.82195224921
6921000  -3044.54703918012  3049.75665787814
6922000  -3044.1236338458  3048.73311003466
6923000  -3043.35710208011  3046.16974960844
6924000  -3048.38343897373  3048.94972924499
6925000  -3046.14566482307  3050.24735082571
6926000  -3048.63076077479  3053.08371350987
6927000  -3045.78045518106  3048.51708506639
6928000  -3050.26890847398  3053.28926267635
6929000  -3047.59226067403  3054.13416333236
6930000  -3049.71393272139  3053.13307248208
6931000  -3049.48380331139  3052.86952227226
6932000  -3051.94635441151  3052.69390517635
6933000  -3054.64349468421  3051.43965108053
6934000  -3053.41602858803  3052.22588590205
6935000  -3051.86442362995  3052.85463916129
6936000  -3054.47455614459  3052.25320690796
6937000  -3052.65579513639  3053.85157021264
6938000  -3054.20804781222  3054.80656899614
6939000  -3053.21106313532  3054.07300072339
6940000  -3054.0504608626  3052.99874801558
6941000  -3056.78952429369  3055.56198402458
6942000  -3055.4693838142  3057.08065268341
6943000  -3055.99838262794  3052.20302030022
6944000  -3058.77525906756  3056.83663751228
6945000  -3059.63585421004  3058.58117412188
6946000  -3060.87617381127  3055.29768370214
6947000  -3063.03563289666  3055.85351728863
6948000  -3061.61655931272  3056.76780922643
6949000  -3063.82570177424  3057.64189006512
6950000  -3064.16936341741  3054.53956443752
6951000  -3060.37599440862  3056.12866490846
6952000  -3063.61094586534  3060.7648314108
6953000  -3062.11495754059  3058.37204875724
6954000  -3062.53503598175  3057.15019075504
6955000  -3061.93136727682  3058.32295247969
6956000  -3061.60756382094  3060.1755573581
6957000  -3062.86818488283  3062.47057467249
6958000  -3065.40457563005  3059.66177478796
6959000  -3064.17022495092  3060.61269827656
6960000  -3065.06709304654  3060.58387144131
6961000  -3066.64846718485  3062.03800100437
6962000  -3068.68837571769  3063.23151441663
6963000  -3066.12502170424  3063.66406166209
6964000  -3067.04278930425  3063.76678068128
6965000  -3069.45026214272  3064.55002980199
6966000  -3069.38284721234  3062.41270087741
6967000  -3069.62775745007  3061.76434940776
6968000  -3071.07114356103  3062.55604911337
6969000  -3066.89861157485  3061.34540727647
6970000  -3067.74872209383  3065.62468754285
6971000  -3068.53241362321  3061.03819479386
6972000  -3068.72145042787  3064.11621259192
6973000  -3071.09899221209  3064.36699063282
6974000  -3068.16982699704  3064.85108109948
6975000  -3067.6790615822  3065.50518326879
6976000  -3069.63339902908  3066.52562202821
6977000  -3069.59728172534  3069.14649238255
6978000  -3067.94259421151  3067.21491951705
6979000  -3069.36896638377  3068.88586484047
6980000  -3071.08839049548  3068.38171599074
6981000  -3069.71562266661  3069.8464178199
6982000  -3072.45447288842  3070.25587202387
6983000  -3070.11629923781  3068.54044322134
6984000  -3072.77084694058  3069.51398053343
6985000  -3072.95394791487  3071.29726150409
6986000  -3071.49258492955  3071.04215337893
6987000  -3071.92643321946  3071.82441561305
6988000  -3071.7541609359  3074.21920937293
6989000  -3076.01194965142  3072.16544770184
6990000  -3076.28444800757  3074.89440270816
6991000  -3073.72242007205  3074.87115005908
6992000  -3076.83856383874  3075.49327585344
6993000  -3074.67171728319  3074.10077089506
6994000  -3074.54588765894  3075.43703138816
6995000  -3074.96980783283  3076.1548270854
6996000  -3077.68983039144  3076.1861010269
6997000  -3073.93058639355  3075.42552778583
6998000  -3076.98953216985  3077.10728519555
6999000  -3076.59043793101  3075.47253181941
7000000  -3076.3072686386  3076.86179233024
7001000  -3076.78949020774  3077.78173406389
7002000  -3078.15745439033  3081.98206992851
7003000  -3077.82201621764  3078.69811104908
7004000  -3081.91824431753  3079.6735727408
7005000  -3078.91201068188  3081.15274597741
7006000  -3078.4513333769  3080.4275542752
7007000  -3081.20048175777  3082.17724135095
7008000  -3079.13458383139  3082.21914440784
7009000  -3081.8632529565  3081.92413659859
7010000  -3082.26534839178  3080.14259038111
7011000  -3081.46880746306  3082.33747800591
7012000  -3083.0637013725  3083.80185085973
7013000  -3083.34012402574  3082.30157930136
7014000  -3084.05710780472  3084.1540036557
7015000  -3084.47321745547  3084.03947942038
7016000  -3086.42431244091  3083.10528566824
7017000  -3084.36358284863  3083.61681239566
7018000  -3085.35415720989  3085.07821107355
7019000  -3082.66034359875  3083.04509954447
7020000  -3086.19866588418  3087.21878610327
7021000  -3088.2228908185  3088.86087630358
7022000  -3087.56518406054  3088.33453625949
7023000  -3087.34041223237  3087.09444380794
7024000  -3085.1151308083  3087.81390774797
7025000  -3086.51094103514  3088.35977564298
7026000  -3087.20592052463  3092.4606428069
7027000  -3086.67983691923  3090.0362676319
7028000  -3089.93654283242  3088.87956830201
7029000  -3090.85173450479  3089.49704013719
7030000  -3090.22084185093  3089.67482592266
7031000  -3091.28777621243  3091.29177470792
7032000  -3092.98200959147  3092.90310210978
7033000  -3092.14168091686  3094.27655872996
7034000  -3093.28569856881  3093.62030093873
7035000  -3090.67682152365  3094.85724351369
7036000  -3091.93707843947  3094.79362637704
7037000  -3092.56708871829  3094.48482744131
7038000  -3096.46392033765  3094.28863776841
7039000  -3095.90203790737  3093.27755732051
7040000  -3095.37500400395  3096.29165792755
7041000  -3095.46145226589  3096.06536036393
7042000  -3096.30495217224  3098.50371851131
7043000  -3097.32983960492  3096.81455989329
7044000  -3098.30259472734  3098.50273586235
7045000  -3101.11624498702  3097.11866437024
7046000  -3099.0848497518  3099.13064207853
7047000  -3100.03290458938  3096.43812981198
7048000  -3100.01597093212  3096.74029615388
7049000  -3099.57743811392  3100.66105520967
7050000  -3102.41342422408  3098.21223937615
7051000  -3102.95497507404  3100.68644159644
7052000  -3102.4245999003  3102.6433418192
7053000  -3102.73494563743  3100.48923021744
7054000  -3103.06984879442  3102.59211064617
7055000  -3101.05752546886  3104.66458235
7056000  -3105.40098549835  3102.71238539068
7057000  -3105.32215730125  3104.75952232999
7058000  -3103.06685304545  3104.17910066585
7059000  -3105.49668624972  3104.53222877486
7060000  -3106.27360545806  3107.03801919268
7061000  -3106.24818360725  3105.84375280404
7062000  -3107.08251633076  3107.68745127382
7063000  -3108.97428023678  3106.64548112685
7064000  -3108.93455034639  3107.47179092481
7065000  -3110.61848466834  3109.53073427532
7066000  -3107.58557084347  3106.30077789623
7067000  -3109.17200441662  3108.18278987182
7068000  -3109.83269195397  3108.69854055475
7069000  -3111.01593047413  3108.03025687864
7070000  -3111.25662952926  3110.33899861506
7071000  -3112.75326881773  3110.18009625748
7072000  -3114.63183483294  3109.11006467544
7073000  -3114.48611064881  3110.64114014941
7074000  -3115.84575776434  3109.15237453628
7075000  -3115.21304358511  3107.14774397078
7076000  -3116.02114805836  3108.92935643977
7077000  -3117.52288927453  3111.37897589693
7078000  -3114.76786026566  3109.73195403161
7079000  -3118.44348712929  3110.16692101438
7080000  -3118.8385257638  3111.68377657488
7081000  -3117.0696860258  3112.74901974048
7082000  -3118.44906726873  3111.87079205316
7083000  -3115.02893554994  3112.87022858835
7084000  -3119.42601912536  3111.41698410122
7085000  -3119.03330143686  3113.71785931819
7086000  -3118.06168357644  3113.92109537636
7087000  -3122.17882290917  3114.49052971469
7088000  -3118.15554211374  3114.48503783085
7089000  -3119.99562490875  3113.98568499607
7090000  -3121.29835795123  3114.07034018094
7091000  -3119.97316445542  3117.0292344225
7092000  -3124.81720358236  3113.45616139321
7093000  -3118.19899451267  3115.87952930298
7094000  -3119.23630250471  3115.85708180881
7095000  -3120.96638395895  3118.16450329066
7096000  -3119.89638823737  3117.01534396443
7097000  -3122.83587230139  3117.72157146041
7098000  -3122.42013892007  3118.21391427503
7099000  -3124.32771854961  3119.09029095802
7100000  -3124.27568578148  3120.04297819959
7101000  -3124.92475602052  3118.91714540685
7102000  -3127.06263700063  3121.38206541715
7103000  -3125.4843929389  3121.20752307295
7104000  -3127.11556837893  3119.96299841
7105000  -3126.6022054056  3120.94755983642
7106000  -3126.00556100903  3122.56058248712
7107000  -3126.44852725372  3121.60277387537
7108000  -3125.77523986355  3121.60053582679
7109000  -3124.55861997394  3121.62281219815
7110000  -3125.08492485264  3124.06894178881
7111000  -3126.6427023324  3121.49565483259
7112000  -3125.81869440194  3123.90894583457
7113000  -3125.87696417454  3123.48852905614
7114000  -3125.99606067562  3125.60648910227
7115000  -3128.96433651577  3124.31768595131
7116000  -3132.54937057838  3126.06993548139
7117000  -3130.32091635468  3124.02883722056
7118000  -3128.68735198336  3127.23126210933
7119000  -3130.69194820771  3127.27294853144
7120000  -3136.10766850277  3128.09743120201
7121000  -3136.98556754108  3130.71473659044
7122000  -3133.46332254014  3130.06755226301
7123000  -3134.91888766062  3129.61729816542
7124000  -3134.91238570411  3128.69118595121
7125000  -3134.49697464973  3131.51137937163
7126000  -3135.13034367979  3132.77365633149
7127000  -3136.47506205009  3132.44753920371
7128000  -3135.29609590092  3131.88866010308
7129000  -3138.18101643976  3135.25938831742
7130000  -3137.54619073274  3136.2605621029
7131000  -3137.51923685696  3135.60883873999
7132000  -3137.36130632929  3135.44830231786
7133000  -3135.87193242749  3134.16637679771
7134000  -3139.64241379532  3134.70572228677
7135000  -3136.18393866622  3136.72690284726
7136000  -3137.41115141784  3138.20402781224
7137000  -3140.51399115524  3137.76362566801
7138000  -3139.96792880703  3139.37621068665
7139000  -3140.98696429925  3138.59747981295
7140000  -3140.66983486918  3140.2820844632
7141000  -3142.35242439273  3140.81170475031
7142000  -3143.22299526651  3139.85062720565
7143000  -3141.79290737123  3140.22494144575
7144000  -3144.49085734522  3141.34136852895
7145000  -3142.80524131353  3141.8035730695
7146000  -3146.83180906201  3141.4100699779
7147000  -3143.84590183947  3144.74723734475
7148000  -3143.96472159695  3142.70369997617
7149000  -3147.13048788936  3144.46665620533
7150000  -3147.45980351015  3145.19094573111
7151000  -3150.19405826291  3147.08502996861
7152000  -3149.91870712695  3147.60941702436
7153000  -3148.89335893802  3148.20983596823
7154000  -3151.16055121968  3148.73252999024
7155000  -3149.90065843513  3149.27246183384
7156000  -3151.74436589026  3149.26534928728
7157000  -3152.56248750589  3147.70745829069
7158000  -3152.07429994857  3151.52660077329
7159000  -3149.81591929954  3150.2757742558
7160000  -3153.77681538388  3150.63710120593
7161000  -3154.67612903184  3150.26773700808
7162000  -3154.28376556002  3149.68482705111
7163000  -3157.19275391485  3150.90230550019
7164000  -3151.7607818535  3152.50711304931
7165000  -3154.01573177111  3152.74700482612
7166000  -3156.34813430659  3151.16715770234
7167000  -3157.8122253108  3153.82161188138
7168000  -3156.39041019339  3154.2394851313
7169000  -3158.02898457679  3153.93841310294
7170000  -3160.57515496945  3154.52590066898
7171000  -3162.36357624827  3154.08476356847
7172000  -3160.89209442182  3152.92137874763
7173000  -3161.01626558225  3155.61910081111
7174000  -3160.30814645581  3155.56285029254
7175000  -3165.38164033203  3156.02585907364
7176000  -3165.99467029867  3153.95729994644
7177000  -3162.81047397139  3155.84563741642
7178000  -3161.14672109857  3155.97298913943
7179000  -3160.8913298658  3156.36525533456
7180000  -3161.14970472017  3158.0110508287
7181000  -3164.41024625968  3158.72735387533
7182000  -3164.69762975023  3159.8618099543
7183000  -3164.22815492993  3158.70124093038
7184000  -3163.31239633906  3160.3990655444
7185000  -3163.98813643597  3159.68529994716
7186000  -3165.68915045873  3161.404242227
7187000  -3165.71474498057  3163.70440266835
7188000  -3169.50526062062  3162.30157935574
7189000  -3167.67150168307  3162.99516888797
7190000  -3170.37715683351  3159.19536762934
7191000  -3167.42127085392  3161.15363453783
7192000  -3171.10674080056  3158.45636397411
7193000  -3173.13968483356  3160.32251314998
7194000  -3172.09458150299  3161.92245234752
7195000  -3172.65829132505  3162.35442567177
7196000  -3170.99145450957  3162.54256538713
7197000  -3168.34847030988  3162.69118460862
7198000  -3170.69235757748  3166.10351320958
7199000  -3170.38184324832  3164.05328933137
7200000  -3171.45269400285  3162.90261121421
7201000  -3169.26284343477  3164.68081097908
7202000  -3173.21582035042  3164.44540068046
7203000  -3173.2708337084  3165.00864045976
7204000  -3169.39163591409  3163.80072436645
7205000  -3174.50564971413  3166.80504868499
7206000  -3173.21146761808  3166.14846543969
7207000  -3173.73213466024  3165.29508252878
7208000  -3174.79909326139  3165.0313884921
7209000  -3175.03986807323  3165.10743611
7210000  -3177.24076682619  3165.80134310753
7211000  -3177.55480874467  3168.55880118941
7212000  -3176.98379288754  3166.63374840095
7213000  -3179.17386688295  3169.71186644917
7214000  -3178.15345781756  3166.97458935133
7215000  -3176.28958707598  3166.24269481677
7216000  -3179.30403714787  3167.98564180563
7217000  -3180.60333990981  3167.58640322323
7218000  -3181.03491854978  3168.78946084326
7219000  -3181.91767860321  3168.32533230047
7220000  -3182.86012984247  3170.31934859911
7221000  -3182.29588952164  3170.44908312631
7222000  -3180.3262793219  3169.98417473946
7223000  -3182.82778653516  3171.8116877731
7224000  -3182.19841343982  3173.05154265932
7225000  -3183.36569759086  3171.63089083357
7226000  -3181.94725977996  3174.52403128805
7227000  -3182.62280690899  3174.36073590051
7228000  -3181.66961374335  3174.20922095327
7229000  -3183.27689284745  3175.09281131454
7230000  -3185.80195722883  3174.95810437453
7231000  -3185.53734063864  3175.51348506944
7232000  -3187.15578678826  3177.19057121537
7233000  -3185.70965585106  3177.16428972185
7234000  -3189.10315076137  3177.5707280138
7235000  -3185.90547598636  3175.8004500935
7236000  -3185.60782259247  3176.36144545317
7237000  -3187.05400675216  3178.6352742013
7238000  -3188.64484128905  3180.41857609363
7239000  -3186.46602235255  3177.47739707477
7240000  -3188.50690399516  3182.81428721828
7241000  -3187.74256900631  3179.50863559648
7242000  -3188.7089030019  3182.51210004541
7243000  -3189.6671926241  3180.42090926513
7244000  -3191.46583114518  3182.40412984356
7245000  -3189.49836752108  3184.44326233308
7246000  -3193.02077729553  3184.97950360326
7247000  -3193.18513079123  3184.0660017491
7248000  -3192.0566327053  3185.75896166697
7249000  -3191.95481010891  3184.3857187793
7250000  -3192.89491113894  3183.6281044282
7251000  -3191.6783080801  3183.96969724767
7252000  -3191.85984962449  3186.12318370035
7253000  -3190.10963043634  3184.91332181781
7254000  -3191.29238192295  3187.24625114672
7255000  -3190.89722058728  3187.49474126774
7256000  -3195.65022461669  3186.25908808181
7257000  -3193.59782238927  3189.7987814541
7258000  -3194.37557018478  3189.31524091123
7259000  -3193.50845231803  3189.02843908566
7260000  -3195.99510182612  3192.79455886267
7261000  -3191.57764889885  3189.57700367608
7262000  -3195.6928705315  3191.21315771539
7263000  -3197.84475184501  3195.24882675529
7264000  -3195.10012900705  3191.10968954863
7265000  -3197.50194514527  3190.24756505537
7266000  -3200.15779293113  3193.81985997463
7267000  -3196.61109821337  3192.56326289209
7268000  -3200.61213908046  3194.22158368392
7269000  -3199.87191599313  3195.5707362356
7270000  -3198.76658115422  3196.38861518118
7271000  -3196.68127902677  3195.99140701277
7272000  -3201.60107002466  3198.72860839921
7273000  -3201.76094377098  3197.29225410024
7274000  -3198.78806951639  3196.67514462377
7275000  -3199.96350364442  3201.24249687009
7276000  -3201.02776521871  3198.29806816584
7277000  -3199.83318710191  3199.58175581307
7278000  -3199.95386198617  3201.30114429955
7279000  -3202.1962546135  3200.63828404397
7280000  -3203.11670378756  3201.02732301871
7281000  -3203.82000703579  3200.48565290593
7282000  -3202.92356848978  3199.06912104878
7283000  -3204.39781693217  3198.98195722464
7284000  -3201.58136904232  3198.09022584327
7285000  -3202.16857298889  3201.08103571453
7286000  -3205.12888540591  3201.13774818149
7287000  -3203.43564128416  3203.52295583577
7288000  -3204.14476244477  3203.17387426713
7289000  -3202.76900531626  3201.22066623616
7290000  -3203.86882646787  3201.15489697115
7291000  -3206.06014405036  3203.12149134434
7292000  -3203.56170896833  3202.17862113233
7293000  -3203.90690380077  3206.31223618595
7294000  -3205.25525231743  3204.26896555798
7295000  -3204.50900129135  3202.76956642472
7296000  -3206.78962882689  3205.70518061489
7297000  -3207.37771313381  3206.60528792942
7298000  -3205.88739252578  3207.76629254395
7299000  -3207.77860141073  3207.58788261189
7300000  -3207.85389794453  3208.00129348359
7301000  -3206.78913431982  3208.41729586527
7302000  -3209.14029827673  3208.49256249755
7303000  -3210.93791360687  3210.19444079037
7304000  -3211.0895956249  3209.43821496086
7305000  -3211.73799356618  3208.09650661404
7306000  -3210.86312934286  3212.27331533422
7307000  -3214.42286133456  3211.72099119772
7308000  -3213.50124245226  3211.57351537613
7309000  -3213.92722872116  3212.62863654915
7310000  -3213.17638557531  3213.80155542913
7311000  -3215.40492727491  3214.57801845124
7312000  -3214.54045048185  3214.28532614875
7313000  -3219.0070972139  3215.71075569867
7314000  -3218.0605470098  3213.39625563355
7315000  -3218.40617518956  3214.22311174718
7316000  -3221.32681850916  3216.3677640899
7317000  -3220.76927331294  3216.28883750219
7318000  -3220.22253512262  3217.01961089273
7319000  -3223.64509042581  3218.78604194158
7320000  -3224.24141450492  3219.00065676121
7321000  -3224.67795829826  3218.9092299999
7322000  -3221.06399035786  3221.60006321382
7323000  -3224.41052967495  3219.74822552766
7324000  -3219.15752129409  3220.33635105509
7325000  -3223.53895020855  3220.09619616971
7326000  -3221.69133494787  3221.87594632125
7327000  -3223.66570605299  3221.95537031524
7328000  -3224.80037489999  3223.6143680743
7329000  -3224.39779758722  3222.02123476069
7330000  -3226.06853622382  3224.97883312951
7331000  -3224.88044732265  3226.06300586856
7332000  -3227.39956116815  3225.38734960147
7333000  -3226.59203913962  3226.14481240308
7334000  -3228.73964781474  3227.38397812017
7335000  -3227.37335852378  3228.34975471456
7336000  -3228.015429061  3227.18930771629
7337000  -3228.42622529972  3227.49217164863
7338000  -3228.16958264645  3230.00595347149
7339000  -3229.4508727107  3230.69809849852
7340000  -3230.31337221924  3232.36598151188
7341000  -3229.28347142388  3229.89371906413
7342000  -3231.54402682883  3231.73127749629
7343000  -3234.88837448868  3230.04933031208
7344000  -3233.46881747876  3230.77169902373
7345000  -3231.99108718853  3232.55784016298
7346000  -3235.7340364367  3234.08317316538
7347000  -3234.96569436562  3233.17863195881
7348000  -3235.0699236087  3233.89550423428
7349000  -3233.45743104979  3234.79499759581
7350000  -3239.02954756326  3235.17257877449
7351000  -3238.70931713258  3236.51087705511
7352000  -3240.43412726133  3234.89786435168
7353000  -3239.8327020357  3235.87669798994
7354000  -3238.77430683825  3233.19438359906
7355000  -3240.45281140747  3235.32690655766
7356000  -3241.59045070994  3239.88407876911
7357000  -3242.0213957849  3239.64246019099
7358000  -3240.89756465324  3235.37824353731
7359000  -3240.69124915791  3241.23403860179
7360000  -3242.438398413  3241.80191698182
7361000  -3243.1174778421  3240.97637674539
7362000  -3242.19583616375  3239.91007409358
7363000  -3242.71317458026  3242.04354819238
7364000  -3242.58070912976  3238.92103533727
7365000  -3242.7541331313  3237.87988425126
7366000  -3246.72831057778  3241.0020282099
7367000  -3244.49061305575  3242.05176407779
7368000  -3246.78900578715  3243.92368759016
7369000  -3244.10312513963  3242.87776796429
7370000  -3246.87708589536  3244.56154801141
7371000  -3247.87736461196  3243.54812280285
7372000  -3247.86042648254  3247.08062058569
7373000  -3247.61313819302  3244.91766236017
7374000  -3249.17715478779  3245.58702447596
7375000  -3250.55458068881  3247.44798863517
7376000  -3251.33224076602  3247.75145178679
7377000  -3251.98228915913  3248.37009922455
7378000  -3250.71546438371  3248.22763273419
7379000  -3250.8110720246  3252.23211735631
7380000  -3250.0904767134  3251.91895177548
7381000  -3254.70576217928  3249.82448662747
7382000  -3254.30095737186  3248.94957328443
7383000  -3254.01529780661  3251.63648627545
7384000  -3254.86169730288  3252.74480773722
7385000  -3253.15222780055  3251.81312278162
7386000  -3256.22686820497  3252.79623007544
7387000  -3256.33787616605  3254.75799188632
7388000  -3257.34708461575  3253.81024696688
7389000  -3257.98216483  3254.5751423602
7390000  -3256.53584322986  3255.58757748875
7391000  -3260.85107056752  3256.99292831872
7392000  -3260.92929256845  3255.57966620383
7393000  -3261.16868196593  3256.43439921496
7394000  -3259.76083640062  3256.53732594887
7395000  -3258.18282313955  3257.66141493297
7396000  -3261.36767785091  3258.32411898889
7397000  -3261.3792444225  3258.28356352239
7398000  -3263.68524754854  3257.29869313419
7399000  -3264.61543518427  3257.02865679513
7400000  -3260.32900109018  3259.49707989529
7401000  -3261.28083634278  3254.68615054012
7402000  -3263.21647036581  3257.13143715132
7403000  -3266.25570046441  3257.38256654044
7404000  -3266.7667299251  3257.67530954145
7405000  -3270.42128564506  3259.18707149236
7406000  -3268.6448664324  3257.58595736026
7407000  -3266.23826221281  3260.4118176097
7408000  -3267.1408346797  3262.23894763982
7409000  -3268.53408347784  3259.90306545635
7410000  -3270.64826972781  3260.92101707235
7411000  -3269.24807231199  3260.78878471019
7412000  -3268.24156587424  3262.48799465659
7413000  -3269.38391072637  3262.94963304071
7414000  -3269.65302801491  3263.28933464079
7415000  -3271.71916969554  3262.14032367564
7416000  -3271.57949705014  3263.38824366825
7417000  -3273.7669605075  3265.87019099025
7418000  -3273.00331557223  3263.76649963414
7419000  -3272.35024898598  3263.81963483377
7420000  -3273.49742757121  3265.46589289492
7421000  -3274.29496745382  3266.14422622959
7422000  -3274.7129112564  3266.96309905445
7423000  -3273.31535745092  3267.46663710601
7424000  -3273.07259300026  3269.77432146268
7425000  -3272.646198955  3268.17083182308
7426000  -3275.2998920554  3269.71245632424
7427000  -3276.08833433985  3272.53151773491
7428000  -3274.60007401826  3269.03239218114
7429000  -3275.04540441113  3269.68867745217
7430000  -3278.02444392799  3272.16195849232
7431000  -3275.02117832258  3272.21838081439
7432000  -3278.14975953832  3273.55184140235
7433000  -3277.88034389001  3272.89451009787
7434000  -3279.20827995647  3273.84961251291
7435000  -3279.32244594701  3272.98691653594
7436000  -3280.63493921354  3274.81591655804
7437000  -3283.28750873196  3273.06173394315
7438000  -3280.87686888917  3274.24095189456
7439000  -3279.5666758376  3277.78260356713
7440000  -3282.26869031022  3274.2485534642
7441000  -3282.15337911539  3278.11835510518
7442000  -3280.09958260496  3277.97561997716
7443000  -3281.88904472039  3278.60356874184
7444000  -3281.03019357817  3278.38106534476
7445000  -3280.64491241075  3281.75499935453
7446000  -3281.90247250501  3280.05531211745
7447000  -3285.35872270069  3281.11569188742
7448000  -3283.89346231304  3280.58816321136
7449000  -3286.09555519155  3279.77983689293
7450000  -3284.92907917204  3279.95171733615
7451000  -3285.07938384844  3282.02424961459
7452000  -3285.3379234164  3280.27784754405
7453000  -3285.2839016529  3280.03264614967
7454000  -3287.98711089299  3282.5770738857
7455000  -3285.73396755169  3283.77092503627
7456000  -3288.35959440826  3284.00805750998
7457000  -3288.44175828564  3282.71316362751
7458000  -3285.88872313287  3285.84005013916
7459000  -3287.46089804696  3283.97012158602
7460000  -3290.02212553161  3283.64849503851
7461000  -3289.95695453896  3287.3569310677
7462000  -3291.62500869315  3284.92548068654
7463000  -3288.91694392429  3287.59230783133
7464000  -3291.98862441562  3287.72554541244
7465000  -3291.2478863227  3285.30389108858
7466000  -3292.99115786297  3288.47407857441
7467000  -3293.79762017142  3286.87320827819
7468000  -3294.54611088591  3287.3047253758
7469000  -3293.59941378556  3288.12158127667
7470000  -3293.81807697215  3288.52403759967
7471000  -3294.2557265397  3287.6323594071
7472000  -3295.87888400587  3287.89028216577
7473000  -3294.50491056994  3287.28191804682
7474000  -3295.23795368474  3285.61078196558
7475000  -3297.12955059794  3285.38577885992
7476000  -3295.34316698082  3289.28709982537
7477000  -3295.3254732132  3288.42215659043
7478000  -3295.94038982245  3286.57221494055
7479000  -3297.78496080149  3288.24624609475
7480000  -3296.24393732365  3288.19398201728
7481000  -3296.25399644089  3287.4648618228
7482000  -3296.90782434215  3285.81909812368
7483000  -3295.17860045197  3288.63457507248
7484000  -3297.73301865598  3289.09557004615
7485000  -3294.66791322879  3291.34011544102
7486000  -3293.31223615786  3290.36818883982
7487000  -3293.74207559487  3292.3088605672
7488000  -3296.30797720172  3290.96832221364
7489000  -3296.31955380765  3292.51241951851
7490000  -3293.78425112757  3294.55305366446
7491000  -3295.28297962101  3294.16439874757
7492000  -3295.89494484157  3293.52750463789
7493000  -3293.11366339678  3293.572426194
7494000  -3295.06837576023  3296.02979727715
7495000  -3297.2341553853  3294.62379449273
7496000  -3296.82903224871  3295.58138649284
7497000  -3298.01127572504  3294.95788462623
7498000  -3297.8067614346  3295.81055834762
7499000  -3298.05438097646  3294.89566940309
7500000  -3299.90809578665  3296.10462096042
7501000  -3300.07116450261  3297.81744373516
7502000  -3300.39994197717  3297.33259579079
7503000  -3300.36875771778  3298.87546383313
7504000  -3302.86691969299  3300.00726261717
7505000  -3303.82560714231  3300.04443906216
7506000  -3303.44186837981  3299.00797918918
7507000  -3303.03794246645  3301.02030358938
7508000  -3306.39578129803  3301.61307075497
7509000  -3306.23806594807  3301.27595559901
7510000  -3306.5608704002  3301.73872620489
7511000  -3307.11501021371  3305.07215093548
7512000  -3307.14270953693  3303.66973437113
7513000  -3307.43903095455  3304.93930832515
7514000  -3307.19466947252  3306.25705494765
7515000  -3307.92665402988  3305.80517983056
7516000  -3309.72183755  3307.96454626255
7517000  -3310.22187623238  3306.33175266851
7518000  -3310.59071940454  3304.7693575588
7519000  -3310.64148755753  3306.86699310142
7520000  -3312.72767877703  3306.97800943596
7521000  -3314.40018861211  3306.3340270084
7522000  -3313.23204261075  3307.02366386306
7523000  -3313.41148433023  3306.02325298894
7524000  -3318.75623898408  3304.85011631661
7525000  -3318.76424683611  3307.28576668036
7526000  -3320.04373231753  3305.5184267496
7527000  -3318.37894124623  3307.39131616983
7528000  -3315.52370891075  3307.09134822246
7529000  -3315.08482682662  3305.83896684045
7530000  -3316.91362571921  3304.88841226324
7531000  -3317.02331120737  3306.87855224853
7532000  -3315.81618175514  3308.91956803437
7533000  -3316.480547832  3307.6681957746
7534000  -3317.70260392532  3308.55736896162
7535000  -3320.35599028833  3309.96861264299
7536000  -3318.61360253315  3309.04003320683
7537000  -3320.51959462441  3309.54218396267
7538000  -3320.5628557722  3309.28835840494
7539000  -3320.67152303576  3309.53781505894
7540000  -3320.37795878704  3309.45878763416
7541000  -3323.24505612037  3312.09116906417
7542000  -3324.03775700036  3310.90982913455
7543000  -3321.50004393585  3312.61680048641
7544000  -3322.71061962824  3312.1100088508
7545000  -3325.7634644969  3311.29047980579
7546000  -3325.96456933579  3313.12171546885
7547000  -3324.93377140133  3313.80730156526
7548000  -3324.67106437204  3310.87026073823
7549000  -3327.93199049017  3310.91226174702
7550000  -3327.34076977801  3313.18070239264
7551000  -3328.81168795383  3314.49242940855
7552000  -3328.58408364268  3313.61803018015
7553000  -3327.48748497881  3313.19971393579
7554000  -3329.00744846936  3314.01401539864
7555000  -3329.26284319044  3314.65856558958
7556000  -3329.4789854521  3314.65892980435
7557000  -3330.72022861341  3316.99793131619
7558000  -3329.44004305742  3314.99205975942
7559000  -3329.67103315172  3319.81713839984
7560000  -3331.77181999564  3317.31987936418
7561000  -3332.15176836589  3316.94288127862
7562000  -3335.13519621331  3315.53945550333
7563000  -3332.99297556585  3316.13455673192
7564000  -3334.75244751047  3318.68172427948
7565000  -3334.44540573878  3318.22134043137
7566000  -3331.9602215694  3317.7276653501
7567000  -3329.87372737002  3317.30475059451
7568000  -3333.38048426037  3320.00186449702
7569000  -3334.4576867797  3321.13702339694
7570000  -3335.33608397014  3320.97151914966
7571000  -3331.94014290674  3323.55922116448
7572000  -3334.671258411  3322.74086225542
7573000  -3340.61767364704  3322.73856341574
7574000  -3337.4468380037  3325.74072976863
7575000  -3337.9357654556  3321.94832212096
7576000  -3338.7921058152  3322.58334796669
7577000  -3340.48131492425  3327.78536739276
7578000  -3337.7798866818  3329.02796321635
7579000  -3343.62901361887  3327.20313708816
7580000  -3341.42391618105  3329.59724726508
7581000  -3343.15361813878  3330.1897348453
7582000  -3342.86845527432  3328.96332240499
7583000  -3342.29157770516  3331.37726110919
7584000  -3341.03016313368  3332.5637829734
7585000  -3342.3752693218  3332.81266953293
7586000  -3343.17654784931  3336.72003800627
7587000  -3344.77424735056  3331.89918629742
7588000  -3344.92145266292  3332.43559339132
7589000  -3346.15864202243  3336.38390438194
7590000  -3347.67214386505  3337.43943134906
7591000  -3345.17116590361  3336.88007428592
7592000  -3346.4099380161  3337.66285737178
7593000  -3346.01802343228  3336.89026851899
7594000  -3348.2047560573  3336.22123348191
7595000  -3350.20458242642  3337.14583787727
7596000  -3348.76057850121  3336.68566291793
7597000  -3348.19516069899  3335.97627705797
7598000  -3350.74261949273  3338.73455081724
7599000  -3351.90546823457  3338.04213426178
7600000  -3351.865968172  3342.14429156222
7601000  -3351.09065713186  3344.03330411612
7602000  -3349.8459189987  3342.58155718875
7603000  -3350.55956175259  3345.2978848389
7604000  -3356.33937520691  3344.46008854511
7605000  -3354.24439543775  3346.06174987221
7606000  -3353.4343154861  3345.09828719643
7607000  -3353.86299528696  3343.63650978435
7608000  -3352.84681843597  3346.39526222924
7609000  -3351.38615296793  3344.28043898832
7610000  -3354.15614801747  3344.5830947965
7611000  -3357.77745194312  3344.60624805333
7612000  -3356.11436887291  3347.52610544379
7613000  -3353.85784023198  3348.52316795726
7614000  -3353.88724387368  3347.9414205819
7615000  -3354.26208609021  3346.25942523264
7616000  -3355.43346380157  3347.31182692552
7617000  -3354.36394367644  3348.04427371139
7618000  -3354.26787602068  3348.77582587096
7619000  -3355.72494834773  3348.83880324745
7620000  -3354.8698612444  3348.15022911508
7621000  -3354.59732949467  3347.58451363703
7622000  -3355.80605648672  3351.08348190041
7623000  -3356.20571246459  3352.02530323071
7624000  -3358.85032752005  3349.88121384066
7625000  -3360.41057832508  3349.90676921045
7626000  -3359.09276505742  3349.55905597234
7627000  -3360.06861692018  3353.2925552642
7628000  -3356.26812167314  3353.36887248568
7629000  -3359.7445527945  3354.03745122282
7630000  -3359.98502994713  3355.98345563887
7631000  -3357.80964361744  3356.10517571553
7632000  -3360.83333639538  3356.1550640394
7633000  -3363.94741962027  3355.2253185294
7634000  -3361.99141559507  3357.01018446029
7635000  -3361.46047594967  3356.12737949373
7636000  -3365.09462229612  3357.4586680149
7637000  -3365.65889305956  3359.3518223684
7638000  -3364.81499287607  3358.48481366598
7639000  -3365.96908141339  3360.68244424685
7640000  -3366.0574363077  3362.42444921399
7641000  -3365.65227087108  3358.98283260039
7642000  -3368.69536633353  3360.62014176882
7643000  -3367.4718982761  3358.41627002438
7644000  -3367.94365154083  3363.16250426051
7645000  -3368.99741342791  3363.11880358849
7646000  -3370.08909365002  3363.23781456042
7647000  -3368.89631321306  3362.24911439044
7648000  -3370.96272374084  3362.48508716606
7649000  -3370.35597172873  3362.97522372258
7650000  -3371.56133145005  3364.64292010423
7651000  -3371.77446923726  3365.23664926959
7652000  -3370.14899589012  3364.24643621246
7653000  -3372.10073877034  3366.68714983917
7654000  -3370.33444911889  3366.74841781674
7655000  -3372.74404772675  3369.39310512606
7656000  -3369.00491978678  3370.31112794202
7657000  -3372.42782091673  3370.18003478459
7658000  -3371.70757649691  3370.81665225576
7659000  -3372.09627841648  3372.66328107173
7660000  -3371.43068419274  3369.47501178785
7661000  -3372.15919174973  3371.5608440698
7662000  -3374.06561766815  3372.20916042213
7663000  -3373.64228571296  3373.68029155213
7664000  -3371.04202009511  3372.98482160066
7665000  -3374.55773107306  3372.27532256995
7666000  -3372.88557655445  3373.02400517845
7667000  -3374.42684045906  3375.29555427014
7668000  -3375.99249761143  3376.26381138685
7669000  -3376.62660006381  3373.77991601502
7670000  -3376.7656464205  3376.19899502343
7671000  -3377.35902817542  3378.23781076113
7672000  -3375.7128886261  3374.80167492327
7673000  -3378.59438858456  3375.60419959095
7674000  -3382.77915392367  3377.51541205702
7675000  -3381.99481052955  3375.41423137684
7676000  -3380.6313550581  3374.83189490149
7677000  -3384.02211567666  3377.54327759012
7678000  -3383.63225234554  3376.00856169297
7679000  -3383.18265599749  3375.50842477885
7680000  -3380.01805470561  3375.38315041015
7681000  -3384.19661693538  3375.99930064304
7682000  -3384.2959473698  3377.34953124304
7683000  -3385.01627780184  3377.39454753298
7684000  -3384.36481981107  3375.97404814845
7685000  -3385.55419566006  3379.10295477723
7686000  -3387.59005622533  3378.01066934065
7687000  -3388.20174278841  3380.25454632292
7688000  -3387.65578566698  3380.99407826532
7689000  -3389.39079966185  3382.70378060043
7690000  -3389.1588288246  3382.29335111754
7691000  -3387.17882270288  3383.98838982224
7692000  -3388.06259243066  3383.83008625937
7693000  -3389.39437091338  3388.1641851468
7694000  -3388.79543382586  3388.25747921899
7695000  -3388.28851071226  3388.01732331463
7696000  -3389.97508809605  3387.86041439955
7697000  -3389.33258309705  3389.03908021065
7698000  -3390.33319508806  3388.27415021808
7699000  -3391.62202177379  3388.17544979899
7700000  -3391.04015949922  3388.02540373424
7701000  -3391.15100400294  3389.90102687214
7702000  -3389.30360844941  3391.08421570618
7703000  -3389.6810337988  3392.32782065217
7704000  -3390.20381174949  3392.55282263309
7705000  -3390.20720981572  3392.7173806937
7706000  -3391.89868834845  3393.33747093023
7707000  -3392.23492780545  3390.94385670728
7708000  -3395.26914507211  3391.1479063555
7709000  -3395.16802844615  3389.92066051602
7710000  -3393.36813286952  3390.65668826234
7711000  -3396.42995416487  3391.63803722207
7712000  -3396.49994245963  3392.45905440356
7713000  -3393.61104263118  3393.29998354702
7714000  -3391.93223201096  3394.03628377916
7715000  -3391.4110712112  3391.95672020178
7716000  -3392.74836297855  3393.39193242391
7717000  -3393.8214163708  3392.15857537863
7718000  -3393.51928171257  3393.6919699383
7719000  -3393.90836537698  3395.87000032825
7720000  -3392.76152565884  3396.5666316947
7721000  -3395.97559201108  3397.69371218398
7722000  -3398.2361811219  3397.60431796112
7723000  -3395.78724144581  3398.81249756223
7724000  -3395.45551793262  3400.00249588638
7725000  -3395.46187943164  3399.32476794203
7726000  -3398.0680331405  3397.17451688556
7727000  -3396.07395666703  3395.79134468201
7728000  -3399.11729848303  3400.47034480735
7729000  -3398.7898501177  3397.06671202447
7730000  -3400.19296331488  3399.50872814818
7731000  -3398.31520641421  3398.21532547641
7732000  -3400.42208124069  3399.44390785203
7733000  -3399.84063895359  3398.62818815733
7734000  -3399.12617926184  3397.92772068183
7735000  -3402.6671399725  3399.3313544234
7736000  -3400.81315049476  3399.96085426991
7737000  -3405.76460483289  3399.98127371029
7738000  -3402.62645980973  3403.11573325707
7739000  -3405.89328422168  3402.36122612836
7740000  -3403.07993517193  3404.37797655377
7741000  -3405.92864095714  3405.88924862226
7742000  -3403.50259014144  3403.20366307709
7743000  -3401.70244321897  3405.18046019181
7744000  -3405.6339491063  3404.09888908065
7745000  -3404.89865428509  3405.07498118638
7746000  -3404.49620792418  3407.8295294521
7747000  -3405.16578598638  3406.86037399618
7748000  -3407.06717615247  3407.36200760264
7749000  -3406.9553068602  3408.58054789726
7750000  -3404.92713376805  3408.80614156238
7751000  -3407.07116553916  3411.63180482934
7752000  -3410.77358876385  3411.37238683301
7753000  -3408.41854298201  3411.30297225737
7754000  -3407.47611123586  3411.84394227106
7755000  -3409.75946270028  3409.11452082408
7756000  -3412.5176512727  3412.63659890113
7757000  -3411.07159124802  3412.82328574173
7758000  -3410.3769658813  3410.81003090743
7759000  -3410.89477032918  3412.19055122063
7760000  -3412.26156242567  3412.25139929391
7761000  -3410.1463113023  3413.19389471822
7762000  -3412.89283098489  3412.61294733999
7763000  -3414.14264193793  3413.80455036217
7764000  -3412.55753525186  3412.81690943987
7765000  -3409.29553935233  3415.23558764607
7766000  -3410.52446589082  3413.51858239501
7767000  -3411.35077294652  3413.92846286633
7768000  -3413.23896942218  3413.88541479336
7769000  -3413.65865785377  3415.41370023692
7770000  -3409.60525190722  3414.21182780461
7771000  -3413.6606643052  3417.1893678624
7772000  -3411.3361361699  3417.50727630076
7773000  -3412.55774519511  3416.28383666331
7774000  -3412.41354508744  3418.07570250925
7775000  -3416.54365979311  3417.98700006748
7776000  -3415.71508275964  3417.77517028064
7777000  -3417.28060396545  3415.99645297735
7778000  -3417.28759580941  3414.84264413382
7779000  -3416.03635384814  3417.06599287805
7780000  -3417.15906630018  3415.62597249024
7781000  -3415.81748649417  3416.72439514412
7782000  -3415.75778394789  3418.89040367476
7783000  -3417.88752266652  3417.34316291883
7784000  -3416.81038712473  3420.15564822101
7785000  -3416.0377553183  3417.74396998376
7786000  -3417.80758576945  3420.77845051294
7787000  -3419.13762292558  3419.15737135043
7788000  -3415.38459246744  3422.65829399174
7789000  -3417.52712188833  3422.23341046962
7790000  -3421.81820127882  3421.81217636108
7791000  -3421.44322974366  3421.57510396048
7792000  -3421.0808993844  3418.21969894876
7793000  -3423.79525285262  3421.38490524452
7794000  -3422.80520374838  3422.7811987866
7795000  -3424.97740740239  3425.43850110631
7796000  -3424.59991693668  3423.55981949174
7797000  -3428.01018176385  3425.24757974695
7798000  -3425.63872889817  3424.69054815141
7799000  -3425.80100424165  3425.61357555408
7800000  -3424.57173225987  3426.41056553778
7801000  -3428.19936260452  3428.10653904955
7802000  -3424.16488121971  3429.72152887996
7803000  -3426.01562305835  3429.43220602434
7804000  -3427.41116587842  3429.08141957753
7805000  -3424.69824806519  3429.95605651426
7806000  -3429.12315233245  3430.57124772523
7807000  -3429.91646694111  3432.07053660291
7808000  -3431.35426842666  3431.59337423527
7809000  -3432.50196141765  3433.67344597434
7810000  -3434.2862482651  3433.54851914488
7811000  -3432.25948641808  3434.05240948256
7812000  -3434.15374107625  3433.41376752052
7813000  -3433.86024208904  3432.37213914222
7814000  -3434.10567643177  3435.44977822272
7815000  -3432.439402356  3434.17727903916
7816000  -3434.77511192903  3433.41787696457
7817000  -3434.44897683507  3434.97538568323
7818000  -3435.44188504471  3438.46262390862
7819000  -3436.75416101719  3436.23522546726
7820000  -3438.33437286768  3438.66736135723
7821000  -3432.73572275162  3435.6737487193
7822000  -3436.93534871132  3438.54883394242
7823000  -3437.30286673953  3439.32365245218
7824000  -3435.39199982996  3438.54670375621
7825000  -3437.33856085481  3436.2350290098
7826000  -3436.16089416796  3434.41123100006
7827000  -3438.67275281146  3440.03974059807
7828000  -3435.13961678917  3441.23612124453
7829000  -3438.29104803266  3441.10051453708
7830000  -3439.66807023442  3443.86576055763
7831000  -3438.95662160009  3441.82913592118
7832000  -3442.56448438279  3441.50409637006
7833000  -3441.73767325612  3444.00145993643
7834000  -3441.49132697521  3445.96827830086
7835000  -3442.48999321622  3443.71368172214
7836000  -3442.44928948801  3443.65355981069
7837000  -3443.29947663852  3442.31681417295
7838000  -3442.19765510934  3443.31550572133
7839000  -3444.07239204448  3446.38315382799
7840000  -3442.86576861492  3444.00411406807
7841000  -3443.8422674757  3442.85328544515
7842000  -3445.5257785268  3445.38267474976
7843000  -3445.90959920728  3445.21393540547
7844000  -3444.45609208515  3448.67252095464
7845000  -3446.67168187497  3449.44492196417
7846000  -3448.18838905366  3450.11166715653
7847000  -3448.12683357355  3449.35122683576
7848000  -3447.90852565553  3450.74889728659
7849000  -3445.85982905115  3450.46201438753
7850000  -3448.39906550804  3450.5065730743
7851000  -3449.93629938603  3452.46814791825
7852000  -3450.94585351576  3452.35276356902
7853000  -3452.15088413777  3453.4156021164
7854000  -3454.61931638374  3449.25242604421
7855000  -3450.92610167578  3453.31344861673
7856000  -3453.83510072448  3451.0931165902
7857000  -3452.26999751613  3453.36464097726
7858000  -3451.77842752253  3451.86475648335
7859000  -3453.63622954207  3452.70245693812
7860000  -3455.08251353629  3454.51740290593
7861000  -3451.91416083936  3451.5171238592
7862000  -3452.66668133732  3455.78258331009
7863000  -3450.22483687809  3452.51312376662
7864000  -3451.07641786122  3452.69023386487
7865000  -3453.38998498357  3451.45481248909
7866000  -3451.97258619592  3450.81602493637
7867000  -3454.6951312979  3453.56320787357
7868000  -3454.91784212384  3453.09402002677
7869000  -3453.06268429943  3453.16297279689
7870000  -3456.64913108825  3455.10717124316
7871000  -3457.01958737658  3453.78763724564
7872000  -3455.34833688821  3455.71613984844
7873000  -3457.82212832341  3456.10542521856
7874000  -3457.51586085486  3454.2673913844
7875000  -3459.55520261542  3456.48889577379
7876000  -3458.56801955279  3455.60935274784
7877000  -3456.2681207966  3460.44572074599
7878000  -3458.03566969186  3459.78657978026
7879000  -3457.6402112871  3460.72234626035
7880000  -3457.20147454025  3459.82926094804
7881000  -3458.29016978166  3462.25588273314
7882000  -3458.61451454655  3462.90219769014
7883000  -3460.54258085182  3464.21174083032
7884000  -3460.2141103639  3463.93658719705
7885000  -3461.58243663882  3464.41840136698
7886000  -3463.6343819895  3464.32380328682
7887000  -3464.78102967591  3462.97857397112
7888000  -3463.75298635868  3464.12948067981
7889000  -3465.86960332061  3465.12831432973
7890000  -3466.35668781188  3466.1848771841
7891000  -3463.8930450662  3465.13238476031
7892000  -3467.02656250523  3466.25403836095
7893000  -3465.17754643323  3471.32004235598
7894000  -3468.06080629747  3470.66980750117
7895000  -3465.72350669315  3468.97753737389
7896000  -3468.21397343776  3471.35892859004
7897000  -3465.94031490367  3472.71659341818
7898000  -3466.00227411189  3472.62898418854
7899000  -3466.47703319661  3472.62162221455
7900000  -3468.26545489582  3473.21617843607
7901000  -3468.07805408997  3474.41400626008
7902000  -3468.40804788974  3475.28108026633
7903000  -3469.03392426286  3477.35689867271
7904000  -3468.01884941181  3477.16421040359
7905000  -3473.28299625863  3476.40933981781
7906000  -3470.52109062048  3477.73177346937
7907000  -3473.15656604979  3477.34952286285
7908000  -3475.43089561926  3480.1301944208
7909000  -3473.2108706826  3479.59571042295
7910000  -3473.80267353124  3478.3778860463
7911000  -3475.17771701411  3480.69429962062
7912000  -3477.89110618614  3476.95688127785
7913000  -3479.72799776449  3477.86652599716
7914000  -3477.64653659353  3479.32104549042
7915000  -3478.76125393475  3479.01205938996
7916000  -3480.26138925057  3479.68981973155
7917000  -3477.78382216132  3480.3301970363
7918000  -3476.88435429638  3478.62090624555
7919000  -3478.88303270349  3479.82276229379
7920000  -3480.00494578552  3481.84794477969
7921000  -3480.13869292697  3481.52625129534
7922000  -3480.28103884476  3482.85025542749
7923000  -3481.58630479389  3480.35802447154
7924000  -3481.32612417088  3479.71832158684
7925000  -3481.6312873153  3479.83053449007
7926000  -3482.26705644645  3483.31618683198
7927000  -3481.17474881446  3483.64198244593
7928000  -3481.91259848164  3482.66449879749
7929000  -3481.9875792454  3483.37579904755
7930000  -3483.99388006389  3485.33358177546
7931000  -3485.2432125921  3483.60836837965
7932000  -3483.64959265248  3485.18492082918
7933000  -3485.39056572708  3487.17619951099
7934000  -3485.0724239291  3488.16080781793
7935000  -3489.18388522709  3485.93840418238
7936000  -3486.16872059161  3484.43432069667
7937000  -3487.25902688632  3487.68142750914
7938000  -3491.39638708271  3487.26360403296
7939000  -3489.75807383355  3487.05785903536
7940000  -3492.43069434974  3487.61508985976
7941000  -3491.70251905286  3490.00921428621
7942000  -3492.43815835479  3491.56816466147
7943000  -3490.77282926724  3490.8935909302
7944000  -3492.47778935544  3491.51453529065
7945000  -3491.12895590993  3492.91082407813
7946000  -3490.27642661078  3491.03493441263
7947000  -3492.98471582119  3491.31994107712
7948000  -3491.83224706964  3491.98745004652
7949000  -3493.21256974507  3491.22350180296
7950000  -3492.14647687511  3492.04702044196
7951000  -3494.88200395305  3491.05802132523
7952000  -3493.3414613796  3495.27174654497
7953000  -3496.05432697883  3491.77170313095
7954000  -3497.4222779658  3492.83477299455
7955000  -3496.92012967035  3490.94603898471
7956000  -3497.71569955018  3492.25937625313
7957000  -3498.88397711309  3491.53123444349
7958000  -3498.78919699535  3494.02118522556
7959000  -3500.61920164363  3495.25682180934
7960000  -3500.82946469005  3498.11187345061
7961000  -3500.07965055891  3492.97989096353
7962000  -3501.87486273037  3496.79316243541
7963000  -3502.16050883994  3496.86525442787
7964000  -3499.26811248212  3495.63031850215
7965000  -3498.81707161833  3496.21123939365
7966000  -3501.59053189688  3496.64204540961
7967000  -3501.49738963667  3495.13556462298
7968000  -3499.90944523573  3496.83107818017
7969000  -3502.29275198236  3497.50296843773
7970000  -3502.08888672291  3497.91591256711
7971000  -3499.25393199085  3497.42016148324
7972000  -3501.9601564242  3499.06483012651
7973000  -3501.70591839206  3499.99652565821
7974000  -3503.91054643772  3500.33190778061
7975000  -3506.37696194601  3502.5008709192
7976000  -3508.81084200993  3500.41513026456
7977000  -3505.82023869391  3499.65715018237
7978000  -3507.10704712377  3502.51548652815
7979000  -3507.7734175126  3501.77540729766
7980000  -3507.35672971215  3501.5115715939
7981000  -3507.51951800816  3504.5411012252
7982000  -3508.00106611952  3503.9538477456
7983000  -3507.53948118045  3506.23315923765
7984000  -3511.85123866906  3504.18764978396
7985000  -3512.30259493025  3505.32793341261
7986000  -3511.95134730588  3507.00718501875
7987000  -3512.40726931499  3505.14519663743
7988000  -3511.94357991886  3509.26648777925
7989000  -3510.82909316472  3509.72855812167
7990000  -3513.04596558652  3507.45508116637
7991000  -3512.87726859104  3508.95960607788
7992000  -3512.73228652461  3510.29311110358
7993000  -3515.19672454756  3507.9348217411
7994000  -3513.09797344988  3510.06390721865
7995000  -3513.93960762662  3509.80464916726
7996000  -3508.87351805457  3510.68544314267
7997000  -3510.81910109688  3510.85246917787
7998000  -3511.37133031826  3509.78827286059
7999000  -3511.46540789665  3512.50258555296
8000000  -3513.94168180587  3509.47145962179
8001000  -3512.32225642548  3513.14058120807
8002000  -3513.75861258458  3512.40903453088
8003000  -3513.66822428718  3512.77600693042
8004000  -3515.43198245218  3512.30875548114
8005000  -3514.73492094746  3513.51586392629
8006000  -3513.41258990394  3512.70645658221
8007000  -3517.3426537349  3514.66355547753
8008000  -3516.3100675164  3513.84779957299
8009000  -3516.84254261561  3514.76990117402
8010000  -3516.44736591119  3514.29427400837
8011000  -3517.51914999084  3517.74168441442
8012000  -3518.72367961468  3514.26192567914
8013000  -3518.51383046882  3515.6425593734
8014000  -3516.11452123926  3516.85223643253
8015000  -3515.61397148922  3514.96049391955
8016000  -3517.72065479579  3513.74670180193
8017000  -3519.0724062246  3513.72841314673
8018000  -3518.74101334982  3514.43270315456
8019000  -3519.87856790472  3517.10050503341
8020000  -3519.43656651564  3518.89460217362
8021000  -3520.97320882554  3517.94835674675
8022000  -3518.96833542094  3516.72448717239
8023000  -3522.77378935124  3518.08546762274
8024000  -3522.21756728079  3518.7492323138
8025000  -3523.51053379022  3523.46146666741
8026000  -3522.52195566295  3520.59798685961
8027000  -3522.99977145796  3518.70445303769
8028000  -3524.49051523615  3523.1871377283
8029000  -3524.66112894956  3523.02545930176
8030000  -3525.49840371952  3521.80528298244
8031000  -3526.54950813479  3522.05990596718
8032000  -3526.49790916106  3524.04185780105
8033000  -3524.50993391187  3524.04616563839
8034000  -3524.79307461218  3524.52458136241
8035000  -3527.10079291724  3523.47943108633
8036000  -3528.70802233128  3525.3231448225
8037000  -3529.51730140788  3523.82984068095
8038000  -3530.04659848294  3526.94159307358
8039000  -3531.33796890335  3525.73116212128
8040000  -3533.22058427575  3526.87423355507
8041000  -3532.85799657158  3525.93729107368
8042000  -3534.85499329808  3527.72237855292
8043000  -3534.83252814777  3529.69679412448
8044000  -3535.90080614453  3532.37681027062
8045000  -3534.93884536168  3529.30887349213
8046000  -3534.3503492409  3533.78809685587
8047000  -3535.96678165415  3533.60887491487
8048000  -3536.44724359427  3532.02554522505
8049000  -3538.1461694088  3532.92065292192
8050000  -3537.01420312897  3531.67388298921
8051000  -3537.31079125293  3533.27267588123
8052000  -3535.47146211085  3534.84938491868
8053000  -3537.21939957839  3531.35710598263
8054000  -3537.33288414744  3532.63223350961
8055000  -3537.1638801763  3532.4872590812
8056000  -3537.89776256515  3534.44537486506
8057000  -3535.44695312482  3534.61692581873
8058000  -3537.2311780336  3535.87210881851
8059000  -3535.82281984235  3536.06607467547
8060000  -3536.37451208675  3536.80639673286
8061000  -3538.52192835715  3536.25019467816
8062000  -3537.79126613393  3538.6811226794
8063000  -3537.67874166963  3540.06383431282
8064000  -3538.21884641537  3535.98761877252
8065000  -3537.14862470884  3539.50441488539
8066000  -3538.50393520693  3537.01186992025
8067000  -3537.45320214113  3539.89642818569
8068000  -3538.31412277325  3538.88709115606
8069000  -3538.04275358955  3540.73063689694
8070000  -3537.57316478251  3540.4191931533
8071000  -3538.97384638834  3542.19226070661
8072000  -3542.10177914029  3542.40949475844
8073000  -3539.59138587328  3540.32109769828
8074000  -3540.69667946466  3539.73836804798
8075000  -3538.14906703515  3540.02533081228
8076000  -3538.60714602756  3538.80922291884
8077000  -3541.78549146415  3540.49751549251
8078000  -3542.52562032093  3542.71481843054
8079000  -3542.24110200983  3541.38405583837
8080000  -3542.40206053571  3543.97803465275
8081000  -3543.48973949494  3543.18992704219
8082000  -3545.12447860294  3544.32849272608
8083000  -3545.69573021795  3544.97037536067
8084000  -3545.97405223601  3545.17919500668
8085000  -3544.7938149533  3543.64455352204
8086000  -3542.86004498557  3546.40124656282
8087000  -3545.4913627141  3546.10672695032
8088000  -3543.9293952575  3546.88044059347
8089000  -3546.59328522691  3546.40951873276
8090000  -3544.72090635862  3545.98071084503
8091000  -3547.20677533634  3545.92479559334
8092000  -3548.01957715676  3547.46979975789
8093000  -3549.11436666317  3548.1578257979
8094000  -3548.31087417106  3548.68557527807
8095000  -3549.54066585631  3551.67516952799
8096000  -3551.39216096674  3551.03852219119
8097000  -3552.25357149053  3550.31965752038
8098000  -3553.77123905627  3551.49526191333
8099000  -3555.00236344999  3553.57049206337
8100000  -3553.68589094365  3552.2859444205
8101000  -3555.27953888849  3553.40326562745
8102000  -3556.10592306812  3554.73628794626
8103000  -3558.74069273857  3554.53921710986
8104000  -3557.1611511261  3552.09173953585
8105000  -3556.56286214813  3553.79439830447
8106000  -3559.00271261503  3554.58354373899
8107000  -3558.88490240244  3554.24327312863
8108000  -3558.4596760009  3555.77341194937
8109000  -3558.39995803196  3554.97838261633
8110000  -3560.08534753013  3555.28968773242
8111000  -3560.84110288397  3556.89442447209
8112000  -3560.39187437538  3558.37078362052
8113000  -3561.98988658006  3557.75598444851
8114000  -3561.54493746533  3556.72066649914
8115000  -3562.42474978797  3557.2726326652
8116000  -3560.73268414956  3559.06863090829
8117000  -3562.29920661746  3561.26930303451
8118000  -3564.21471573403  3559.58714692528
8119000  -3564.49864033343  3563.46281924969
8120000  -3562.48602273779  3561.99704724396
8121000  -3564.76413062412  3561.0975787355
8122000  -3564.11206613155  3564.79719745445
8123000  -3565.35045820133  3561.2291189632
8124000  -3561.7914544576  3562.18313411317
8125000  -3565.72821635952  3560.11270843621
8126000  -3563.13643548675  3564.90603098123
8127000  -3564.06356340098  3565.29921400504
8128000  -3566.42393235829  3563.98109472867
8129000  -3570.56039223383  3564.72158676037
8130000  -3567.89173980257  3565.80096526379
8131000  -3567.9998936593  3566.22023561705
8132000  -3572.36121001832  3566.57842957377
8133000  -3572.83579540345  3566.00851540609
8134000  -3571.81304737195  3568.06429296035
8135000  -3570.52462498229  3567.85867606155
8136000  -3570.34706357811  3568.04812234166
8137000  -3574.26989559981  3569.70966152384
8138000  -3575.83005064208  3570.97113866578
8139000  -3576.97465671189  3570.98986810549
8140000  -3577.069733605  3572.32671828413
8141000  -3577.03533553779  3573.48379276542
8142000  -3576.73083173954  3573.40858655402
8143000  -3578.58318088514  3574.4187281412
8144000  -3579.71033786019  3573.85238643217
8145000  -3578.03023514271  3575.35377119823
8146000  -3575.65613368561  3577.0573676092
8147000  -3578.75411330773  3576.24328323167
8148000  -3578.21888421757  3578.12214995118
8149000  -3579.24836826926  3575.9647772487
8150000  -3579.8849707791  3577.51163814145
8151000  -3578.0782602776  3582.16281490548
8152000  -3577.90491495477  3577.11760588217
8153000  -3578.16503123347  3579.34109107162
8154000  -3576.90430738405  3580.38855559728
8155000  -3578.36404216691  3579.28777295686
8156000  -3581.62396538537  3583.18884591225
8157000  -3579.31334801526  3583.47696134106
8158000  -3582.27351637283  3585.67813393565
8159000  -3583.59353232661  3585.44723981653
8160000  -3583.88015438308  3582.39735770523
8161000  -3582.06344675261  3584.06881400529
8162000  -3585.04859674754  3586.74773401638
8163000  -3585.0112345875  3589.28977394193
8164000  -3585.78228652161  3585.54527144044
8165000  -3585.020813587  3587.46086222942
8166000  -3585.41058421825  3586.48089915186
8167000  -3587.00059693298  3587.31768073992
8168000  -3587.83210128175  3585.05387559737
8169000  -3587.83815333308  3588.31683406066
8170000  -3586.95313162467  3586.43243940647
8171000  -3591.09783453633  3586.76729928523
8172000  -3592.06453415934  3589.42184585364
8173000  -3591.4704877131  3588.30885128468
8174000  -3592.05196892652  3587.97186578499
8175000  -3590.961177942  3589.84880900699
8176000  -3592.64701929936  3589.32865122775
8177000  -3595.16532056172  3589.33783279364
8178000  -3597.1017959798  3591.87269458611
8179000  -3596.29791024408  3590.14968302076
8180000  -3595.26052165659  3593.62812137115
8181000  -3595.55981392631  3592.08445222513
8182000  -3598.86322034028  3592.62000381744
8183000  -3598.27272989458  3592.30644688572
8184000  -3599.56705547219  3593.45501278733
8185000  -3601.20324031568  3592.73839215819
8186000  -3601.69550457345  3596.0769413499
8187000  -3601.61177222555  3596.64381718629
8188000  -3602.49509459022  3595.41769878123
8189000  -3599.83110703646  3595.1489306898
8190000  -3600.37336934231  3598.06013898386
8191000  -3602.13203059664  3600.30113528215
8192000  -3604.22503628382  3599.34784585952
8193000  -3603.17338039424  3599.7066848613
8194000  -3600.86292073375  3599.99893979036
8195000  -3602.14134285287  3598.68459811718
8196000  -3601.81581641395  3603.3009481693
8197000  -3602.5401782296  3601.78508030293
8198000  -3604.12657756656  3603.1895403958
8199000  -3603.23306186474  3600.87109835515
8200000  -3603.43928434621  3602.03437549621
8201000  -3602.45788560882  3604.06005163372
8202000  -3600.83058253081  3604.22080933303
8203000  -3606.06331154747  3604.03450509154
8204000  -3605.30999498983  3604.06592793447
8205000  -3602.87335729633  3605.2579335384
8206000  -3606.16742977929  3603.61527636664
8207000  -3606.11918241723  3603.08602783032
8208000  -3606.23933391632  3603.12241148337
8209000  -3609.26124349718  3604.9199670083
8210000  -3608.19916767385  3604.49322036129
8211000  -3605.72313272824  3604.40969723137
8212000  -3610.32714726514  3608.410522421
8213000  -3614.14894415798  3607.41888673504
8214000  -3613.2029304717  3608.43884809168
8215000  -3612.78550944421  3610.07844411844
8216000  -3611.14876956784  3610.26024050574
8217000  -3611.30815286617  3610.23506490389
8218000  -3613.44013936178  3610.4481219462
8219000  -3614.57562489947  3613.12057949925
8220000  -3613.54246742204  3612.77226087299
8221000  -3615.28049169596  3614.20092171072
8222000  -3615.96899017636  3612.52647244419
8223000  -3615.12101437393  3613.14674639159
8224000  -3617.93860496177  3613.59870054588
8225000  -3617.93475048198  3614.70900586725
8226000  -3617.6233424164  3613.32569234312
8227000  -3620.39026858422  3614.36994587433
8228000  -3619.83510509163  3617.68175825412
8229000  -3619.13690617196  3615.89886887379
8230000  -3618.8574160798  3617.31514097028
8231000  -3622.61730286217  3616.71546215269
8232000  -3623.69970768043  3617.70600541811
8233000  -3624.20361199525  3617.72121707677
8234000  -3624.70628399319  3616.98471748923
8235000  -3625.32214432305  3617.54612114726
8236000  -3626.03178232847  3617.54255805911
8237000  -3624.82317125749  3620.79736576396
8238000  -3625.19836000154  3619.92459361397
8239000  -3626.63446888618  3620.57644532047
8240000  -3624.67901584365  3619.89699041919
8241000  -3626.65286469522  3621.62343294174
8242000  -3625.19339617605  3621.62978883025
8243000  -3625.88659448655  3622.47339527795
8244000  -3629.09557406825  3621.94672722747
8245000  -3630.99058051389  3619.60839713818
8246000  -3629.09772478367  3622.17947014926
8247000  -3627.42324979183  3621.01940390219
8248000  -3625.72020288908  3622.12003192985
8249000  -3629.27922102217  3625.18381245979
8250000  -3629.36238379512  3629.35339040064
8251000  -3629.00809517156  3628.16382146549
8252000  -3630.45415419946  3625.89810030775
8253000  -3628.30768898995  3628.42878217058
8254000  -3628.46905727909  3629.07380939443
8255000  -3631.53541611671  3629.18720079297
8256000  -3630.20387626021  3629.80173512486
8257000  -3631.91126436019  3626.52065665863
8258000  -3631.97127731807  3629.3794097765
8259000  -3632.01648676726  3631.94293222712
8260000  -3634.44759106226  3630.74336934199
8261000  -3632.88766924259  3631.76964003253
8262000  -3636.46527671676  3632.49338250312
8263000  -3634.90697374158  3633.48997380413
8264000  -3635.05530404375  3634.04820446868
8265000  -3636.59005102967  3633.21272734636
8266000  -3638.2315740219  3632.14818759929
8267000  -3639.25779102001  3633.91217132081
8268000  -3640.21688557806  3636.47538147378
8269000  -3639.90786340145  3635.17523891602
8270000  -3642.01670201218  3634.8616036545
8271000  -3640.25813791247  3638.32477523904
8272000  -3641.44436908497  3638.47948613136
8273000  -3644.57336776061  3638.54928145005
8274000  -3643.21241494913  3639.58149575027
8275000  -3644.4064295318  3639.77956120902
8276000  -3644.16463310753  3638.55856598626
8277000  -3644.85211029162  3641.01277180538
8278000  -3643.28983329173  3641.14807460864
8279000  -3645.61151811926  3641.04245723737
8280000  -3643.4590658324  3638.8478064027
8281000  -3645.66422878328  3643.72040210313
8282000  -3645.45594061741  3640.82049316358
8283000  -3647.08745313983  3643.8109931812
8284000  -3646.34294383084  3644.07752939358
8285000  -3644.26720126956  3644.01315259705
8286000  -3645.75674111023  3643.80314797815
8287000  -3648.12803720218  3645.45990692858
8288000  -3649.30971360471  3644.94628148984
8289000  -3649.19487154735  3643.73107150439
8290000  -3649.71884113204  3642.79261561917
8291000  -3646.85461693069  3643.80968033479
8292000  -3650.20411782955  3642.83131106546
8293000  -3650.08608535054  3646.17411809622
8294000  -3653.05534362156  3641.13696566446
8295000  -3654.56219303729  3645.45465536205
8296000  -3652.25718498808  3646.3392997844
8297000  -3651.49340313022  3645.78864019877
8298000  -3653.08404408642  3647.22281996821
8299000  -3652.28554975787  3647.60774389078
8300000  -3653.86059949555  3647.3158244625
8301000  -3655.19425717777  3648.53104957826
8302000  -3657.27941645895  3649.51022285524
8303000  -3656.08598608296  3649.78734669547
8304000  -3655.27222247795  3650.43769426111
8305000  -3655.17382268333  3649.53811156169
8306000  -3655.05345595602  3651.45702813266
8307000  -3656.54976823623  3651.85105845902
8308000  -3657.44921945479  3651.68186384394
8309000  -3658.26789046791  3650.99231494226
8310000  -3657.73164658518  3651.84704182169
8311000  -3660.10325155873  3653.11697131446
8312000  -3662.20643080667  3653.4739417971
8313000  -3661.13979656718  3655.16917521979
8314000  -3662.63299704597  3651.90788957873
8315000  -3660.23122934927  3655.51018677127
8316000  -3664.09494994804  3653.66217904781
8317000  -3661.82314493959  3654.56239442761
8318000  -3665.09075581561  3654.89667393723
8319000  -3665.40768066138  3657.69386863939
8320000  -3665.02979535648  3659.09581742837
8321000  -3669.74918931982  3657.36158654015
8322000  -3666.39044847571  3656.98505008206
8323000  -3668.32931903101  3659.16098796721
8324000  -3667.82574527697  3659.1512324489
8325000  -3667.0159333087  3656.36358126947
8326000  -3668.54066565554  3656.56351768116
8327000  -3667.97850398966  3660.06973368067
8328000  -3669.21748339583  3661.95163417133
8329000  -3669.09222860597  3661.36867530175
8330000  -3673.32319819218  3664.0226366591
8331000  -3669.90671751456  3663.50361767344
8332000  -3671.11698260799  3667.00239203151
8333000  -3670.50442807098  3666.39217104208
8334000  -3670.35471558209  3665.85595583107
8335000  -3670.56053234273  3666.12506006106
8336000  -3671.31996512462  3664.41953232081
8337000  -3671.47233271577  3666.32391463262
8338000  -3675.52606349754  3664.92864620865
8339000  -3671.5325298839  3665.7750880537
8340000  -3674.22834849655  3665.64457327796
8341000  -3678.27458209692  3666.90128477571
8342000  -3674.99688746419  3666.94423531786
8343000  -3675.87359354541  3665.30363991456
8344000  -3677.09043524372  3666.15043629223
8345000  -3675.97450151382  3667.31875996383
8346000  -3676.08959447506  3669.38083580863
8347000  -3675.42292631637  3669.6151865115
8348000  -3677.65657412146  3668.92968747903
8349000  -3677.2694365481  3670.14999196461
8350000  -3678.1381545084  3667.45909088052
8351000  -3677.71130162424  3668.76525218376
8352000  -3681.17753486385  3669.52481377872
8353000  -3681.93247702991  3670.20569192836
8354000  -3681.37500984734  3672.05513619447
8355000  -3679.79792495839  3672.48758434626
8356000  -3683.90726830067  3671.94754139655
8357000  -3681.96526557448  3672.52471865618
8358000  -3682.65555738333  3674.13161834615
8359000  -3683.06029089443  3672.54868801796
8360000  -3682.4688497861  3672.81607156898
8361000  -3684.16138361334  3673.6962373711
8362000  -3681.08550189545  3673.6046524985
8363000  -3680.69682998531  3674.1509848475
8364000  -3680.64342779672  3674.20457140391
8365000  -3680.12102375359  3673.38773773144
8366000  -3683.09507513918  3674.68127891101
8367000  -3683.40072735202  3675.09837537847
8368000  -3683.52613129151  3675.55168053204
8369000  -3681.93799935027  3676.99293592818
8370000  -3684.76425636275  3676.54808277008
8371000  -3683.16614369528  3679.29173249834
8372000  -3683.18085573709  3678.09510483672
8373000  -3682.65301845276  3677.27135105802
8374000  -3684.87991643488  3677.42598121009
8375000  -3685.49305183969  3676.56679706384
8376000  -3683.81674054134  3677.69630167727
8377000  -3687.07167528945  3679.69974673342
8378000  -3682.04706830612  3679.55848222665
8379000  -3684.53373247147  3679.81837870501
8380000  -3686.19395130502  3678.7645157271
8381000  -3685.65823348492  3679.38050590379
8382000  -3690.31658276888  3680.9833570469
8383000  -3686.33093232036  3684.56171433053
8384000  -3688.71231609707  3682.9880414547
8385000  -3687.12202297404  3683.50089879413
8386000  -3690.39529407384  3681.69264763322
8387000  -3691.23532079609  3682.69882444226
8388000  -3691.5644694036  3682.65522780041
8389000  -3694.02613496435  3681.7180697822
8390000  -3694.03781064054  3680.24470843954
8391000  -3696.16750057785  3682.96281735976
8392000  -3692.60134402002  3680.92739361102
8393000  -3693.50552898957  3682.99224589763
8394000  -3696.58978493964  3681.14816556757
8395000  -3695.95743073274  3680.34380215698
8396000  -3696.29448842867  3682.73436355601
8397000  -3695.84722994643  3684.56843115403
8398000  -3697.97133052023  3688.83586959428
8399000  -3693.15077960698  3689.23501662817
8400000  -3693.70375296319  3687.62265750479
8401000  -3694.58184097249  3689.59433806853
8402000  -3693.40143238862  3688.28742921403
8403000  -3696.19282508448  3690.92788151669
8404000  -3695.61949250501  3689.5213913873
8405000  -3693.79252662497  3689.71388636589
8406000  -3696.56260441038  3690.04045801985
8407000  -3694.35057535414  3691.18164903455
8408000  -3696.46577269737  3690.07372378127
8409000  -3696.83735852687  3692.4245747961
8410000  -3699.23985686398  3692.25304347095
8411000  -3697.77595365115  3694.51427359109
8412000  -3699.04341691343  3694.87877119003
8413000  -3700.41908448574  3696.99223508362
8414000  -3700.61555287255  3697.35567907584
8415000  -3700.1598740482  3699.26968551554
8416000  -3699.22820064304  3700.73369808337
8417000  -3699.12487383217  3698.89283825268
8418000  -3698.85881712604  3699.13667475339
8419000  -3698.58601404782  3699.08581627118
8420000  -3700.7810362634  3701.08956261018
8421000  -3700.34350368642  3700.35495366515
8422000  -3701.59958584492  3703.1445164892
8423000  -3703.18261505232  3700.58712176287
8424000  -3704.39506819442  3702.42343684864
8425000  -3704.01876401452  3701.48895730225
8426000  -3704.75731583414  3704.14566622639
8427000  -3704.33049267853  3703.54063283705
8428000  -3705.46706008394  3703.13290935479
8429000  -3705.73254417829  3703.72688707688
8430000  -3706.63850499457  3705.37542284023
8431000  -3706.37914524455  3702.56929583033
8432000  -3708.92429082756  3703.77927151314
8433000  -3710.27439076431  3705.48420324673
8434000  -3709.40327237706  3706.17299955672
8435000  -3710.27977114304  3704.79958961329
8436000  -3711.27394669957  3707.58649058106
8437000  -3712.12627719657  3706.04350075559
8438000  -3711.05025376581  3707.04709526086
8439000  -3710.64722395693  3707.30813785657
8440000  -3713.99725753182  3707.44153034163
8441000  -3712.78621276  3709.62847402105
8442000  -3711.14656620092  3711.00162187775
8443000  -3711.80190302622  3708.74398817568
8444000  -3714.43071552975  3709.54091535147
8445000  -3709.76103714712  3707.2236873974
8446000  -3713.42518665454  3708.94887542423
8447000  -3715.42899207077  3709.87801036103
8448000  -3713.34211082617  3710.59145588485
8449000  -3716.60232670292  3711.41464600199
8450000  -3716.30708609545  3712.88559460069
8451000  -3714.43405262894  3712.23191810341
8452000  -3716.54407606101  3713.7907116153
8453000  -3717.36790148237  3713.58295127555
8454000  -3714.53098777237  3714.23046862804
8455000  -3714.39957777105  3715.16241159564
8456000  -3718.94904420048  3716.97109185187
8457000  -3719.03970972242  3717.05101078852
8458000  -3717.16048758986  3715.54952122553
8459000  -3719.93506735032  3719.17637913466
8460000  -3720.38456017604  3717.3741792091
8461000  -3720.5549507009  3720.74737225389
8462000  -3718.32498789082  3720.68363002983
8463000  -3717.48696956408  3719.6350388791
8464000  -3720.57529601712  3718.96783268816
8465000  -3720.56157155096  3717.58162172624
8466000  -3720.92594901506  3719.00965722643
8467000  -3720.5963574712  3719.53399398789
8468000  -3721.6047084737  3718.75987668651
8469000  -3725.62510803775  3717.23687744018
8470000  -3723.21405590246  3720.30454326176
8471000  -3724.50595195575  3719.55401944963
8472000  -3725.49907685749  3719.38511169362
8473000  -3725.97408311539  3721.2152550518
8474000  -3724.56736382575  3722.37874971809
8475000  -3724.54308909706  3722.45973597097
8476000  -3725.9428752452  3721.6977496942
8477000  -3726.09404676958  3723.40558574359
8478000  -3731.23857664942  3722.49407335034
8479000  -3732.09823227831  3726.40958432906
8480000  -3732.02100725462  3726.82822442646
8481000  -3732.83069990307  3727.02194947581
8482000  -3731.2744894349  3726.56941251379
8483000  -3733.79278798882  3729.67875316324
8484000  -3735.67856779054  3730.24553351645
8485000  -3734.35860459709  3728.71087325311
8486000  -3733.75211855339  3729.78611668453
8487000  -3734.73845064355  3728.68014468884
8488000  -3734.00555216763  3729.06201293093
8489000  -3735.13122873951  3729.31636376377
8490000  -3734.29811107567  3732.0228727955
8491000  -3735.88896517311  3733.8204274287
8492000  -3735.51738049955  3731.95123188468
8493000  -3737.41389772686  3731.94481773166
8494000  -3736.99547858222  3733.85097764957
8495000  -3735.35207920861  3734.75285588757
8496000  -3735.86499560003  3736.58319195941
8497000  -3736.16386023333  3735.19910901031
8498000  -3737.02279492637  3737.1402550823
8499000  -3737.83203180763  3738.21552806102
8500000  -3738.45847568594  3736.46437903805
8501000  -3741.55063857001  3737.67458111371
8502000  -3739.30080276185  3736.31855191625
8503000  -3742.71667310261  3739.28028084277
8504000  -3742.40604417414  3737.68278261869
8505000  -3743.94319911813  3739.44211344274
8506000  -3744.49404828838  3737.82533825655
8507000  -3747.32967991152  3740.75011449719
8508000  -3747.39592368933  3740.70843813649
8509000  -3747.91598803237  3741.85681572267
8510000  -3746.79630586034  3740.67180625024
8511000  -3748.59565602037  3743.04924114948
8512000  -3748.51356644656  3744.43969863056
8513000  -3748.66047368589  3745.90084418666
8514000  -3749.13407998941  3744.01707382741
8515000  -3751.93760550574  3744.96871446912
8516000  -3751.65738885518  3744.18804111027
8517000  -3750.72617737998  3744.76569294716
8518000  -3752.80043071428  3746.39187855653
8519000  -3751.19899933848  3743.51545589605
8520000  -3755.37881945704  3745.27283505806
8521000  -3754.87727533266  3748.5842893166
8522000  -3752.87303655386  3750.53688587631
8523000  -3754.6311516546  3748.64427361646
8524000  -3755.94839440372  3750.08826953798
8525000  -3753.79021254512  3750.44168847695
8526000  -3755.79508535784  3749.5898145398
8527000  -3753.93885066698  3750.52256531835
8528000  -3754.69808872226  3750.63550142965
8529000  -3756.37888744116  3755.87662642739
8530000  -3757.84632699113  3753.15169960751
8531000  -3757.15773777219  3754.1263334902
8532000  -3757.82037354801  3755.92307988558
8533000  -3756.83756981262  3755.56335515057
8534000  -3758.0838066381  3756.90656263877
8535000  -3757.27689734668  3756.29121125497
8536000  -3758.36639644028  3756.28859112563
8537000  -3758.05081068396  3754.93099734163
8538000  -3758.68164809913  3754.46689096718
8539000  -3757.86403866606  3756.99472285179
8540000  -3756.14816054055  3758.31479399043
8541000  -3758.86183699923  3757.93802361872
8542000  -3760.01245324677  3757.4788195136
8543000  -3758.16361988926  3757.66553643891
8544000  -3760.32662896689  3754.95867254567
8545000  -3758.24067833743  3757.66675113097
8546000  -3762.18286308315  3759.23887379478
8547000  -3758.49428430332  3759.92288686805
8548000  -3760.69764190023  3758.63192485821
8549000  -3764.13450856181  3760.32237875958
8550000  -3762.28498177979  3759.81814897397
8551000  -3761.97067934027  3762.33086027627
8552000  -3764.72429231964  3762.81856744403
8553000  -3765.86126142324  3760.83188490108
8554000  -3765.07531732628  3761.23976526759
8555000  -3766.49443287426  3762.41460145148
8556000  -3766.76521175338  3760.84015012795
8557000  -3767.54834506055  3762.99632830422
8558000  -3766.49667151973  3763.84111886762
8559000  -3769.06896416982  3765.67928513604
8560000  -3770.27357569541  3764.62183808789
8561000  -3769.11368861834  3767.11014624428
8562000  -3768.10690794435  3767.0842001519
8563000  -3765.37590320536  3772.98349796514
8564000  -3765.87947495075  3771.31042404062
8565000  -3767.99263140523  3769.27144951757
8566000  -3768.66029190773  3771.88876656194
8567000  -3769.3457428348  3769.71366934049
8568000  -3768.42830222933  3771.62940803679
8569000  -3769.4149207917  3772.11345536208
8570000  -3769.37512073283  3773.14560085347
8571000  -3770.86110630032  3773.25549589148
8572000  -3770.61079641319  3773.08540468163
8573000  -3774.8507497971  3774.86282399762
8574000  -3773.97557314358  3775.09809593738
8575000  -3773.7124857905  3775.09201169973
8576000  -3773.7903858085  3777.49993186694
8577000  -3772.70248027545  3776.78284106465
8578000  -3774.3419093117  3779.4939311413
8579000  -3773.9623848304  3778.70894162265
8580000  -3775.18614743202  3778.53749711996
8581000  -3774.11018994506  3781.59771996263
8582000  -3775.56627621385  3780.69350832862
8583000  -3776.72574340644  3780.32501829258
8584000  -3777.21536789295  3781.468760582
8585000  -3777.37459739893  3780.83479301126
8586000  -3775.43022165927  3782.70900622068
8587000  -3778.98404510722  3782.55229304997
8588000  -3776.42612831401  3783.99982061137
8589000  -3780.2890285626  3784.49183411452
8590000  -3780.41464561428  3786.40759494459
8591000  -3781.85396169984  3781.60868479328
8592000  -3781.35495199382  3782.49512235622
8593000  -3782.51666361158  3783.42306898554
8594000  -3781.65373927034  3783.03808199103
8595000  -3781.1782665548  3783.46453002366
8596000  -3782.27271378357  3780.75491718385
8597000  -3782.93153787538  3783.20935596685
8598000  -3780.28824479183  3783.60723696505
8599000  -3783.91498724538  3782.17894981464
8600000  -3783.54866253682  3783.30954960494
8601000  -3784.00517588945  3781.53877787815
8602000  -3782.96392897003  3782.14937742065
8603000  -3785.38719912815  3783.38145387387
8604000  -3783.16701937879  3783.20785805691
8605000  -3782.025486276  3783.86089597334
8606000  -3784.97971268099  3781.33982362262
8607000  -3785.11354719378  3782.66785245716
8608000  -3785.68691159125  3786.88998051127
8609000  -3786.69114383689  3785.42159113896
8610000  -3786.57212769621  3788.04069621689
8611000  -3786.32988878293  3787.81698332144
8612000  -3790.38702141261  3789.26313406046
8613000  -3790.67303410335  3787.26910109326
8614000  -3789.37061617747  3789.82881654247
8615000  -3788.93165976471  3789.38331716815
8616000  -3790.74632409927  3789.98170918845
8617000  -3790.64030150482  3790.65920762136
8618000  -3788.66898851023  3791.43294316417
8619000  -3790.21056242066  3791.76520021969
8620000  -3790.93932290587  3790.47463738545
8621000  -3790.49279571034  3791.27187546047
8622000  -3791.3725911515  3790.37913567955
8623000  -3791.1318492934  3792.88574229894
8624000  -3791.86122884003  3790.092824633
8625000  -3792.86162678371  3790.00631961176
8626000  -3792.75985469238  3791.3008108821
8627000  -3793.38367140586  3790.52261729457
8628000  -3793.85485503519  3792.63652686268
8629000  -3791.98162439045  3790.07453756771
8630000  -3794.1077324026  3795.0877436069
8631000  -3794.58729964243  3793.45571341272
8632000  -3794.35958221029  3792.64018301536
8633000  -3794.74367057396  3794.54446923957
8634000  -3793.23285582929  3794.31739618799
8635000  -3794.00186382169  3796.98674686958
8636000  -3794.96373864513  3795.49367200504
8637000  -3794.49057229238  3795.21863208711
8638000  -3794.04526801287  3797.96239454871
8639000  -3790.11575445428  3795.83094378885
8640000  -3795.92614928543  3798.08630296227
8641000  -3796.98719649909  3795.93586724845
8642000  -3794.1045660648  3798.36771800627
8643000  -3792.37488177239  3799.16830524206
8644000  -3793.73375175008  3801.9346263607
8645000  -3795.96202117297  3801.53705151591
8646000  -3797.96831962254  3801.62030293038
8647000  -3796.18819540283  3800.32696251193
8648000  -3797.58305283874  3803.28473159562
8649000  -3796.92948310703  3800.70842503147
8650000  -3801.10671139074  3800.51310123458
8651000  -3802.04559891513  3804.5174694467
8652000  -3802.06831442459  3803.55782089153
8653000  -3800.96864378049  3801.99309136881
8654000  -3800.94866976907  3803.52975895523
8655000  -3802.15940013966  3807.79576593666
8656000  -3802.09958726206  3804.62636046776
8657000  -3804.29127231387  3806.10555777727
8658000  -3801.78474376539  3804.66462464771
8659000  -3802.92110776119  3804.89287152778
8660000  -3801.69079094427  3805.68014703021
8661000  -3804.40484104892  3806.89436078114
8662000  -3801.83775441048  3806.41819105416
8663000  -3805.61317541531  3807.7362029316
8664000  -3802.00965784857  3804.40333044013
8665000  -3802.54450743105  3807.00807003363
8666000  -3801.39628969629  3806.23762808333
8667000  -3807.29350300557  3805.92111864604
8668000  -3804.79784911213  3805.15336623112
8669000  -3807.13240973521  3806.62219656405
8670000  -3805.47904964319  3808.51995420316
8671000  -3807.66323825221  3808.35111871408
8672000  -3807.89459057534  3807.50804871551
8673000  -3807.93319811041  3806.31019231306
8674000  -3807.96013064477  3807.00625316188
8675000  -3808.31117756612  3805.35881349206
8676000  -3807.08339825644  3805.55962814728
8677000  -3810.46743632033  3806.20685440444
8678000  -3810.66611984111  3807.18523898746
8679000  -3810.47282837227  3807.73611472143
8680000  -3813.01830639122  3808.00930221798
8681000  -3808.63821440508  3809.75679978215
8682000  -3812.19634140381  3809.5486040809
8683000  -3812.08575236545  3810.71926039229
8684000  -3814.53353472961  3812.58778992238
8685000  -3811.98154176534  3810.40899787273
8686000  -3814.74974641173  3811.12527029775
8687000  -3814.9222220934  3809.88954074293
8688000  -3816.75286790184  3809.87001577007
8689000  -3818.73104817079  3812.20209219143
8690000  -3819.55164838785  3808.69577671647
8691000  -3817.19913057055  3812.8160747702
8692000  -3816.42232039267  3811.89168870363
8693000  -3815.62691195248  3813.16620150848
8694000  -3818.8143380062  3814.54758629381
8695000  -3817.75179366966  3814.31217408264
8696000  -3820.18697847636  3818.15779048309
8697000  -3820.14478305474  3817.08998642446
8698000  -3819.58588247252  3817.96284170934
8699000  -3821.46100941002  3819.24730398755
8700000  -3822.97824273362  3819.61548001039
8701000  -3825.1535755777  3818.08426557519
8702000  -3825.96225605152  3818.74218685131
8703000  -3825.11963790947  3821.60620613383
8704000  -3825.85784526719  3819.8457660698
8705000  -3826.15200518334  3822.22775262951
8706000  -3827.88260794576  3820.98795013006
8707000  -3827.40202121316  3823.74473196638
8708000  -3827.62770873333  3823.62999045733
8709000  -3830.60921419098  3823.26981436099
8710000  -3827.02423035967  3824.81802057837
8711000  -3828.6507139735  3825.75144060651
8712000  -3827.22541045834  3826.95163109962
8713000  -3828.44146003372  3826.81049575593
8714000  -3829.32562788516  3828.39102864966
8715000  -3830.12762181033  3827.63439506082
8716000  -3827.8058844517  3827.14563774224
8717000  -3832.04154688868  3828.36686988281
8718000  -3831.64780361825  3827.83711527219
8719000  -3834.70349498166  3827.15675821204
8720000  -3830.70535456318  3825.66452601671
8721000  -3835.79990240144  3829.22051911436
8722000  -3834.75238549374  3827.05563955842
8723000  -3833.61039323883  3827.97086976523
8724000  -3834.51333132107  3830.3341339026
8725000  -3832.96174944686  3830.68025656503
8726000  -3836.77402421026  3830.31692077277
8727000  -3834.57861220097  3831.0804597847
8728000  -3834.32982528876  3832.53160993956
8729000  -3836.19618213568  3832.36210919669
8730000  -3838.75445051245  3833.61846168313
8731000  -3837.87603182302  3831.83988130281
8732000  -3839.10687515975  3835.54269754181
8733000  -3839.85098970343  3835.41755614594
8734000  -3837.62653200405  3834.62709079661
8735000  -3838.57301506171  3835.99721373148
8736000  -3838.02906709425  3833.45182706914
8737000  -3840.67213438492  3833.89946212147
8738000  -3838.05116635168  3835.34319904253
8739000  -3834.35301614093  3836.86141047216
8740000  -3837.88156048777  3835.1034148623
8741000  -3836.56816825075  3835.49837216359
8742000  -3837.31375238239  3836.74132952109
8743000  -3837.03102744883  3837.52453450543
8744000  -3837.7322693158  3839.41782458325
8745000  -3838.19171120804  3839.25679132991
8746000  -3839.14218361217  3836.80604175366
8747000  -3837.20109046288  3836.83196560374
8748000  -3837.89431462907  3838.64179636954
8749000  -3839.94737548992  3839.12748774594
8750000  -3840.07090149392  3838.76513587298
8751000  -3841.57224619223  3837.70665123161
8752000  -3842.64901607632  3837.80237677251
8753000  -3842.9362370729  3839.09818421906
8754000  -3844.22716212703  3838.63401660471
8755000  -3846.01410436431  3838.9497303691
8756000  -3847.89636711277  3839.16320944474
8757000  -3846.62227488292  3837.95885552595
8758000  -3846.04502516442  3839.67528734197
8759000  -3849.01979295248  3841.42742129491
8760000  -3850.11417774437  3842.25785424265
8761000  -3847.95421692427  3840.88914706151
8762000  -3850.91336240982  3842.53107657389
8763000  -3851.29745238002  3845.45043997598
8764000  -3854.03309267392  3846.99719660511
8765000  -3848.78779184604  3846.87395889358
8766000  -3850.34777092763  3848.18158533079
8767000  -3854.01462088999  3851.05312007533
8768000  -3852.6987385745  3849.54892000366
8769000  -3852.14078264869  3850.01538760586
8770000  -3850.65182652668  3849.61268445174
8771000  -3851.84271897648  3852.20844406272
8772000  -3852.05329383473  3852.46475377329
8773000  -3854.02651687691  3850.60631734216
8774000  -3855.2726525461  3850.64475795348
8775000  -3856.13919797257  3854.10447170342
8776000  -3859.16052346243  3853.76989933985
8777000  -3857.05403135932  3854.63281551458
8778000  -3858.96371665116  3854.24042835616
8779000  -3856.96436362696  3854.12085477872
8780000  -3858.35843763511  3857.74529898608
8781000  -3858.47354606121  3859.28416172059
8782000  -3857.02899692121  3860.28596720589
8783000  -3856.39271617667  3857.24810195468
8784000  -3859.62232761933  3859.02018854502
8785000  -3860.95744929685  3860.42733753573
8786000  -3858.78579948385  3859.46032115941
8787000  -3860.15462805684  3861.99412641758
8788000  -3859.45547766287  3860.61209069195
8789000  -3860.58741256524  3861.5575149774
8790000  -3862.05504070322  3863.38380618386
8791000  -3862.13391218919  3863.70638206091
8792000  -3865.38320844011  3864.88408626854
8793000  -3862.18656039688  3863.65433163831
8794000  -3864.70508809382  3862.11175094888
8795000  -3863.34631470921  3864.28175711425
8796000  -3866.70991765794  3865.18807463132
8797000  -3864.50978735216  3865.03240977179
8798000  -3864.43878089797  3865.70447892669
8799000  -3864.45830894192  3866.96269867514
8800000  -3865.76695949995  3868.32031493521
8801000  -3866.58753902379  3869.77946606872
8802000  -3866.22457133073  3870.49393512363
8803000  -3869.1294366848  3870.6761144224
8804000  -3868.97189008349  3870.11780498805
8805000  -3867.81513481545  3870.96817089959
8806000  -3869.82155296443  3870.77086628661
8807000  -3870.20266318314  3871.80215030243
8808000  -3872.58323766025  3875.17730430011
8809000  -3868.873459736  3870.67409526093
8810000  -3871.02045991969  3870.36667095505
8811000  -3872.71584431659  3871.59055257112
8812000  -3872.68939415664  3872.85163861757
8813000  -3870.15652504393  3873.11638321813
8814000  -3871.51267201217  3871.61243036297
8815000  -3872.55323161301  3872.52413909609
8816000  -3873.8317917709  3871.69719101245
8817000  -3872.50508527187  3872.36915301213
8818000  -3876.3865702273  3874.38754428151
8819000  -3872.39418244743  3873.84871820232
8820000  -3876.50381050838  3873.27328868024
8821000  -3877.26918426081  3873.37910522953
8822000  -3874.83517905746  3875.37737173799
8823000  -3875.1232890708  3875.79662141306
8824000  -3874.82932062711  3875.34601136656
8825000  -3875.43995212715  3874.74598985677
8826000  -3876.30798245389  3874.02840280544
8827000  -3875.57206263449  3873.14816643011
8828000  -3877.66765471457  3877.26612961096
8829000  -3876.72788595996  3874.946477301
8830000  -3878.5497579774  3873.48221692769
8831000  -3881.10751400623  3875.629589269
8832000  -3880.33928633413  3875.76384354511
8833000  -3881.19149797531  3875.83738916543
8834000  -3881.00842030659  3875.00006567135
8835000  -3880.44593606784  3876.15405595861
8836000  -3879.89359848326  3876.08925444375
8837000  -3881.78875998201  3875.03714551259
8838000  -3883.16944699708  3876.21358969349
8839000  -3883.63985542609  3877.32840595372
8840000  -3883.15767701367  3876.89016647975
8841000  -3885.88249916933  3877.46228185218
8842000  -3884.21177340517  3882.11083652613
8843000  -3886.16403377504  3880.53839558387
8844000  -3888.5908068793  3880.43165887791
8845000  -3884.70572592608  3882.18779274809
8846000  -3887.90121240971  3880.35995529204
8847000  -3888.09562725806  3880.50031428113
8848000  -3889.16755580557  3881.04944276687
8849000  -3887.68768471123  3884.09335367108
8850000  -3888.21517382846  3882.37664154538
8851000  -3885.66918395753  3883.75388684328
8852000  -3888.1702089042  3881.75050333066
8853000  -3887.493563119  3882.17324603908
8854000  -3889.92382903447  3881.45817508473
8855000  -3889.23126901089  3883.74904272779
8856000  -3888.04795476403  3883.3126123792
8857000  -3890.72213859793  3885.40282752311
8858000  -3889.94199664441  3883.79831709891
8859000  -3891.5641468069  3885.53943135327
8860000  -3889.3780792126  3886.2351889192
8861000  -3890.69661628004  3888.31025471366
8862000  -3892.51377740833  3886.72498184998
8863000  -3890.87529498265  3885.06300509074
8864000  -3892.39753933874  3884.15728877512
8865000  -3893.13394271923  3884.00384266085
8866000  -3892.78253417484  3885.28173582217
8867000  -3892.77178489738  3886.71496875495
8868000  -3889.90297503334  3885.74450446156
8869000  -3892.4393914452  3887.43008890354
8870000  -3892.85971940631  3888.70257795578
8871000  -3893.10782125912  3888.97097911677
8872000  -3893.42593467467  3889.97905312184
8873000  -3894.05855070615  3891.43935661484
8874000  -3895.21833387707  3891.33202841259
8875000  -3894.99758820433  3890.26298359869
8876000  -3895.99894700143  3890.50409719888
8877000  -3895.54869479904  3888.08666822592
8878000  -3894.91369825256  3891.25712118008
8879000  -3895.3892439444  3890.00776958829
8880000  -3898.95330206598  3891.33416556582
8881000  -3897.42262649953  3891.86459444277
8882000  -3897.19708309268  3894.12531925642
8883000  -3896.6372114645  3890.20497535618
8884000  -3898.10480820815  3891.74750878944
8885000  -3900.25028649622  3892.95613544144
8886000  -3899.5908070217  3892.21688569338
8887000  -3896.51770984118  3892.41112866308
8888000  -3898.18133343948  3892.32517230605
8889000  -3897.6562636296  3895.18184616803
8890000  -3897.23568892317  3893.77698344586
8891000  -3898.14778613976  3894.4787640894
8892000  -3896.81864119201  3897.75733018346
8893000  -3897.09873202829  3898.05874684143
8894000  -3898.55764280988  3898.74152020606
8895000  -3895.13657782889  3900.19489797097
8896000  -3897.70492905457  3899.59556534727
8897000  -3900.17965404078  3898.93001911436
8898000  -3897.867570073  3901.96364506528
8899000  -3898.38755320366  3902.63518552089
8900000  -3901.70163894707  3902.4933062517
8901000  -3903.21360755356  3902.72289402502
8902000  -3902.65597186568  3902.21208443855
8903000  -3903.89223151326  3906.43718927487
8904000  -3902.72945566677  3906.21859507698
8905000  -3904.50988764064  3905.08932129696
8906000  -3904.6761814639  3905.88067588934
8907000  -3909.2112864382  3909.07910553703
8908000  -3904.25103681376  3908.14367076654
8909000  -3905.26740778419  3906.13945661812
8910000  -3906.8944712441  3905.89390527035
8911000  -3905.4086747729  3907.12080672108
8912000  -3907.38039099887  3909.76738769867
8913000  -3904.0694025446  3908.1813279057
8914000  -3907.73900448709  3906.44951716907
8915000  -3906.24214433789  3907.58332345471
8916000  -3907.90689097967  3907.22208937919
8917000  -3907.70978945021  3911.9816553517
8918000  -3912.96008726069  3912.23217934125
8919000  -3911.44070671578  3911.49319642389
8920000  -3912.763714277  3911.07141067553
8921000  -3912.60797489379  3914.32550320148
8922000  -3912.77476914463  3911.24045032129
8923000  -3913.61247568494  3915.60621332152
8924000  -3915.57356356603  3914.22222566602
8925000  -3913.58180143682  3913.19013024382
8926000  -3913.86039700705  3913.7976051701
8927000  -3914.36977117989  3915.04183273276
8928000  -3915.23496038067  3913.35829012001
8929000  -3915.24431812035  3915.82940118683
8930000  -3915.49571843253  3917.03192010682
8931000  -3914.46965982088  3917.48778100602
8932000  -3916.72701076475  3917.41792279037
8933000  -3915.88458577828  3918.2721094383
8934000  -3917.90324667157  3917.96237987262
8935000  -3918.35086959763  3918.91889247414
8936000  -3918.18062710201  3920.63975666681
8937000  -3917.82930684994  3920.32739506937
8938000  -3917.9249217741  3921.57128028213
8939000  -3919.32846478883  3919.97074710404
8940000  -3919.71479162543  3919.59604603445
8941000  -3922.537050746  3917.83568724863
8942000  -3923.19668556829  3919.16087338832
8943000  -3923.34367979267  3920.26082399834
8944000  -3921.4696469495  3923.10059265622
8945000  -3922.60065140795  3921.43328172505
8946000  -3923.74040521479  3920.51711987017
8947000  -3922.11279820588  3918.00352289783
8948000  -3922.00797204605  3921.68921014501
8949000  -3926.2158996155  3921.21674713595
8950000  -3924.37213861273  3923.35301638334
8951000  -3928.10453479432  3922.57499073422
8952000  -3923.89528653449  3922.97493039804
8953000  -3929.47518665368  3921.82878792918
8954000  -3929.95198207299  3920.61690164481
8955000  -3929.54667397593  3925.78805064264
8956000  -3928.19252081237  3922.56395172842
8957000  -3929.22353350877  3924.06052872087
8958000  -3927.27094789054  3925.4913455303
8959000  -3928.49509512353  3925.24765376225
8960000  -3930.43719709466  3926.80381817667
8961000  -3930.70433572376  3925.57882382952
8962000  -3926.63644092689  3925.25222998949
8963000  -3931.09197131359  3923.14846628678
8964000  -3934.46652655901  3927.11428195958
8965000  -3932.93532351622  3928.95674934934
8966000  -3933.8542019583  3931.42642182061
8967000  -3936.63229484389  3928.90455627962
8968000  -3936.44423712272  3927.95200036013
8969000  -3934.98348590377  3930.05825377858
8970000  -3935.71453706661  3931.1688007915
8971000  -3934.92697442193  3932.69954824061
8972000  -3933.58225312736  3930.64804694604
8973000  -3937.61480944084  3933.1312653411
8974000  -3938.49703577774  3932.90607010958
8975000  -3936.93155244634  3932.83148987687
8976000  -3936.20785682378  3933.19297540107
8977000  -3938.94291211097  3934.60159725727
8978000  -3935.89687746482  3936.54070647754
8979000  -3938.35023721088  3938.31608175105
8980000  -3938.60314517478  3938.09738533666
8981000  -3937.44316065102  3938.19122822187
8982000  -3937.86486656682  3938.4376892342
8983000  -3940.69918808576  3937.00465906248
8984000  -3940.29500845909  3938.45307036288
8985000  -3940.72126002546  3937.47743355119
8986000  -3941.62680945947  3937.91233667617
8987000  -3943.86123614308  3940.14525599793
8988000  -3945.32228335162  3943.10331349896
8989000  -3945.8820913869  3941.57515639191
8990000  -3947.47103284995  3942.83086272875
8991000  -3945.98754242002  3941.51963220698
8992000  -3946.73447936818  3942.10806609559
8993000  -3946.64023544005  3940.21974822127
8994000  -3945.39367479979  3941.66294053941
8995000  -3946.89892130454  3943.66476479913
8996000  -3948.04962059165  3944.31277234986
8997000  -3947.1186255852  3944.23336537041
8998000  -3948.98597631498  3945.12101434778
8999000  -3949.98476529431  3944.65289726255
9000000  -3951.87707591888  3944.48656535102
9001000  -3950.72391506968  3944.63808020361
9002000  -3952.40853283463  3945.38131558583
9003000  -3955.469553112  3947.160305287
9004000  -3954.435143143  3945.20381992027
9005000  -3955.36407309995  3945.98149792082
9006000  -3953.72981525633  3945.00064986362
9007000  -3954.93529581237  3947.09017546817
9008000  -3957.37328898138  3945.17227000368
9009000  -3956.60936663432  3948.32571957871
9010000  -3957.5934315984  3946.11707828627
9011000  -3957.61911869048  3949.69683856879
9012000  -3958.75331734517  3947.96258528719
9013000  -3959.05670463289  3948.98613400136
9014000  -3962.67918691992  3950.23403350654
9015000  -3959.71690288591  3949.00625651775
9016000  -3958.56680378782  3950.45229781446
9017000  -3961.25128910787  3949.12221121093
9018000  -3961.92521976914  3951.2238907674
9019000  -3962.90498053021  3954.38825461703
9020000  -3962.57656694096  3952.63288886271
9021000  -3964.15085299351  3955.52717825462
9022000  -3965.20879278196  3954.43328793841
9023000  -3966.50255595483  3952.66518321928
9024000  -3964.42269658503  3956.23466063281
9025000  -3968.64669577828  3956.99160153651
9026000  -3967.04839688674  3957.90986466073
9027000  -3966.62648621321  3957.1290429655
9028000  -3966.68765368905  3958.03424409525
9029000  -3973.12403773319  3959.184549408
9030000  -3968.7296673852  3958.91622872513
9031000  -3970.95396205717  3959.79664560801
9032000  -3972.16267359139  3957.89131781904
9033000  -3971.56393650481  3957.25367115353
9034000  -3971.29874234145  3961.74424316412
9035000  -3973.38275559786  3961.25960490484
9036000  -3973.06902616311  3960.81169826552
9037000  -3970.24808049913  3962.92306862294
9038000  -3972.12926485247  3962.53606390379
9039000  -3970.23241151023  3964.18597795708
9040000  -3972.48809041328  3963.55773574949
9041000  -3972.55341387286  3964.09777416426
9042000  -3969.95018432614  3965.29485475213
9043000  -3971.50746338792  3961.52629013936
9044000  -3972.93981257994  3967.82898559778
9045000  -3972.06155414013  3964.51557363512
9046000  -3971.50069666091  3967.21089119157
9047000  -3971.7174729379  3964.87218056194
9048000  -3972.51764041514  3967.93624497444
9049000  -3971.5337485403  3970.38769324247
9050000  -3971.77001049586  3967.28804464276
9051000  -3974.24871337258  3971.59412151873
9052000  -3972.48536136535  3970.71828913413
9053000  -3972.91205719069  3969.44405702691
9054000  -3973.02607578624  3971.97710074668
9055000  -3972.56723359376  3974.00998884771
9056000  -3974.37986700705  3973.64370156734
9057000  -3973.86304845497  3974.61279235991
9058000  -3975.84458748142  3973.83775515375
9059000  -3972.07720145991  3975.82088992037
9060000  -3971.18074909893  3974.00091648745
9061000  -3974.56122831206  3976.55047480762
9062000  -3974.8100258978  3978.61831167518
9063000  -3976.65059190002  3976.50836262067
9064000  -3978.15353382311  3977.41459170308
9065000  -3979.54830401192  3975.61620554376
9066000  -3976.92969645085  3978.30515598801
9067000  -3976.56158112559  3978.33524908244
9068000  -3977.1970830153  3974.58818600604
9069000  -3981.67460981084  3977.14225461192
9070000  -3980.32995177915  3977.85959816272
9071000  -3981.21554868369  3979.71918856757
9072000  -3979.97571132932  3978.25130444581
9073000  -3981.32945943733  3977.27528970881
9074000  -3979.78417018933  3979.60469277163
9075000  -3978.26494653229  3978.6413238513
9076000  -3980.07261015987  3980.43584232336
9077000  -3985.83317726626  3980.32580268264
9078000  -3983.1922348075  3982.33270920226
9079000  -3985.8105260953  3982.69868590251
9080000  -3985.4024199114  3981.66398106029
9081000  -3986.6959463191  3985.33327297749
9082000  -3986.907535892  3985.30660382127
9083000  -3988.25103987845  3985.59197030626
9084000  -3986.80032274555  3985.17272478815
9085000  -3987.53466412301  3984.89836860461
9086000  -3985.49258272585  3987.80228698473
9087000  -3987.76069229891  3989.60039050273
9088000  -3986.24401916352  3986.80606713841
9089000  -3987.8200174029  3989.1926220829
9090000  -3988.58671860234  3989.22332217191
9091000  -3989.08858321329  3988.82692924469
9092000  -3988.08893289321  3989.76722230592
9093000  -3988.77785083176  3989.1604357926
9094000  -3988.26881939875  3991.19703785247
9095000  -3991.09004523431  3989.84541902706
9096000  -3986.15532190807  3992.09603329692
9097000  -3991.41469042312  3989.31483664652
9098000  -3990.46220063047  3989.81961453929
9099000  -3989.49566665593  3991.57033790795
9100000  -3990.95674486916  3991.95095733192
9101000  -3993.51380049937  3992.7937598733
9102000  -3993.05150543372  3995.33892546277
9103000  -3994.13924540964  3992.90918398495
9104000  -3993.52004468341  3993.23825106202
9105000  -3992.84475523011  3991.12770506384
9106000  -3990.80898752853  3991.34384267427
9107000  -3993.31067286835  3992.3360822529
9108000  -3997.32993868801  3995.49241138254
9109000  -3992.26891752676  3994.66391343924
9110000  -3994.15331365703  3991.49896287513
9111000  -3993.42010295986  3993.76280520923
9112000  -3994.57890221281  3993.87184014082
9113000  -3994.67257744518  3993.56381019859
9114000  -3996.76272921932  3992.89319239334
9115000  -3997.28078520068  3994.60408958464
9116000  -3998.56986698806  3994.79197999886
9117000  -3999.94833189963  3995.24766707602
9118000  -3997.39299234521  3996.75982504589
9119000  -3997.39037476352  3997.91877837038
9120000  -4001.42771848449  3997.95292947387
9121000  -4001.19222710411  3996.89115799805
9122000  -4000.12841536223  3996.51532788766
9123000  -4001.56625316243  3999.65604390061
9124000  -4002.92112849971  3998.4450816164
9125000  -4000.47924123965  3999.84893555866
9126000  -4003.14603113404  3997.29757608318
9127000  -4004.63515418538  3999.72604902088
9128000  -4006.40696153197  3998.5700773227
9129000  -4007.96275237553  3998.25475476027
9130000  -4008.17656871601  3999.0953896193
9131000  -4007.06644964599  3998.99634282636
9132000  -4009.99607663752  3997.96554729124
9133000  -4008.50978480851  3996.14899856187
9134000  -4011.49746337471  3999.99693512702
9135000  -4011.15256706897  3995.64265211475
9136000  -4010.69692543606  3998.76632223909
9137000  -4011.2710867683  3998.16683172199
9138000  -4013.97802537897  3997.44651098621
9139000  -4012.89293253636  3995.69781823031
9140000  -4015.26497886389  3997.87019108424
9141000  -4018.07984096311  3998.45419586721
9142000  -4017.80049675658  3998.68691542525
9143000  -4014.30433019405  3995.85412191976
9144000  -4014.72827255947  3997.26064594303
9145000  -4014.67171947668  3997.50431824403
9146000  -4016.54485405666  4000.82358346623
9147000  -4014.89301934241  3999.62919474511
9148000  -4015.64483125538  3998.37019839974
9149000  -4014.83247886653  3999.28771339764
9150000  -4014.84668140771  3999.99290667944
9151000  -4014.64597353712  4001.18026864317
9152000  -4017.90581395557  4002.39222812832
9153000  -4014.39769987512  4002.49028340543
9154000  -4018.54805583605  4003.31227407672
9155000  -4017.05666000095  4004.87683126648
9156000  -4018.07953662327  4006.43530453563
9157000  -4017.17757601785  4003.50286096618
9158000  -4019.07045235871  4006.34309591595
9159000  -4020.71950257665  4007.96301341851
9160000  -4021.95902767067  4007.7365839721
9161000  -4018.69032702613  4008.91791575483
9162000  -4019.67120541814  4008.26382941438
9163000  -4018.04260050187  4008.08824589117
9164000  -4019.21835022757  4009.24473633137
9165000  -4018.59566694048  4010.09105681429
9166000  -4021.11276069044  4012.5066397318
9167000  -4022.0328633709  4013.45143361218
9168000  -4022.85663159573  4012.32211178005
9169000  -4023.09306911502  4014.95969383009
9170000  -4023.29131031296  4015.14429764069
9171000  -4024.02639074818  4015.90128236284
9172000  -4023.68959677827  4015.19434338601
9173000  -4022.583763129  4016.97162588744
9174000  -4024.67430497206  4017.52176235131
9175000  -4022.29588991965  4019.47471539297
9176000  -4023.34366143492  4017.45235991983
9177000  -4025.23802120269  4018.36136051744
9178000  -4023.6862639862  4016.75912131647
9179000  -4028.07563882154  4018.88279008142
9180000  -4025.81474640622  4021.20782730314
9181000  -4025.43690613991  4019.93494069144
9182000  -4024.829895403  4023.1676300566
9183000  -4028.57178589333  4023.2723197793
9184000  -4028.16727632554  4023.2194049209
9185000  -4027.39819460918  4024.18504863305
9186000  -4027.65107395877  4025.96153988574
9187000  -4027.44798528932  4025.17496039684
9188000  -4029.71096884534  4025.63490658068
9189000  -4028.02997783956  4027.78556458622
9190000  -4026.185829397  4025.01015154393
9191000  -4027.19307318747  4027.2200618698
9192000  -4028.31881576473  4025.52998885475
9193000  -4028.14831734323  4026.87127233867
9194000  -4030.52047789124  4026.90423056427
9195000  -4031.19242117489  4025.85015028261
9196000  -4030.28263099944  4027.62551031141
9197000  -4031.11232380433  4028.03308222159
9198000  -4032.32111477502  4028.5411802718
9199000  -4035.34656973306  4030.23062721646
9200000  -4035.07319323449  4029.16009843982
9201000  -4037.11175343377  4031.25194275274
9202000  -4037.57728315564  4033.34010396783
9203000  -4036.59371692959  4031.23425148988
9204000  -4038.59573879709  4034.62696219795
9205000  -4037.27280562398  4037.65867160797
9206000  -4035.71924110111  4034.04608311598
9207000  -4034.77537329274  4034.63387622408
9208000  -4038.79195658873  4032.83569823347
9209000  -4038.95230912513  4036.1967566941
9210000  -4037.9674171647  4037.08793728787
9211000  -4039.81626019437  4035.85923453103
9212000  -4040.59265604404  4038.30679987196
9213000  -4042.28555017422  4036.38750484938
9214000  -4040.77497935292  4039.90984496661
9215000  -4042.7095017069  4040.32444141945
9216000  -4043.21184185713  4037.7732327698
9217000  -4043.99311416888  4037.14088511166
9218000  -4043.86812726168  4038.88509351196
9219000  -4045.81929571982  4038.51341415816
9220000  -4045.57570002946  4039.72924247213
9221000  -4044.73213560235  4042.00488578723
9222000  -4047.6256262798  4039.47509995607
9223000  -4047.82479014095  4040.2881635781
9224000  -4046.08751247452  4040.38899272139
9225000  -4046.06797492849  4040.82548859946
9226000  -4047.62142733535  4040.80531561245
9227000  -4045.61454309722  4039.42469808014
9228000  -4044.40607343929  4041.00628474131
9229000  -4044.88786973757  4042.83097951737
9230000  -4047.84144795408  4043.55602943459
9231000  -4047.88915845959  4042.2482276939
9232000  -4046.77479971968  4044.46720075427
9233000  -4048.18050808524  4045.10583308501
9234000  -4050.87174198227  4044.81688806529
9235000  -4052.85678583788  4045.41625218735
9236000  -4052.73448406388  4045.94377034869
9237000  -4050.99276987505  4047.81714594745
9238000  -4052.52502557207  4045.88840003225
9239000  -4055.77485892852  4046.45549790472
9240000  -4054.1279205355  4045.73722437906
9241000  -4054.2579446095  4046.83518516803
9242000  -4052.43213324045  4046.38848250716
9243000  -4054.35304676381  4046.09484146988
9244000  -4055.69932234193  4046.39524315566
9245000  -4056.091084044  4042.68625480936
9246000  -4052.66314657621  4045.39578274696
9247000  -4055.77531433793  4045.49634504409
9248000  -4055.00168964293  4045.57810559408
9249000  -4058.29526984308  4044.63044452844
9250000  -4056.43001298405  4045.03687169741
9251000  -4058.68921791182  4046.1747229181
9252000  -4057.59114478274  4047.26125230789
9253000  -4059.09885375658  4046.89973287899
9254000  -4057.26311287092  4045.39776468428
9255000  -4058.98212253625  4045.57859566128
9256000  -4056.56966907715  4047.6144959488
9257000  -4059.95041764123  4046.41716229926
9258000  -4059.16205260837  4048.50925643377
9259000  -4059.85425569791  4046.9688781534
9260000  -4058.53006655495  4046.03069958788
9261000  -4065.27525883847  4051.28613754928
9262000  -4061.12450091557  4050.62690185131
9263000  -4059.82719869275  4050.18066988254
9264000  -4061.06073177166  4051.88351112515
9265000  -4061.70973146609  4052.89912202433
9266000  -4060.86396514535  4049.42831873798
9267000  -4059.95807640569  4051.86988802903
9268000  -4061.45158258345  4049.66826915614
9269000  -4060.92470806827  4054.00181678726
9270000  -4058.90899572357  4053.14462468061
9271000  -4061.10925461453  4053.89502424501
9272000  -4060.16134515415  4055.14276281595
9273000  -4061.45579773261  4053.1565311962
9274000  -4059.8780061544  4056.11784043841
9275000  -4059.16303503384  4053.32247304415
9276000  -4059.81109957324  4055.509545572
9277000  -4060.58544435128  4055.01037719604
9278000  -4061.90801412823  4056.79255335833
9279000  -4060.43961620168  4057.23871642902
9280000  -4057.90851710262  4057.16460726699
9281000  -4060.1341213826  4058.49451738225
9282000  -4058.6507756169  4057.96915643093
9283000  -4062.16973161014  4056.19960310474
9284000  -4059.75251384986  4057.66590427521
9285000  -4064.1802290914  4058.43469999023
9286000  -4063.3497516177  4057.65875530435
9287000  -4060.80716407205  4061.2858130867
9288000  -4065.68438055645  4059.16444266718
9289000  -4065.44220467412  4060.63704007315
9290000  -4065.15175760125  4061.36950210275
9291000  -4065.67681191357  4063.29172655401
9292000  -4065.40916898212  4061.69150539383
9293000  -4064.65174530287  4060.01729413393
9294000  -4065.03434794649  4061.63952855821
9295000  -4063.06575502172  4063.92477256987
9296000  -4065.13239124066  4065.66295679046
9297000  -4065.54957077095  4066.50971546594
9298000  -4065.73416018746  4067.02323081213
9299000  -4067.76369205374  4070.53841492772
9300000  -4071.05464197396  4070.96133010726
9301000  -4069.75230501442  4067.55749529444
9302000  -4070.14329939835  4067.89630103738
9303000  -4069.32016526866  4068.64910752522
9304000  -4067.94161263267  4069.90089336087
9305000  -4071.08002347452  4070.19719184312
9306000  -4068.47343310626  4069.31282877763
9307000  -4071.32951118555  4071.17688944607
9308000  -4070.77745069715  4071.64379113146
9309000  -4072.97217518171  4077.05776371999
9310000  -4072.68278226634  4077.55167299917
9311000  -4073.94114701814  4076.56587785157
9312000  -4069.16573480676  4077.28720494583
9313000  -4073.79105885532  4077.0547401139
9314000  -4072.69656108991  4077.66661265805
9315000  -4074.65894956275  4079.49093019091
9316000  -4075.96533253984  4079.5606267396
9317000  -4079.95065803281  4079.04553994499
9318000  -4077.25958063848  4080.97362853847
9319000  -4080.0835562004  4082.08283058512
9320000  -4079.05856319658  4081.22077027859
9321000  -4079.48243372887  4080.2054107623
9322000  -4081.85724792196  4082.40805897506
9323000  -4083.26561342191  4080.06667125175
9324000  -4082.58742446357  4082.43888631849
9325000  -4082.05096655577  4080.99720882289
9326000  -4081.63008084207  4083.30181045058
9327000  -4082.75365271599  4084.88430213397
9328000  -4083.94601986284  4083.16504649469
9329000  -4083.26743721589  4087.18190895371
9330000  -4083.55198718005  4085.24951189591
9331000  -4083.31362575117  4085.05095011382
9332000  -4084.63838796374  4084.16394665401
9333000  -4085.85368893922  4085.43459294023
9334000  -4085.99724292705  4085.36900669453
9335000  -4086.39511015253  4087.97993611518
9336000  -4087.68425931124  4088.37709005796
9337000  -4086.59560998958  4087.13263098857
9338000  -4087.79098642809  4088.61038349654
9339000  -4085.74235200066  4090.7465935083
9340000  -4088.22266227095  4090.46516106888
9341000  -4087.72943070437  4090.37200889347
9342000  -4087.23540744526  4087.66299234839
9343000  -4086.09345230343  4088.10652037571
9344000  -4085.13906504151  4090.31750176824
9345000  -4090.44851878393  4089.50460761511
9346000  -4090.78142219189  4090.76303812067
9347000  -4089.19346307606  4091.32716258343
9348000  -4093.20863273754  4088.8821041865
9349000  -4091.9716603266  4090.62574077667
9350000  -4092.66351268751  4092.17440515002
9351000  -4091.35980469701  4091.6442594338
9352000  -4091.53881341836  4091.90349596275
9353000  -4091.03692810243  4093.1838227016
9354000  -4090.98506262646  4089.76093248697
9355000  -4092.07043685157  4092.42916501892
9356000  -4090.84824699705  4093.98340151973
9357000  -4094.73231025382  4091.80908804027
9358000  -4093.70505277297  4092.64515312343
9359000  -4096.59579033843  4093.37694987058
9360000  -4093.96867215624  4094.67772714124
9361000  -4096.30748649281  4090.22723562776
9362000  -4096.14877020791  4091.95255168
9363000  -4094.79440358652  4093.6053299976
9364000  -4095.35744683143  4091.36733794788
9365000  -4096.49203503572  4092.07719798278
9366000  -4096.3557739727  4093.20746195227
9367000  -4095.39371563044  4093.28472601087
9368000  -4097.32029762815  4094.08610137578
9369000  -4095.52268646623  4092.57211072691
9370000  -4099.60982474113  4093.20725308066
9371000  -4097.66285386511  4093.70776074223
9372000  -4098.37981581766  4095.84346826571
9373000  -4095.95946394352  4098.62988025051
9374000  -4100.40852363235  4096.47608592907
9375000  -4098.19020466926  4096.81832768106
9376000  -4099.94059040269  4099.66767836539
9377000  -4099.66033061892  4098.16407141119
9378000  -4100.79001510563  4097.15173758514
9379000  -4102.87831627255  4095.55290017194
9380000  -4103.38763208739  4098.12733243835
9381000  -4103.0603064112  4099.13235796849
9382000  -4099.27263627357  4099.33693589757
9383000  -4100.80450131406  4100.59776855792
9384000  -4105.11903255435  4103.38880144606
9385000  -4104.95944941001  4102.0847141574
9386000  -4105.37992300739  4100.59788414098
9387000  -4106.06250043685  4101.97004654146
9388000  -4106.60684609449  4101.28116287072
9389000  -4107.18334120206  4103.97255992838
9390000  -4109.2463831198  4102.69207130093
9391000  -4111.69748325036  4104.45556152001
9392000  -4105.06629995611  4104.29990739616
9393000  -4109.34237768738  4105.15212270419
9394000  -4112.90290105292  4105.66879626707
9395000  -4110.11870995147  4104.92966245058
9396000  -4111.23886219183  4107.66383858933
9397000  -4109.54530196849  4106.88542679346
9398000  -4111.37741601784  4107.47894684287
9399000  -4111.55973898563  4108.2151020029
9400000  -4115.12255692815  4109.42627631801
9401000  -4113.53173016635  4108.96674467634
9402000  -4115.72374709178  4108.95717200518
9403000  -4115.74614556541  4107.44838635113
9404000  -4112.5391052357  4108.40962623983
9405000  -4115.4615606649  4109.18031919742
9406000  -4115.38341696708  4110.09913128717
9407000  -4113.90198330162  4110.95227261311
9408000  -4112.88781171156  4112.82861429464
9409000  -4114.59944501762  4112.77943466657
9410000  -4114.31400348696  4115.75196055383
9411000  -4118.45443548661  4113.14592543667
9412000  -4116.00857269679  4115.71006136139
9413000  -4113.87420807372  4115.27084005535
9414000  -4117.04402482952  4117.29264229363
9415000  -4115.93699655813  4116.97329725564
9416000  -4115.96970661392  4114.0169192262
9417000  -4116.03559890009  4114.09820032307
9418000  -4116.81697322012  4114.0946609486
9419000  -4115.2568668821  4116.22286811206
9420000  -4118.42298711068  4115.14624531495
9421000  -4118.18055737423  4117.7621110741
9422000  -4120.22383058015  4114.70844295644
9423000  -4118.80598218292  4114.74911000874
9424000  -4120.78832860581  4117.15213390139
9425000  -4122.04845865214  4116.30736709753
9426000  -4123.18198222482  4119.59369224274
9427000  -4123.68600126886  4117.36471568883
9428000  -4120.65979291438  4116.91248481865
9429000  -4125.04691894928  4118.49396172617
9430000  -4126.82303912771  4120.65006926377
9431000  -4124.98072745249  4118.42473623225
9432000  -4126.62660006309  4120.5071016801
9433000  -4127.32991530349  4120.22314619009
9434000  -4127.93217875818  4121.01107666919
9435000  -4125.50772292912  4121.28856641621
9436000  -4125.25926697075  4118.77792469746
9437000  -4127.22597635844  4122.02312871832
9438000  -4126.75759312943  4121.20013803724
9439000  -4129.17791925365  4124.51467434429
9440000  -4130.21206013337  4124.89399946194
9441000  -4130.83242521158  4123.28278054473
9442000  -4129.65855741235  4126.24362596364
9443000  -4132.79999989688  4123.56067763163
9444000  -4128.90135472012  4124.77409272825
9445000  -4130.78219254929  4124.13900015802
9446000  -4131.04041677216  4125.15346487931
9447000  -4131.42566406634  4125.39630703763
9448000  -4136.96432513247  4127.09354076343
9449000  -4134.36897864756  4127.39228361909
9450000  -4135.82568524707  4127.28062998782
9451000  -4139.24134676033  4125.0081522419
9452000  -4138.37956712881  4126.89464393821
9453000  -4137.06822086674  4126.72489652196
9454000  -4136.62325808974  4128.06398385654
9455000  -4134.80672860519  4126.73570876945
9456000  -4138.48528404035  4127.75796086509
9457000  -4136.69492396824  4129.06431183554
9458000  -4134.74084185159  4128.28490743209
9459000  -4138.32205335455  4132.73546808924
9460000  -4137.13404830873  4130.96925704662
9461000  -4139.1599115204  4130.69687409968
9462000  -4137.57458499275  4131.92059169621
9463000  -4137.14083802611  4133.27454765439
9464000  -4140.22031172014  4131.02467196744
9465000  -4138.13912146373  4129.72481760724
9466000  -4136.27824252113  4133.07846993029
9467000  -4139.22698579582  4131.86905880377
9468000  -4137.8202507248  4133.29703304469
9469000  -4141.33269886448  4135.26161038208
9470000  -4138.72575847084  4134.86521087514
9471000  -4140.64680318477  4136.53505836292
9472000  -4139.01577620193  4137.06796481957
9473000  -4138.39487302334  4136.60651002946
9474000  -4140.16106865823  4138.24167782529
9475000  -4137.57344804216  4136.84246505065
9476000  -4140.87580415574  4141.96047976757
9477000  -4141.69821743038  4140.41493249392
9478000  -4142.99854063817  4139.15982192474
9479000  -4141.85560521795  4138.6604989379
9480000  -4141.21012275116  4140.94681320031
9481000  -4142.38041019438  4141.88025593672
9482000  -4141.72044736031  4141.04447456434
9483000  -4144.16014166356  4142.28360824021
9484000  -4142.12230199796  4141.20581317923
9485000  -4141.04015424595  4141.06399315275
9486000  -4144.93287436671  4141.07363400634
9487000  -4144.79382071174  4142.86878004944
9488000  -4146.63965999619  4141.02710616264
9489000  -4145.52666116815  4138.5108565586
9490000  -4146.68798217737  4139.55292224129
9491000  -4147.38976434517  4140.65601156048
9492000  -4145.27593237097  4140.45695257167
9493000  -4150.00897327729  4141.96144090335
9494000  -4150.47445439245  4142.16842752658
9495000  -4149.83608695839  4140.42974266379
9496000  -4149.17540143563  4142.01688205475
9497000  -4152.05995346677  4144.35030888796
9498000  -4150.1682012502  4145.66214317636
9499000  -4152.13645509303  4142.52918894577
9500000  -4150.40445612302  4145.61603592685
9501000  -4150.56099007467  4146.9441571859
9502000  -4149.70948152257  4146.39727994217
9503000  -4151.85684268312  4146.43753128899
9504000  -4152.20235223208  4146.72489146348
9505000  -4153.43041654633  4147.28041126034
9506000  -4153.22738078808  4148.93227723122
9507000  -4152.86130714913  4147.22776165894
9508000  -4151.58758215075  4145.4144610825
9509000  -4155.35025830526  4147.53490583898
9510000  -4153.80844863674  4147.04303249101
9511000  -4156.76122111077  4148.78087369886
9512000  -4155.33860522713  4152.49868115914
9513000  -4154.61983662981  4152.18795495582
9514000  -4157.51755166554  4152.94903908939
9515000  -4160.66940865765  4153.75824192427
9516000  -4158.74450362526  4150.67918311521
9517000  -4156.29761663936  4154.43891164955
9518000  -4158.20744876176  4152.37010536131
9519000  -4157.71290033146  4151.41158877286
9520000  -4160.40660377919  4154.77547349198
9521000  -4159.30250969437  4150.37757693835
9522000  -4162.40044424858  4153.0890972985
9523000  -4162.46344039564  4152.41428296437
9524000  -4162.68586644879  4153.57404907256
9525000  -4163.73943641645  4154.33322485265
9526000  -4159.60359135118  4154.26839608877
9527000  -4163.46659471108  4154.621912868
9528000  -4165.31947746701  4152.19740260035
9529000  -4165.24143343489  4154.24931755683
9530000  -4163.85258035345  4153.91182203597
9531000  -4164.93561471588  4154.15556587826
9532000  -4163.88470849177  4153.3944577411
9533000  -4167.84484717726  4154.48893718999
9534000  -4165.93801057707  4154.00353980849
9535000  -4168.12008812751  4154.04095452381
9536000  -4166.89353275699  4155.20526543959
9537000  -4170.17803760919  4156.38859622541
9538000  -4169.43380658152  4157.6244397603
9539000  -4168.92656067967  4158.31430667579
9540000  -4170.61765669192  4159.14634363374
9541000  -4172.20859991666  4158.94359348109
9542000  -4170.3725999732  4158.3193297115
9543000  -4170.50939632621  4159.8622322179
9544000  -4172.4198664329  4163.32287621551
9545000  -4171.82836390342  4161.14218521986
9546000  -4173.1928553882  4162.58398324042
9547000  -4172.93262633174  4165.32083239987
9548000  -4173.7183415147  4167.36133133083
9549000  -4176.31183816915  4168.67968782914
9550000  -4174.05070280201  4167.01410912829
9551000  -4176.06202745234  4166.59803809954
9552000  -4173.29576235352  4168.7690318021
9553000  -4174.02251273551  4169.65939998727
9554000  -4176.57543443845  4170.18418431611
9555000  -4175.02799410691  4173.49312680687
9556000  -4176.17468139386  4176.1020137535
9557000  -4175.65216098656  4174.2220763538
9558000  -4177.92215872456  4175.79977186257
9559000  -4179.37912542769  4177.84668788024
9560000  -4179.12104929264  4177.9403227601
9561000  -4180.20949197748  4179.87252697796
9562000  -4178.86774988891  4178.81709226297
9563000  -4181.23010242481  4179.6917343269
9564000  -4179.81905078034  4180.4683622709
9565000  -4179.85376586606  4179.27973877285
9566000  -4178.94004228694  4179.62920566788
9567000  -4180.89849893682  4180.24085650832
9568000  -4178.96975176386  4178.7854544795
9569000  -4180.21413480634  4179.33438164202
9570000  -4178.99888828811  4181.85670386783
9571000  -4183.93251992896  4184.01482018531
9572000  -4181.40761409082  4184.91473179574
9573000  -4179.3748059846  4181.61714996177
9574000  -4181.175940456  4182.81897644196
9575000  -4183.9924529679  4184.70971755969
9576000  -4182.57556781522  4183.00655819623
9577000  -4182.37863890319  4182.70699642349
9578000  -4186.40624869689  4183.82699858926
9579000  -4188.13917304467  4183.9871377321
9580000  -4185.39154909015  4183.24936507865
9581000  -4185.82868175614  4187.25531099019
9582000  -4187.50260336301  4186.25183896862
9583000  -4189.63010688925  4185.97141534381
9584000  -4187.37929652959  4186.57278197293
9585000  -4191.88356495516  4186.79592594794
9586000  -4192.33296046891  4186.56129123055
9587000  -4194.48963524331  4184.92670051499
9588000  -4194.12436849766  4188.52550898576
9589000  -4192.49031144964  4188.49096065466
9590000  -4193.66645542228  4188.30862229154
9591000  -4193.68656350951  4188.27944538907
9592000  -4191.8633481313  4189.78471614372
9593000  -4195.47860563675  4190.52905747517
9594000  -4197.6645368184  4193.18661970102
9595000  -4196.05267085475  4193.52729512657
9596000  -4198.96858454977  4194.39016657046
9597000  -4195.66251514637  4195.35119507228
9598000  -4200.52312203225  4193.66416929699
9599000  -4197.5898701342  4194.61125777236
9600000  -4199.4044617615  4198.51411781107
9601000  -4200.28979839215  4197.25292413931
9602000  -4202.25002182071  4198.62142479637
9603000  -4204.62443180716  4199.07810108894
9604000  -4204.85408609392  4200.60717412927
9605000  -4205.29884571496  4199.46944949031
9606000  -4204.65549118648  4203.71454421222
9607000  -4205.7107681362  4200.82230854549
9608000  -4206.16609708933  4202.91196099401
9609000  -4207.27303909428  4205.45932082091
9610000  -4208.37075253475  4204.109862125
9611000  -4207.92427208331  4205.54304831554
9612000  -4210.51719474617  4206.28371808334
9613000  -4210.73811351519  4205.57212399228
9614000  -4213.96544060088  4206.97735289327
9615000  -4212.23106937863  4207.90511329521
9616000  -4214.42532447185  4207.48003318049
9617000  -4214.37928483475  4206.55094072426
9618000  -4213.91539084068  4207.57420386998
9619000  -4212.1067182314  4207.67189098813
9620000  -4214.12469410711  4209.52454508564
9621000  -4214.78996452703  4207.6468634634
9622000  -4214.02369153372  4211.24996094312
9623000  -4214.27591745189  4211.52125918626
9624000  -4215.35458288174  4212.72728868735
9625000  -4218.40998402014  4213.86995356943
9626000  -4215.7766100663  4213.94526190643
9627000  -4216.80877171152  4212.81016837778
9628000  -4216.26483018143  4212.83451821971
9629000  -4215.82741790524  4214.10472930766
9630000  -4214.84178092006  4214.14758240611
9631000  -4216.72833261372  4213.36624195526
9632000  -4217.2515060463  4212.30243327848
9633000  -4218.13007248591  4215.7578475884
9634000  -4217.91080163358  4218.39802286128
9635000  -4219.01534455363  4216.83997728869
9636000  -4219.26177444562  4216.3657570577
9637000  -4219.6378091143  4218.59238981009
9638000  -4220.96640349024  4216.8462935599
9639000  -4221.22200846999  4218.63897902059
9640000  -4220.7752225672  4219.57726204183
9641000  -4222.22969161671  4217.96721264147
9642000  -4224.80462745704  4219.41551815676
9643000  -4226.11055264215  4220.38163687328
9644000  -4222.75034651091  4219.58213142963
9645000  -4226.15358372154  4220.46328296322
9646000  -4228.0277813091  4221.33786356803
9647000  -4227.32134850791  4222.33692636818
9648000  -4227.40121075406  4222.85059358956
9649000  -4227.20989685861  4223.21907463616
9650000  -4227.6221364674  4222.54942118271
9651000  -4229.98338439204  4224.39614402317
9652000  -4230.48511412975  4222.89178898616
9653000  -4232.26175689389  4225.67957437086
9654000  -4230.74106959946  4226.36024651577
9655000  -4230.48388535335  4225.52383409753
9656000  -4233.6528127134  4225.08387313476
9657000  -4232.44704406026  4226.42048401181
9658000  -4231.56539484723  4227.51933685534
9659000  -4234.93938250612  4227.89774394864
9660000  -4232.20683802704  4228.55086208961
9661000  -4230.9915670329  4228.68890892045
9662000  -4232.16739395344  4230.12827617345
9663000  -4232.80975828367  4229.08259751972
9664000  -4233.00730180345  4231.77181212978
9665000  -4231.81048643799  4234.86033060941
9666000  -4232.55519004794  4233.79424342486
9667000  -4232.83245749448  4234.63440278755
9668000  -4234.62353004262  4234.58435888134
9669000  -4233.43671416396  4234.33216042085
9670000  -4237.51339415183  4233.56999718148
9671000  -4237.11051494541  4236.82610224678
9672000  -4238.31200306379  4237.35459935779
9673000  -4238.53340503719  4235.67070552649
9674000  -4238.27584603699  4237.01086002148
9675000  -4236.84637121918  4235.33246801993
9676000  -4240.27958085931  4235.75949670297
9677000  -4238.61387449352  4239.73295650348
9678000  -4239.4522660737  4237.40017635488
9679000  -4241.39102536936  4237.77997368225
9680000  -4242.88381536774  4238.75947833016
9681000  -4242.66844648879  4239.57274960066
9682000  -4242.66862842464  4239.65638897615
9683000  -4242.92287955022  4237.12613821098
9684000  -4241.14244375729  4239.81334001899
9685000  -4242.86223622836  4238.78530459366
9686000  -4243.29595994661  4238.78307718885
9687000  -4246.68625141062  4239.20430928273
9688000  -4243.36018755578  4239.69541045733
9689000  -4245.08200556698  4240.94628751239
9690000  -4244.32507576607  4240.50340194984
9691000  -4246.66040541442  4238.86947552225
9692000  -4247.67736285293  4239.31545799912
9693000  -4247.04012841936  4243.85136000213
9694000  -4246.16051319201  4241.03168275225
9695000  -4242.8182912115  4244.18678799325
9696000  -4245.60191206272  4242.12460514921
9697000  -4245.96101017081  4245.32690125093
9698000  -4247.19606642317  4245.50829448585
9699000  -4246.68094868519  4243.8348487753
9700000  -4251.07146225036  4245.61675127895
9701000  -4245.12440306353  4245.9128936381
9702000  -4246.91929441593  4247.03445974323
9703000  -4247.01427125739  4245.67807191228
9704000  -4246.06729591459  4246.9501557132
9705000  -4247.74463667637  4247.65193491891
9706000  -4246.6234696885  4249.04783556813
9707000  -4248.2064766499  4249.47748704612
9708000  -4249.86850395307  4249.51722718136
9709000  -4247.62140495437  4249.89789400216
9710000  -4249.36215783612  4248.55048043138
9711000  -4249.26894867027  4250.23213440082
9712000  -4252.79678068408  4251.059349408
9713000  -4249.78706826948  4250.67450041528
9714000  -4249.10336714943  4251.23327844981
9715000  -4249.51253539326  4249.79538850915
9716000  -4251.22966009  4251.23520302332
9717000  -4252.3164727356  4252.54748723564
9718000  -4252.58245465518  4253.39152872833
9719000  -4253.58096547373  4253.07209026697
9720000  -4251.46453108196  4252.47303274038
9721000  -4253.30370975698  4255.35407347671
9722000  -4252.48656668617  4255.0269022029
9723000  -4252.20309227362  4255.84943358752
9724000  -4254.72725865064  4256.21657315547
9725000  -4254.15366691164  4259.1888288888
9726000  -4257.53960324414  4255.33397435114
9727000  -4256.39118966835  4259.02325904817
9728000  -4259.4773299094  4256.5418562497
9729000  -4257.85391549447  4259.75270544956
9730000  -4259.6529078112  4256.50045943385
9731000  -4260.27108302962  4259.52469817591
9732000  -4258.74638754464  4258.42255444604
9733000  -4257.12572241748  4258.84800286923
9734000  -4258.52818840119  4258.56256550488
9735000  -4262.24634438886  4259.58215864376
9736000  -4264.16942759482  4259.95384354613
9737000  -4260.12547469357  4262.34955052723
9738000  -4263.51377776308  4262.79717694933
9739000  -4265.66561853081  4259.92213890054
9740000  -4264.4506467387  4263.93294990238
9741000  -4264.66346545544  4264.52619942551
9742000  -4263.97513288767  4263.37604090401
9743000  -4266.45080540793  4263.45945914346
9744000  -4261.71476854252  4267.43050534902
9745000  -4263.54985472947  4264.2328209386
9746000  -4267.10839033648  4266.62420369076
9747000  -4265.26644630162  4267.55870279145
9748000  -4266.38667838126  4268.62529102997
9749000  -4269.72934538905  4269.81734895084
9750000  -4267.78952922121  4269.47174628893
9751000  -4267.99223837821  4269.36353224226
9752000  -4268.36301414651  4269.57318766741
9753000  -4268.36717047258  4272.77506794088
9754000  -4269.41642755759  4272.80481172536
9755000  -4270.79400773482  4272.51057201983
9756000  -4270.73895205804  4272.82780249125
9757000  -4272.0407580268  4275.94309918459
9758000  -4272.27981516795  4276.98315779267
9759000  -4270.84183211601  4275.37074475639
9760000  -4273.73953936607  4275.38611153324
9761000  -4275.16777894742  4277.15246632636
9762000  -4273.84722966257  4277.09675412781
9763000  -4273.75807948141  4276.79814408515
9764000  -4276.35615413268  4278.24295218429
9765000  -4275.43978573616  4278.85861973671
9766000  -4279.20293311328  4280.86990295887
9767000  -4277.68938040993  4279.38680421827
9768000  -4278.72563510529  4280.29376273411
9769000  -4278.29548261585  4281.29531854659
9770000  -4277.86671995964  4282.53210660294
9771000  -4279.15084040751  4279.1069378525
9772000  -4280.09637793324  4280.59073204108
9773000  -4281.04553844139  4279.79477478865
9774000  -4277.75335118659  4282.25223243477
9775000  -4279.09536892487  4280.85897023159
9776000  -4280.88031096984  4280.64045796805
9777000  -4280.76175415565  4282.79651877642
9778000  -4280.69121617014  4280.67331210237
9779000  -4283.81123057774  4280.13456641488
9780000  -4281.74641813046  4284.99705065215
9781000  -4281.91666801792  4282.71761060016
9782000  -4283.44130508995  4284.38162219993
9783000  -4283.66960430319  4283.11056031615
9784000  -4282.66944120482  4285.05652229155
9785000  -4281.58334701691  4284.79692513451
9786000  -4282.80950327712  4286.05439544892
9787000  -4282.25561646155  4286.02838329093
9788000  -4282.34288760924  4286.04845305573
9789000  -4283.29357473264  4285.68208966806
9790000  -4284.45029850509  4286.87399073149
9791000  -4286.30953447309  4286.06026838853
9792000  -4284.67824223546  4286.70248548854
9793000  -4282.37123531375  4286.5474002224
9794000  -4286.99784641744  4287.0016323737
9795000  -4286.92713199097  4289.12803123636
9796000  -4286.21687568352  4288.03941931033
9797000  -4285.43172552357  4287.77506204339
9798000  -4285.66150722428  4289.61670246565
9799000  -4285.90533287101  4290.32741990823
9800000  -4286.25429495112  4289.50013698086
9801000  -4290.08609808447  4291.0423853159
9802000  -4287.56102211969  4291.95895010185
9803000  -4288.01395787956  4290.99583436316
9804000  -4289.89793434499  4288.45937859967
9805000  -4293.00029902945  4292.02778003878
9806000  -4292.87607208516  4294.04481257662
9807000  -4291.60026536633  4292.13890161365
9808000  -4291.82773761776  4293.48077042912
9809000  -4291.39791752502  4296.51259765974
9810000  -4294.0976058726  4297.32827975971
9811000  -4297.82346166057  4299.60956872951
9812000  -4297.30545639089  4298.21352346688
9813000  -4298.26718297501  4297.36556772721
9814000  -4297.45655136616  4296.94424125428
9815000  -4299.76583287295  4298.54398647265
9816000  -4299.78203576  4297.2866754187
9817000  -4300.3021738956  4298.87819072569
9818000  -4300.99599931155  4300.34249674411
9819000  -4299.85159898512  4300.58603826617
9820000  -4302.57564792344  4299.45485309911
9821000  -4303.23368431543  4298.26118678942
9822000  -4301.6696889497  4302.03042726008
9823000  -4304.03676949402  4301.77802705332
9824000  -4303.05059501684  4302.84105299776
9825000  -4305.20381842504  4301.55017869983
9826000  -4305.60280968768  4301.60530952568
9827000  -4306.70319211827  4301.65411502458
9828000  -4309.94341710987  4303.45000870046
9829000  -4308.51842233875  4305.47941396925
9830000  -4306.80492774644  4304.76277532959
9831000  -4306.43326268309  4308.16663667369
9832000  -4308.37683360493  4307.66100357754
9833000  -4309.1007695928  4311.93040991907
9834000  -4311.34584274657  4306.93130925747
9835000  -4309.97492659124  4309.03498706727
9836000  -4309.45607910053  4312.22767855102
9837000  -4314.07219611036  4313.23826261744
9838000  -4311.55134233741  4313.13799187676
9839000  -4313.75166818484  4312.05802869702
9840000  -4313.27967057189  4313.31208051173
9841000  -4312.14369624811  4313.1759631316
9842000  -4313.63154970498  4315.3228452993
9843000  -4312.52267183224  4313.40038441363
9844000  -4314.23449161507  4313.84868708159
9845000  -4312.22740607308  4316.56905567509
9846000  -4314.11982708636  4317.54499584279
9847000  -4309.95335002404  4316.03140468737
9848000  -4315.53081246351  4318.55826845138
9849000  -4313.34231178895  4316.33954258002
9850000  -4314.46014017463  4318.72270964668
9851000  -4313.99048128577  4315.13255044312
9852000  -4317.17196956449  4316.16941890389
9853000  -4317.91718062788  4316.03790536695
9854000  -4320.63408938654  4318.51852498599
9855000  -4318.71629984916  4320.07067947774
9856000  -4321.95719394082  4318.91009977972
9857000  -4319.96965774346  4319.60662963222
9858000  -4319.46664892652  4320.664031814
9859000  -4318.73671214909  4321.97494101529
9860000  -4318.97195864138  4319.02180052491
9861000  -4319.86255412466  4319.4854778174
9862000  -4320.48588952483  4321.22827578603
9863000  -4318.13470368594  4321.30383382449
9864000  -4319.8097001512  4322.7229790054
9865000  -4319.43325460815  4324.26469545393
9866000  -4322.56651267733  4322.62610815003
9867000  -4326.58249619591  4321.53862809936
9868000  -4325.11539352214  4324.96410763048
9869000  -4325.13270253614  4323.23548058406
9870000  -4326.38557257813  4324.92229866115
9871000  -4324.92134875574  4324.88853548664
9872000  -4325.63465825737  4323.58347235478
9873000  -4325.88990343026  4325.94462676904
9874000  -4326.08893913464  4324.922775789
9875000  -4326.34122966257  4326.14666288094
9876000  -4327.62566550921  4330.1421645971
9877000  -4328.19311993784  4328.20686537508
9878000  -4325.63270166017  4328.48695576333
9879000  -4326.63613022662  4327.79887747982
9880000  -4327.10312446614  4330.04847871523
9881000  -4327.40741672991  4328.15223870286
9882000  -4326.87660408346  4329.10671220199
9883000  -4330.88665163635  4330.99025070683
9884000  -4331.56312717794  4333.46294183134
9885000  -4333.61121715174  4333.46188931182
9886000  -4334.31225769733  4333.66498382622
9887000  -4334.33392828562  4333.50253447808
9888000  -4334.97172425309  4334.42825182464
9889000  -4334.00542625973  4334.15662584907
9890000  -4332.90445996529  4333.924818294
9891000  -4334.79387671015  4333.47720890038
9892000  -4333.74256267959  4335.39952410302
9893000  -4333.06648251415  4332.62790350132
9894000  -4334.36133048928  4334.48275159073
9895000  -4336.11656226409  4334.93541127463
9896000  -4337.62194006112  4336.24253764961
9897000  -4338.48770452461  4335.91512297066
9898000  -4339.10551278005  4339.10260009165
9899000  -4335.75457671059  4339.54099265899
9900000  -4337.0252105173  4338.27761556451
9901000  -4341.06331231297  4341.24848867961
9902000  -4338.93359170724  4341.29044747146
9903000  -4338.3698741125  4338.50422520056
9904000  -4340.4021746144  4339.55374898272
9905000  -4342.30406372812  4341.90895291656
9906000  -4340.92024619078  4341.62535586077
9907000  -4339.75692558501  4342.42694518226
9908000  -4341.98906969552  4342.85617597036
9909000  -4340.81946390807  4345.60275486125
9910000  -4341.00103512812  4345.94280651132
9911000  -4341.55079053489  4344.93750589151
9912000  -4341.97612694137  4346.05318385344
9913000  -4341.73005852173  4347.94656743832
9914000  -4340.83261049161  4347.78622268329
9915000  -4342.21023791215  4349.87433464334
9916000  -4342.27405376957  4348.44547976946
9917000  -4343.44830035611  4349.88792547643
9918000  -4345.56845808047  4348.46652567687
9919000  -4343.51746222805  4347.92656560711
9920000  -4344.53115397289  4351.5240224404
9921000  -4344.83050577736  4349.09640154125
9922000  -4346.2451326636  4350.57105509491
9923000  -4344.97812403943  4350.05567215375
9924000  -4347.24252103741  4350.76110248663
9925000  -4349.74350436939  4351.45464593901
9926000  -4350.32654782852  4353.24974355667
9927000  -4348.08248442163  4352.9654898595
9928000  -4350.27740697687  4352.81410250494
9929000  -4350.83800015813  4350.08432361459
9930000  -4350.08651627144  4354.58852448432
9931000  -4350.70767520751  4356.07139600121
9932000  -4350.85638534319  4356.26711918474
9933000  -4352.45914073711  4357.50105000258
9934000  -4355.4594603375  4358.81199436083
9935000  -4352.84360748798  4359.31532054595
9936000  -4354.28505783736  4358.34352745077
9937000  -4354.25479840792  4357.0713873795
9938000  -4354.27777686785  4359.20369712559
9939000  -4356.61284685498  4359.08337452647
9940000  -4355.88524328085  4358.39347433617
9941000  -4356.46572491464  4361.30591867492
9942000  -4359.24902563526  4361.39754986539
9943000  -4358.81587020175  4361.45925139812
9944000  -4361.49647850439  4362.43095497517
9945000  -4359.03045237925  4364.51139550378
9946000  -4360.32437905064  4363.67738525005
9947000  -4359.64266917029  4364.46026975253
9948000  -4359.56560245267  4365.87156539636
9949000  -4362.09690823678  4368.27096722016
9950000  -4360.65068131626  4368.487376777
9951000  -4361.14064793745  4367.88232909252
9952000  -4365.72590558502  4370.04575142824
9953000  -4364.74248324847  4370.58800936628
9954000  -4366.68495276506  4369.51730098285
9955000  -4366.96514736739  4369.21835903752
9956000  -4370.4136383325  4368.83935703397
9957000  -4368.37617780191  4369.32961800119
9958000  -4367.20074343275  4369.88143067985
9959000  -4372.21850041867  4371.59651996617
9960000  -4369.43124103864  4371.99637563172
9961000  -4369.68873276897  4372.24227208976
9962000  -4372.11302867328  4374.6548362442
9963000  -4371.64033045795  4370.97459025301
9964000  -4369.18570749804  4369.89427413409
9965000  -4371.71861148374  4372.03028929565
9966000  -4372.32573777801  4370.67425028578
9967000  -4373.43021569616  4372.30351183282
9968000  -4376.48283694141  4370.46453936113
9969000  -4376.07191346876  4372.87793495225
9970000  -4374.72019488329  4372.80491922108
9971000  -4376.8375030836  4374.48545047675
9972000  -4375.77682616532  4374.32311995461
9973000  -4377.74671739837  4375.01272578681
9974000  -4376.898080248  4373.85402306315
9975000  -4376.40924596386  4372.45688571829
9976000  -4375.88529039212  4376.7108783598
9977000  -4379.31505469358  4373.89573197726
9978000  -4379.42338306563  4375.54861951616
9979000  -4380.11253937288  4375.52487490566
9980000  -4378.3775948548  4376.63952535453
9981000  -4381.40774438215  4376.33362938475
9982000  -4381.59545864077  4378.24945323927
9983000  -4379.72391532717  4376.92037616717
9984000  -4380.11044437331  4378.25975345041
9985000  -4383.85772099835  4378.50282400734
9986000  -4381.57264483799  4378.57377061556
9987000  -4383.55551023988  4376.2614527098
9988000  -4386.25777634065  4377.88883220051
9989000  -4382.63706070799  4376.59539712557
9990000  -4381.40590215496  4379.17837348596
9991000  -4383.09197680512  4378.71926540995
9992000  -4380.75776331156  4376.96169806818
9993000  -4382.77205712786  4379.13381924341
9994000  -4386.55435520661  4380.95650357545
9995000  -4385.74964474441  4381.79618983534
9996000  -4383.83426954183  4380.07666184482
9997000  -4385.46527851657  4382.43059881485
9998000  -4386.67581470427  4383.25055984771
9999000  -4387.74967695827  4385.40183620788
10000000  -4388.40185101791  4384.25044661533
10001000  -4384.5219952066  4386.03129561696
10002000  -4387.612932721  4385.23362418553
10003000  -4385.66148467241  4385.11813598217
10004000  -4386.87929749438  4387.63409805674
10005000  -4386.16148742906  4388.78416696504
10006000  -4388.48285706002  4387.71685460255
10007000  -4392.51608651701  4388.78377907492
10008000  -4388.00623464785  4388.06134041753
10009000  -4389.60119060192  4390.38008615724
10010000  -4389.92016650438  4389.19176349939
10011000  -4390.46536323154  4389.9209636343
10012000  -4390.5131911612  4389.85225309
10013000  -4387.56941474769  4392.61287302383
10014000  -4389.66908735167  4390.30564638095
10015000  -4390.51538805773  4391.01758820544
10016000  -4388.08862077511  4390.57804208798
10017000  -4390.11173551252  4389.81161122934
10018000  -4388.66302517052  4390.61048240931
10019000  -4389.09587881942  4394.12042894171
10020000  -4390.16830650682  4392.56423408667
10021000  -4389.03694283716  4392.83842145861
10022000  -4391.49068799831  4393.29608596389
10023000  -4390.757811171  4393.99038480007
10024000  -4391.6745638984  4396.12081651422
10025000  -4389.7485608545  4396.72677221292
10026000  -4390.48739776637  4397.03587397166
10027000  -4393.03024750497  4397.19180412365
10028000  -4394.35045877847  4400.12659078609
10029000  -4392.04364887107  4400.89194365198
10030000  -4395.65791247578  4400.51138761957
10031000  -4396.94495495595  4399.9588792751
10032000  -4396.48622337199  4399.0074052027
10033000  -4394.41385754631  4398.01776690124
10034000  -4394.87574342026  4402.38937087836
10035000  -4396.53213021155  4400.81869019549
10036000  -4399.24851592134  4400.91566390715
10037000  -4400.09303621072  4399.76483008993
10038000  -4399.49190994808  4399.44850001138
10039000  -4398.0151909872  4401.34041248848
10040000  -4398.21259803033  4402.03292432101
10041000  -4401.07625590546  4403.85376825831
10042000  -4399.7594800599  4401.43707891674
10043000  -4400.55774106277  4401.58126803937
10044000  -4400.2526064823  4402.71602435824
10045000  -4401.74172817396  4404.32037101231
10046000  -4402.97915605327  4405.77198150518
10047000  -4402.51812005689  4403.61730543864
10048000  -4403.33196780264  4402.08382394674
10049000  -4406.22856480395  4403.90440142881
10050000  -4400.78901765588  4406.27573280331
10051000  -4402.52323999943  4403.08798662496
10052000  -4403.8670052549  4404.45027780439
10053000  -4404.58467892006  4405.19718886437
10054000  -4404.00357679502  4404.26533490086
10055000  -4403.26309909966  4405.71458043756
10056000  -4405.21914864808  4404.39642893804
10057000  -4404.86902933657  4407.76248907381
10058000  -4404.28980255928  4409.50794447913
10059000  -4405.2579391476  4407.8767830661
10060000  -4403.69117868278  4408.33589495446
10061000  -4406.16159082433  4409.89641856835
10062000  -4406.75388454625  4410.06619874802
10063000  -4405.32156733542  4409.90138320188
10064000  -4407.54948441809  4408.11235138315
10065000  -4408.95952655964  4409.82905019518
10066000  -4408.13539349107  4410.40277359813
10067000  -4409.05694805909  4411.03216636794
10068000  -4412.61789985684  4410.24332735603
10069000  -4413.20412443524  4411.88788582294
10070000  -4411.8703830589  4412.69561374372
10071000  -4412.29762037911  4413.13033384165
10072000  -4412.44242195092  4412.01448202316
10073000  -4413.26820488646  4413.54472469782
10074000  -4411.28519463064  4413.63170468417
10075000  -4415.15209165356  4413.186760818
10076000  -4414.84397063019  4412.73120719275
10077000  -4415.24374185431  4413.99881178047
10078000  -4415.11705222166  4414.34574720451
10079000  -4418.03403686935  4414.31616090038
10080000  -4420.75479473772  4413.8022898848
10081000  -4418.89721681994  4411.88714795526
10082000  -4418.68868007398  4413.87860539478
10083000  -4418.5928537382  4414.51021555804
10084000  -4418.9949088684  4415.82016877707
10085000  -4422.49658095359  4415.75619248282
10086000  -4421.39903397655  4416.34956714842
10087000  -4420.14707636933  4414.87041683895
10088000  -4422.27191762748  4416.63451809451
10089000  -4423.57112070054  4416.69631342705
10090000  -4423.83636480214  4417.36369367556
10091000  -4422.34542674227  4419.66160156298
10092000  -4426.18553658851  4415.70322954947
10093000  -4424.14476491034  4415.21981763826
10094000  -4427.38496960488  4415.69080961076
10095000  -4427.69560318201  4416.15515243643
10096000  -4428.33740939895  4415.90299350861
10097000  -4427.24781282954  4417.67810050282
10098000  -4426.46426715336  4417.74690135037
10099000  -4427.39496355782  4415.29517585815
10100000  -4429.794715842  4417.2410397378
10101000  -4427.9830446262  4418.09810969149
10102000  -4428.52027013431  4419.70171440373
10103000  -4427.24144140565  4421.33030309117
10104000  -4428.81158790074  4420.54197935631
10105000  -4426.98890691232  4423.20298201157
10106000  -4428.01992263894  4419.89263053925
10107000  -4428.21504935521  4424.44884777915
10108000  -4428.19535017873  4421.92671290074
10109000  -4431.85158067073  4424.08757367454
10110000  -4432.28545581498  4424.3564889572
10111000  -4431.01069802864  4421.95909422325
10112000  -4431.46692424927  4425.85106177053
10113000  -4433.44356952986  4423.26005849424
10114000  -4430.69786261862  4423.59701987525
10115000  -4431.28538773595  4423.86904655214
10116000  -4432.81720547965  4425.68360195499
10117000  -4434.43352958506  4427.24615872223
10118000  -4434.48213672808  4426.1257101157
10119000  -4434.09397994398  4429.00794340338
10120000  -4433.50024509141  4428.20306343006
10121000  -4433.79424866385  4433.15230888336
10122000  -4438.26147108535  4431.71625624975
10123000  -4432.55334776683  4432.95201171552
10124000  -4435.15205503046  4432.90839533531
10125000  -4435.62260335454  4431.35333027657
10126000  -4436.47560284246  4430.15772620832
10127000  -4439.96750928859  4432.16078167216
10128000  -4440.34095167722  4434.41246270542
10129000  -4440.28279755166  4435.57931984648
10130000  -4443.21165011649  4435.57577292357
10131000  -4439.38557469998  4435.41819175332
10132000  -4441.97566121169  4437.21183958743
10133000  -4438.98061141288  4436.82503417819
10134000  -4440.26580323743  4438.00130814246
10135000  -4445.68209460486  4437.93258231782
10136000  -4442.84015945604  4438.32830752283
10137000  -4446.0348964832  4438.7253237407
10138000  -4445.75127432724  4437.33273480359
10139000  -4448.29211022747  4439.49142971291
10140000  -4444.44745424776  4440.22971538231
10141000  -4446.511074085  4440.72217956591
10142000  -4446.43736157251  4438.80605816784
10143000  -4447.80454771  4440.02094938761
10144000  -4448.13557094774  4440.20125613707
10145000  -4449.23011530468  4439.31425620339
10146000  -4448.03774465738  4441.63739981128
10147000  -4453.00089418397  4442.04079117733
10148000  -4454.71113988964  4444.22149736128
10149000  -4448.994298408  4443.6709165049
10150000  -4450.75310943869  4444.94194437846
10151000  -4451.91344658805  4446.0457650512
10152000  -4451.72954044465  4446.03702162595
10153000  -4453.73802699716  4444.49778196347
10154000  -4454.98594705551  4444.77096762857
10155000  -4455.21094301052  4448.48591318792
10156000  -4457.25392727435  4446.58594363184
10157000  -4459.68188474337  4449.46623585571
10158000  -4455.69366752283  4448.79715476891
10159000  -4454.82077930187  4447.59465080201
10160000  -4456.01844364464  4449.12632341401
10161000  -4457.79101474933  4447.24411467858
10162000  -4460.16881055387  4447.73569101333
10163000  -4458.09195575851  4449.44013217578
10164000  -4460.36811651111  4449.41559749942
10165000  -4458.92959345353  4450.52974127081
10166000  -4459.08020200351  4451.51467927434
10167000  -4459.36666476548  4452.0488125814
10168000  -4463.14637400879  4451.72676481649
10169000  -4462.04945381455  4451.70557563509
10170000  -4461.93777720976  4453.89243426386
10171000  -4463.91293590807  4453.75217076545
10172000  -4465.70453845675  4453.90706360899
10173000  -4464.39185616377  4455.42124699249
10174000  -4467.16960251019  4460.26942517635
10175000  -4467.78200137765  4457.32827128676
10176000  -4465.65896947013  4459.79548029565
10177000  -4463.47197481751  4463.09542650789
10178000  -4465.8005228485  4463.03088321443
10179000  -4466.94728319146  4463.75799245953
10180000  -4464.98076251955  4465.59384385871
10181000  -4468.12843394613  4461.50680039438
10182000  -4467.6818537268  4464.82854301249
10183000  -4469.31334954672  4462.27727397124
10184000  -4469.11784504825  4463.75128580812
10185000  -4469.19369489325  4463.58062682734
10186000  -4469.48515484105  4465.67819719169
10187000  -4468.15320858397  4466.23433308879
10188000  -4474.00322444259  4466.43815765794
10189000  -4470.60469395705  4468.07712015632
10190000  -4472.06207888748  4469.62339538431
10191000  -4473.21094336374  4467.47371083427
10192000  -4469.18296047616  4470.18552752861
10193000  -4471.01441207633  4470.32702664639
10194000  -4474.2152681685  4472.74901601262
10195000  -4474.10253458887  4470.90579390513
10196000  -4476.27987248239  4470.98430767012
10197000  -4476.20641176571  4473.02244809253
10198000  -4474.58857015531  4472.66421762314
10199000  -4476.2739917179  4473.03350442071
10200000  -4474.51802471536  4473.5749204684
10201000  -4475.46724652287  4473.30759957067
10202000  -4476.66470152111  4473.91737175881
10203000  -4472.76417753453  4475.83458511649
10204000  -4475.07963954323  4476.36542188116
10205000  -4473.43863753964  4476.50845791339
10206000  -4473.81973109468  4476.62270852542
10207000  -4476.8147809055  4478.56353278937
10208000  -4476.53957836896  4477.51584458369
10209000  -4476.36953685907  4477.59925062419
10210000  -4477.85920303828  4477.57066470218
10211000  -4474.81608726439  4477.57146318119
10212000  -4479.34063795898  4479.83829474049
10213000  -4479.21541691722  4480.12426243924
10214000  -4477.41376631874  4480.07854506249
10215000  -4479.65647231891  4479.59438965888
10216000  -4481.60834517499  4480.60783527868
10217000  -4478.92804235954  4478.14848703887
10218000  -4479.53900057773  4482.16174938627
10219000  -4482.26668842869  4479.61092430794
10220000  -4482.15211737711  4480.29942576783
10221000  -4482.89343342056  4481.58357776333
10222000  -4481.59148218946  4482.60708428096
10223000  -4479.99949152644  4481.03331304356
10224000  -4481.45786226685  4483.43757101253
10225000  -4482.75378029705  4482.24567249711
10226000  -4481.52431190052  4484.28332332982
10227000  -4482.90187682  4484.82607447037
10228000  -4487.50448721197  4484.67262752018
10229000  -4483.53433331177  4484.68489016399
10230000  -4484.12366401288  4484.89248941486
10231000  -4488.95130863394  4486.00120136631
10232000  -4487.05252776995  4487.34945627515
10233000  -4491.32219542746  4489.93147229994
10234000  -4490.57963110354  4489.31214661685
10235000  -4487.77145873104  4490.02298278442
10236000  -4491.3291842034  4490.40936783529
10237000  -4494.57447110061  4489.95048922619
10238000  -4494.80444621088  4489.61427370895
10239000  -4493.44662349371  4488.1295584537
10240000  -4491.03557698849  4490.90354137106
10241000  -4491.81535153645  4491.45686982641
10242000  -4490.16141225783  4492.71798925365
10243000  -4492.99669429662  4492.70549557108
10244000  -4491.90146448216  4494.56216582533
10245000  -4492.90170045136  4495.0465231594
10246000  -4492.57540653371  4492.57788797055
10247000  -4493.1783740564  4492.60247108475
10248000  -4492.31082784909  4496.13625820791
10249000  -4493.46374776718  4495.40372304176
10250000  -4493.17262598812  4497.93447731022
10251000  -4494.61180241151  4495.82012975147
10252000  -4494.86981868847  4498.29109743263
10253000  -4496.7696442327  4497.60404965391
10254000  -4495.98621358164  4495.22142346241
10255000  -4498.30324095297  4496.79328757991
10256000  -4495.32548792455  4500.97520547135
10257000  -4499.03387753277  4497.85026574063
10258000  -4496.81932775342  4499.22420952181
10259000  -4501.8457049917  4499.86381617209
10260000  -4501.57369146149  4500.72145404787
10261000  -4503.4262854246  4499.87509297169
10262000  -4504.36503582516  4499.36479822225
10263000  -4503.5284413006  4501.23533587681
10264000  -4505.19153428549  4501.73642134332
10265000  -4505.28417855779  4501.10882156729
10266000  -4506.08962234483  4501.78277840761
10267000  -4505.51932840012  4501.60265345721
10268000  -4505.47410633907  4504.7011465302
10269000  -4507.53169696841  4503.9711639618
10270000  -4505.83209161539  4503.29214322817
10271000  -4504.36367242005  4504.87954989527
10272000  -4504.75025790207  4504.98169081463
10273000  -4507.11427594126  4503.10025247997
10274000  -4505.22787291816  4504.27117187391
10275000  -4506.09023849841  4507.51526477766
10276000  -4504.82742677446  4506.17322534716
10277000  -4509.07305312922  4507.3862350951
10278000  -4510.53960726492  4506.14727492673
10279000  -4508.79530099101  4506.24357995532
10280000  -4508.54136906805  4506.53893985785
10281000  -4509.23263652194  4506.84928776525
10282000  -4510.63219339594  4508.97873330874
10283000  -4511.62269955305  4508.39614378207
10284000  -4509.85027445018  4508.20762188461
10285000  -4513.57873212634  4508.23152452046
10286000  -4509.34371442653  4506.77892912209
10287000  -4512.40135715256  4511.88506278558
10288000  -4512.42894431935  4513.07303277261
10289000  -4512.24461368685  4512.18826668277
10290000  -4512.56945131758  4511.86344666752
10291000  -4516.6153972059  4510.55792895852
10292000  -4515.74303388103  4510.88185031706
10293000  -4514.17872483781  4512.80448431602
10294000  -4515.38254244021  4512.16430257769
10295000  -4515.41726479075  4511.38497887325
10296000  -4517.77053883581  4512.21935526891
10297000  -4517.60745937409  4511.78336125925
10298000  -4517.18719381019  4512.61754317294
10299000  -4518.10792011486  4513.77671321676
10300000  -4518.6861598683  4514.89242028026
10301000  -4519.71904644016  4513.90030190878
10302000  -4519.34474619816  4517.33009000185
10303000  -4522.13353574736  4514.98282789628
10304000  -4519.50303432465  4517.85250687373
10305000  -4521.26701441811  4517.7723607143
10306000  -4521.96465859693  4517.54209153434
10307000  -4518.20636316708  4518.01579791708
10308000  -4524.62547597256  4519.57766284574
10309000  -4524.11016513149  4521.32305683751
10310000  -4522.06910948965  4520.24105802126
10311000  -4520.11630958036  4520.93377176992
10312000  -4522.30299629835  4522.42325662821
10313000  -4520.38326770234  4520.80354060736
10314000  -4522.60818204942  4522.80466777283
10315000  -4521.55502923806  4524.80375453776
10316000  -4525.14420989813  4526.51367114632
10317000  -4525.57552349152  4526.93554601823
10318000  -4524.4045110189  4525.98461856715
10319000  -4524.30399382911  4525.41409549429
10320000  -4520.06406786288  4527.30945916371
10321000  -4522.41205903925  4527.09102833658
10322000  -4526.41654123979  4526.54474348975
10323000  -4523.96288898449  4528.84688108492
10324000  -4525.12366992862  4532.33185976689
10325000  -4526.22923746063  4530.75527997141
10326000  -4529.58378907976  4529.70258146943
10327000  -4528.29158190558  4531.51465119578
10328000  -4527.73920117526  4532.81597803491
10329000  -4527.59447095374  4531.09389870077
10330000  -4525.7013189014  4534.12758459676
10331000  -4529.77782392141  4536.28157409776
10332000  -4528.17815794477  4533.94679197873
10333000  -4529.23959372535  4535.42474475799
10334000  -4526.38687774906  4535.20110976528
10335000  -4524.47535814798  4532.20335682963
10336000  -4529.88644149274  4536.12391984747
10337000  -4529.64521936408  4536.79560091127
10338000  -4532.13009332535  4537.46674508276
10339000  -4533.97770136531  4538.64248213307
10340000  -4535.72743081677  4538.40504382427
10341000  -4536.51171987895  4537.86369407035
10342000  -4537.19881859932  4542.17910119143
10343000  -4534.81173132517  4543.0093610971
10344000  -4538.47982291066  4544.01182736716
10345000  -4536.03116863391  4546.15328352474
10346000  -4538.88275414787  4546.51752012235
10347000  -4539.30313352868  4546.16563440341
10348000  -4540.92235767049  4545.1567396812
10349000  -4542.6662523645  4546.67014595931
10350000  -4542.83782204484  4544.81335976853
10351000  -4543.45323191124  4544.40531500282
10352000  -4541.89967839362  4544.51745744075
10353000  -4546.00028564462  4542.81476324935
10354000  -4543.96670607911  4548.08733539605
10355000  -4543.50918828556  4548.08512819766
10356000  -4543.49490413303  4547.25580452831
10357000  -4544.72867418081  4548.21250652113
10358000  -4543.15862322892  4546.06629833723
10359000  -4547.50597901419  4546.76133051618
10360000  -4546.39525430405  4547.71186055546
10361000  -4546.94311093112  4549.90393352148
10362000  -4545.86149701379  4548.75978387989
10363000  -4546.7533790994  4547.04465196249
10364000  -4546.79113695901  4548.37532307816
10365000  -4548.87943645254  4548.70874669954
10366000  -4550.1154421025  4548.22763363695
10367000  -4548.03465700739  4550.03395321277
10368000  -4550.90739423823  4550.14014085615
10369000  -4549.73722973262  4551.98890951712
10370000  -4549.54995462193  4549.24499254894
10371000  -4549.69197486195  4549.42833485413
10372000  -4550.54967690487  4551.61141779263
10373000  -4549.45276278086  4552.8482871269
10374000  -4547.84872647934  4552.40682343177
10375000  -4552.89353149181  4553.08295040341
10376000  -4550.5407165413  4551.05978379488
10377000  -4552.53241963281  4550.57153862112
10378000  -4555.25193310206  4551.46996564534
10379000  -4554.8706086296  4552.71908762751
10380000  -4551.75208940522  4554.49837867134
10381000  -4552.91201494375  4552.7838930841
10382000  -4552.89054065053  4553.76481757291
10383000  -4553.0528564084  4553.79697565358
10384000  -4553.11755105486  4553.15910383881
10385000  -4550.76556350061  4553.0421121189
10386000  -4552.53843314007  4553.09699544563
10387000  -4554.1534119311  4554.67995749609
10388000  -4551.11137124461  4555.65225132928
10389000  -4552.7138450318  4556.82726228157
10390000  -4553.43128615682  4555.25554479592
10391000  -4556.34298984816  4556.76332581749
10392000  -4551.55479179588  4557.02812496883
10393000  -4553.13763153398  4558.18825341357
10394000  -4558.23442146189  4555.70516313846
10395000  -4552.37900721476  4557.69071210566
10396000  -4556.1157554463  4558.31328522416
10397000  -4558.67999907903  4558.6428194579
10398000  -4555.5347051328  4555.57022018563
10399000  -4556.36388423803  4558.85635932126
10400000  -4556.51935260961  4559.28171940052
10401000  -4556.28312993131  4558.60521832445
10402000  -4559.90873710357  4557.96180667633
10403000  -4557.06360797448  4556.40185027833
10404000  -4557.13473009338  4556.06937484178
10405000  -4558.29064134767  4558.13607841619
10406000  -4558.04220814564  4559.82685791967
10407000  -4556.83535019334  4561.13554009983
10408000  -4559.72182871842  4560.96696998298
10409000  -4560.77536127976  4562.54376631575
10410000  -4559.36293751251  4561.45142060893
10411000  -4558.82709938084  4563.0916112775
10412000  -4560.44727244063  4561.57659177377
10413000  -4558.50037275939  4563.86278248946
10414000  -4560.54674659382  4562.76046733599
10415000  -4560.00677614312  4563.18954930491
10416000  -4561.16807010655  4566.33095546787
10417000  -4560.48791629067  4566.3550676403
10418000  -4564.02230517564  4567.57674722511
10419000  -4566.21712735892  4565.52852547279
10420000  -4564.69051229479  4568.67395872982
10421000  -4563.94924997548  4568.44951873214
10422000  -4566.38747597787  4566.35445344425
10423000  -4567.59207236845  4567.63338674669
10424000  -4568.03486955847  4568.64376619192
10425000  -4569.59950715425  4567.27552408396
10426000  -4569.05743636382  4568.61516782169
10427000  -4567.31948787147  4566.78522186974
10428000  -4569.61082916034  4567.99334347183
10429000  -4567.25883667044  4568.78636230241
10430000  -4567.81207080852  4567.97580657359
10431000  -4568.34134434859  4570.05608873407
10432000  -4570.83467803374  4570.0907218843
10433000  -4571.27724404783  4570.69220687232
10434000  -4572.90343811642  4571.0449697944
10435000  -4570.32805725965  4572.07525879142
10436000  -4568.92695116679  4570.98804382603
10437000  -4571.43752599953  4571.41095913469
10438000  -4571.64410465824  4572.13461841591
10439000  -4571.13729105532  4570.74161230631
10440000  -4571.28057878737  4570.40807556717
10441000  -4573.02872740982  4574.55301318979
10442000  -4572.72258194656  4572.34462837355
10443000  -4574.27749384462  4572.02673619713
10444000  -4575.69178045033  4574.19199199712
10445000  -4573.3398320203  4573.49832757143
10446000  -4573.80870307846  4574.39497119798
10447000  -4576.60355291307  4573.41888376659
10448000  -4578.82182048321  4573.74658748185
10449000  -4576.41693265172  4575.57199266523
10450000  -4579.60409288709  4577.28110845985
10451000  -4579.88857519391  4576.34221812268
10452000  -4579.27548306734  4571.97611950471
10453000  -4576.62566816976  4574.01336446952
10454000  -4578.82937628367  4577.21850563749
10455000  -4581.14519702975  4576.12158371073
10456000  -4583.79889261416  4573.50924939496
10457000  -4582.62344084191  4573.89766802444
10458000  -4583.00919554763  4577.5622892108
10459000  -4582.8077382094  4576.7527000156
10460000  -4583.57622087772  4576.9844460819
10461000  -4583.48384280685  4577.8577425966
10462000  -4585.453859227  4578.1907658763
10463000  -4583.67711060143  4578.48379759325
10464000  -4585.02494154554  4579.93786560447
10465000  -4584.72662894823  4579.42073539917
10466000  -4586.70678610676  4579.23708204788
10467000  -4588.15830788353  4578.97127555423
10468000  -4585.31222554458  4582.55672823287
10469000  -4588.97559798097  4583.71761826103
10470000  -4589.17213542266  4586.41677233953
10471000  -4588.26139555269  4584.43221358843
10472000  -4589.74404044707  4583.46656706703
10473000  -4589.73172711056  4584.00605331921
10474000  -4591.37505047775  4582.70788442984
10475000  -4591.27147744295  4585.18594050491
10476000  -4591.70755359744  4582.60327857577
10477000  -4591.715571874  4584.31740450875
10478000  -4592.48554151133  4584.66883626061
10479000  -4590.43840905311  4585.62853335903
10480000  -4595.28269146099  4586.3600506353
10481000  -4595.02144217924  4587.46443343363
10482000  -4595.59094840131  4586.87697572392
10483000  -4595.11062655441  4587.2087477086
10484000  -4594.03246881504  4585.76638464247
10485000  -4594.89734289818  4588.42994492999
10486000  -4594.65396729188  4588.08762902993
10487000  -4595.35359675447  4590.90109229221
10488000  -4599.77855791496  4589.53550278151
10489000  -4596.71081862206  4590.5095227696
10490000  -4600.21097204968  4590.97866055232
10491000  -4598.09821372284  4589.78012391911
10492000  -4601.05563485643  4589.79246943659
10493000  -4598.06260150558  4591.24161761751
10494000  -4598.92208986007  4590.32377668981
10495000  -4598.30741008034  4591.46473748196
10496000  -4599.30635876922  4591.93577654634
10497000  -4599.69476979025  4591.876195093
10498000  -4600.05888549211  4591.62551218826
10499000  -4602.07580839986  4592.97114551568
10500000  -4597.98747482397  4592.72116392382
10501000  -4602.00670640878  4596.04395564971
10502000  -4603.1740862279  4593.90164059163
10503000  -4605.60875661613  4595.65521679257
10504000  -4604.88976076431  4593.00580255701
10505000  -4605.56873812869  4594.87783074063
10506000  -4605.43589420987  4595.59576330862
10507000  -4604.83004807775  4593.33613701919
10508000  -4604.93272952258  4596.21689583375
10509000  -4605.7273607252  4597.57206387689
10510000  -4604.47260837102  4599.00920772973
10511000  -4606.52036374559  4599.96226352871
10512000  -4607.79584429206  4599.84104436409
10513000  -4608.14083554082  4601.40803293208
10514000  -4607.55321399112  4598.47021760652
10515000  -4608.35986796269  4599.53286337225
10516000  -4608.15736557066  4599.48340037508
10517000  -4609.57763814757  4597.96299648108
10518000  -4610.63905099736  4600.1547087355
10519000  -4608.79639399123  4604.79729974848
10520000  -4610.1527202612  4605.71599654896
10521000  -4609.48121842672  4605.8044152777
10522000  -4610.23203222743  4606.37815998605
10523000  -4611.41368377325  4605.45667083618
10524000  -4611.98770203822  4606.62451388166
10525000  -4611.69141500793  4606.59241807258
10526000  -4612.19378100541  4607.8934909013
10527000  -4615.02599718434  4608.2233211517
10528000  -4614.15428377423  4609.54134625945
10529000  -4610.97361801596  4610.21931249049
10530000  -4612.18075462278  4610.13125644422
10531000  -4613.69676164632  4612.48511079909
10532000  -4616.07923018145  4611.77105703487
10533000  -4612.68466022513  4609.53238942824
10534000  -4614.52661345529  4610.32312929609
10535000  -4616.35001217403  4609.65570233117
10536000  -4618.1578294867  4610.79742773446
10537000  -4617.88405332494  4614.3344949418
10538000  -4619.08319606531  4614.14855947736
10539000  -4622.73115069584  4613.91609620243
10540000  -4620.08247529921  4616.05846237619
10541000  -4619.44492723564  4617.32361099558
10542000  -4620.20981502203  4616.34660058335
10543000  -4622.32499435942  4616.22531409034
10544000  -4621.93415182028  4615.30590806991
10545000  -4624.28530007023  4617.92621719504
10546000  -4620.66938141246  4618.65228656576
10547000  -4623.6105117222  4618.48492465267
10548000  -4623.39847782577  4620.34312297453
10549000  -4626.65696624412  4621.96409766506
10550000  -4625.50515599607  4621.28069791795
10551000  -4626.96364118052  4621.86704004241
10552000  -4622.73290520451  4621.50332553075
10553000  -4626.54453350299  4622.27255560585
10554000  -4627.13316613119  4621.62382136343
10555000  -4625.80602442765  4621.01703762422
10556000  -4632.16960803829  4621.44401874568
10557000  -4633.58743816161  4624.17672321386
10558000  -4631.96836164928  4623.45293371868
10559000  -4630.7358066914  4626.42318240459
10560000  -4630.23735725096  4628.25317360281
10561000  -4635.28824379303  4627.18427901664
10562000  -4633.12667774541  4627.78058001443
10563000  -4633.71365660609  4629.40351419294
10564000  -4635.59368155909  4629.54850462902
10565000  -4634.7677827794  4630.33515700885
10566000  -4638.36318210544  4630.79879223162
10567000  -4635.5651668324  4632.07436927995
10568000  -4637.14952029217  4634.91040552026
10569000  -4638.13196067091  4632.00697884292
10570000  -4639.89440232937  4632.89873612688
10571000  -4639.97611612529  4632.24692272919
10572000  -4640.12541976747  4633.39661512267
10573000  -4638.66811129433  4634.86210508892
10574000  -4639.16068158319  4632.76043009687
10575000  -4641.0704153765  4633.62701773457
10576000  -4638.46870146133  4633.30047415139
10577000  -4638.4403839138  4632.21879402092
10578000  -4640.16170128998  4634.81695427215
10579000  -4638.1972918462  4633.98747399699
10580000  -4641.17138876312  4635.15155063797
10581000  -4642.12402785786  4634.59242725799
10582000  -4638.55008017767  4635.61492114762
10583000  -4640.02883624891  4637.38006553817
10584000  -4642.69999244235  4635.94597872072
10585000  -4642.75165410704  4636.60860824954
10586000  -4642.09787803089  4638.28927845521
10587000  -4643.85076670204  4639.59004128275
10588000  -4643.00911671782  4639.98810595397
10589000  -4642.40896496206  4639.07487119145
10590000  -4644.98022604991  4639.66430747245
10591000  -4642.768425166  4642.28241655879
10592000  -4643.6012050376  4642.79019312146
10593000  -4643.50161730167  4642.0034793944
10594000  -4642.59381095391  4643.19758986339
10595000  -4644.43163318344  4639.08247915969
10596000  -4647.63523275767  4641.50664410675
10597000  -4645.55192352186  4641.2285465946
10598000  -4647.91524483062  4640.65846880523
10599000  -4645.00606244977  4640.32781521386
10600000  -4646.7050403266  4643.78138038246
10601000  -4645.40708591141  4643.3953102123
10602000  -4645.75967586874  4645.31729973571
10603000  -4647.26511008292  4644.40159254589
10604000  -4648.94303557557  4642.21362830907
10605000  -4651.73935093733  4643.98046876175
10606000  -4652.86262818012  4644.96004437657
10607000  -4651.60768427721  4646.8735766281
10608000  -4651.55109469281  4644.36561007287
10609000  -4652.22482955031  4644.33376432717
10610000  -4652.03858353545  4645.77976677268
10611000  -4653.79570396604  4643.06199489314
10612000  -4654.45359202443  4643.1472509978
10613000  -4651.98541309065  4645.53808238544
10614000  -4650.89519881622  4646.98887759757
10615000  -4651.91987441646  4649.86262369855
10616000  -4652.44086011574  4644.57934027012
10617000  -4653.90075865737  4645.08040360648
10618000  -4653.88290645735  4647.91150054896
10619000  -4652.18060592061  4647.59114046736
10620000  -4654.99406263361  4648.86645341601
10621000  -4655.50234830594  4651.21980103541
10622000  -4656.65778038283  4649.99622957084
10623000  -4654.58316151266  4647.8348058121
10624000  -4655.29056911244  4649.60383254819
10625000  -4656.25928167505  4652.46317193379
10626000  -4657.26910260996  4651.75842156999
10627000  -4655.15207796791  4652.07713161274
10628000  -4653.00507770809  4651.27038205414
10629000  -4654.19580081199  4651.85922439582
10630000  -4656.12006775152  4653.11959008009
10631000  -4658.15378782359  4652.59168446399
10632000  -4656.97609060151  4651.15924210277
10633000  -4658.22440229068  4652.5199042298
10634000  -4658.21156800424  4655.24534921109
10635000  -4656.58125559917  4656.96489564535
10636000  -4659.21002074621  4656.9628896188
10637000  -4661.61430245212  4657.81852422994
10638000  -4661.29441423611  4658.06797386849
10639000  -4662.9379316469  4660.22075327271
10640000  -4663.989278928  4659.43539127502
10641000  -4663.51832895657  4659.44894798504
10642000  -4662.73553923342  4658.21383096788
10643000  -4665.38869148226  4662.42509429812
10644000  -4664.64282418607  4660.03581917393
10645000  -4664.29427032322  4661.27637234875
10646000  -4662.59458935671  4659.9858803394
10647000  -4665.43204270185  4660.83910668028
10648000  -4664.34971425548  4666.12762085308
10649000  -4668.0801668711  4663.9654299501
10650000  -4667.71179273178  4662.63987918821
10651000  -4667.7333179507  4665.74749445035
10652000  -4670.72968378744  4666.33853969663
10653000  -4669.79853979353  4664.56211410743
10654000  -4670.70936453315  4664.98580317105
10655000  -4671.22036515294  4665.66914554162
10656000  -4671.31073419121  4667.66126275957
10657000  -4677.68233026691  4665.61553190827
10658000  -4676.3848668081  4667.0318993046
10659000  -4674.45652166868  4665.61785509067
10660000  -4675.37869388581  4665.93669996225
10661000  -4677.51570678429  4666.651081498
10662000  -4676.47315005335  4668.43712858587
10663000  -4679.25733650144  4668.38662727358
10664000  -4677.69952367811  4667.6184107656
10665000  -4680.61936515166  4668.31462518285
10666000  -4678.29384324416  4671.16957012735
10667000  -4679.51249908382  4669.65151993566
10668000  -4677.52249376903  4672.60983624894
10669000  -4682.77222794279  4672.63542130576
10670000  -4680.45233354626  4675.18231765066
10671000  -4678.69100796146  4673.65787779621
10672000  -4679.70947471568  4674.86638925443
10673000  -4679.35743834752  4676.86020532943
10674000  -4681.75461509499  4677.07842760019
10675000  -4682.49311197094  4679.2357648604
10676000  -4684.2209867231  4679.11735589847
10677000  -4682.40249595977  4680.68083628942
10678000  -4683.17509268517  4681.77604025146
10679000  -4684.29008887329  4681.17613015481
10680000  -4684.04012190488  4683.24937538284
10681000  -4685.93405865718  4683.7679318264
10682000  -4686.11086125485  4681.47274088593
10683000  -4687.5616025678  4682.32039185249
10684000  -4688.43010368565  4683.94120594547
10685000  -4689.26374805905  4683.02888251644
10686000  -4689.13326576671  4684.84915121299
10687000  -4690.58903221477  4685.14792964603
10688000  -4691.20936119241  4685.26209264204
10689000  -4689.5269785635  4684.89062994184
10690000  -4692.33602535867  4685.57263675073
10691000  -4691.49269901775  4686.08845758358
10692000  -4692.68863143944  4687.155797016
10693000  -4689.81852069167  4685.7464637282
10694000  -4691.1025296721  4688.94171655791
10695000  -4690.88958094909  4688.52782648863
10696000  -4691.38662469058  4688.24115510898
10697000  -4691.72539831968  4690.75689328067
10698000  -4693.90500443721  4691.69307950157
10699000  -4692.0674161088  4692.85257792244
10700000  -4696.26695366551  4692.8262326246
10701000  -4694.13684657674  4695.65344462113
10702000  -4694.97733175148  4691.14941825554
10703000  -4695.56189663766  4693.34804106228
10704000  -4697.91418041464  4691.41287037153
10705000  -4697.40222814581  4693.10775262128
10706000  -4697.59345847474  4692.56498899035
10707000  -4699.15322958221  4693.20002949223
10708000  -4699.15656050578  4694.91686619047
10709000  -4699.77669360943  4693.0974607739
10710000  -4701.35957733986  4693.78980279579
10711000  -4701.62774274875  4694.05371248988
10712000  -4699.64991500789  4693.1384237804
10713000  -4701.07034015878  4695.07001518768
10714000  -4700.92167999715  4697.67001316429
10715000  -4702.54359644491  4695.9514723321
10716000  -4700.68944651561  4698.75691817135
10717000  -4700.54915613733  4695.55688751636
10718000  -4702.80529515734  4697.93412816934
10719000  -4700.84033240869  4697.40848528652
10720000  -4702.18357944373  4696.2867502081
10721000  -4706.29904016839  4696.20149154275
10722000  -4707.23214401464  4698.94086252739
10723000  -4707.93479398536  4696.60374552307
10724000  -4705.78961233543  4698.73722567226
10725000  -4707.92747863199  4699.67633489026
10726000  -4708.10333533953  4698.9076370708
10727000  -4705.86816498184  4702.28412289825
10728000  -4706.50009784183  4700.90143796057
10729000  -4705.25081968537  4701.64094278047
10730000  -4707.04700109601  4704.04619304699
10731000  -4708.64579568202  4703.96394607514
10732000  -4708.86047103831  4703.75361009337
10733000  -4708.75773416465  4703.99837186865
10734000  -4710.29762726202  4703.10270360449
10735000  -4710.59638864389  4704.77385340401
10736000  -4711.30576808451  4707.94621140853
10737000  -4710.74711213262  4708.66671833952
10738000  -4714.0220177058  4707.88530753556
10739000  -4717.50001472111  4708.3757440423
10740000  -4716.61015188866  4711.37877758383
10741000  -4716.46780401963  4710.47331067554
10742000  -4716.57755594409  4709.43221836236
10743000  -4715.11172503867  4710.81366292088
10744000  -4716.60075013424  4712.49943262065
10745000  -4717.45664779739  4711.95013969124
10746000  -4715.30465187574  4714.49819100675
10747000  -4719.63414397729  4714.74066706149
10748000  -4718.60841099204  4714.33089998667
10749000  -4718.21472075144  4714.92167366601
10750000  -4720.76517330158  4715.29655716629
10751000  -4722.2666869843  4717.01373402959
10752000  -4718.84680282607  4719.26869475028
10753000  -4721.31503925027  4718.47399712967
10754000  -4721.75451142695  4720.05948215755
10755000  -4720.98428583631  4716.96407534966
10756000  -4721.12965109172  4717.70321739331
10757000  -4723.9701188455  4718.5101445419
10758000  -4722.27435983307  4715.44495695876
10759000  -4723.21755008351  4718.10124732143
10760000  -4724.3823932957  4716.19384278181
10761000  -4723.43739061894  4717.14695464114
10762000  -4722.76505917229  4721.18347847055
10763000  -4726.36614975991  4721.35488835792
10764000  -4724.99494220556  4721.12690014536
10765000  -4724.5616137013  4722.95896828214
10766000  -4728.78655554535  4724.91770775296
10767000  -4729.64772928755  4723.90529400352
10768000  -4728.49545132558  4725.70295516918
10769000  -4728.0971361185  4724.14275092894
10770000  -4727.04289385705  4724.54613241247
10771000  -4729.47281474225  4723.40702595368
10772000  -4730.08438149731  4722.75356391611
10773000  -4729.66822143537  4723.22729721032
10774000  -4730.97533890945  4722.11292706067
10775000  -4729.14170017259  4723.04555665968
10776000  -4730.05697526223  4722.87093362254
10777000  -4731.76627676013  4725.49021384157
10778000  -4732.78439092504  4726.96618240131
10779000  -4733.89258942542  4728.82967521644
10780000  -4733.423734069  4725.9379257811
10781000  -4737.82710069834  4726.87643549978
10782000  -4735.53430984531  4727.01006728397
10783000  -4736.9540940197  4724.45694462157
10784000  -4734.14479123747  4727.89784714129
10785000  -4737.44881728068  4726.57929093331
10786000  -4735.97263498317  4728.08439356361
10787000  -4734.43667130451  4726.18957978027
10788000  -4733.62466407041  4728.65876342974
10789000  -4734.9823302508  4730.10961723162
10790000  -4737.73892377531  4729.53183396069
10791000  -4736.77976020159  4731.60198547441
10792000  -4736.48673353745  4732.18287592339
10793000  -4736.08486724213  4731.38872903687
10794000  -4735.2277321231  4732.07991908778
10795000  -4737.75189066572  4731.66264019883
10796000  -4740.26575464269  4734.30948664662
10797000  -4739.47700214422  4734.68025649343
10798000  -4741.21485419224  4733.91537221422
10799000  -4738.19024586619  4737.03873471181
10800000  -4742.82678721492  4736.74330543497
10801000  -4744.30517123777  4739.26128776037
10802000  -4743.43851474548  4738.1143752512
10803000  -4742.27248401265  4737.62500553218
10804000  -4746.72509011942  4739.4075951402
10805000  -4745.24724915659  4737.37174876281
10806000  -4745.12950746415  4740.96645972885
10807000  -4743.41391794122  4741.77043533405
10808000  -4747.94649881828  4738.90021444859
10809000  -4745.36030696649  4743.23037382714
10810000  -4749.43400224558  4740.89108319767
10811000  -4746.04376926648  4742.02559563324
10812000  -4747.63771718441  4745.36958336955
10813000  -4747.33005847166  4746.03400160884
10814000  -4747.0388727253  4747.7318141478
10815000  -4749.26272170541  4746.44198387707
10816000  -4749.93190747208  4747.24367450387
10817000  -4748.59537520189  4746.7033991487
10818000  -4749.47715522894  4750.08243079431
10819000  -4749.65402029104  4749.77315368953
10820000  -4747.8337354652  4748.63896948382
10821000  -4749.81125915253  4749.5358787268
10822000  -4751.66765973404  4750.3986835821
10823000  -4748.44100938476  4750.17214404121
10824000  -4749.50766686186  4751.50314548475
10825000  -4752.39131521897  4749.54401774986
10826000  -4752.27728565325  4749.78352656767
10827000  -4751.51820800201  4748.76244749597
10828000  -4749.79000079212  4751.30833824813
10829000  -4751.6967399127  4750.68470232588
10830000  -4753.29819343258  4750.6915768953
10831000  -4752.81558687513  4752.49906291982
10832000  -4755.27338550811  4752.83890067253
10833000  -4755.05034742375  4755.1623607168
10834000  -4754.61446871909  4753.09837026882
10835000  -4758.22566796744  4753.41236343093
10836000  -4755.57593369873  4754.25795592889
10837000  -4757.94621069801  4755.25482281862
10838000  -4757.57895650588  4756.05387871223
10839000  -4758.51331224985  4755.22753194856
10840000  -4758.88902443524  4758.08302826614
10841000  -4759.77399306389  4754.81471824539
10842000  -4761.19112882563  4756.61223826885
10843000  -4760.32741280842  4756.71966935466
10844000  -4760.98760306774  4755.25105919013
10845000  -4758.81556894894  4759.23109311738
10846000  -4761.91920666714  4757.59051919687
10847000  -4763.02437117639  4759.00441768334
10848000  -4763.91822672949  4758.52316418595
10849000  -4766.58621208035  4760.03714856534
10850000  -4766.32332473192  4761.5900585179
10851000  -4764.98841603618  4763.14382473879
10852000  -4767.15359202391  4763.16535042178
10853000  -4764.22362117998  4764.13940491912
10854000  -4767.71212666245  4768.5659641562
10855000  -4768.77021990969  4766.02745748662
10856000  -4767.30390569687  4766.51626673194
10857000  -4766.1612822915  4767.76193335272
10858000  -4768.39077951059  4766.0429240272
10859000  -4768.20997265117  4766.77152509806
10860000  -4769.13868649069  4770.03733876408
10861000  -4767.93524751138  4768.44875374336
10862000  -4769.50469806539  4770.65527905311
10863000  -4767.67197321329  4768.49007288403
10864000  -4768.47501453658  4769.70656749092
10865000  -4770.37197533448  4769.62802840597
10866000  -4770.37204364992  4771.38236771582
10867000  -4770.53323191706  4771.94059613633
10868000  -4769.74460752812  4771.96362472417
10869000  -4773.81697032328  4770.6815729865
10870000  -4772.25666605852  4773.15703663005
10871000  -4773.15722645851  4770.14113997612
10872000  -4772.83635731147  4769.14575027671
10873000  -4774.88403053562  4769.19897628725
10874000  -4773.38868555504  4772.27263154961
10875000  -4774.30575637937  4774.07892390062
10876000  -4773.94812731103  4774.10146866142
10877000  -4775.57434353328  4774.8129707522
10878000  -4775.36029467544  4777.27915761367
10879000  -4776.07007623909  4776.3010037135
10880000  -4777.03505594311  4773.67733148509
10881000  -4774.97456809128  4777.93977447862
10882000  -4774.77386087653  4777.3146602149
10883000  -4775.91395362692  4779.8204771411
10884000  -4776.7492425058  4779.86727657395
10885000  -4779.64301808901  4781.52896703391
10886000  -4776.34983686798  4778.78287028162
10887000  -4778.73409833373  4780.27699160343
10888000  -4780.43958631405  4781.81570198946
10889000  -4781.4510506934  4780.87580975604
10890000  -4780.29626511303  4784.47652361994
10891000  -4780.70014616731  4782.07278868408
10892000  -4781.85418900131  4784.85757579902
10893000  -4781.22327558533  4786.91666293829
10894000  -4782.68941764417  4786.69002607719
10895000  -4782.64069968748  4784.3996723072
10896000  -4781.15026165764  4784.62040765159
10897000  -4783.46132997443  4785.18769938295
10898000  -4784.00391152123  4786.33910985155
10899000  -4787.58690155565  4786.87841330377
10900000  -4786.83228869889  4785.49264383796
10901000  -4784.09315020426  4788.50442359188
10902000  -4784.35059387457  4787.16787209026
10903000  -4789.71603902837  4789.0737082629
10904000  -4789.1524418387  4788.87694387114
10905000  -4788.37720629975  4789.15361660656
10906000  -4788.65592253948  4791.12258209547
10907000  -4791.3308439718  4789.26198385971
10908000  -4791.01064801439  4791.48217975188
10909000  -4792.64646237914  4793.32714016817
10910000  -4794.94549689678  4793.03704166793
10911000  -4795.65866232548  4792.39949452568
10912000  -4795.51994262038  4793.34629579672
10913000  -4795.57808644783  4791.96105258249
10914000  -4797.13122574913  4792.77772077499
10915000  -4796.26436527721  4793.1094873132
10916000  -4797.08765588988  4797.04707882023
10917000  -4796.79235187719  4797.04248655575
10918000  -4799.73949341589  4797.82281914867
10919000  -4798.15923475795  4796.37575575896
10920000  -4798.38951720645  4798.23004645378
10921000  -4798.36254301194  4797.34689309435
10922000  -4798.87514605018  4798.64191922959
10923000  -4798.59883623597  4799.46101295225
10924000  -4801.47475941725  4800.02130030381
10925000  -4802.6345170109  4798.0977304046
10926000  -4805.16349584068  4800.40706830014
10927000  -4805.6198644803  4801.07439862774
10928000  -4804.57529814341  4803.93369200157
10929000  -4805.42524448873  4802.8871541447
10930000  -4807.13719940592  4803.25137142492
10931000  -4807.13947583412  4803.72012684912
10932000  -4807.60277950357  4806.90031690026
10933000  -4807.55006498039  4806.91823503949
10934000  -4808.65938272657  4804.59200254787
10935000  -4810.95262837761  4806.97207874511
10936000  -4809.81163119141  4804.16305227918
10937000  -4809.53346264848  4807.58528329858
10938000  -4812.12063948985  4807.05864998216
10939000  -4811.32950190362  4807.07122859251
10940000  -4810.81427414929  4808.86291283621
10941000  -4809.92484118414  4807.92973452949
10942000  -4812.39665599229  4807.26503139504
10943000  -4814.06205027265  4808.79446973414
10944000  -4811.25883555213  4808.05684689023
10945000  -4815.03698958876  4808.66454685227
10946000  -4815.51793022427  4808.15412793971
10947000  -4813.6361957904  4809.09509991093
10948000  -4813.63091437439  4809.77796379947
10949000  -4814.9059269515  4812.39363320575
10950000  -4814.61331529342  4809.36432858153
10951000  -4818.00072473853  4810.44437822991
10952000  -4818.81903792166  4810.32958976355
10953000  -4815.74589571863  4811.556919248
10954000  -4816.7958109207  4813.79348374754
10955000  -4821.10541205961  4813.69742894565
10956000  -4819.38652243909  4813.08881749049
10957000  -4822.58230954962  4816.39045469263
10958000  -4820.51296604836  4814.92634779506
10959000  -4821.70118867897  4816.77764961446
10960000  -4823.55317784027  4816.60679544526
10961000  -4824.30246016623  4818.68042332533
10962000  -4824.65218068323  4819.87876196371
10963000  -4824.01878891952  4820.73584572967
10964000  -4828.02350207368  4822.00563048536
10965000  -4827.63599338449  4820.65731772758
10966000  -4828.15496234403  4820.22649852836
10967000  -4828.20039535853  4821.09520216139
10968000  -4830.60091920225  4821.86413048896
10969000  -4831.41910083647  4822.52826549689
10970000  -4833.10449861284  4820.59258506035
10971000  -4832.42964876979  4824.42550718401
10972000  -4832.0076822617  4820.58203862729
10973000  -4835.06529471744  4823.38320905504
10974000  -4836.73375700995  4822.9043200768
10975000  -4835.55758550846  4824.02743356614
10976000  -4834.20221090587  4823.69184692283
10977000  -4832.077855337  4824.17950531532
10978000  -4831.35204554241  4827.91292048017
10979000  -4833.0910830517  4827.98921079499
10980000  -4835.57965201564  4826.7600019387
10981000  -4833.01576350313  4828.26076014146
10982000  -4834.81612984102  4829.27177138209
10983000  -4833.88702133413  4827.25992151857
10984000  -4836.50436827037  4826.20107810846
10985000  -4837.88311144046  4829.07300211081
10986000  -4836.88424782232  4829.89806162321
10987000  -4839.28378696249  4828.21711995473
10988000  -4841.16227932316  4832.89799311188
10989000  -4839.0518784596  4832.23968453313
10990000  -4839.69205494567  4835.49539418824
10991000  -4840.49059751064  4834.47628764675
10992000  -4841.23976464918  4834.7766534842
10993000  -4840.12808117891  4835.69556221451
10994000  -4841.45308165467  4835.95435880426
10995000  -4841.85383547974  4837.36773615333
10996000  -4842.12379032742  4836.68948360312
10997000  -4845.11518957494  4835.14298075666
10998000  -4844.71211844272  4836.33462754986
10999000  -4840.67261479773  4837.33893752649
11000000  -4845.07402963807  4835.53082553463
11001000  -4841.14031369093  4834.89119388216
11002000  -4843.99651988992  4835.37929681148
11003000  -4845.28108914986  4837.23872683949
11004000  -4846.85004978848  4838.01837677184
11005000  -4848.00211614611  4835.87460583573
11006000  -4847.25375288764  4836.44307465819
11007000  -4844.75997321675  4839.67371766653
11008000  -4843.26366709923  4839.68875614805
11009000  -4845.69226277024  4841.06724221901
11010000  -4844.71015501754  4839.6948267066
11011000  -4844.84054244434  4841.54817025069
11012000  -4846.0661208617  4837.83428944739
11013000  -4846.38277425483  4839.2909431672
11014000  -4844.43706559636  4839.37450577203
11015000  -4847.32329513677  4842.78966175246
11016000  -4847.49934820414  4842.88160252731
11017000  -4847.79586801594  4843.98838045575
11018000  -4847.98984686315  4843.35677565791
11019000  -4851.04185658013  4846.29252399526
11020000  -4848.96976642721  4846.01177944228
11021000  -4852.708276213  4844.67378247429
11022000  -4853.08543423592  4845.9473706831
11023000  -4850.11474236681  4846.5342714479
11024000  -4852.94154751626  4845.78449365393
11025000  -4853.04209989574  4844.85427977725
11026000  -4850.64106259272  4846.55056981155
11027000  -4851.37109595207  4846.65623466314
11028000  -4851.64352742828  4847.07342857565
11029000  -4852.85331036908  4847.51035165528
11030000  -4854.08177437814  4851.66405950534
11031000  -4853.1297440395  4851.24184199654
11032000  -4855.44428997155  4853.21966129242
11033000  -4850.77772168902  4852.55981940584
11034000  -4856.46489644765  4852.55620639791
11035000  -4855.53119157579  4852.00174751362
11036000  -4856.49463601731  4853.38544026722
11037000  -4856.83808106456  4854.44520319698
11038000  -4857.89930292842  4854.66724611222
11039000  -4855.43703008073  4853.70135180197
11040000  -4857.4426314238  4853.76832974205
11041000  -4858.64130626616  4855.36589978774
11042000  -4855.1449337  4854.92684189656
11043000  -4860.61512285979  4853.88711763743
11044000  -4859.04002903367  4854.64000953688
11045000  -4860.95503754284  4854.80860884579
11046000  -4861.30189224005  4857.09752829666
11047000  -4858.57927277047  4854.67656709839
11048000  -4859.28688794393  4856.00621023809
11049000  -4858.80727349402  4858.12182137157
11050000  -4862.15404955856  4856.34865092849
11051000  -4860.51169680715  4859.03684411847
11052000  -4861.37081354233  4862.05577367237
11053000  -4863.9833124556  4862.35836232655
11054000  -4862.44103229523  4862.41284627175
11055000  -4862.20426685268  4861.60188890159
11056000  -4862.55032915799  4862.07815604796
11057000  -4865.11395337197  4864.54058386797
11058000  -4863.10361447637  4866.41331628549
11059000  -4863.6948273586  4865.098999936
11060000  -4862.65449826643  4865.0171402493
11061000  -4861.80257694401  4865.94121967194
11062000  -4863.54779576085  4867.85959244976
11063000  -4863.2775379875  4865.95287747461
11064000  -4862.91454241004  4866.81502318011
11065000  -4866.411883602  4867.21172705121
11066000  -4866.87605127401  4867.37176392492
11067000  -4868.08118245061  4865.00824703908
11068000  -4868.41162885426  4865.92661462336
11069000  -4867.8228354957  4867.77312995551
11070000  -4869.73715855741  4869.68106515532
11071000  -4868.91112130364  4869.30536865043
11072000  -4867.06607298995  4868.09059763756
11073000  -4867.13334453283  4866.47495576897
11074000  -4868.4325108729  4867.49645957757
11075000  -4869.62863067934  4868.8279824261
11076000  -4869.85937186452  4869.79614860485
11077000  -4870.76491438075  4872.56265298751
11078000  -4871.87849641416  4869.99573724039
11079000  -4870.28222423066  4871.98960547381
11080000  -4872.72628602472  4868.60184620474
11081000  -4872.47489506891  4870.6517654487
11082000  -4871.86019578709  4872.09226475962
11083000  -4871.05121801835  4872.04630144446
11084000  -4873.9735382167  4869.50150481432
11085000  -4873.21883199421  4875.30323337929
11086000  -4875.74475461771  4874.11971508812
11087000  -4873.97101438262  4875.40932289784
11088000  -4874.67260602715  4874.770567528
11089000  -4876.07876867427  4876.24623881444
11090000  -4876.62675167555  4875.27260972167
11091000  -4875.87504777076  4877.17992564771
11092000  -4878.63788064747  4880.435300712
11093000  -4876.02580890639  4880.29224990695
11094000  -4875.31445773591  4879.06825592448
11095000  -4874.60998957652  4879.73783019723
11096000  -4876.47872022464  4878.90124697826
11097000  -4870.98238976274  4879.99238137449
11098000  -4877.17222945046  4882.89249972651
11099000  -4874.74760813193  4881.46344084368
11100000  -4874.7355549127  4881.39704829406
11101000  -4877.70595550045  4880.59495987183
11102000  -4875.91871991513  4882.53883489856
11103000  -4878.7482079443  4884.28712904747
11104000  -4878.41909354705  4884.49522878927
11105000  -4881.22988687822  4883.46726983516
11106000  -4878.84075471105  4883.43652503207
11107000  -4883.61408378583  4883.76071324743
11108000  -4882.50005617634  4882.43867563245
11109000  -4880.13821047961  4882.91513107232
11110000  -4881.0634208646  4884.92168996337
11111000  -4879.64022745092  4885.29333750379
11112000  -4883.23900207181  4883.66211093258
11113000  -4881.49887686157  4885.82046591582
11114000  -4883.11628456985  4883.96616094965
11115000  -4883.78889331377  4884.72376296704
11116000  -4882.86629873712  4883.91061178385
11117000  -4885.66429056047  4888.45693092996
11118000  -4884.25536727678  4887.27837822717
11119000  -4885.82384200704  4885.93719861094
11120000  -4889.44875962331  4885.83299825066
11121000  -4888.99482804862  4885.63210806269
11122000  -4888.05044470123  4887.457555191
11123000  -4889.58838777128  4886.82993912356
11124000  -4892.61550909915  4888.58354816958
11125000  -4892.03438467369  4888.37954915826
11126000  -4893.76697916178  4888.32318207817
11127000  -4894.27055554525  4886.78819415296
11128000  -4895.67469579209  4887.10397602532
11129000  -4894.23427221626  4889.59399904714
11130000  -4894.85776989854  4889.27579483601
11131000  -4896.50133112914  4888.0950689004
11132000  -4896.04250749667  4887.90349120827
11133000  -4896.28555157969  4889.52342470039
11134000  -4896.60015071407  4892.7467913901
11135000  -4896.2501180146  4889.8972115457
11136000  -4894.73976640562  4892.4145198407
11137000  -4895.72762660605  4891.86892973212
11138000  -4897.31920344097  4892.55597294044
11139000  -4896.94625532777  4895.00985337103
11140000  -4895.41367657264  4895.44017362725
11141000  -4892.97099124204  4896.32408261392
11142000  -4896.48612319295  4895.4060405058
11143000  -4898.81356368461  4894.56802882601
11144000  -4897.72609461519  4896.3971035926
11145000  -4899.93429639702  4896.50454028074
11146000  -4900.98498165383  4896.41464534391
11147000  -4903.65381087584  4895.22853312371
11148000  -4901.54058215658  4895.35502774263
11149000  -4903.02963607382  4896.03653052954
11150000  -4905.06127489315  4896.29267557716
11151000  -4902.29662684194  4896.48097110752
11152000  -4904.02583709844  4896.64166416375
11153000  -4904.21196019151  4897.35487810017
11154000  -4905.22060489968  4897.49790130696
11155000  -4903.43990283679  4897.14999147899
11156000  -4905.45982831286  4895.3518661209
11157000  -4901.338358779  4897.16640443786
11158000  -4904.3712655173  4898.29803360169
11159000  -4904.39516803247  4895.68949510431
11160000  -4904.64708080871  4898.32906684341
11161000  -4905.81803844865  4901.28464518413
11162000  -4907.24301893037  4899.74099903507
11163000  -4907.71321728707  4898.53189131136
11164000  -4908.31063564051  4901.16255703784
11165000  -4910.67110101278  4900.33086490511
11166000  -4911.49861094352  4901.23107590377
11167000  -4909.64439697389  4902.08233893171
11168000  -4909.51396252802  4903.22489949749
11169000  -4911.54674503591  4903.06152351332
11170000  -4907.24643874525  4901.17075235903
11171000  -4911.03183681929  4902.98157992841
11172000  -4911.72121295921  4900.40286100719
11173000  -4907.69173319003  4902.81480230365
11174000  -4912.31662777318  4905.76303511812
11175000  -4910.72675152017  4904.56517760716
11176000  -4912.61088019614  4904.1286279506
11177000  -4909.61312605129  4905.2611771783
11178000  -4910.65077265853  4905.91145812132
11179000  -4913.28199099808  4906.61667642759
11180000  -4914.26385386871  4906.89628497492
11181000  -4915.1804722246  4907.21564378634
11182000  -4914.24785765286  4908.89735205389
11183000  -4913.29362993201  4907.5847408938
11184000  -4914.99713688049  4909.2066620667
11185000  -4916.56660945181  4908.03360172077
11186000  -4916.89289711034  4908.85954736473
11187000  -4916.03276813565  4910.32533361556
11188000  -4916.36826481385  4911.46494129615
11189000  -4921.59365522589  4910.40272115004
11190000  -4921.07409235235  4910.82246140193
11191000  -4921.97223995732  4910.80086095979
11192000  -4920.77830330674  4912.801871351
11193000  -4919.45449024392  4914.63143762262
11194000  -4920.14604721377  4916.19441226911
11195000  -4921.42607759875  4914.15228561711
11196000  -4918.2928413881  4913.78172859305
11197000  -4920.1021040012  4916.10695020464
11198000  -4921.19089180802  4915.14875643374
11199000  -4921.07349481975  4917.38832508485
11200000  -4922.6296490022  4918.52093388881
11201000  -4923.53467479685  4918.3818350092
11202000  -4922.99040703088  4919.8443016916
11203000  -4921.3457060212  4919.325579262
11204000  -4923.26051734309  4922.34238874541
11205000  -4924.71015104348  4919.33237624842
11206000  -4921.76692835995  4922.42678837825
11207000  -4920.52543249616  4921.95864184345
11208000  -4923.85378326839  4920.21767794464
11209000  -4924.51411470082  4919.21523358007
11210000  -4925.77710211407  4921.51340839819
11211000  -4925.80775265001  4923.53421080625
11212000  -4925.61655569986  4922.52236320579
11213000  -4925.88683663159  4921.39008927094
11214000  -4928.03038358746  4924.47905625676
11215000  -4928.68502991062  4923.5732910398
11216000  -4928.61029073755  4923.12445664185
11217000  -4930.34692343471  4925.00709171416
11218000  -4928.52020880723  4922.88489126768
11219000  -4933.18409908411  4922.73124851248
11220000  -4931.54020072102  4919.98234884644
11221000  -4932.60938274034  4923.86192887369
11222000  -4931.95816947962  4923.40424846535
11223000  -4930.8606707155  4923.3211946519
11224000  -4932.67744569462  4924.89421436807
11225000  -4935.65550077073  4927.77196564085
11226000  -4932.48254472471  4927.52210196698
11227000  -4931.75972931546  4927.97375172486
11228000  -4929.0714606511  4928.93482401247
11229000  -4929.80933067874  4927.54074644277
11230000  -4936.12574077178  4925.88585470739
11231000  -4932.97301289383  4925.31632296785
11232000  -4935.50141586303  4926.6891383389
11233000  -4934.82447562422  4928.83282834323
11234000  -4934.50244742327  4930.32266360296
11235000  -4932.52989747385  4929.70092609285
11236000  -4935.34159146564  4930.91953851419
11237000  -4933.18088673562  4932.87483710264
11238000  -4932.27870448834  4933.56368727848
11239000  -4932.71971213714  4932.12666885898
11240000  -4932.52756884564  4934.26845181971
11241000  -4934.77393188584  4934.04465789338
11242000  -4933.42816058891  4933.5963791803
11243000  -4934.04654849851  4935.27157768447
11244000  -4934.46666715866  4935.61292033807
11245000  -4931.80200938099  4935.32874109845
11246000  -4934.2003102772  4936.68476461275
11247000  -4934.26878039682  4938.76309994927
11248000  -4936.74293360194  4937.35555332024
11249000  -4932.60217166354  4935.3397240704
11250000  -4936.02388804553  4935.09013805447
11251000  -4935.22207562962  4936.65479803538
11252000  -4936.35290170125  4938.25863554369
11253000  -4936.83479194909  4934.64428882717
11254000  -4938.91378252774  4940.04753230268
11255000  -4939.47924577019  4938.22809701292
11256000  -4941.11632489674  4938.61644166829
11257000  -4940.19680134307  4940.04810882061
11258000  -4939.20995620629  4940.5182846144
11259000  -4940.09941573266  4938.39455958326
11260000  -4942.70359280458  4938.44074858252
11261000  -4941.53396596026  4940.78186496489
11262000  -4943.16535682168  4941.70733456684
11263000  -4942.45273094449  4942.69739943296
11264000  -4943.35674663571  4944.39167743388
11265000  -4944.78777350344  4943.50670713784
11266000  -4943.97098272093  4941.7249181369
11267000  -4946.42242372807  4944.58517876026
11268000  -4947.42323424487  4944.84782663574
11269000  -4942.63553224338  4943.94335891328
11270000  -4946.12222472082  4945.53220891386
11271000  -4947.1401021351  4946.76489078213
11272000  -4949.20317329062  4945.4254307864
11273000  -4947.22493836929  4946.97924857
11274000  -4943.54055321032  4947.02228968755
11275000  -4947.76661418365  4949.28757309213
11276000  -4947.074817618  4949.89858318865
11277000  -4947.27901750024  4950.89215298571
11278000  -4951.032542925  4952.6310241557
11279000  -4950.06151061396  4952.48600465506
11280000  -4949.95750049316  4949.0996528269
11281000  -4952.1938274698  4954.08999194817
11282000  -4948.13688614369  4951.86318559868
11283000  -4951.49412248456  4952.80633680456
11284000  -4952.81052512812  4953.8332672061
11285000  -4958.25628335933  4952.00033071913
11286000  -4951.54612284623  4952.94473136645
11287000  -4953.49549158803  4954.54026106629
11288000  -4957.9255948781  4955.7915054403
11289000  -4953.5495142738  4953.13816581569
11290000  -4955.56958235347  4956.23822097533
11291000  -4956.23189645134  4953.7981546258
11292000  -4953.86803078697  4954.27502699074
11293000  -4959.94275129502  4955.35746752449
11294000  -4957.23635456532  4953.46818674801
11295000  -4957.47966434398  4957.24844122534
11296000  -4957.10655334861  4955.78061672113
11297000  -4958.78348343124  4956.43605736056
11298000  -4960.1170340648  4956.11012675995
11299000  -4959.30181670224  4956.93106756055
11300000  -4961.07343349044  4957.89715284542
11301000  -4964.04165050949  4957.49324002213
11302000  -4961.82628849747  4957.70627390015
11303000  -4963.73926654724  4957.16644866145
11304000  -4963.92921582228  4958.72330498538
11305000  -4964.42728575448  4958.37202454323
11306000  -4965.09594276355  4958.57996090166
11307000  -4966.8947811509  4960.20443602302
11308000  -4964.4726954276  4960.4297493764
11309000  -4967.69111939586  4961.21950234098
11310000  -4967.27576857532  4962.60426255725
11311000  -4965.40606092207  4960.40681853909
11312000  -4969.92904689386  4963.36358797844
11313000  -4967.29671648857  4963.39845029049
11314000  -4967.79973899477  4962.11428739811
11315000  -4970.59171810806  4960.50386979202
11316000  -4969.92532287282  4965.37847116481
11317000  -4970.76737621075  4964.57233103314
11318000  -4970.87582459081  4966.46188078605
11319000  -4967.23737783455  4966.62866863012
11320000  -4969.11016242474  4964.22294025407
11321000  -4968.99913617523  4964.01262516559
11322000  -4967.97167843198  4963.47362159624
11323000  -4972.49876629904  4964.32204966671
11324000  -4972.25977479516  4964.58759698032
11325000  -4970.72203513438  4967.15285736808
11326000  -4971.76419666784  4969.42592436172
11327000  -4974.2177330318  4963.61531976227
11328000  -4972.1258812056  4968.84530398296
11329000  -4976.81108515837  4969.72452511309
11330000  -4974.24862767561  4969.7548434965
11331000  -4977.38049438001  4970.24854478064
11332000  -4972.97231479873  4968.33873762988
11333000  -4977.72628687835  4973.37151430093
11334000  -4975.32459839975  4973.69596110484
11335000  -4977.4713446194  4972.72329705423
11336000  -4975.87029627809  4971.21268977796
11337000  -4977.50347942197  4973.42540443894
11338000  -4980.99982771075  4970.41060519811
11339000  -4981.86734988015  4973.24808057523
11340000  -4979.88306661481  4971.91786619146
11341000  -4980.69888489314  4972.93870479259
11342000  -4980.90242481007  4974.14839812594
11343000  -4983.34615939658  4974.40526554893
11344000  -4982.18998005329  4974.27891349231
11345000  -4984.21032454139  4975.14417364644
11346000  -4983.98209419014  4977.9108867621
11347000  -4983.88309946522  4975.13343655315
11348000  -4983.12390329572  4975.01370900344
11349000  -4983.16577328219  4976.20068665649
11350000  -4982.32214672804  4977.88018044073
11351000  -4983.58167531607  4977.37048987398
11352000  -4982.91495614322  4978.83522967912
11353000  -4985.71782069652  4979.62510132214
11354000  -4985.47040543438  4981.19221996552
11355000  -4987.03933088019  4980.32964925089
11356000  -4985.96152690341  4980.61363924993
11357000  -4986.0732224123  4982.10674351551
11358000  -4986.70962620278  4982.46420293607
11359000  -4989.04133750676  4984.09169006405
11360000  -4986.4518520255  4984.60115648234
11361000  -4989.73396208759  4983.16077136454
11362000  -4991.02615591252  4986.79479622078
11363000  -4990.15452615157  4986.64703542403
11364000  -4992.8545685654  4986.86626068548
11365000  -4992.28955564599  4986.71799579016
11366000  -4992.78025818101  4991.03308222282
11367000  -4994.383461626  4989.56495536566
11368000  -4993.69084003911  4989.44896004418
11369000  -4992.44841103363  4990.97958914856
11370000  -4990.39805342945  4989.96114858845
11371000  -4991.72861355461  4990.99971663811
11372000  -4992.62118771283  4993.66965314222
11373000  -4993.76337911678  4994.23582972028
11374000  -4996.68835626124  4996.03181966241
11375000  -4994.64201442844  4997.17387914573
11376000  -4996.17434814905  4998.2970026775
11377000  -4995.80960980303  4997.40112339247
11378000  -4997.21843205992  4996.99194914807
11379000  -4996.99031291535  4998.87447746508
11380000  -4996.84630183142  4997.83464062404
11381000  -4996.70593795581  4997.8996258063
11382000  -4994.92100956762  4998.34490064399
11383000  -4997.26365888251  4996.76993897184
11384000  -4998.06763663691  4995.92906689383
11385000  -4999.0503565296  4996.59794751412
11386000  -4996.82589123982  4996.54207927557
11387000  -4996.71458679239  4997.34386200701
11388000  -5000.47854789304  4996.81865082241
11389000  -4999.90549431349  4996.47141497186
11390000  -5000.77590142966  4997.99468165747
11391000  -5001.05878571807  4998.66645518306
11392000  -5000.52875498712  4998.15203284768
11393000  -4999.59617787863  4996.2253149317
11394000  -4998.04562664465  4998.46550679599
11395000  -4999.58525322929  4998.02529479057
11396000  -5001.0149906254  4997.97382614848
11397000  -5001.56105297848  5000.1101516915
11398000  -5003.78381760113  4999.4794178589
11399000  -5004.71077129289  5000.7965161737
11400000  -5004.46237059724  5000.31475507808
11401000  -5002.93044521652  5000.47644485519
11402000  -5002.25607919574  5001.55887001453
11403000  -5005.41840623961  5004.65011250881
11404000  -5004.51860685291  5004.08815695752
11405000  -5002.97151523688  5003.48777185647
11406000  -5004.21403548517  5004.84037837039
11407000  -5004.40114305844  5005.16128774015
11408000  -5004.71868757663  5005.21004455669
11409000  -5006.61657921501  5003.60522722921
11410000  -5008.40512555533  5004.54145842184
11411000  -5008.45894965745  5007.24771584916
11412000  -5009.71249661377  5005.91991816582
11413000  -5009.52505749328  5006.00079205889
11414000  -5009.99009108726  5011.19799432867
11415000  -5011.12409941922  5012.15779051352
11416000  -5011.38171694477  5011.64545396332
11417000  -5010.02426022311  5012.35183056684
11418000  -5011.31166678899  5013.83043904629
11419000  -5014.19677048486  5012.91568825517
11420000  -5012.33802741363  5011.01692997857
11421000  -5013.17734953793  5011.04412652714
11422000  -5013.54556608684  5013.24079435291
11423000  -5014.23386319736  5013.18836675435
11424000  -5016.3136953728  5012.55719383358
11425000  -5014.92244845801  5015.44956046068
11426000  -5015.05828728078  5015.796007292
11427000  -5016.74048545987  5015.0655841691
11428000  -5015.37995449318  5013.76321681552
11429000  -5016.9083406284  5015.5438781427
11430000  -5017.37343504979  5017.64080043397
11431000  -5017.37488634209  5016.69018118175
11432000  -5020.2651616363  5014.4560584849
11433000  -5017.10838011759  5016.51332068524
11434000  -5016.62160128219  5020.49922010007
11435000  -5021.08681103891  5017.85731340899
11436000  -5017.93996861907  5018.32283706524
11437000  -5021.03575660478  5021.22302450139
11438000  -5018.92601218987  5022.13383914683
11439000  -5021.51273070508  5019.25796169838
11440000  -5021.77012732486  5020.28385908593
11441000  -5023.80644556687  5019.4200807432
11442000  -5025.0331707809  5023.77315474486
11443000  -5021.89052102623  5021.95918364155
11444000  -5024.60657889302  5022.82247266297
11445000  -5022.99809308739  5025.33326548596
11446000  -5024.07303389059  5025.29837023142
11447000  -5023.9174964045  5026.01243763504
11448000  -5025.62657239808  5025.48079485898
11449000  -5026.90180863669  5025.10501128402
11450000  -5026.08641215995  5029.71155011142
11451000  -5027.08150313416  5029.6180701375
11452000  -5026.57122828998  5033.26121466578
11453000  -5026.94745582382  5030.91850602657
11454000  -5029.12286089953  5029.19869343209
11455000  -5026.30654117202  5034.49017342
11456000  -5027.18597188898  5034.362137091
11457000  -5027.40455659116  5035.55564248512
11458000  -5028.68158609913  5033.72587789294
11459000  -5029.47075586646  5031.77410559651
11460000  -5030.95867911938  5035.00194561616
11461000  -5029.06984480695  5032.93475187946
11462000  -5027.15223307344  5033.21152408109
11463000  -5027.60680470967  5033.77786009185
11464000  -5031.30757945013  5034.82974964783
11465000  -5026.55282077333  5035.51921917976
11466000  -5031.51716836159  5037.52844840008
11467000  -5029.31618905121  5034.9094648173
11468000  -5033.8532019642  5034.8167695895
11469000  -5032.92779062288  5034.91338315361
11470000  -5035.25233007563  5037.79661581922
11471000  -5033.83339087868  5038.26177645774
11472000  -5032.44903604563  5037.18055237306
11473000  -5033.08511144049  5036.08225569197
11474000  -5036.16099036926  5035.69567995085
11475000  -5035.81237528764  5035.4649410192
11476000  -5035.33666451062  5037.23517199735
11477000  -5036.79334464913  5037.04648799639
11478000  -5036.55378772142  5037.14632496158
11479000  -5040.10881347656  5038.70857090995
11480000  -5037.22413068811  5037.19348018261
11481000  -5037.11225553298  5037.60165869998
11482000  -5040.38502187713  5037.90134776858
11483000  -5039.36841916485  5038.77695274476
11484000  -5041.56851400146  5039.94573270245
11485000  -5040.24009047353  5041.26021876
11486000  -5040.87300150341  5041.61364504607
11487000  -5039.83622668593  5043.15911272301
11488000  -5042.33023753293  5042.52296473605
11489000  -5039.40500187079  5041.61466947123
11490000  -5042.60539282165  5044.57906286522
11491000  -5040.27334283272  5044.11986092753
11492000  -5041.25174917082  5044.11151610933
11493000  -5041.58125307916  5044.61586334246
11494000  -5043.26100581062  5046.46267721081
11495000  -5040.91586519861  5043.88381337052
11496000  -5043.24754534479  5046.09172679501
11497000  -5041.62313266981  5044.21728923854
11498000  -5041.47793763571  5043.48149483231
11499000  -5044.77027515053  5046.26506848453
11500000  -5045.44019895589  5046.79341522178
11501000  -5043.51560774533  5046.72198586395
11502000  -5046.68389237929  5048.37930167814
11503000  -5048.51094278322  5049.56076184895
11504000  -5050.57350918966  5048.7056860138
11505000  -5047.95922079935  5049.73719834792
11506000  -5050.67237001208  5047.88803395289
11507000  -5050.23821358661  5049.78499661617
11508000  -5051.01352112407  5049.34353105023
11509000  -5050.90857670811  5050.88721687775
11510000  -5050.92982852445  5048.86524224919
11511000  -5053.25995843506  5049.99951011621
11512000  -5054.35278141517  5050.83837214581
11513000  -5054.19678928704  5050.11900675759
11514000  -5051.95067916328  5051.21911726501
11515000  -5056.05927163559  5050.77909254337
11516000  -5053.58906217142  5051.6364186287
11517000  -5053.97212608865  5052.32510352254
11518000  -5054.10792523049  5053.38984127965
11519000  -5056.42050941526  5052.87451596795
11520000  -5056.84659581855  5054.74213899313
11521000  -5055.74398744324  5056.03255646541
11522000  -5056.63469108497  5055.23259256812
11523000  -5057.63881565726  5053.41177639803
11524000  -5055.69221842713  5057.51942821378
11525000  -5057.33646485189  5058.91990737335
11526000  -5055.82259515647  5057.85090543501
11527000  -5058.04658014097  5058.87866275387
11528000  -5059.59864447721  5058.48928975165
11529000  -5060.11908350065  5059.19085048784
11530000  -5057.09456705403  5056.99047134208
11531000  -5060.76571282199  5055.61678200099
11532000  -5065.41234195947  5057.43806776677
11533000  -5063.10283493865  5056.50544375776
11534000  -5061.29967397293  5059.41540069606
11535000  -5064.04466601846  5060.03259136809
11536000  -5062.66660574057  5058.20420028299
11537000  -5063.09953984238  5059.10956009535
11538000  -5064.88589930671  5059.60386986984
11539000  -5065.39594329557  5060.97737653208
11540000  -5066.30174838104  5059.56171435607
11541000  -5065.03281865046  5063.30121793132
11542000  -5066.80553692192  5058.41734829009
11543000  -5069.22571845305  5061.11537847428
11544000  -5066.80665827832  5062.5404188365
11545000  -5066.48521007626  5062.22028288585
11546000  -5067.57084745974  5061.13229486413
11547000  -5070.54059102976  5063.38670849626
11548000  -5067.24029495058  5063.33634316056
11549000  -5067.91406237883  5066.69521777461
11550000  -5068.61010303402  5065.79294417047
11551000  -5069.72219270667  5066.9223956858
11552000  -5070.77646623363  5065.04710621428
11553000  -5070.13781513528  5066.46933789403
11554000  -5069.76156082829  5067.23386816081
11555000  -5074.41986463883  5066.42767680661
11556000  -5070.4549130608  5067.53027181448
11557000  -5071.74092241808  5067.31267662947
11558000  -5072.03722685915  5067.77075997173
11559000  -5075.41778038783  5070.78215155285
11560000  -5071.41711395585  5068.5291713857
11561000  -5074.91650062977  5067.38858592194
11562000  -5074.44128211059  5065.59107384994
11563000  -5074.10128278624  5069.93118700809
11564000  -5075.96960435768  5070.06160512229
11565000  -5074.38611085615  5070.70078105634
11566000  -5075.11544515113  5070.94795073806
11567000  -5076.31234847418  5069.19981688794
11568000  -5075.45156068588  5072.90572040482
11569000  -5075.54666406414  5074.17930054545
11570000  -5075.15968677559  5071.1630175579
11571000  -5077.68479046893  5074.08614867396
11572000  -5075.02764886997  5071.03055954755
11573000  -5076.34725446824  5074.18264677502
11574000  -5076.28733490126  5072.95216814365
11575000  -5078.15479595555  5076.01697130347
11576000  -5077.77323503226  5073.63026158764
11577000  -5079.48082752014  5072.84621306865
11578000  -5079.84349303858  5075.00010364988
11579000  -5081.05538270844  5073.10653240815
11580000  -5080.35271392154  5072.81632190507
11581000  -5081.96118258564  5076.29528222717
11582000  -5084.24303953456  5077.10386745236
11583000  -5084.87953888805  5077.90578790323
11584000  -5083.18111051935  5077.62783312625
11585000  -5083.62253576615  5077.91104040278
11586000  -5086.53273413659  5079.00706644711
11587000  -5086.68705884336  5079.13665961755
11588000  -5083.66041887579  5078.78321593522
11589000  -5087.15509588903  5080.27037137966
11590000  -5087.90612296859  5082.94909040682
11591000  -5085.12029648768  5082.70470159236
11592000  -5089.10331779037  5082.55794140138
11593000  -5088.40175094254  5083.79263060899
11594000  -5089.83691012269  5085.65892963652
11595000  -5089.24807457828  5082.5772305781
11596000  -5085.666540259  5085.38193132795
11597000  -5087.22284214814  5086.17043734473
11598000  -5089.53343829363  5088.09322127237
11599000  -5087.86142386333  5087.55245425969
11600000  -5089.07027140612  5089.03693963937
11601000  -5089.2791145506  5089.89393869044
11602000  -5087.65625183748  5090.47024849946
11603000  -5090.51476915003  5092.1603162567
11604000  -5091.02043125619  5091.25447307932
11605000  -5091.18465042279  5093.78190639718
11606000  -5092.55202809818  5091.52754631611
11607000  -5093.3353688293  5091.96553873047
11608000  -5092.59148813537  5088.28971559235
11609000  -5093.44618246641  5088.68798517869
11610000  -5094.59498545259  5090.21269508591
11611000  -5095.63625893544  5092.21173697413
11612000  -5094.12775346628  5092.07186981729
11613000  -5093.30063502491  5090.7042852386
11614000  -5092.95364179131  5093.43751645573
11615000  -5095.19915196261  5093.42755269495
11616000  -5095.77464067226  5094.56844760876
11617000  -5095.5150248613  5094.55149703219
11618000  -5095.41772289736  5097.36978889727
11619000  -5094.89480403763  5097.08417288414
11620000  -5097.74398433882  5098.13096634321
11621000  -5097.27698565638  5098.69100012826
11622000  -5095.22981533668  5098.27896116067
11623000  -5095.67670520306  5097.89617289512
11624000  -5096.62168316258  5098.70573214934
11625000  -5098.10234124397  5100.87754280792
11626000  -5098.89969058764  5103.05850484993
11627000  -5102.57892928917  5104.06627222447
11628000  -5100.873725089  5104.25203699147
11629000  -5102.65538749327  5104.7432414476
11630000  -5099.23286547294  5104.2012869007
11631000  -5100.28200373037  5103.48066032776
11632000  -5102.3877971813  5107.17998353355
11633000  -5100.64921824834  5104.29462772943
11634000  -5102.34185352365  5108.15363627286
11635000  -5103.29814768092  5107.61194749687
11636000  -5107.22384661945  5106.59399389844
11637000  -5106.72616848152  5107.02902885343
11638000  -5103.48318521576  5108.34631573461
11639000  -5106.51625203873  5108.9478145721
11640000  -5106.3898347864  5111.05309168997
11641000  -5106.05914055051  5110.76995773679
11642000  -5108.73615788766  5109.41011154756
11643000  -5107.84626308077  5111.47468428781
11644000  -5105.42289132499  5110.8329160836
11645000  -5108.93926900208  5110.15081903504
11646000  -5109.8630627912  5112.0571046987
11647000  -5113.25275623766  5113.79693911692
11648000  -5110.57135824222  5113.5616700999
11649000  -5115.38363633251  5115.88538436028
11650000  -5112.31332971399  5116.36562220988
11651000  -5111.55761344524  5112.1172281739
11652000  -5116.13643148641  5116.48565095434
11653000  -5119.24052531732  5117.0207760247
11654000  -5117.15484883188  5118.41683375017
11655000  -5116.58361154642  5117.86157695594
11656000  -5115.58113179443  5117.82421627145
11657000  -5115.72567131607  5118.6980535203
11658000  -5117.53569784223  5120.02205014279
11659000  -5115.28814863286  5117.18610495979
11660000  -5116.19670088399  5116.86195652846
11661000  -5118.58658889994  5119.04015768372
11662000  -5118.28503287726  5119.82066216974
11663000  -5117.49575624114  5117.92663130778
11664000  -5119.8065284717  5121.26646280325
11665000  -5122.70723815185  5121.10964528605
11666000  -5119.34175955645  5122.79974083704
11667000  -5119.31168952359  5121.50748789518
11668000  -5120.38223390633  5123.87746640677
11669000  -5118.9585180608  5123.15450177303
11670000  -5121.64731917908  5123.86462035559
11671000  -5121.96438102031  5123.87500204859
11672000  -5120.588767348  5122.8067604367
11673000  -5123.16151970559  5126.36658872142
11674000  -5123.39787204648  5126.56555303767
11675000  -5122.86798044688  5123.31169403006
11676000  -5120.11518553187  5127.12452678975
11677000  -5120.15702966945  5126.08497519932
11678000  -5123.46711926461  5128.25991761881
11679000  -5123.59046858252  5125.51609548009
11680000  -5123.57250893538  5127.6467464082
11681000  -5126.54076597669  5128.83977677127
11682000  -5122.94315272198  5129.73627541719
11683000  -5129.16639799507  5128.97515004426
11684000  -5127.60159699467  5127.31227979479
11685000  -5128.03313562627  5129.34980739206
11686000  -5127.23417667752  5129.90089938426
11687000  -5128.18489474625  5129.85049752397
11688000  -5128.70702481595  5130.35773076267
11689000  -5128.41639122093  5132.7323618795
11690000  -5124.96253157604  5132.44058759189
11691000  -5127.68325715229  5133.11449247958
11692000  -5129.35685160855  5132.87973269984
11693000  -5131.47371079418  5132.80174098101
11694000  -5130.35508619094  5133.69248402618
11695000  -5130.84590633627  5133.86136126159
11696000  -5132.0416732076  5135.13102495528
11697000  -5135.26762671543  5131.19880360338
11698000  -5132.39378111456  5132.04468691653
11699000  -5129.71985687691  5134.08240336359
11700000  -5133.6756838201  5134.70062427323
11701000  -5133.83256621743  5134.81946857928
11702000  -5132.15751345088  5136.11100558665
11703000  -5133.72436557786  5137.24005925856
11704000  -5133.95901274306  5135.88440698226
11705000  -5132.93826881503  5135.64207793896
11706000  -5131.25569873019  5138.36081632491
11707000  -5132.44785294738  5135.83471741189
11708000  -5135.03468894289  5139.135415283
11709000  -5131.71717245354  5139.83447153097
11710000  -5135.12692250501  5140.41328633627
11711000  -5132.60502863006  5139.7386975959
11712000  -5132.20664253331  5138.62885181111
11713000  -5135.50015995849  5141.19939019049
11714000  -5133.56494201522  5140.07861841716
11715000  -5135.45526487516  5141.36390679219
11716000  -5135.02151941701  5141.510284227
11717000  -5137.66776292909  5143.81049796903
11718000  -5139.98290494616  5141.13218695355
11719000  -5138.82970819453  5144.26705679791
11720000  -5141.49145412603  5143.98117114245
11721000  -5140.82357790015  5144.21815155513
11722000  -5141.23765867041  5142.85053629237
11723000  -5138.93553914784  5142.1800908368
11724000  -5137.54091943361  5144.31357459367
11725000  -5138.05549776203  5145.52288043519
11726000  -5137.57391561703  5144.54499059945
11727000  -5138.68588285094  5146.82558358187
11728000  -5136.76751663142  5148.22961239499
11729000  -5137.94020290502  5147.92538872013
11730000  -5139.12243836975  5145.4585672162
11731000  -5140.29089420239  5145.58520475559
11732000  -5140.72019096783  5146.75487466465
11733000  -5141.18194497243  5149.32646860438
11734000  -5140.11970064408  5148.4959664026
11735000  -5141.01401635161  5147.99210943309
11736000  -5142.18881454475  5148.61196328352
11737000  -5142.41475526522  5149.99900714582
11738000  -5143.77637424461  5149.29155307693
11739000  -5143.49799801594  5150.5818280908
11740000  -5141.03557673116  5148.59538451991
11741000  -5142.41391627357  5152.1885361426
11742000  -5143.51285976667  5150.98831107863
11743000  -5143.3363977633  5153.13457447108
11744000  -5146.11923839796  5152.82167767892
11745000  -5143.00316655864  5153.89742505374
11746000  -5141.22572626767  5152.8322981373
11747000  -5144.47808519635  5154.85716460978
11748000  -5143.8693904768  5154.52169447139
11749000  -5146.40225996296  5155.40534238759
11750000  -5147.03966526279  5155.66478539722
11751000  -5147.54822097445  5157.04881295423
11752000  -5148.00054286799  5157.88787058121
11753000  -5147.38252629773  5157.4196580263
11754000  -5147.75180129816  5155.79651849931
11755000  -5149.20865112516  5153.72347425911
11756000  -5149.90422654393  5154.64761486399
11757000  -5149.84537903952  5159.02622990895
11758000  -5148.35027055347  5158.81715727501
11759000  -5152.36555926487  5157.99092578572
11760000  -5150.4418421585  5159.14826662782
11761000  -5151.34547142144  5158.90916250096
11762000  -5155.91589424063  5159.35794672865
11763000  -5155.36510439903  5159.31407136859
11764000  -5153.33251284801  5161.2475453281
11765000  -5151.95548934706  5162.9162284935
11766000  -5155.24030824196  5163.01644339695
11767000  -5155.32738872464  5162.65771442923
11768000  -5155.32021655614  5162.24344712762
11769000  -5155.56554818499  5162.40821824925
11770000  -5158.20943930174  5161.64780270555
11771000  -5160.27234994716  5161.38782692295
11772000  -5157.49777000861  5163.07873672369
11773000  -5159.33025984656  5166.28227103283
11774000  -5161.54064623136  5165.15557739715
11775000  -5157.92287223311  5167.92488337994
11776000  -5163.06773625134  5167.13412411289
11777000  -5159.06334306511  5167.44557842143
11778000  -5161.10751746303  5166.27356356674
11779000  -5162.58285674177  5166.7955276915
11780000  -5162.83083331493  5167.43012956179
11781000  -5163.62990553481  5168.14288989979
11782000  -5166.43018504287  5167.82221951279
11783000  -5166.13466880517  5167.06051967959
11784000  -5169.81370005745  5168.82257380608
11785000  -5170.34060641801  5167.48127511338
11786000  -5170.56724720858  5167.43227694701
11787000  -5169.51211856741  5167.51564156918
11788000  -5169.12031256298  5168.20047257744
11789000  -5172.08138069509  5170.43524644888
11790000  -5172.059067803  5170.01804652194
11791000  -5172.23248076023  5171.1216074481
11792000  -5171.74562933055  5172.77630440322
11793000  -5170.42188573499  5172.62309525687
11794000  -5172.73468622155  5171.96217556898
11795000  -5171.93574191047  5173.7248157966
11796000  -5172.79114925392  5170.34256539371
11797000  -5174.19998857663  5170.69163056966
11798000  -5173.3370605989  5171.9271535876
11799000  -5172.43899593623  5170.48560103026
11800000  -5172.87707279045  5172.42713651179
11801000  -5174.38449557375  5170.81507568869
11802000  -5176.38791432729  5173.46963697442
11803000  -5178.30813829077  5172.55151581449
11804000  -5177.2106802706  5172.77790524842
11805000  -5178.14818741075  5174.61764251028
11806000  -5175.18184850274  5176.3833722915
11807000  -5175.52288374248  5174.73743329785
11808000  -5176.51180069393  5177.875962511
11809000  -5177.37893307945  5178.8456247044
11810000  -5178.73848670526  5178.13970443046
11811000  -5179.49189192438  5179.55590942966
11812000  -5177.9220035844  5178.13748674406
11813000  -5179.89639983806  5179.37435042584
11814000  -5180.36464752061  5179.71879214767
11815000  -5179.45657871879  5180.56095130129
11816000  -5181.69026630851  5181.06975164437
11817000  -5180.10696462218  5179.72805138575
11818000  -5179.05198711116  5182.87794649684
11819000  -5182.37323292514  5181.09655434132
11820000  -5182.50312519975  5179.92145154876
11821000  -5183.11001254489  5181.72463661562
11822000  -5183.10410305145  5180.70925774895
11823000  -5185.50558010312  5178.55061018662
11824000  -5183.02065180144  5179.79326606328
11825000  -5185.26776988093  5181.15313446606
11826000  -5186.6806256105  5181.77924729508
11827000  -5185.17830113276  5183.85704663417
11828000  -5184.97822805332  5182.45039660986
11829000  -5186.15205097385  5184.62247409427
11830000  -5186.93302130719  5183.81949737234
11831000  -5185.89077543085  5186.50196609534
11832000  -5188.92516907403  5184.32941001885
11833000  -5188.20826059236  5184.27048675815
11834000  -5189.34323723249  5186.44357631842
11835000  -5183.11029028639  5187.70569538632
11836000  -5188.4455071409  5188.31330870103
11837000  -5188.67337784037  5187.94039600801
11838000  -5187.99298463141  5185.94482772447
11839000  -5191.14753853148  5189.39730862456
11840000  -5189.1650772159  5188.22369868172
11841000  -5188.53343606717  5189.9507817896
11842000  -5188.51129212592  5188.10097538798
11843000  -5190.75798202602  5187.30536057037
11844000  -5191.9516037984  5190.23232068223
11845000  -5190.51274136578  5190.11943911919
11846000  -5190.42860625929  5189.35409803604
11847000  -5192.60080070431  5192.46484253113
11848000  -5193.80704305084  5194.19013462783
11849000  -5194.7184294782  5191.22211935816
11850000  -5192.7466198709  5192.91691846431
11851000  -5195.44814389436  5194.39151660143
11852000  -5193.43384495204  5191.55572889998
11853000  -5192.16351153651  5192.97790448119
11854000  -5195.45628321732  5193.83610226188
11855000  -5194.42913953205  5192.94400750873
11856000  -5196.19000116093  5193.92275810508
11857000  -5193.13208225872  5190.68878371735
11858000  -5197.22198194375  5194.75068336389
11859000  -5193.22163372436  5194.14392679408
11860000  -5197.409718564  5192.00508523004
11861000  -5196.32876992762  5193.14585412932
11862000  -5196.25378358593  5192.93001576105
11863000  -5197.51212834848  5193.30205117012
11864000  -5197.406369472  5191.19699705796
11865000  -5198.29162099199  5193.53476590822
11866000  -5198.59620643358  5195.08766238194
11867000  -5199.63640501893  5196.56103651816
11868000  -5196.80762655211  5194.89974158074
11869000  -5201.03155853132  5195.39582929137
11870000  -5202.22642795557  5196.21203626486
11871000  -5203.94013895177  5196.27973548419
11872000  -5201.69797817285  5196.34197705421
11873000  -5203.01777474451  5195.98727317747
11874000  -5203.63390093665  5195.59389325974
11875000  -5204.10746089341  5198.21604994186
11876000  -5205.55059044545  5196.38836770538
11877000  -5207.05020518917  5199.69770504627
11878000  -5208.26595382514  5200.46571675679
11879000  -5204.97605894812  5200.49681352525
11880000  -5205.78240309337  5199.68120299029
11881000  -5207.01418756443  5199.54875886637
11882000  -5207.65798771799  5202.11899061541
11883000  -5208.05354357244  5203.13466396473
11884000  -5207.18772077606  5202.28401749082
11885000  -5210.50867447586  5204.89276860475
11886000  -5211.08184233297  5203.73761501888
11887000  -5212.90695858681  5201.76121212582
11888000  -5214.22542573154  5202.46996909453
11889000  -5214.14191540248  5203.03258725432
11890000  -5212.969316446  5202.96074558974
11891000  -5212.07005376984  5205.48587233652
11892000  -5212.93901464574  5203.73336187953
11893000  -5217.22262337546  5206.76179596631
11894000  -5215.19821449367  5204.51575405433
11895000  -5216.28412499749  5205.44905336098
11896000  -5214.93425189731  5205.36359484619
11897000  -5213.41821520101  5205.80459646144
11898000  -5213.38052886586  5206.36480214658
11899000  -5214.82445758872  5205.35483156396
11900000  -5214.6997764951  5207.02948494914
11901000  -5217.85311441119  5207.41952326548
11902000  -5214.04328544299  5207.30880378848
11903000  -5215.5907001327  5208.33028793845
11904000  -5216.34591826101  5212.5127611831
11905000  -5216.78272629894  5211.96109975002
11906000  -5216.88956684748  5212.48838892418
11907000  -5219.11629262327  5212.34473721895
11908000  -5216.56599586734  5211.60472247749
11909000  -5218.0056818072  5214.78140012517
11910000  -5218.66637224153  5213.68753371418
11911000  -5218.04740732521  5214.58355938923
11912000  -5218.98238957202  5216.27748928777
11913000  -5218.27020807011  5217.00559870282
11914000  -5219.0312499263  5220.73355867491
11915000  -5222.01672534568  5218.70611057713
11916000  -5221.34841747399  5221.20003045611
11917000  -5220.90013934065  5221.2022154341
11918000  -5218.62269426428  5223.44896207468
11919000  -5221.45737431396  5224.36280322596
11920000  -5221.0476239029  5224.10443057555
11921000  -5221.75082328973  5224.21505789059
11922000  -5222.68132061689  5225.31035419347
11923000  -5222.38522750764  5225.53498560348
11924000  -5224.55363531243  5229.11135062594
11925000  -5224.99319917412  5229.03432581562
11926000  -5224.00548578822  5229.97171983462
11927000  -5225.19766479198  5230.93181681511
11928000  -5225.7864923631  5230.71879154721
11929000  -5226.59915490098  5229.16360410391
11930000  -5225.41023645521  5229.9998395906
11931000  -5225.14534677524  5229.04735765847
11932000  -5226.86364955839  5229.60668749959
11933000  -5225.97739105664  5230.72866737584
11934000  -5225.81329616096  5230.52127494347
11935000  -5226.62551418077  5232.36677922852
11936000  -5226.95531334593  5232.80843125175
11937000  -5228.49269536664  5232.16849660882
11938000  -5229.78483780566  5231.0107123298
11939000  -5231.09987337311  5232.01302381204
11940000  -5230.75555975533  5231.08714879289
11941000  -5228.68124529695  5230.65934996856
11942000  -5227.73829207987  5232.53074596143
11943000  -5232.15437691527  5231.88003774389
11944000  -5231.87305531069  5233.63123404284
11945000  -5231.21921106149  5232.40242432784
11946000  -5231.90839120982  5233.67844399327
11947000  -5229.56217471812  5233.83456174828
11948000  -5235.00129707464  5234.90412571886
11949000  -5232.40984389856  5233.12555169068
11950000  -5235.0911878232  5234.39975925271
11951000  -5235.00802557292  5237.89439136218
11952000  -5238.13687367061  5237.86521420654
11953000  -5237.52032781497  5237.98669894604
11954000  -5240.39473101791  5238.76033495863
11955000  -5237.15651500747  5240.15057377461
11956000  -5239.84137434413  5240.30552479515
11957000  -5240.22835014322  5237.90629179724
11958000  -5240.20336628513  5238.4536590828
11959000  -5238.83452544573  5239.2918533267
11960000  -5241.03667862589  5240.13445778011
11961000  -5240.56076766559  5237.26460448234
11962000  -5243.50342748111  5235.5106046989
11963000  -5244.4641594505  5239.27622795505
11964000  -5247.48792210525  5240.45706926679
11965000  -5245.64720666745  5241.18643006842
11966000  -5245.47245511755  5238.93496646239
11967000  -5245.02481228249  5242.16007775829
11968000  -5246.14455637827  5243.53510928661
11969000  -5247.11863427619  5242.05261664959
11970000  -5246.73547585019  5245.97082567558
11971000  -5249.34777406551  5245.02476032509
11972000  -5244.09773974772  5244.82284984831
11973000  -5250.04258182095  5247.89687911446
11974000  -5249.20130676186  5245.8164018514
11975000  -5248.79023893649  5248.26465110475
11976000  -5249.15037098224  5247.79328522168
11977000  -5247.18880659967  5247.6545537925
11978000  -5246.76454214517  5250.52260801354
11979000  -5247.50811658762  5249.68702868361
11980000  -5245.78068832882  5248.75763604018
11981000  -5250.28717940668  5249.34637408778
11982000  -5249.58460093597  5251.3758164867
11983000  -5250.36923977735  5250.80167731201
11984000  -5249.56423678106  5252.03756451299
11985000  -5250.9881708603  5253.75983694655
11986000  -5251.10478428088  5251.83735903386
11987000  -5248.80135093472  5255.26406260667
11988000  -5250.0604625734  5253.61042605226
11989000  -5250.43784038027  5252.29397338305
11990000  -5251.9165942877  5255.96354120386
11991000  -5252.28879272988  5253.27922060432
11992000  -5254.46693407136  5253.11467703313
11993000  -5250.88865156866  5254.30015545898
11994000  -5253.28825730947  5256.0808484159
11995000  -5253.97099760342  5254.6117739309
11996000  -5252.30201039919  5255.3832614023
11997000  -5252.37286934945  5257.80847009649
11998000  -5252.75250713753  5255.73527807708
11999000  -5253.72382607107  5256.83911540594
12000000  -5253.56171342701  5257.60809194535
12001000  -5259.18207988232  5258.56564512846
12002000  -5257.17843182709  5254.62731250714
12003000  -5256.70972215455  5256.38314874826
12004000  -5257.94351534389  5257.89089630744
12005000  -5257.70566510427  5257.29227592245
12006000  -5257.33261186701  5260.5856858679
12007000  -5257.6366903174  5256.93420340483
12008000  -5258.2176769328  5259.11910742788
12009000  -5259.63440752275  5258.87587561148
12010000  -5259.17896011841  5258.94823680738
12011000  -5258.27645445716  5259.06562417594
12012000  -5258.82363187805  5258.89920432166
12013000  -5259.74281855286  5257.90942587253
12014000  -5260.04637455235  5256.78811349165
12015000  -5263.50220047676  5258.50258641293
12016000  -5260.36815461116  5259.30497207587
12017000  -5262.89483640912  5254.49352335621
12018000  -5261.31060152605  5259.55886788726
12019000  -5263.05230155597  5258.45705381044
12020000  -5263.29534888943  5257.45268746019
12021000  -5263.96559786756  5256.69181175123
12022000  -5263.14715715908  5257.44925233323
12023000  -5261.68085405469  5261.26127527068
12024000  -5264.47765766603  5258.34928401707
12025000  -5261.21181469852  5260.14667942805
12026000  -5258.93937931344  5260.40595760334
12027000  -5263.95171100221  5262.87822661072
12028000  -5264.23536718355  5263.45676263093
12029000  -5261.67898980653  5263.46711877948
12030000  -5261.09580917145  5265.04933012934
12031000  -5261.25171143997  5265.83267727259
12032000  -5261.99335111174  5264.9873211218
12033000  -5261.11625944806  5266.60185703322
12034000  -5262.99463275032  5267.05711365706
12035000  -5260.82196729019  5267.56658948852
12036000  -5260.04418001555  5267.61883641172
12037000  -5263.81030623352  5265.50761571478
12038000  -5262.23765512703  5268.93671879432
12039000  -5263.18298129233  5269.72124105483
12040000  -5263.67621552689  5268.4955337071
12041000  -5266.2728470192  5268.42494815161
12042000  -5265.47017886736  5270.44367336386
12043000  -5268.34666987912  5269.97785913844
12044000  -5267.68103830626  5270.23937848492
12045000  -5268.57912865862  5269.95377828069
12046000  -5270.10193381721  5269.89160148653
12047000  -5267.13947540317  5270.9615239179
12048000  -5267.79669850704  5271.95900654544
12049000  -5270.61495983365  5272.35036146729
12050000  -5267.89784381458  5272.3572667325
12051000  -5267.32128815456  5275.010236691
12052000  -5270.4328588814  5275.11323870519
12053000  -5271.42888790735  5276.59956947857
12054000  -5270.05178623686  5277.00357766017
12055000  -5269.8606508632  5273.89688612532
12056000  -5269.3774626245  5273.83451274496
12057000  -5270.11183049739  5277.38443795571
12058000  -5273.3629270553  5276.65081213828
12059000  -5273.83682691415  5275.79244253279
12060000  -5272.26489041981  5276.4910565343
12061000  -5273.39078734035  5275.86185346917
12062000  -5275.7376965504  5274.10397692809
12063000  -5275.9165337918  5272.88413384382
12064000  -5276.67373353823  5276.66329203769
12065000  -5276.6837086825  5276.36465144039
12066000  -5276.36198969234  5275.91378836003
12067000  -5278.6272722969  5277.25586659022
12068000  -5276.79366055956  5277.64681632272
12069000  -5275.69812894621  5275.83841173088
12070000  -5277.50261125958  5274.93714544911
12071000  -5276.75814004611  5277.51649790109
12072000  -5274.37016750328  5278.68608458987
12073000  -5279.36225263366  5276.81303535776
12074000  -5277.85322036476  5280.49635725298
12075000  -5279.31576805855  5278.34170739328
12076000  -5278.75708245524  5278.60493553318
12077000  -5278.32800809253  5277.89553462788
12078000  -5279.17682347806  5282.47405673771
12079000  -5283.05597958146  5282.13779385256
12080000  -5279.68518810899  5282.78229922512
12081000  -5282.07108935372  5279.92416583899
12082000  -5282.57356091784  5280.36309366947
12083000  -5282.50894803209  5283.19004178578
12084000  -5283.22314292453  5281.85599310628
12085000  -5284.25450651697  5282.25506763527
12086000  -5284.44634483164  5283.61793352779
12087000  -5287.33334564743  5284.30130072932
12088000  -5286.07941912873  5283.50021069592
12089000  -5286.32364275856  5284.94597964139
12090000  -5287.72914807493  5285.62121159576
12091000  -5288.09085309964  5283.94545213438
12092000  -5288.33520057853  5285.44085199691
12093000  -5288.34010425684  5284.88394888435
12094000  -5285.38871161089  5286.09593460314
12095000  -5284.59955387634  5285.11693253468
12096000  -5285.83252774603  5287.66612713448
12097000  -5287.00651533905  5286.2109450815
12098000  -5288.56125510841  5288.05541271436
12099000  -5289.39226846856  5290.64067353091
12100000  -5288.06455588246  5291.45956123284
12101000  -5288.91960677165  5289.41194380476
12102000  -5291.82829202478  5290.44943526192
12103000  -5292.61339183684  5291.97095120068
12104000  -5291.61851389001  5293.65109608858
12105000  -5291.04291633535  5292.3674447803
12106000  -5294.3559160576  5291.4731509206
12107000  -5293.65264697882  5292.40626626509
12108000  -5294.82408444378  5294.40046038431
12109000  -5295.43452786424  5295.32283609504
12110000  -5296.84063631158  5297.52210219829
12111000  -5296.85092243291  5296.65661191794
12112000  -5296.47919067065  5297.39376490498
12113000  -5299.60157685902  5298.03215129411
12114000  -5298.6220185854  5297.63943494551
12115000  -5300.31566660509  5299.97303658264
12116000  -5300.27410929817  5300.24835639761
12117000  -5300.86652491531  5299.46122225468
12118000  -5299.82732007271  5299.1559833028
12119000  -5300.29422983993  5297.95349536894
12120000  -5300.98668297403  5296.70713735713
12121000  -5304.19815062872  5300.26671064144
12122000  -5303.76417419047  5302.09215883734
12123000  -5299.73349505658  5300.08883294156
12124000  -5303.43293577675  5303.23584177826
12125000  -5303.78380184948  5303.5411190032
12126000  -5304.53233166207  5303.30646713743
12127000  -5305.90128137681  5304.50584083003
12128000  -5306.57565987733  5306.48070383761
12129000  -5305.28820577363  5307.5921256925
12130000  -5306.34738960992  5306.58118055492
12131000  -5306.38870178563  5308.82003551955
12132000  -5307.42358546562  5309.24955828281
12133000  -5306.19182544328  5311.31119676473
12134000  -5308.94565097797  5308.0544563902
12135000  -5306.81858702904  5308.0870415253
12136000  -5308.09395892346  5309.31480672171
12137000  -5310.78309878607  5309.41282804012
12138000  -5313.08689526893  5311.46222702318
12139000  -5311.80507654609  5312.63123526464
12140000  -5310.88589689568  5310.77211889112
12141000  -5312.70688961578  5310.14755006619
12142000  -5312.31605680273  5314.85807911004
12143000  -5314.64049408134  5314.342205896
12144000  -5313.4876102705  5315.96590586798
12145000  -5316.71157011149  5317.20289515548
12146000  -5315.93355516546  5315.57285108883
12147000  -5319.24850899646  5315.32015910655
12148000  -5317.45938248536  5317.82342100325
12149000  -5318.2105076732  5315.95916863063
12150000  -5318.24625779377  5315.89598608438
12151000  -5318.17544057909  5318.89286271395
12152000  -5318.66208834773  5317.76923580171
12153000  -5318.18765709479  5318.71438902507
12154000  -5320.39867689922  5319.61157060411
12155000  -5322.00231659214  5320.95833515146
12156000  -5321.48407700231  5321.96965906984
12157000  -5319.6198640796  5322.04779224381
12158000  -5319.33252552441  5320.19782760927
12159000  -5323.57972856559  5321.15772696663
12160000  -5321.04969128167  5321.95803471219
12161000  -5318.83216274762  5321.67184177376
12162000  -5320.75051968422  5324.27131665599
12163000  -5320.18246246607  5322.01452208444
12164000  -5324.0248655616  5322.89705227959
12165000  -5327.11138116258  5325.42317315802
12166000  -5323.17617163326  5322.562630232
12167000  -5326.53944290453  5322.79461427104
12168000  -5324.10188986017  5322.82261445103
12169000  -5325.66567734639  5324.24115700198
12170000  -5325.86882862506  5321.99301510937
12171000  -5325.67480199992  5320.80151211846
12172000  -5328.22434155928  5322.01459417691
12173000  -5326.15031777987  5322.24999332951
12174000  -5324.34487776348  5320.29964591728
12175000  -5327.52752794243  5325.88902929854
12176000  -5327.69526530592  5323.00901253795
12177000  -5328.38313622161  5326.89835114495
12178000  -5330.92169906744  5326.22351897464
12179000  -5329.24611374286  5326.08585588242
12180000  -5331.20505904106  5328.60397507262
12181000  -5330.59885144215  5328.08312563559
12182000  -5333.29162128107  5326.29546522274
12183000  -5334.12397774218  5326.8268986681
12184000  -5333.86450813974  5328.21153147121
12185000  -5336.13320689506  5326.9001028751
12186000  -5334.53393593574  5327.45162731724
12187000  -5339.46181203196  5327.07670456979
12188000  -5334.99992795058  5328.11485167563
12189000  -5334.79014688997  5328.81432056364
12190000  -5335.85851145977  5329.05709489496
12191000  -5336.22917113713  5331.15552653293
12192000  -5335.67125473225  5328.70021084856
12193000  -5337.32136933461  5331.4131601562
12194000  -5336.82235434186  5334.35518350492
12195000  -5339.62050455353  5332.81467798446
12196000  -5341.41100238972  5333.48735332378
12197000  -5338.62353889296  5335.9908607768
12198000  -5339.47007057588  5334.30333710985
12199000  -5338.35177138801  5336.36663313858
12200000  -5337.15929557493  5335.43711611331
12201000  -5335.40742972949  5334.45691117386
12202000  -5338.88115693782  5331.41151331367
12203000  -5339.78738221977  5331.25982771492
12204000  -5336.20888011816  5337.33386688945
12205000  -5339.84255422969  5336.24818913737
12206000  -5337.66246338384  5337.32143704067
12207000  -5338.66584955819  5338.3828352395
12208000  -5338.37028448201  5337.53415062308
12209000  -5338.51510867322  5337.51438702605
12210000  -5339.38678682974  5337.80541475762
12211000  -5340.13151791682  5337.41727965226
12212000  -5338.97129893797  5339.50955768373
12213000  -5338.11887500947  5343.87642223479
12214000  -5341.21655931902  5341.72890579153
12215000  -5340.17185621764  5346.89089001679
12216000  -5339.17303075733  5344.82322536201
12217000  -5342.23079933462  5345.4077359506
12218000  -5339.40407853382  5343.94106907366
12219000  -5342.64209053887  5345.06064847815
12220000  -5343.10037631446  5346.52350563305
12221000  -5345.35479889553  5345.82439233901
12222000  -5347.01589428047  5347.82038233815
12223000  -5346.1860767027  5345.44407121328
12224000  -5350.2369585986  5347.44093762229
12225000  -5347.63134290723  5348.3391172945
12226000  -5348.58402774613  5348.45595062945
12227000  -5350.95891565359  5349.99759467517
12228000  -5350.67315285222  5350.77223701087
12229000  -5348.2304393315  5350.21637649038
12230000  -5349.07872254861  5354.32158502113
12231000  -5350.37989851558  5348.83082317261
12232000  -5354.24973731673  5353.1852299236
12233000  -5352.48966380169  5354.13612384004
12234000  -5350.95601914144  5354.04975740365
12235000  -5350.59694184252  5355.69285211523
12236000  -5351.13040401579  5354.89200119651
12237000  -5351.36463421794  5356.95539861781
12238000  -5348.00280842611  5356.79807355036
12239000  -5351.85482971856  5355.13804264345
12240000  -5351.8479498106  5356.30100708212
12241000  -5352.99261470407  5359.79499993181
12242000  -5351.28924393073  5358.95337261547
12243000  -5353.55332832437  5357.47922620945
12244000  -5350.99166992397  5357.85272118705
12245000  -5353.35431784798  5359.16931996902
12246000  -5355.2231600211  5358.6235913673
12247000  -5355.04296960585  5357.73705565054
12248000  -5356.23498401415  5356.93361145242
12249000  -5357.48671858207  5357.6690709599
12250000  -5357.43134092095  5359.92778495379
12251000  -5359.23645248879  5356.98356165779
12252000  -5357.77993718718  5362.15592386327
12253000  -5355.69484976744  5360.51976478952
12254000  -5359.40074588017  5358.55286647848
12255000  -5358.03717869864  5360.78626952526
12256000  -5359.01966904019  5360.78712544517
12257000  -5357.68829638137  5361.97397824856
12258000  -5362.05227341109  5361.5254065848
12259000  -5359.71879201467  5361.60341729366
12260000  -5360.42579789992  5362.09472531735
12261000  -5361.88999995787  5361.52422310785
12262000  -5361.55894719101  5364.17402308661
12263000  -5363.6855128738  5363.12389222298
12264000  -5363.97177167387  5361.09058755076
12265000  -5362.19196478192  5362.65895691821
12266000  -5367.34276251208  5364.5974064299
12267000  -5368.96332814868  5365.8141029031
12268000  -5367.73834337772  5367.74665175585
12269000  -5367.01039502619  5365.26797578243
12270000  -5369.69980791303  5365.68551401876
12271000  -5368.95726460773  5367.67711537814
12272000  -5371.97642456539  5367.81790387407
12273000  -5370.42440004431  5366.99723928515
12274000  -5372.81057055185  5368.24355876919
12275000  -5371.18620974362  5369.68041930333
12276000  -5369.41264148478  5366.63094691734
12277000  -5371.28075042648  5370.30523652695
12278000  -5370.15095861994  5368.5006125207
12279000  -5374.53119221926  5370.67174583734
12280000  -5373.99162681789  5370.92354603226
12281000  -5373.84099340387  5369.33234027465
12282000  -5373.8576162389  5371.40636466969
12283000  -5374.14262552782  5370.13303145442
12284000  -5375.96285164778  5371.76820229057
12285000  -5373.41257958003  5372.7294644593
12286000  -5374.31399073165  5373.60033123891
12287000  -5375.69398433464  5372.94163513194
12288000  -5375.76139780381  5371.85924699597
12289000  -5375.92431761943  5372.44347329409
12290000  -5378.31756911257  5372.17137115273
12291000  -5376.66371397991  5376.29104606461
12292000  -5378.55959224092  5374.92871852564
12293000  -5379.17538983977  5374.29104749151
12294000  -5377.51204598653  5375.04908612674
12295000  -5379.08000637985  5375.6243374999
12296000  -5376.81061315794  5376.8586395316
12297000  -5376.96929558245  5378.81902180485
12298000  -5378.39814606119  5378.41774478714
12299000  -5379.37084086976  5377.28565642815
12300000  -5381.06774530977  5379.124776965
12301000  -5382.2967261658  5378.8775700057
12302000  -5383.77078466232  5378.47062343387
12303000  -5385.86636221847  5382.15633497361
12304000  -5381.37795503636  5382.78365245096
12305000  -5381.67197573759  5382.18858162508
12306000  -5383.57708712965  5381.82772411672
12307000  -5383.01066686322  5384.15354355199
12308000  -5383.0324213585  5383.89748790158
12309000  -5384.06429171529  5382.98010090739
12310000  -5386.21355004341  5385.74804066265
12311000  -5386.17399732727  5382.84451505949
12312000  -5385.77517324932  5382.47093302785
12313000  -5388.17736961805  5382.72300820025
12314000  -5386.82285492166  5383.19240791904
12315000  -5387.31015984519  5384.02283430996
12316000  -5387.80229879108  5385.2240919577
12317000  -5388.02363356378  5386.22880398203
12318000  -5388.8537933847  5386.34190366626
12319000  -5390.48002099976  5385.94335362005
12320000  -5390.52685075733  5386.29104704316
12321000  -5391.49908136619  5382.54848744321
12322000  -5389.33264232369  5385.91263834194
12323000  -5385.98601153323  5384.73981139327
12324000  -5387.14595153582  5385.90392769226
12325000  -5387.7625898647  5387.92230128983
12326000  -5389.73862333711  5387.06117218798
12327000  -5390.20230469157  5387.48513643617
12328000  -5390.12458283671  5388.89496397541
12329000  -5389.64682384833  5391.25949491635
12330000  -5389.04978836537  5390.5997926912
12331000  -5388.2803237663  5390.68730548042
12332000  -5390.6910152841  5390.6605293377
12333000  -5390.16751592037  5391.2372988501
12334000  -5393.3904073837  5393.01343215112
12335000  -5392.12505118135  5391.54615160482
12336000  -5391.52173410562  5390.93681634007
12337000  -5392.6153420299  5395.0041684513
12338000  -5391.28267630811  5391.51043624814
12339000  -5393.23882062966  5394.82774507603
12340000  -5393.56094409425  5395.81511338177
12341000  -5393.72863158168  5395.65356005209
12342000  -5396.83737957411  5392.12264271879
12343000  -5395.13639392142  5393.09406068775
12344000  -5395.08990496802  5394.86180781033
12345000  -5397.62403679937  5393.06291481674
12346000  -5396.76866696236  5396.08166564442
12347000  -5398.15911870732  5393.52880827502
12348000  -5401.01981271707  5395.29463646918
12349000  -5398.82233987332  5397.28569170501
12350000  -5399.38464872387  5396.57341712242
12351000  -5398.78074387516  5397.45081122198
12352000  -5398.81208271619  5397.64893400405
12353000  -5400.7394021732  5399.83718617931
12354000  -5398.45659485251  5402.15434572997
12355000  -5397.54817383777  5400.25996195696
12356000  -5399.13330835135  5398.90735999841
12357000  -5399.13955265549  5401.32650352066
12358000  -5400.31894392794  5401.55958021113
12359000  -5399.76222703993  5403.24820559808
12360000  -5400.08755011342  5404.18964736333
12361000  -5399.86575481002  5405.62249713064
12362000  -5402.45971452467  5406.18815735839
12363000  -5402.94063683725  5407.81229828113
12364000  -5402.45619750456  5406.70269698727
12365000  -5402.55232767735  5405.3974115859
12366000  -5402.14157242242  5406.02418307921
12367000  -5399.19419774242  5407.03277105067
12368000  -5403.42064027  5407.01728992524
12369000  -5403.77233856847  5405.54665673505
12370000  -5405.01767952865  5407.95091346346
12371000  -5407.46089370857  5405.94230955994
12372000  -5406.31921807698  5406.54039886178
12373000  -5405.72044740816  5408.17019261458
12374000  -5405.68196531039  5407.16624985001
12375000  -5407.37605160512  5408.65658182681
12376000  -5407.32204965627  5406.51525238972
12377000  -5409.12632153035  5409.51014305085
12378000  -5407.89614087728  5410.07523246013
12379000  -5410.76893289329  5411.46611510143
12380000  -5409.72876485026  5413.32185124244
12381000  -5411.76808704594  5409.60723753754
12382000  -5411.40150788764  5412.06765120109
12383000  -5412.68977370611  5414.36425217372
12384000  -5411.14023777439  5412.01734568627
12385000  -5410.13807429187  5413.19834831095
12386000  -5412.90537927603  5414.43705535548
12387000  -5413.27188085298  5414.54552436549
12388000  -5415.94926411101  5417.24703565697
12389000  -5413.1689807236  5415.13868481933
12390000  -5413.48220365091  5415.31861757433
12391000  -5417.47384892042  5416.36259775649
12392000  -5412.22628129762  5416.5697827701
12393000  -5414.76413699542  5415.87261944328
12394000  -5417.85741894405  5418.52472746817
12395000  -5417.2458259616  5420.79261765872
12396000  -5416.54352419996  5419.86291473051
12397000  -5417.80346703964  5419.11195352656
12398000  -5418.1779832719  5420.79503677196
12399000  -5418.8640864332  5421.77374666558
12400000  -5421.26813830443  5419.26606600945
12401000  -5422.30909143747  5420.69990620643
12402000  -5422.94722508638  5421.94241051044
12403000  -5419.46890639125  5422.02036409425
12404000  -5423.32923086276  5421.72885339526
12405000  -5425.24545234979  5420.93069940152
12406000  -5422.47928986576  5420.15154276452
12407000  -5425.145611741  5420.84390275135
12408000  -5422.92302068678  5423.83102790015
12409000  -5421.62877542899  5419.48577170508
12410000  -5426.49884403764  5424.42332080866
12411000  -5427.41553659854  5422.30260806971
12412000  -5424.94435946073  5423.42219846879
12413000  -5426.07462753362  5424.49673456783
12414000  -5428.99271606913  5422.76113793034
12415000  -5427.20118433217  5421.61881775995
12416000  -5429.69462352846  5422.90233256661
12417000  -5426.45174716499  5423.46404199253
12418000  -5426.36504423065  5425.06074221004
12419000  -5427.56364480732  5423.97571509953
12420000  -5427.35575936296  5426.07104822559
12421000  -5425.64384780581  5425.93255896193
12422000  -5427.84726108592  5425.42634110632
12423000  -5426.80939347809  5424.51581503551
12424000  -5430.3292275785  5423.85299788366
12425000  -5431.3156358044  5424.42712651955
12426000  -5431.24591999289  5426.26817843779
12427000  -5432.97744902249  5424.82922384424
12428000  -5429.52910031972  5423.89074892699
12429000  -5430.49223712196  5427.7404901717
12430000  -5429.8578705664  5422.40563330963
12431000  -5429.28483471388  5426.24992760078
12432000  -5430.50955419162  5424.55836480468
12433000  -5429.83964658266  5424.11794176581
12434000  -5431.46456238039  5427.41984475207
12435000  -5434.24969157776  5428.36021716322
12436000  -5434.59634074072  5428.51989076998
12437000  -5435.11821963436  5427.85216049518
12438000  -5439.35178513982  5428.27851986139
12439000  -5437.67747335025  5427.34946431132
12440000  -5436.81548309505  5427.34774293443
12441000  -5437.54216467958  5428.41426332209
12442000  -5438.60010562666  5430.66606186424
12443000  -5438.48189248613  5430.46846855633
12444000  -5441.37677408972  5429.73184011347
12445000  -5440.15541530688  5431.58042368617
12446000  -5440.520061582  5430.80531724037
12447000  -5442.19353293141  5430.21136427868
12448000  -5440.41036320564  5430.53049019428
12449000  -5442.3343489623  5429.03752872851
12450000  -5442.96435717381  5430.57671600654
12451000  -5439.03983099821  5432.13390958134
12452000  -5442.15160229591  5431.72222172852
12453000  -5441.45760495067  5431.59779026386
12454000  -5438.06422210762  5433.02539272837
12455000  -5443.27140449378  5433.15865994833
12456000  -5445.34347144221  5435.17904081439
12457000  -5444.72460829305  5438.09807700204
12458000  -5444.36001230268  5438.82176627814
12459000  -5443.57915844869  5437.86750175566
12460000  -5444.61570593643  5439.62019674457
12461000  -5449.19843751384  5441.64363711529
12462000  -5445.48957777054  5439.36052332067
12463000  -5446.55329664787  5442.46867691129
12464000  -5448.00269781573  5439.04128879813
12465000  -5449.61512725904  5442.03208678366
12466000  -5447.01988688217  5443.19146414507
12467000  -5447.90241663009  5441.27410307043
12468000  -5449.04683240636  5443.17687902093
12469000  -5449.54546163577  5444.37108185759
12470000  -5450.30375029592  5444.25999833444
12471000  -5447.37277384412  5444.53841836821
12472000  -5448.2013428529  5447.40045230606
12473000  -5449.88517818146  5449.00608202307
12474000  -5451.25112434368  5447.35146259235
12475000  -5451.89382872474  5447.77567267311
12476000  -5447.74873253373  5448.38652014034
12477000  -5450.92971036968  5450.61617437686
12478000  -5454.27137845741  5449.17930231611
12479000  -5453.62011568929  5451.04996557259
12480000  -5455.09469310512  5451.73097671224
12481000  -5455.86265563053  5450.15816167305
12482000  -5459.64788921604  5450.23264096709
12483000  -5458.81475781156  5451.16989863849
12484000  -5457.29798577793  5450.55416047838
12485000  -5460.29294393701  5453.36525145571
12486000  -5461.54390378427  5452.21826622243
12487000  -5460.71877183995  5453.43169869944
12488000  -5463.10506991508  5453.3534798128
12489000  -5463.75800556501  5453.87302637129
12490000  -5467.89745006394  5453.51295363716
12491000  -5464.82385073302  5456.68748854423
12492000  -5466.50359275759  5456.91933958682
12493000  -5466.36113576337  5459.17806198393
12494000  -5466.33294373933  5458.36046954855
12495000  -5467.2831063851  5462.27481628731
12496000  -5466.21406348761  5462.80911683017
12497000  -5467.16982556295  5461.58598795549
12498000  -5469.71953323347  5462.7387289534
12499000  -5471.01135312306  5465.18418620333
12500000  -5470.14569696708  5464.19554233188
12501000  -5472.81606276075  5463.44316622577
12502000  -5473.089970235  5468.10898769317
12503000  -5470.90342538485  5467.52203973332
12504000  -5472.63827021139  5465.50237448999
12505000  -5470.37266237357  5466.58001845161
12506000  -5470.24346358994  5469.12712448691
12507000  -5471.7661411002  5467.83173155498
12508000  -5475.8234244588  5469.7158265917
12509000  -5473.96297946157  5470.90128451249
12510000  -5474.01987791831  5470.76627630253
12511000  -5472.92896826079  5472.68119054417
12512000  -5475.74372186809  5473.21659787826
12513000  -5473.52740643723  5471.91466507732
12514000  -5474.40038910689  5473.72042677011
12515000  -5477.02437421518  5475.60607835271
12516000  -5477.82778928468  5474.05760138502
12517000  -5475.75429357463  5473.57154233042
12518000  -5475.40607898715  5475.44804344199
12519000  -5479.6588342506  5475.68399570568
12520000  -5477.82237063366  5476.03998437908
12521000  -5477.94518001238  5475.98380749276
12522000  -5476.5907624815  5479.78550001196
12523000  -5475.36681972313  5479.49971496237
12524000  -5478.92450317596  5478.29630822254
12525000  -5478.75415997878  5482.03336916834
12526000  -5477.19438609046  5478.47142046533
12527000  -5479.84914034287  5480.57632978426
12528000  -5478.40674273422  5480.13516864331
12529000  -5479.15509883657  5479.49371594082
12530000  -5479.17740777751  5482.35824195837
12531000  -5482.10117341606  5480.62058292246
12532000  -5482.99157896421  5483.29732880579
12533000  -5481.53193591402  5480.76787991459
12534000  -5480.9269270456  5482.47225412772
12535000  -5485.198182812  5484.83121910124
12536000  -5486.05398572308  5487.27504898894
12537000  -5484.40664468722  5489.19733741888
12538000  -5483.4733271522  5489.39590143676
12539000  -5484.73032005572  5487.96789297069
12540000  -5485.83940268967  5489.08848742632
12541000  -5486.03589817135  5486.74305735346
12542000  -5486.95856170675  5490.60614562157
12543000  -5486.22314628583  5488.89819915346
12544000  -5487.03214438298  5493.96064593318
12545000  -5489.31665029986  5492.05400872108
12546000  -5491.67910673015  5492.07164082678
12547000  -5490.79406210904  5495.74360281711
12548000  -5492.63503786477  5498.79599007391
12549000  -5489.27065810567  5499.41135491564
12550000  -5490.99105711998  5498.23288090197
12551000  -5491.33417513187  5499.63217068784
12552000  -5491.26764818425  5499.23529458418
12553000  -5491.80689730634  5495.69044356207
12554000  -5491.99347669575  5496.96932448358
12555000  -5493.27702947826  5497.19142132628
12556000  -5492.67123036805  5497.72153392635
12557000  -5494.03850068854  5496.26853862192
12558000  -5492.82818647625  5498.0487546652
12559000  -5496.74938159275  5499.44217788699
12560000  -5494.99123226537  5500.49241061347
12561000  -5495.37276722289  5500.4053854623
12562000  -5492.66491882526  5501.54785393656
12563000  -5494.20896993401  5501.11768060063
12564000  -5498.35498511309  5502.60630334181
12565000  -5497.07957456058  5503.35365996708
12566000  -5497.29665022903  5502.57422132495
12567000  -5498.20717964176  5502.55131045864
12568000  -5498.45500835956  5501.415123593
12569000  -5500.30290117199  5502.07025630196
12570000  -5501.04588936473  5501.99701841013
12571000  -5499.79972186892  5502.37516704171
12572000  -5498.11481806165  5502.4660768272
12573000  -5498.13163127998  5503.45524585594
12574000  -5498.27733887878  5504.8513076168
12575000  -5498.14021688949  5506.00750699026
12576000  -5501.39624310343  5505.45957921048
12577000  -5500.31373304824  5506.4471588848
12578000  -5501.18766225204  5505.75118257225
12579000  -5502.96958391168  5508.06459022253
12580000  -5500.80001614713  5508.25580024609
12581000  -5503.94649798276  5506.45959930987
12582000  -5504.01136220067  5509.8344663536
12583000  -5504.65667303088  5509.32993191886
12584000  -5503.96803805565  5509.3983220041
12585000  -5502.00779396696  5508.00401876262
12586000  -5503.37380039669  5508.16671320937
12587000  -5506.66108947337  5509.44176563836
12588000  -5507.08490742198  5508.97394137299
12589000  -5505.62048767019  5506.10818689474
12590000  -5505.69570658382  5507.97824353501
12591000  -5506.4587477333  5508.54304200087
12592000  -5508.33967512661  5510.68134759005
12593000  -5509.13666671494  5510.96017378601
12594000  -5507.48421143828  5514.91051686297
12595000  -5508.91411067308  5514.18595521471
12596000  -5511.53299368704  5515.41759290711
12597000  -5511.73349338015  5516.45321457058
12598000  -5509.33057769874  5515.89822833959
12599000  -5512.00421295079  5516.77606422324
12600000  -5512.56949184831  5516.72387016314
12601000  -5512.50934596182  5515.35847291108
12602000  -5513.18645657183  5514.59035297872
12603000  -5512.9348319116  5518.3617276097
12604000  -5515.60577512806  5514.50355665425
12605000  -5513.31810597872  5516.41238713365
12606000  -5512.18397714827  5518.61776145331
12607000  -5512.86470812353  5517.24622241652
12608000  -5514.16532102743  5516.37989704532
12609000  -5512.24786180593  5517.60195051012
12610000  -5517.1493989093  5517.60299298735
12611000  -5514.12732632004  5519.56231804079
12612000  -5515.76733883864  5519.85714801073
12613000  -5515.43949649612  5518.19365709161
12614000  -5515.45901818668  5518.61463958108
12615000  -5513.90192820309  5520.5744997066
12616000  -5516.2753801263  5521.24058745037
12617000  -5517.19565863614  5520.37430510729
12618000  -5516.12630950356  5523.41057969552
12619000  -5518.55708245268  5521.24041690364
12620000  -5517.51777933862  5520.76191830425
12621000  -5519.24188759419  5521.89892224833
12622000  -5518.09209325081  5521.59816137107
12623000  -5517.13003263001  5521.71182460193
12624000  -5518.96024505715  5524.76652376813
12625000  -5519.88201375877  5523.3020544894
12626000  -5518.25748544619  5522.48829360215
12627000  -5519.67382365947  5525.17077700183
12628000  -5522.19537699147  5525.67256986712
12629000  -5522.9599523233  5527.18922531103
12630000  -5521.11723313811  5525.44649954255
12631000  -5520.99674329636  5527.54897929571
12632000  -5520.78440359244  5525.43113443288
12633000  -5521.9947067137  5527.06995085145
12634000  -5524.57200614587  5529.62913835373
12635000  -5523.30281420046  5529.15283821476
12636000  -5523.2618593732  5529.60778488892
12637000  -5522.92778636027  5530.74572386731
12638000  -5524.37229774131  5530.97831961481
12639000  -5525.61858717809  5531.05419111305
12640000  -5523.99936116159  5532.68270599264
12641000  -5523.8093869763  5530.95849240217
12642000  -5525.16461050668  5532.5304487401
12643000  -5526.72701404139  5531.03968768791
12644000  -5527.1247306726  5534.52664388634
12645000  -5525.92011559196  5536.33234573977
12646000  -5528.65824297651  5536.42103561705
12647000  -5528.77857595094  5535.37821463994
12648000  -5531.37142464789  5538.88174315377
12649000  -5531.36672107152  5537.0675537367
12650000  -5532.23725592198  5538.40130588199
12651000  -5533.53727861233  5540.81136181389
12652000  -5533.65171480681  5539.42333291482
12653000  -5536.33185454037  5540.91083851468
12654000  -5534.40662019404  5539.65581510173
12655000  -5533.46159149656  5539.00025579359
12656000  -5537.3986185847  5542.51500553762
12657000  -5538.02186705526  5539.79940188307
12658000  -5532.88208377226  5541.94439563775
12659000  -5534.24583808105  5542.19429850931
12660000  -5536.77064742165  5540.96431447081
12661000  -5537.96687372036  5541.29039450046
12662000  -5539.91237105285  5542.67373567816
12663000  -5539.49713070482  5544.74733760157
12664000  -5541.011266468  5545.85917928434
12665000  -5542.27931948754  5543.8461129321
12666000  -5541.96287089585  5544.59664553518
12667000  -5539.93369659677  5544.50431165132
12668000  -5540.31871161872  5545.69187903595
12669000  -5538.33826516191  5546.05984180558
12670000  -5537.85780812859  5547.04983489513
12671000  -5540.17449524213  5545.90041250356
12672000  -5543.02212665863  5547.73561000188
12673000  -5542.1185802324  5545.72808811
12674000  -5543.72953076998  5548.12678008375
12675000  -5541.72765001894  5546.21499487163
12676000  -5543.20481630139  5545.74548980098
12677000  -5543.82603789885  5547.06765796498
12678000  -5543.69512746145  5548.63259503217
12679000  -5545.64305044601  5547.45762422955
12680000  -5542.29526732639  5548.35741269104
12681000  -5544.92305934728  5547.83130210721
12682000  -5545.89010859917  5547.89388180172
12683000  -5546.51389949364  5549.2238108687
12684000  -5548.38683887374  5551.08898968587
12685000  -5547.51308963465  5549.8279051217
12686000  -5547.94329544362  5552.05572415799
12687000  -5547.81518127534  5553.72143653859
12688000  -5546.90270973976  5553.61004270876
12689000  -5547.2981397005  5553.18455275351
12690000  -5546.1838241394  5554.36838583094
12691000  -5549.33435257931  5555.38188169235
12692000  -5548.64636872621  5554.89904919107
12693000  -5551.51108275435  5556.49971283703
12694000  -5547.90540352828  5554.94411551069
12695000  -5552.17709669942  5555.22060792768
12696000  -5554.02036259369  5555.46243751605
12697000  -5554.81857331404  5555.9535372959
12698000  -5553.57290663464  5553.48643821137
12699000  -5555.67851432394  5557.72312964719
12700000  -5554.93023522404  5554.56246716975
12701000  -5557.77566728373  5554.59757332939
12702000  -5556.36818511321  5553.872517084
12703000  -5557.07574745954  5554.00675620536
12704000  -5558.23209019088  5556.73943572888
12705000  -5558.67249726256  5556.12679584344
12706000  -5559.0655866798  5555.75187825479
12707000  -5560.62600244064  5558.93263955795
12708000  -5559.85593801533  5562.00505331685
12709000  -5562.17932600187  5561.29085481676
12710000  -5563.53223730029  5560.62716721953
12711000  -5566.57910703866  5561.71769984578
12712000  -5565.84292783064  5564.77456011429
12713000  -5567.61146974457  5561.95780536298
12714000  -5565.3101309378  5562.47307019983
12715000  -5567.27769101419  5563.47783698495
12716000  -5567.30672839648  5563.75248539366
12717000  -5570.88144173573  5564.20446163847
12718000  -5570.86862035851  5562.10634818217
12719000  -5567.96794761166  5566.03364658965
12720000  -5568.04631234636  5565.74403830148
12721000  -5571.11600801883  5564.52406493531
12722000  -5568.012250716  5566.84257719166
12723000  -5570.48308814862  5568.50104246855
12724000  -5569.78074740149  5566.97120385542
12725000  -5571.335386836  5568.52656227691
12726000  -5567.31023924429  5569.0448544718
12727000  -5567.60429971078  5571.0816926071
12728000  -5572.84640497522  5571.75188472962
12729000  -5568.57597343488  5573.26823499581
12730000  -5571.94678197737  5571.39294918056
12731000  -5571.85715640251  5574.11944577799
12732000  -5572.91606329443  5572.98095807758
12733000  -5574.50466728756  5576.3851915119
12734000  -5573.71229234069  5575.5759389261
12735000  -5572.87865666688  5579.93779533958
12736000  -5576.566634895  5578.0034924167
12737000  -5574.05575395888  5578.32466593338
12738000  -5575.0570830584  5576.76877204873
12739000  -5575.96463617828  5579.93217020669
12740000  -5576.84272807186  5580.42786609798
12741000  -5576.42454350229  5579.01909314885
12742000  -5576.50057715352  5580.02263882596
12743000  -5575.80043213108  5578.69123748809
12744000  -5578.98237775732  5580.55392544207
12745000  -5577.18113062836  5580.44907484598
12746000  -5577.33890140652  5580.92297035033
12747000  -5577.61839466725  5582.09875661424
12748000  -5575.67276208814  5583.17621576058
12749000  -5576.23776142896  5582.94639619875
12750000  -5581.15872968949  5584.62972135439
12751000  -5579.26729916281  5584.08178964931
12752000  -5578.17537557899  5584.38198848821
12753000  -5577.43870366423  5582.7756199198
12754000  -5580.64421307791  5584.57847264885
12755000  -5577.71894655231  5584.33231241792
12756000  -5581.17367710508  5586.40338709124
12757000  -5581.18257673683  5585.38636385315
12758000  -5578.53399066488  5586.57732181923
12759000  -5581.53550091573  5585.36794767131
12760000  -5582.52688600205  5582.91320398676
12761000  -5579.58023695997  5586.43091003219
12762000  -5582.7581650131  5586.3702561684
12763000  -5584.13355996521  5587.40639931428
12764000  -5586.13068277551  5587.05217852262
12765000  -5583.19996659537  5586.74941283824
12766000  -5583.74333914714  5586.34465772359
12767000  -5584.78575466918  5584.90868240007
12768000  -5585.3275562225  5587.18195228265
12769000  -5585.96850290231  5588.68475929958
12770000  -5588.69856216781  5587.01212213926
12771000  -5590.61766843087  5589.22340834911
12772000  -5588.10585859343  5587.13195469038
12773000  -5588.16996172164  5588.01163992757
12774000  -5590.92467169471  5589.34894892196
12775000  -5593.88982627956  5588.07387066743
12776000  -5591.99992344736  5589.30291887991
12777000  -5594.41345788393  5590.38240665042
12778000  -5595.86257822041  5590.9536499424
12779000  -5595.83136355004  5591.84416728085
12780000  -5596.17752254902  5590.43700815708
12781000  -5594.35138398571  5592.66202622294
12782000  -5596.24439837485  5592.68064512052
12783000  -5599.90788702891  5591.33038299929
12784000  -5600.05659617505  5593.87186880986
12785000  -5598.19274356938  5591.28079365841
12786000  -5598.82101593496  5590.11278932237
12787000  -5597.87196832982  5592.72029812961
12788000  -5599.97918427884  5592.93318079019
12789000  -5599.25438245378  5592.43406010007
12790000  -5598.70968293791  5593.16824888609
12791000  -5598.89896788355  5594.45892843894
12792000  -5598.53636002825  5597.61438765731
12793000  -5599.6513453957  5594.40166630957
12794000  -5600.14264406538  5596.76000308202
12795000  -5599.87649824992  5598.80432276384
12796000  -5598.59673902903  5601.49045339295
12797000  -5600.4854689059  5597.5226088684
12798000  -5602.42007603155  5598.8821285995
12799000  -5601.9240241303  5601.26553461602
12800000  -5604.36283568197  5603.03647685104
12801000  -5601.06058513493  5603.15606312397
12802000  -5605.45783419455  5601.17142296148
12803000  -5604.64057635851  5604.29758417636
12804000  -5607.93186556376  5603.59971175223
12805000  -5605.0840017897  5602.9360209916
12806000  -5606.80959224875  5605.26545000028
12807000  -5608.54324677615  5603.72218801028
12808000  -5610.4336788255  5605.26506675147
12809000  -5608.80506373393  5604.52130142498
12810000  -5612.27935371277  5606.95686923066
12811000  -5612.58787514878  5607.0288548451
12812000  -5613.23078659703  5605.32142457165
12813000  -5612.24032562016  5606.09851612492
12814000  -5614.25957912527  5605.85736045782
12815000  -5613.76772200856  5606.07306350051
12816000  -5615.23332073133  5609.02531730615
12817000  -5615.23064689321  5607.67600034042
12818000  -5612.4910096938  5610.89518879514
12819000  -5615.02501206282  5609.90610542986
12820000  -5619.47551977597  5610.97983071342
12821000  -5615.89545002318  5611.3776153418
12822000  -5618.22564628402  5610.43203973769
12823000  -5616.75168021964  5613.26021729706
12824000  -5619.10259010873  5613.26174544506
12825000  -5616.7523961415  5611.46549151735
12826000  -5619.93618676427  5613.16289076091
12827000  -5620.66986101548  5613.71645335686
12828000  -5622.56852902084  5615.02172202668
12829000  -5620.60684774886  5615.14669893721
12830000  -5622.92494990961  5618.08249699468
12831000  -5622.89273786274  5617.618545602
12832000  -5623.41212220226  5617.88662479622
12833000  -5621.65311303909  5619.17386902762
12834000  -5622.57077967504  5618.10425345542
12835000  -5623.90707265716  5617.44973125244
12836000  -5621.69092839152  5616.10623484091
12837000  -5623.9960136647  5618.09429447678
12838000  -5624.64134168915  5619.35474020456
12839000  -5623.02054259848  5620.68184765271
12840000  -5621.89155311012  5618.42302739377
12841000  -5623.70726317343  5620.67171971601
12842000  -5622.11733060743  5622.53521995829
12843000  -5622.49211101427  5623.68241757038
12844000  -5623.82422772649  5623.45525355409
12845000  -5624.88242893555  5622.39479299943
12846000  -5624.18940588014  5622.83883795732
12847000  -5625.16367718313  5623.56106652556
12848000  -5625.31731180751  5624.24837476464
12849000  -5623.85200340281  5625.07634956124
12850000  -5625.93262459656  5624.6675615769
12851000  -5624.2213423645  5624.91633503271
12852000  -5626.45937454147  5626.8154333811
12853000  -5623.35363426114  5624.53176927357
12854000  -5629.84440656532  5626.31204589465
12855000  -5625.14878841621  5624.3748179912
12856000  -5626.88063740548  5625.23268268693
12857000  -5628.07063703373  5624.54626726382
12858000  -5628.78050690368  5625.54004288687
12859000  -5626.38461477555  5628.06117064269
12860000  -5628.07471659733  5629.98744458264
12861000  -5624.67752579564  5627.35252423846
12862000  -5626.04707358476  5629.62074293853
12863000  -5627.88286252203  5628.69206024873
12864000  -5628.84620404717  5627.54266332389
12865000  -5626.93158275685  5629.16767937373
12866000  -5629.59694606631  5630.65432912469
12867000  -5628.85982455782  5631.60973247055
12868000  -5629.20309728612  5632.4263782623
12869000  -5629.5479883193  5632.57600351609
12870000  -5628.88777980416  5633.79803116558
12871000  -5631.74490160732  5633.9833061123
12872000  -5633.20307584293  5634.38404736497
12873000  -5633.73669345592  5633.39000024444
12874000  -5631.76540908707  5634.43505016275
12875000  -5633.59335702425  5633.81702863485
12876000  -5635.19839802334  5634.03650024348
12877000  -5635.19992972885  5635.01984177241
12878000  -5635.4648264209  5634.11219690239
12879000  -5637.47818970544  5632.9090112873
12880000  -5637.54073074132  5636.28793147865
12881000  -5637.09789871646  5636.07746173667
12882000  -5635.45683348845  5639.19632053217
12883000  -5639.32319737954  5636.46722056224
12884000  -5637.66908002377  5637.07931220345
12885000  -5637.25649598689  5637.58253096636
12886000  -5638.53147274894  5637.23948900762
12887000  -5639.22615316293  5637.62379450421
12888000  -5637.22396186234  5636.09906151553
12889000  -5638.6002144592  5635.916889113
12890000  -5640.29967375752  5637.11237106222
12891000  -5638.63583540126  5637.96744366917
12892000  -5638.29590547349  5636.89429747923
12893000  -5639.99676297624  5636.56690191617
12894000  -5638.22888805822  5636.54736609397
12895000  -5642.24689565105  5638.99593224347
12896000  -5642.53206904532  5636.93929095057
12897000  -5642.86557097239  5638.5265016075
12898000  -5641.96415481943  5639.1756256483
12899000  -5644.28073771251  5639.91114588372
12900000  -5646.65003862333  5638.6443973846
12901000  -5645.73135617753  5639.89265085367
12902000  -5649.12242091322  5641.46829272385
12903000  -5647.62776805585  5641.35468487262
12904000  -5650.19013984711  5643.71472604118
12905000  -5649.6350983513  5642.92838533854
12906000  -5653.11803693025  5642.09481689084
12907000  -5649.74511155984  5642.96512492571
12908000  -5652.08917256256  5643.36158965299
12909000  -5651.44420761311  5645.01602185764
12910000  -5652.70986419977  5647.4147629537
12911000  -5654.82386865002  5646.64824560026
12912000  -5654.30626450459  5647.51333548694
12913000  -5657.34117025648  5645.73049899261
12914000  -5657.85358945179  5646.74730785268
12915000  -5656.03835324499  5645.68660349554
12916000  -5658.5436168499  5647.88955511897
12917000  -5659.45832793249  5649.28875274898
12918000  -5658.56446312539  5650.33170638431
12919000  -5661.8185518533  5649.28504590382
12920000  -5659.31441211594  5650.25365906303
12921000  -5662.88409983332  5649.50542916929
12922000  -5664.16588742049  5649.70789821282
12923000  -5668.08825901289  5651.32632266137
12924000  -5664.2655582724  5652.46513187458
12925000  -5663.83099728583  5654.24410394056
12926000  -5663.6318273181  5654.11161033732
12927000  -5664.51255669424  5654.37601974306
12928000  -5666.93228605484  5655.87443228431
12929000  -5663.73037189002  5653.27140544529
12930000  -5661.39102445837  5655.14221615331
12931000  -5662.00790179201  5655.04183941309
12932000  -5662.45407125235  5657.72025275727
12933000  -5663.62624182554  5653.7451792444
12934000  -5660.65296920371  5655.87669023217
12935000  -5660.56775613833  5656.14454061315
12936000  -5662.60401327001  5656.04420015608
12937000  -5666.59740131851  5657.92841250727
12938000  -5666.50228666985  5656.37330887623
12939000  -5669.25216779439  5657.65650226062
12940000  -5669.54775599584  5658.5372123678
12941000  -5669.37766238163  5658.19435167061
12942000  -5671.04741074927  5656.44682510468
12943000  -5671.63045918253  5658.59717213559
12944000  -5671.50357342234  5660.2916938508
12945000  -5670.5650097773  5659.98332243154
12946000  -5671.85369966122  5659.31744353497
12947000  -5672.23935533542  5660.63243936298
12948000  -5673.88832060447  5662.2034632926
12949000  -5675.38539629324  5659.85268094951
12950000  -5675.72665970046  5662.0344467091
12951000  -5675.11589047454  5663.02775265474
12952000  -5676.27197376696  5662.07229272621
12953000  -5674.42456284124  5661.08304661329
12954000  -5678.30556231969  5664.4830183579
12955000  -5679.12160365756  5660.61779184111
12956000  -5676.11713087658  5663.75949616489
12957000  -5679.69155309868  5664.7317935093
12958000  -5679.57416798276  5665.32053427662
12959000  -5680.08416501323  5665.1235710866
12960000  -5680.84626495334  5666.7907125514
12961000  -5682.22699166094  5667.05343664635
12962000  -5683.0019564954  5668.10308338178
12963000  -5684.49911626292  5668.86233782516
12964000  -5683.69607406037  5669.13612687504
12965000  -5685.07160075886  5670.39231019599
12966000  -5683.30667095868  5671.74188661958
12967000  -5683.50047753883  5673.51336509049
12968000  -5683.51509218731  5673.51267002801
12969000  -5684.29461118662  5673.18251353446
12970000  -5682.68107815917  5674.69597899332
12971000  -5681.69414408693  5675.75134039656
12972000  -5683.66315129932  5672.54542049578
12973000  -5682.12101446657  5675.65330339705
12974000  -5682.88307473805  5674.99261899927
12975000  -5682.51914742235  5677.692363121
12976000  -5681.79849573157  5678.59185371619
12977000  -5684.09011419394  5678.86816817503
12978000  -5685.80582349188  5677.70871250615
12979000  -5684.72606275639  5675.68934616878
12980000  -5685.87397310274  5679.37375041007
12981000  -5686.06426306376  5681.41017658268
12982000  -5686.79575065681  5680.82673603709
12983000  -5688.5251288813  5680.01931882435
12984000  -5685.64377603508  5679.2996204731
12985000  -5690.46196478796  5679.90266589616
12986000  -5688.47246262917  5681.36867384708
12987000  -5689.63116219956  5683.96621961719
12988000  -5690.43185108199  5685.12092535376
12989000  -5689.68823864776  5685.12043881979
12990000  -5690.48775700914  5684.80737627737
12991000  -5688.92374456714  5683.30902737617
12992000  -5690.54158654254  5686.04095523368
12993000  -5692.7244181867  5686.5510785468
12994000  -5691.06324530499  5686.75997995521
12995000  -5692.68090227283  5690.97925963048
12996000  -5693.77081360697  5685.45598866361
12997000  -5692.90506533729  5688.94835322459
12998000  -5694.22107457083  5689.33675338784
12999000  -5695.32876513888  5689.27407959555
13000000  -5696.59344310428  5693.11395780954
