Time  E_hot  E_cold
0  0  0
1000  -1.82133375273065  -1.0364903553259
2000  -0.0863740153675332  -1.27523565340829
3000  -2.00279069373401  -1.61387619113641
4000  -3.89150088981036  -0.410851811702337
5000  -4.41314963874824  -0.144178049319769
6000  -3.4213168355873  0.0725236551403464
7000  -2.09303917302007  1.92001027878034
8000  -4.84917407505506  2.83210910932751
9000  -4.72947741922118  3.78209469251189
10000  -4.60157621804975  4.10438782823996
11000  -4.56774678492592  4.4395378013392
12000  -5.63222620540217  5.05419959027653
13000  -3.87397471984226  4.98009877151679
14000  -5.60106094404732  5.51630467658254
15000  -6.14477993059905  7.63599682564566
16000  -7.61570035176745  7.05214011311912
17000  -8.84798118828509  6.11808190833943
18000  -8.03270394194841  7.49741559775851
19000  -10.3703651725048  7.6991057712736
20000  -7.98674918397228  6.77023767544619
21000  -8.98470677898316  8.1200340171087
22000  -8.59664287565259  11.2822165276926
23000  -9.38467507354178  11.2162531458875
24000  -8.58508789208875  12.7189564466066
25000  -9.97308094151297  13.6710251654468
26000  -11.7162373564435  14.2356838405483
27000  -11.550618459324  14.2668377211906
28000  -10.9318669881505  14.9399419926533
29000  -12.5784241222509  13.8480784774948
30000  -14.6776900303077  16.1314986550684
31000  -13.4556510042164  17.4154920250364
32000  -16.1196093399033  15.7820732707426
33000  -17.3727010284623  19.1363342883402
34000  -17.1077553512171  20.2620432819638
35000  -18.7459401419483  19.7637858416853
36000  -18.4427675186525  22.9688952624257
37000  -19.4980993174739  23.80800416759
38000  -20.8144236059871  22.2429012487999
39000  -21.2686138048922  25.331550255033
40000  -19.6629662831478  25.4213872474668
41000  -21.1721284508049  25.4822490913692
42000  -21.8452254131181  25.0399005272165
43000  -20.9757725431729  23.5124488096615
44000  -22.2729563357224  27.6969267466191
45000  -25.7221711613942  28.1103447626328
46000  -27.2654773661573  29.0611123602875
47000  -26.5019713282219  26.1778733826831
48000  -27.1142387320816  27.303893230127
49000  -27.7311101451697  27.822020448933
50000  -30.1733958690126  29.5475249871744
51000  -29.2492098676773  29.7354717596107
52000  -30.8650253715119  30.4190241878758
53000  -29.9923613912865  33.1513610491386
54000  -34.2219662163456  30.3745913619022
55000  -31.8640339946059  33.2331636521919
56000  -32.426441671646  32.3041353479455
57000  -35.6643119563636  34.2045891477651
58000  -33.3147137076474  36.5331431251015
59000  -34.6978695430178  35.3917734463537
60000  -37.1224282865151  37.9305915600527
61000  -37.2718669614178  38.3475573777889
62000  -37.9605504091019  41.8874836008317
63000  -39.0084056828322  42.1435706481683
64000  -37.6079011248743  42.0981640587326
65000  -36.1453293993776  42.2134734098326
66000  -37.0543279978559  42.4776176291547
67000  -39.0057587581686  41.7648638971049
68000  -38.838361726384  42.6949502845741
69000  -38.7076178233547  43.9930483384851
70000  -39.9145478802353  44.4484153874026
71000  -40.5913835047087  44.9783209329229
72000  -42.3029298154446  46.4253569049753
73000  -43.2708013087376  46.0718147370754
74000  -44.4018653091946  48.4790784342026
75000  -44.8802975819402  48.3931536248882
76000  -42.6467451233054  49.1052958813622
77000  -46.2110249727613  49.288652291295
78000  -43.6631236678103  49.4137861106479
79000  -46.9593500381217  49.5953551022164
80000  -46.5972357405774  51.2144205445277
81000  -48.0833253096372  51.5557305868463
82000  -46.566504505674  51.5226851379072
83000  -47.4896289510045  51.3046646960623
84000  -47.3268296733315  52.8630336162275
85000  -47.3828099556507  51.9901389635444
86000  -49.8776038843706  54.5762504742517
87000  -48.0289844356388  55.2224692140311
88000  -50.068510961233  55.5572396267478
89000  -50.4007892993795  55.3796849718521
90000  -50.7756579343381  55.8515922073065
91000  -49.1674438174135  57.6744960716241
92000  -51.0616896772736  56.4338210060414
93000  -51.7963742401905  54.4612907048422
94000  -51.8511839012194  56.530402107086
95000  -53.881410931449  56.5217659371462
96000  -55.5915300604837  56.512628577486
97000  -54.2656308241728  56.9327241563423
98000  -54.796542292345  56.6748385873641
99000  -56.0850050088636  57.6584530976166
100000  -54.8643239063142  57.4538122036281
101000  -53.1167805339802  58.8441792187588
102000  -53.5750722117396  59.8764629800046
103000  -52.2978965587954  63.274609187101
104000  -54.0786276139161  63.0344257806337
105000  -55.5582448182747  62.1577471015754
106000  -56.5062678434776  65.6718003361589
107000  -59.5015703301609  64.6033314500257
108000  -59.5115075328576  63.686232542136
109000  -62.0509187552075  64.2369325363832
110000  -62.411510878435  64.218222083878
111000  -62.7279716529222  66.2854699722788
112000  -62.6282955776587  66.5104821312496
113000  -63.361629460773  67.7948775028675
114000  -64.8260109789954  68.8108557539281
115000  -66.0021517356733  70.3701721707639
116000  -63.5700167141424  68.9535978088112
117000  -68.0752120770969  69.9198522688849
118000  -67.8988052283774  69.228170829057
119000  -69.1026567960013  72.0393486357763
120000  -69.7977651956351  73.3854154290939
121000  -73.9125249828388  72.3865048711355
122000  -72.0955120691052  72.7930613873061
123000  -73.7275001655755  73.2976598995884
124000  -74.9216480751491  73.9619147066506
125000  -75.1598581239524  73.724965355272
126000  -76.2702702212257  73.0094385312585
127000  -77.6702306099251  73.087861789327
128000  -78.1718088973792  74.4122052361823
129000  -80.9433813741308  73.1658377609948
130000  -79.9170282387039  74.4474978477721
131000  -81.4373610679815  75.8774500715015
132000  -82.1145825940538  75.868339299102
133000  -81.3873397038269  78.2214534457799
134000  -84.3794653328121  75.4730202947213
135000  -84.9623288165885  77.2962103204581
136000  -84.2805260676449  78.1569433216296
137000  -85.7469115237094  77.4548311612162
138000  -83.7715781971464  79.6099778858379
139000  -84.7331802131202  83.0615787140352
140000  -86.301282329066  83.8959037837497
141000  -89.0589230402848  84.0921621473197
142000  -87.9680057011711  83.3208511990134
143000  -87.5299491454488  85.1922367068378
144000  -90.1739828601424  85.5641642205407
145000  -90.2114271674368  89.473519170485
146000  -87.3678455833856  89.1770794903922
147000  -92.2302031975162  90.4225512186143
148000  -90.7295000464965  89.3841801485394
149000  -90.1213482788283  92.1609427085732
150000  -92.9742352163541  90.1543144397746
151000  -93.4444921931683  91.9092148781623
152000  -91.8046278492943  89.9663236593709
153000  -92.995848069405  90.7504973560426
154000  -93.7787232379008  92.3559481568982
155000  -96.9369648054364  90.6109058435578
156000  -98.2558448459851  92.7679574143103
157000  -98.9200747487268  92.353329684529
158000  -98.7065326417459  93.0560850395373
159000  -99.0888736161557  93.2022481518743
160000  -101.43197677321  93.8492911160916
161000  -102.75224077404  95.1549681795527
162000  -102.69052401793  94.3864372668106
163000  -102.801908339195  94.6278122424784
164000  -103.74444383959  94.5583257888567
165000  -103.8088616416  94.7981184512905
166000  -102.178037220696  97.3833288508597
167000  -103.716071983124  96.5483701299329
168000  -103.671449997803  97.7165362826555
169000  -104.145874810214  97.1128489512013
170000  -104.012185709911  97.6306759089184
171000  -102.483428433574  100.058032873463
172000  -106.540369334052  99.6177672490067
173000  -104.836116638406  102.09775894703
174000  -105.759753521229  103.490069873409
175000  -106.350164165114  105.505913436077
176000  -108.045683881694  106.749114548598
177000  -108.972195890258  104.341150441459
178000  -111.230386128674  106.647891771487
179000  -112.754573660258  108.27559712591
180000  -114.914166791298  109.129944460008
181000  -113.868022644025  109.224604438851
182000  -115.3666270816  111.064008667139
183000  -115.189403192505  111.658068531779
184000  -117.484165642355  112.496479159121
185000  -117.532534035017  111.250039958909
186000  -118.877584037751  112.02588168562
187000  -116.307100811111  111.680956480792
188000  -117.410548880976  114.60123899276
189000  -119.806413193787  113.808246843305
190000  -121.936438337306  115.455659355728
191000  -123.864541758329  115.84552723307
192000  -121.291204877451  116.181491235223
193000  -123.561055569242  117.098616430642
194000  -122.321491320609  117.590384313519
195000  -124.006574146257  119.077479721627
196000  -126.406860420451  117.051736785914
197000  -125.505337061327  119.191968849799
198000  -129.423564542371  119.844695988372
199000  -125.062495894493  119.626755559004
200000  -126.411880300528  120.968978157631
201000  -124.841190081661  119.169698259368
202000  -129.201988297354  123.731460956952
203000  -126.781668114468  122.972696902859
204000  -129.250947602967  124.965306871642
205000  -129.98704767931  126.408798313344
206000  -129.666535798521  128.176016830806
207000  -129.797253473543  126.423522360499
208000  -131.615421567965  128.896601765586
209000  -130.867470003569  128.556110647586
210000  -132.654060120379  130.987898110364
211000  -133.568718744918  133.771526146066
212000  -135.158175276362  132.718625884838
213000  -134.739861763618  132.435800958171
214000  -136.50143901823  134.27929240704
215000  -137.274492284085  136.327147511317
216000  -139.852987122842  134.400737053558
217000  -140.554066023544  135.898271817758
218000  -144.010849421783  138.493195214257
219000  -142.488810582307  139.432132081795
220000  -141.686098019058  140.032516405601
221000  -142.669343247358  140.379574581309
222000  -144.240650514701  141.089555531818
223000  -142.402719937315  142.930555086915
224000  -143.286491853079  141.681152693849
225000  -143.112232509703  143.660229237951
226000  -143.641161974898  144.210947246405
227000  -144.579331828389  143.263472197735
228000  -144.136796331747  145.911847008788
229000  -147.033933475926  145.566997999824
230000  -146.296282928433  145.901984283211
231000  -147.416370751217  144.340884573366
232000  -149.372084967172  146.739908591752
233000  -148.834892285612  146.114489563723
234000  -148.409080858797  148.286490583461
235000  -150.599306645778  148.645033402575
236000  -151.695445181878  148.461216396599
237000  -152.60340928285  148.509254683295
238000  -153.743455611618  149.951674667055
239000  -155.462475542695  150.532661621288
240000  -154.826034237646  150.98498504827
241000  -158.455565420448  154.108528414007
242000  -156.341717080009  153.270962900236
243000  -158.000668363011  155.470682971725
244000  -158.037693267804  155.261252698214
245000  -157.95369251679  158.036554607944
246000  -158.45113447005  158.219658681771
247000  -157.409026839517  155.749125041046
248000  -159.989603181498  156.379484244458
249000  -160.590907774315  157.727597190961
250000  -161.67981358891  159.463661508793
251000  -163.662894809691  158.708136121042
252000  -161.861675998526  160.762340890442
253000  -162.60574489057  159.492510618484
254000  -164.489136643277  160.352086214475
255000  -164.44225755994  163.240786358483
256000  -165.950240184198  165.930635490793
257000  -165.225227568185  166.278235891758
258000  -166.850584286486  165.94069342059
259000  -165.921039867679  167.883324296647
260000  -167.638687314179  167.453406343625
261000  -167.998006196203  167.011946272325
262000  -169.043490604257  165.862719349856
263000  -167.167329848454  165.57596056102
264000  -167.776736387685  165.609072171185
265000  -168.292603964076  168.675786799296
266000  -169.714531758302  169.303955724094
267000  -167.241818596133  169.388601651366
268000  -171.499040874992  169.155681818433
269000  -171.435322325522  169.660197658871
270000  -170.428662632047  170.897008573613
271000  -172.361666177607  171.328227996749
272000  -172.344409771514  171.814904321414
273000  -174.184352817013  174.04779437863
274000  -175.001618587103  171.365979736037
275000  -173.613649947449  172.054684310054
276000  -173.573288932639  173.540740820793
277000  -176.118507750468  173.873073300102
278000  -175.90842393612  173.205108849717
279000  -176.419752646811  175.237708318485
280000  -176.018270457288  173.265399575293
281000  -176.525689418315  176.504710337435
282000  -177.881323161005  176.807107162749
283000  -178.643044731334  176.034948843135
284000  -178.015162639565  174.768640631684
285000  -179.234802535925  176.42334611588
286000  -177.765254606828  177.012502326265
287000  -179.230736153939  177.616865074354
288000  -177.968359746916  181.128197891815
289000  -177.791204542845  181.30229857607
290000  -178.8462053353  179.778067369798
291000  -181.710972442901  179.788254939382
292000  -181.939952450588  181.145216778611
293000  -181.282695066649  179.398555754059
294000  -184.196325955255  181.360651095207
295000  -186.603490855263  181.606304380618
296000  -186.83738231827  182.199103187793
297000  -187.705509546073  183.593709788532
298000  -189.028447097266  184.628904619719
299000  -187.37405742422  185.893702999793
300000  -188.484926614832  186.961280268273
301000  -188.141459214041  185.93530784686
302000  -189.000465992714  187.788736938642
303000  -187.679227456355  187.339482542971
304000  -188.867439145561  185.339164214671
305000  -190.9121907134  188.620438880636
306000  -189.197457337776  189.26056349576
307000  -191.444620421123  190.657014650035
308000  -192.844771915599  190.701449398296
309000  -192.834107314761  191.4216747176
310000  -193.066703394277  191.351572614519
311000  -194.833423737114  193.160774286066
312000  -195.444921031066  194.789912318605
313000  -196.48991680071  195.710904808041
314000  -196.297186986728  193.875337566376
315000  -197.156090325  195.937516821736
316000  -196.351297456459  197.564275335767
317000  -196.635247449696  198.316466390787
318000  -197.109349315954  200.54536703043
319000  -196.32447385511  200.294689241392
320000  -196.557909920962  201.957929968894
321000  -198.922140949109  201.140738702612
322000  -202.564281064075  200.916486456673
323000  -201.857743868541  202.487636386335
324000  -199.383350940989  203.788597786535
325000  -202.066104055167  204.114120128889
326000  -203.786156600958  202.10028608533
327000  -204.055836854795  201.638034619839
328000  -206.680619774362  202.30890061836
329000  -205.922419528056  202.773534471729
330000  -207.792614473824  202.365044651831
331000  -208.929858024685  204.987653003469
332000  -210.582446544645  202.445230646908
333000  -208.993926192884  203.871336594677
334000  -211.613068920711  205.626697001481
335000  -212.038829745296  206.10599287832
336000  -214.165367251825  205.875681350256
337000  -214.074083529231  207.085375853381
338000  -215.782831948221  206.991506398961
339000  -214.405798835007  209.073647465339
340000  -218.584615483699  207.989275557774
341000  -215.778575182627  210.895910745712
342000  -219.529592230862  211.634748262659
343000  -217.974864781105  211.919670421303
344000  -217.147749267765  211.430496335407
345000  -219.929126327403  214.780995001786
346000  -221.077257312654  214.05777379594
347000  -217.498944908517  214.90221686636
348000  -220.826018098856  215.628537647186
349000  -221.153064377244  217.427122430238
350000  -222.597420250565  218.025445375505
351000  -223.68759209167  217.593658164233
352000  -223.476006767015  219.636416057325
353000  -222.532715730923  220.133780365964
354000  -226.463985486245  221.56574265096
355000  -226.328982606299  222.46182288186
356000  -226.861260496217  224.025026815044
357000  -225.947402814587  223.649037081131
358000  -228.560705875849  224.07400106966
359000  -228.240126721265  227.128523728275
360000  -228.726596161456  224.016777870623
361000  -229.243636713399  227.208082884079
362000  -228.384722142532  226.455337988146
363000  -227.453097442786  228.690196457252
364000  -230.943349498707  227.741616864904
365000  -231.959040707655  226.834512315353
366000  -232.601436813998  229.744177412581
367000  -233.179622658323  229.298241274001
368000  -233.026607424731  232.008721829049
369000  -234.914507174519  230.492130466463
370000  -233.471263057035  233.931415380906
371000  -232.312917509542  233.668958437908
372000  -234.577416221848  234.260572633816
373000  -235.858023250084  235.341697919658
374000  -236.521909386482  235.248469283789
375000  -238.176672508673  234.719515618698
376000  -236.839034341313  235.381786328763
377000  -241.267933237053  235.684952759287
378000  -240.243172716241  237.531769028105
379000  -241.717323853252  235.583868291085
380000  -242.983962394815  236.98695660506
381000  -242.721082146522  238.922431601604
382000  -241.108501634189  238.782802404482
383000  -242.723778488181  240.416863247966
384000  -243.018729980864  241.8833860292
385000  -243.137259756809  241.028178242821
386000  -242.578250995473  241.771149477973
387000  -245.77528582358  242.419672473514
388000  -246.246587050343  244.905123619288
389000  -248.236480572625  244.030740702934
390000  -247.159325056889  246.014310010806
391000  -250.044999031024  246.723042141035
392000  -248.301956869948  247.425984009366
393000  -249.436084885592  246.416783125815
394000  -249.814057575611  249.116738886382
395000  -249.88917529968  246.307492688401
396000  -251.075690703199  245.464719347691
397000  -253.181322487222  244.81594602477
398000  -252.865816336381  250.551085348216
399000  -254.16199884183  249.844727859789
400000  -256.052427265313  250.73351035544
401000  -259.941186949588  249.779601990298
402000  -255.387270923888  250.53325537325
403000  -260.914498928154  250.937938043421
404000  -260.970745096396  252.56929722395
405000  -261.745405162127  251.790392431358
406000  -260.887252927004  253.643076598632
407000  -259.776668345639  256.478394367093
408000  -261.611561774292  256.824131627152
409000  -261.621686180572  259.298223071332
410000  -262.32802228897  256.589944522519
411000  -263.392358489027  257.54340851202
412000  -261.648687772085  256.914225000921
413000  -263.132859109062  258.717572797909
414000  -263.367524743213  260.782543616098
415000  -263.920308839388  260.887495029206
416000  -267.722294669975  261.376296466874
417000  -266.068092248956  261.309287083382
418000  -266.362345797131  261.595830237585
419000  -266.405389213577  263.828919809389
420000  -266.300885521967  265.084658387563
421000  -269.03291992698  266.092929354812
422000  -271.245814815333  266.754074400324
423000  -270.167808475793  267.087751313487
424000  -270.294940563575  268.271153934154
425000  -273.926388268867  267.16718877527
426000  -272.477682321141  268.35666051527
427000  -270.818985970264  269.623506684973
428000  -275.304716109785  272.950142126694
429000  -275.769432161897  272.973705758902
430000  -277.803655525382  273.272894980539
431000  -276.287414938532  273.566812384294
432000  -277.848387021186  275.908505087262
433000  -280.022215405989  278.014167399806
434000  -281.678203023441  278.917796701535
435000  -281.329547597358  278.451055572175
436000  -281.775784702832  280.102257618423
437000  -282.47611202531  279.146737116207
438000  -282.612083436389  279.973459865867
439000  -282.176133446847  282.243075300127
440000  -282.074740891275  279.335102850827
441000  -284.111165107753  281.124965173468
442000  -282.825287349962  280.168145655205
443000  -285.294676000373  281.76494014677
444000  -285.095970325276  282.378500228733
445000  -287.447754464246  283.017034464889
446000  -287.97349732802  285.371176477773
447000  -290.443193679914  285.079736403245
448000  -292.58892397107  286.789524770133
449000  -292.119477094069  286.826975884068
450000  -290.774999346398  286.299511627954
451000  -291.969756133337  287.703996908127
452000  -293.152938591237  290.131464443971
453000  -294.169628376314  289.256509583474
454000  -293.913015231287  289.763311534861
455000  -294.638977931863  289.492454232659
456000  -294.698329312801  290.478114589158
457000  -296.793699837414  290.113238738286
458000  -298.110577998418  290.054212303019
459000  -296.637298212832  291.341493477803
460000  -297.774140418901  292.135090448349
461000  -293.429552698431  291.920913534037
462000  -295.921603691117  293.30077386225
463000  -294.728444115477  295.609601179731
464000  -296.10501562486  296.331491836049
465000  -295.147811638601  296.085929074678
466000  -298.198092101469  295.107059397922
467000  -298.59652177082  296.770906588394
468000  -300.347119259057  297.002246493056
469000  -299.839462019484  295.33357098029
470000  -302.921805194556  296.280696205137
471000  -304.638273562255  296.780793134782
472000  -303.85819644165  298.398380000144
473000  -305.626017676544  296.943833893341
474000  -305.242174300802  299.066390808186
475000  -305.90849691402  299.46620996685
476000  -308.17202529378  299.187193305651
477000  -310.033260537194  300.589725870848
478000  -310.703129965904  301.175242352873
479000  -310.954926252207  301.180394589638
480000  -311.925707450136  301.442537117237
481000  -312.097963465388  301.535747429324
482000  -310.924276204197  301.10819576775
483000  -312.76370500682  304.007436221468
484000  -311.988672804028  306.600321936151
485000  -312.72048232757  305.867496053355
486000  -314.695226730435  306.949285110616
487000  -315.079733554733  307.098247560094
488000  -316.378315311021  308.051628544666
489000  -316.997474055587  309.423430107381
490000  -316.167450943004  310.133298633334
491000  -318.634130280134  309.827423026993
492000  -316.945451332068  310.329032685807
493000  -316.121376272861  310.525331241723
494000  -318.960760012121  311.053868040813
495000  -317.867519990598  312.784043781394
496000  -319.222586499706  313.475027280335
497000  -320.258080095159  313.819282035581
498000  -320.828159534884  315.668350399333
499000  -320.925018158059  314.828213335487
500000  -322.665274673818  314.095785686622
501000  -321.836587066659  315.71301001288
502000  -321.859832308626  317.718033003654
503000  -322.637481259289  318.324108767907
504000  -321.646275751536  318.608236136025
505000  -322.380568602016  319.339057732246
506000  -324.365707920992  319.935110631978
507000  -324.158509395719  322.208313644358
508000  -323.71974292171  324.519875161051
509000  -323.591311923719  325.622491051287
510000  -324.469785826054  326.407667890042
511000  -324.255949376897  322.261222302717
512000  -323.630499707216  323.912854753509
513000  -324.368065202921  325.20152847874
514000  -323.574172087951  327.793817918176
515000  -323.617422534529  326.294352314973
516000  -325.02339489354  329.113942525133
517000  -326.165418424732  328.951623517306
518000  -327.909439411679  330.33327130703
519000  -329.049948327708  330.689125618601
520000  -328.72459548681  330.596798640728
521000  -326.160856374849  333.005647321436
522000  -326.935037001672  332.660959987002
523000  -328.606488622674  333.104169790883
524000  -330.620527920345  331.966415820268
525000  -331.493560730316  332.247419591452
526000  -332.580449005225  334.317388744004
527000  -331.699264539918  335.896924609119
528000  -332.029899916579  335.223563835548
529000  -334.193186760874  337.616475451129
530000  -333.453158853545  337.329849288995
531000  -334.049272575571  339.537507132417
532000  -336.152652899882  336.804861561731
533000  -337.781727137397  340.076629981111
534000  -338.848128933959  340.079197692424
535000  -337.543221961764  341.045788709574
536000  -340.077688030485  341.65188541596
537000  -339.091766215307  342.069937637052
538000  -339.601314104035  341.013668503839
539000  -337.141916421925  340.549514354106
540000  -338.139728228217  342.296834451616
541000  -341.192231886362  340.457136881099
542000  -341.258500299857  342.494660486773
543000  -342.9497038924  342.02740988135
544000  -343.519230985546  342.718419046864
545000  -342.414935227884  343.056484280957
546000  -343.0984916425  340.996380909123
547000  -345.002445971442  343.769396868126
548000  -345.300253221493  345.111863721684
549000  -343.739928569764  346.440925340001
550000  -345.71805638928  347.359972854992
551000  -346.670454053025  346.034412867201
552000  -348.076090547086  345.616595702219
553000  -347.968519615886  346.049934212594
554000  -348.926394500108  347.786966090026
555000  -352.226176953012  349.695179261957
556000  -352.475486841126  348.042215098055
557000  -350.290070964231  349.894178251038
558000  -351.725554040229  348.421518671365
559000  -354.632572903717  349.094074670352
560000  -354.130217937288  350.254620871675
561000  -355.17502104778  347.982098598053
562000  -354.426259175964  348.022194834609
563000  -356.057813800185  349.911245216743
564000  -356.23305127075  350.879327124686
565000  -356.387893047175  352.089609029989
566000  -354.476882932032  352.734937958376
567000  -355.100409097095  352.960022561467
568000  -353.366450156143  354.682723762221
569000  -353.857978812964  354.962743558215
570000  -355.272993135112  356.010523591606
571000  -354.849479555193  355.821996159369
572000  -356.847656957384  356.915435326786
573000  -356.338150746161  357.989697542394
574000  -360.450546167808  358.24859376098
575000  -360.169721963498  356.362785892039
576000  -359.041604100187  357.434600080991
577000  -360.594591836809  357.82809791854
578000  -362.671005241332  358.393937651241
579000  -363.380710288088  361.9666739627
580000  -366.605162243306  361.444933861688
581000  -365.064930795909  362.646584190575
582000  -365.339214111089  363.914583016839
583000  -366.56908687412  362.970402803683
584000  -366.356043758497  362.339851498641
585000  -366.574177591493  364.563426475602
586000  -367.210578845324  366.020972695121
587000  -367.867923858985  366.301299979768
588000  -370.749443293131  366.754051780375
589000  -369.60194206606  366.301461840772
590000  -368.819374811785  367.637428148613
591000  -369.941344651978  368.490555097807
592000  -370.230719874373  369.436835856688
593000  -370.915310418319  371.41939345147
594000  -370.437699986716  372.246837261201
595000  -369.614610199792  373.045881402414
596000  -372.612649932007  372.057006928443
597000  -373.757820632765  374.651785577903
598000  -374.247069640968  375.524524797097
599000  -375.167956503356  376.037359740221
600000  -374.551348231386  375.101449901606
601000  -375.355423727231  374.064815888574
602000  -376.519937568775  376.221638357996
603000  -377.479224336964  376.02788741543
604000  -379.00297482094  378.535253870715
605000  -378.683751615835  378.767501882318
606000  -380.075976289068  379.514088647246
607000  -384.236300930215  379.218025610537
608000  -384.062017908206  382.599705781986
609000  -385.031171101931  381.328302424886
610000  -385.803939545196  382.583664799786
611000  -385.541501040938  378.56720115311
612000  -387.422189163327  382.866148561461
613000  -387.185902814367  382.920978238581
614000  -390.275026590945  383.142556183388
615000  -390.841975563313  384.362160815663
616000  -392.108457843848  385.247168983816
617000  -393.422049024126  386.640148658642
618000  -394.284480638153  385.887779557164
619000  -396.981277341145  386.258986518916
620000  -394.966654317481  388.076676731289
621000  -397.76828808139  389.020016392945
622000  -394.920768704937  387.303544108473
623000  -396.607739085277  389.103856437753
624000  -396.778297793395  389.603497643864
625000  -398.720040981477  390.844580928536
626000  -397.988873886745  392.107025284966
627000  -397.78726141152  393.179836266833
628000  -399.472911211812  394.197729934955
629000  -398.51691070443  394.03480677172
630000  -399.877872124463  395.344567486083
631000  -400.634778207385  394.160189613552
632000  -403.814909376253  396.235483486151
633000  -404.309633831552  395.680584390098
634000  -403.929849226116  396.795397987443
635000  -402.159951378431  397.597228855056
636000  -403.250429776268  399.293460181168
637000  -406.316416304113  402.461570648133
638000  -402.898386545003  403.226714682235
639000  -406.025578808441  404.62327014635
640000  -405.490606933914  404.500214364662
641000  -407.294246971182  406.470170625307
642000  -406.423939540781  405.832216861189
643000  -408.252204185575  405.189429542934
644000  -408.141820839398  406.953026282326
645000  -411.28364363304  408.690941397588
646000  -411.317296799945  408.8273713335
647000  -409.976286992224  409.308773189894
648000  -412.324132815119  408.273816278092
649000  -413.353158591575  409.866438325926
650000  -413.150573601773  408.96845027718
651000  -416.179725499946  410.88835422963
652000  -414.842042975801  409.735732800714
653000  -412.510980757798  408.528783802804
654000  -412.216071585864  409.941399769284
655000  -415.005651227141  411.027532241854
656000  -415.062225319581  412.140714094701
657000  -418.667406243508  412.000916731566
658000  -417.537488391272  414.487133343754
659000  -418.070139500714  413.954630810253
660000  -418.542094094163  414.093715233491
661000  -416.70020348912  417.430728045588
662000  -417.312428744938  416.185411894101
663000  -418.499196619725  417.116671537749
664000  -421.085375118131  416.675762374772
665000  -420.783239447622  419.448734632976
666000  -422.06250608051  418.28009721859
667000  -422.788199537708  418.430582116734
668000  -422.077547328992  419.947820340402
669000  -423.837185722647  420.994392888507
670000  -425.151102447192  424.069919963376
671000  -426.27961686979  423.550596308219
672000  -430.086358512884  423.911433991271
673000  -429.79232404123  424.52202876451
674000  -432.321878214663  426.243028856326
675000  -430.798426418691  426.998460802078
676000  -434.947463769337  426.190609996922
677000  -436.419316220812  427.424937085538
678000  -436.352653979669  430.134466789966
679000  -436.534371383504  427.734805283509
680000  -440.297423881205  430.205002762498
681000  -440.793576703522  429.870320447762
682000  -442.658955686751  430.852218974988
683000  -440.405329328625  432.128807376981
684000  -440.76501245285  430.709391685177
685000  -439.988420205684  433.45710839243
686000  -440.767850806338  434.585406865607
687000  -441.489026035094  433.869180548701
688000  -442.347583312346  438.903349828725
689000  -443.313328984598  439.682489991643
690000  -444.146255813227  439.310023027841
691000  -444.208757388045  441.064441589581
692000  -442.930870643352  440.276370485726
693000  -446.641285521842  441.746507248956
694000  -449.738734459532  440.63155863448
695000  -447.997820518831  442.80301969629
696000  -449.598885970971  441.29720449631
697000  -447.218992571923  445.027743644078
698000  -448.943869318481  446.617140664568
699000  -451.812294938076  446.55546084973
700000  -450.900552258616  447.058974955067
701000  -452.968551438169  447.852593771526
702000  -451.635063710087  446.647550289013
703000  -454.51662636161  449.790143813076
704000  -456.751705280071  449.506103128811
705000  -456.872164249411  452.012766735169
706000  -456.152077362582  451.701163778985
707000  -457.8867339664  452.799799187457
708000  -459.542940631034  453.571403863653
709000  -458.520038905916  453.134075486383
710000  -460.282970465625  454.487761473092
711000  -462.40546296498  453.853736412558
712000  -464.304335913561  454.261230058814
713000  -463.035867285947  454.647860193466
714000  -460.376325417325  453.034542672456
715000  -463.516820494153  457.244740340116
716000  -464.252253977911  456.755749861911
717000  -463.453214103604  458.532739616709
718000  -466.473286623386  459.221925932031
719000  -466.183781544437  460.788572472866
720000  -466.585974651706  458.544722901629
721000  -469.277654548224  459.301650940421
722000  -470.682465926077  461.797244546494
723000  -471.807279409246  462.252977415299
724000  -470.991197296084  461.89888405095
725000  -471.028468723924  462.726441884403
726000  -471.303878847276  463.853989093203
727000  -474.163907212764  464.29131387422
728000  -475.5637791102  463.172071588879
729000  -475.185744193517  464.403029435018
730000  -476.098683665985  464.551326938668
731000  -474.720540508633  467.712324300921
732000  -477.487422316109  465.790046347603
733000  -478.961759472319  468.256568357045
734000  -479.465740587072  468.769712634931
735000  -478.665372755697  470.545447195822
736000  -478.151057611909  469.97433114748
737000  -478.928088420063  470.311794275371
738000  -479.610502878204  471.696611543181
739000  -480.860893658112  472.871113403178
740000  -481.892971233896  473.025899236329
741000  -484.015809180601  474.685232699343
742000  -483.034294138112  473.230593604787
743000  -484.726926151358  476.961316813513
744000  -484.447370372335  475.675309977027
745000  -482.91707951413  475.903776882009
746000  -487.524231634133  478.377089124002
747000  -485.669439645883  479.334543518831
748000  -483.691324057849  481.128609761307
749000  -489.224003409332  481.058282637183
750000  -486.872453842211  481.987337321638
751000  -487.706144523863  483.188237039845
752000  -486.217574243714  485.333133468211
753000  -487.063988862051  486.445182387656
754000  -486.746207907185  486.985846562762
755000  -489.477287251146  488.734417526765
756000  -487.639836310506  487.040572034883
757000  -490.606182236819  489.449813428937
758000  -494.091393104645  490.953642613328
759000  -491.92190249908  491.729092885874
760000  -492.389198444339  494.183118273566
761000  -491.922790128558  493.179421112037
762000  -495.522345811152  492.683430476422
763000  -495.51814540066  495.347597045119
764000  -496.022422988311  496.569047352147
765000  -497.068790929384  495.154592304605
766000  -497.073077070985  498.580965476402
767000  -502.258651499171  498.674490601129
768000  -503.263697530746  499.967485059307
769000  -503.658047310331  498.740948005366
770000  -504.039267494935  499.941125088523
771000  -503.64874109975  499.075148620339
772000  -506.375339753565  501.178708633033
773000  -506.216038307086  503.619427072745
774000  -506.298432506007  502.371184543421
775000  -507.143302872336  504.046729571483
776000  -508.150478648425  503.176825594307
777000  -507.814604271075  504.612570548649
778000  -510.56017857452  506.324019493779
779000  -509.982987832028  505.533134382108
780000  -511.295185795729  507.594717109623
781000  -512.388117718911  507.335221547657
782000  -512.742235161122  508.433953636365
783000  -510.951761911018  509.091223294662
784000  -512.095285393231  509.352426416419
785000  -513.356416478539  510.827785963558
786000  -514.492410631232  511.07217293493
787000  -515.707443397681  513.21689232936
788000  -515.355044339736  513.80683818949
789000  -516.572856086425  514.607520927571
790000  -516.372262926691  513.857406167984
791000  -516.657525522044  516.382224954275
792000  -515.326359982087  516.236826400037
793000  -514.571219075715  518.850269903703
794000  -517.428456282037  519.982577712162
795000  -518.494747554169  521.712552129895
796000  -515.55363000084  521.571924785133
797000  -515.739986855292  521.693719981661
798000  -518.297066517244  522.315198726292
799000  -518.990266157011  521.753706992935
800000  -521.449514570734  521.509268478425
801000  -522.76704288011  521.667345106808
802000  -522.364573281513  522.060032422925
803000  -522.283750972375  523.02727095219
804000  -522.928189462797  522.992781801591
805000  -523.179567705069  521.706239139637
806000  -524.094574942924  523.452123698903
807000  -523.913486972216  525.171579573708
808000  -523.335114691658  527.010846396943
809000  -523.809003733212  526.349633123468
810000  -524.829743788758  528.629024840369
811000  -528.43694000449  528.764608778865
812000  -526.523094447896  529.398533181975
813000  -529.103405080231  527.508462083976
814000  -527.017457460964  527.194427758841
815000  -527.260707224901  528.262736246478
816000  -530.818060934178  528.964912567977
817000  -528.503098343574  529.507311422083
818000  -531.052147196881  530.932350394111
819000  -532.028599827681  532.690183227763
820000  -531.82153690812  532.171309102854
821000  -534.641854749795  530.510928936743
822000  -534.800332075472  532.075015259905
823000  -536.509339680876  533.005094673872
824000  -538.833449503546  532.744976937405
825000  -538.068896884501  535.27142832801
826000  -538.757673521895  532.33833313822
827000  -538.552839169444  535.106743939926
828000  -539.028414857071  534.964252241627
829000  -541.528585275691  535.186439346246
830000  -541.630666217345  534.924461831268
831000  -541.165418438317  534.852239403367
832000  -540.666531808666  537.476878033271
833000  -541.863974830095  537.765424835445
834000  -542.297796485595  540.349997105362
835000  -542.024317204586  542.470654621452
836000  -542.120118785929  540.053740347671
837000  -543.194387080393  541.993713155913
838000  -546.420384916387  542.752140074619
839000  -546.541441928564  543.292660404897
840000  -546.782866829709  543.824608125316
841000  -547.572232072884  543.534673135166
842000  -548.782721276301  544.140674227098
843000  -548.472422295251  543.455031118525
844000  -549.293667786889  546.705345057546
845000  -551.518673941559  545.427415520537
846000  -549.526262096534  548.772593122865
847000  -548.704959144238  548.535001380364
848000  -550.575705965683  547.456950634143
849000  -550.562798700561  548.024325608232
850000  -551.465226958972  548.801283107293
851000  -550.858423208843  550.92684938583
852000  -551.067694866302  552.028518790097
853000  -552.978517077699  550.76794216863
854000  -551.300375324022  551.624449640014
855000  -551.930847669735  551.37051598869
856000  -550.498298089289  551.317236845394
857000  -554.633763970104  553.10285828518
858000  -555.931075022903  553.875879347747
859000  -553.817404968749  555.520712821645
860000  -555.169059071933  554.67749994991
861000  -556.933609839601  556.333483569266
862000  -558.977685329391  555.553359245218
863000  -558.924880241861  556.439930791114
864000  -557.931426684912  557.293721493086
865000  -559.030157518575  558.122358999161
866000  -558.176187170723  559.478464611943
867000  -562.373265704369  557.766077258587
868000  -558.563541568027  559.820349727556
869000  -560.470571789483  559.645388571381
870000  -561.878241791326  559.100091040368
871000  -562.19035195968  561.912581172573
872000  -564.481752406823  561.082527903247
873000  -562.100476608426  561.263984616315
874000  -563.292941561648  563.557824145585
875000  -564.990398379911  564.560029753743
876000  -564.667236343129  565.37357055727
877000  -564.799419140766  566.310657122694
878000  -566.941935565525  568.454831063744
879000  -565.486787969417  568.080375243416
880000  -565.999647875683  569.947061030653
881000  -565.063657450853  569.874099760832
882000  -566.779415838034  570.89668943418
883000  -566.805177531279  571.029849786577
884000  -569.761747485461  570.273844531465
885000  -566.758806551379  570.000982953253
886000  -568.603053697837  570.493351150222
887000  -571.601634048531  572.758265782156
888000  -573.464629494274  574.790044133837
889000  -573.465662004616  575.758903517463
890000  -574.921341418809  576.708059021478
891000  -576.653086572973  576.418632009143
892000  -575.90357714898  576.064444002866
893000  -577.869758729352  575.323029112028
894000  -577.557120178064  577.034826532564
895000  -579.60643754643  576.497291235785
896000  -578.606096582148  577.378752065361
897000  -577.449194459044  578.501256328209
898000  -578.657454089551  579.503112801106
899000  -580.807292053149  580.861951064301
900000  -582.305949950877  581.161747664367
901000  -583.026750402276  583.160242443596
902000  -584.45441625858  583.546803292255
903000  -584.07941219846  585.450646131723
904000  -583.512650866247  583.831729096891
905000  -585.79238833664  586.523657888589
906000  -584.347171765486  585.271922936622
907000  -586.793663537101  588.018689086921
908000  -586.976766860884  586.703955774833
909000  -590.411723540209  587.498883114499
910000  -589.327894391878  589.370332963651
911000  -591.752200806712  588.318485536916
912000  -595.062333668616  588.839170740232
913000  -594.296143516103  589.774614805388
914000  -592.64734350567  588.875969885695
915000  -593.455121296953  592.464835906163
916000  -596.085491276917  593.363722266073
917000  -595.507299710644  592.717751352773
918000  -595.340489471849  593.889021040349
919000  -594.71815386887  593.67003641203
920000  -598.193075297241  595.755804266492
921000  -597.457563025129  594.226164204664
922000  -599.60978750284  595.450699510079
923000  -597.515096243638  596.429562630235
924000  -599.486406788881  598.128737212901
925000  -599.366671935828  596.488732118369
926000  -600.014136310322  596.181641472369
927000  -601.497985066774  597.458936574756
928000  -600.808760753776  599.0436602653
929000  -602.407604409938  599.553716210508
930000  -602.53738188795  600.431548618099
931000  -606.126893277419  600.581573548693
932000  -606.516467027198  601.582681511398
933000  -607.559242160775  603.62334993007
934000  -609.4763740882  602.568126669046
935000  -612.335811370368  602.482819660944
936000  -612.836300692707  604.78503337719
937000  -612.72969102933  603.662958587778
938000  -612.517197508372  605.240516908099
939000  -612.832075496815  606.593735831732
940000  -613.768681242538  606.623169966721
941000  -611.492960622717  610.427243176779
942000  -612.828329937759  610.035380074101
943000  -614.690371976718  610.551465681705
944000  -616.058101158729  612.385606782907
945000  -614.858540740495  612.399878951594
946000  -617.311099207407  613.848377950502
947000  -619.776713436642  614.352756648548
948000  -619.465947876944  614.517506825179
949000  -621.880383780432  615.864877970614
950000  -618.651550526495  616.066380301043
951000  -621.720444017641  614.706666550126
952000  -622.702505554463  615.408069751516
953000  -622.310450266056  617.485963764569
954000  -624.979980480983  616.959435195263
955000  -623.961682535405  616.70312840737
956000  -625.229938021366  616.768828349469
957000  -628.265384212857  618.217330564882
958000  -626.594495346941  619.644174468802
959000  -627.682582756057  619.747124875255
960000  -629.25777587488  623.380293775075
961000  -626.366878154759  622.480194608316
962000  -626.760110886666  622.779818227876
963000  -627.719516206788  623.014541870852
964000  -629.643676117789  624.435914483424
965000  -630.911991752736  626.791825768797
966000  -632.255509985847  625.845959419552
967000  -635.087835184572  627.133885899457
968000  -634.694385939337  631.571813479192
969000  -634.72199761863  631.924361610656
970000  -635.271606369793  633.98148348789
971000  -634.435797453983  634.367085521817
972000  -631.333430146889  633.730349788627
973000  -633.40760762237  634.974045405188
974000  -634.420583553265  638.032433134429
975000  -638.466051298765  638.822689803145
976000  -639.630676658299  638.022915239689
977000  -641.786839179578  640.867534338553
978000  -640.309486587092  641.605917680018
979000  -639.769951282097  642.615922729536
980000  -640.210088039702  642.124929338996
981000  -642.535284580664  642.804779665642
982000  -643.29288616448  642.605641552092
983000  -642.557367285651  642.648324757546
984000  -643.685522194219  644.960605361881
985000  -644.330843672292  648.685122519035
986000  -646.938063804924  648.599218053928
987000  -647.636715251244  647.88863001299
988000  -646.668618587753  650.086810091872
989000  -649.344344736053  648.665482120409
990000  -650.258742862469  650.240878144641
991000  -652.096415082949  652.112927554402
992000  -651.724579461404  653.604973281286
993000  -651.5296878972  655.488380533988
994000  -650.449887394591  656.299357901116
995000  -650.825885578753  656.652809745916
996000  -652.034279412274  657.526340339442
997000  -654.05898951474  657.900563657161
998000  -657.613412495406  658.446482668427
999000  -657.456463573155  658.668154791248
1000000  -657.053241201816  657.206479456786
1001000  -657.602606136714  660.049245731607
1002000  -658.553645773573  659.781004697045
1003000  -659.786215040843  659.053094195889
1004000  -659.714159475391  662.461903580299
1005000  -661.601983391639  660.421044984065
1006000  -663.90128423265  663.184647031523
1007000  -663.78437028256  664.99544276232
1008000  -666.287881907414  667.182912920896
1009000  -664.255473998574  666.693725424966
1010000  -667.433544303433  665.646938300568
1011000  -666.546854319136  666.911519837851
1012000  -666.987551548912  668.498000881717
1013000  -668.110903832157  670.173148329123
1014000  -670.948691469155  670.341786927124
1015000  -670.470085046603  670.572021831383
1016000  -668.745541640175  671.208024257941
1017000  -668.95992389294  671.129295401673
1018000  -670.76678248118  668.496225127971
1019000  -671.439665039864  670.849384477868
1020000  -670.551848017555  671.668660258575
1021000  -672.347207309317  673.031405827384
1022000  -672.726336529686  670.727742535772
1023000  -672.455914960571  670.442658703124
1024000  -672.459207629776  672.189969812499
1025000  -673.602883990291  672.340798837739
1026000  -676.713683963781  674.140347320028
1027000  -677.991355305878  675.513043570799
1028000  -676.748530078308  676.956220956391
1029000  -677.964013674251  675.985777921674
1030000  -678.199112410905  676.640655140568
1031000  -678.907131700346  677.585732739346
1032000  -680.983161024874  680.074785658844
1033000  -681.160332416717  678.446962965054
1034000  -682.718608679833  681.494533629211
1035000  -681.695500012681  681.109639111209
1036000  -683.495723574726  682.670649099996
1037000  -684.585457788382  681.833072159415
1038000  -686.388537347228  681.982260910457
1039000  -686.705278638545  686.456014602321
1040000  -688.431804405743  685.912332691098
1041000  -687.325940210818  686.469163729173
1042000  -689.349045751776  686.113633934658
1043000  -688.612089824766  688.536566260093
1044000  -689.884016972417  689.989602100328
1045000  -690.777265065164  688.990448474306
1046000  -689.17892951519  690.073425811294
1047000  -689.122461023234  691.051393650203
1048000  -692.448333286454  689.293982241812
1049000  -691.768565744542  688.826282763327
1050000  -692.673212026032  691.078828186276
1051000  -694.001432237499  691.452313185874
1052000  -695.364209730196  693.933509560462
1053000  -693.902946175721  693.575544983176
1054000  -695.375711385879  694.068076078243
1055000  -696.773461600291  696.183623899263
1056000  -697.992266495746  698.928025519906
1057000  -697.088685423865  698.137587289996
1058000  -698.775320982451  700.438117870839
1059000  -702.396543806835  699.326065016892
1060000  -701.758389505493  701.350217283495
1061000  -702.307256800133  701.571592873937
1062000  -701.578351904088  701.147575621384
1063000  -706.003749751617  701.952745875568
1064000  -705.273548694079  701.713745403058
1065000  -709.406682028833  700.525352436374
1066000  -710.179210570287  702.761973451777
1067000  -711.617542630964  703.342809400754
1068000  -712.605637139012  705.198803967114
1069000  -712.415200790612  704.024495309159
1070000  -715.206456317072  705.302669741374
1071000  -716.602782395556  707.22306874869
1072000  -716.660005045218  707.148133310005
1073000  -717.60881002637  708.674054262062
1074000  -717.693542429532  707.918544908256
1075000  -716.913724774876  712.548030750759
1076000  -717.155321731687  710.192242825225
1077000  -719.546301199952  712.116652898668
1078000  -720.880810097853  712.221269532526
1079000  -718.617072071624  713.34986724474
1080000  -721.656822488489  713.852188196866
1081000  -721.945800112428  713.866506373906
1082000  -723.656200935083  714.195282567205
1083000  -722.933923838891  716.097286505819
1084000  -724.004167539555  716.35556534626
1085000  -724.539547633875  717.148799606925
1086000  -724.305209391423  715.515662623581
1087000  -724.249967678929  716.897676840356
1088000  -727.040671067904  718.755589091103
1089000  -728.552192264372  718.767998437492
1090000  -727.469137029385  719.327933597797
1091000  -725.556645344787  721.218283897503
1092000  -727.448399754925  719.414610739616
1093000  -725.326551307782  722.056158235151
1094000  -725.492476383716  721.887215983034
1095000  -727.46888564519  722.82670209816
1096000  -728.223809180513  722.87082938098
1097000  -727.760420738098  722.420408990799
1098000  -728.16742085294  724.279865033596
1099000  -729.800731784543  724.22507081514
1100000  -730.858324888639  724.748345126842
1101000  -730.842143180902  726.231829654812
1102000  -732.183379808287  726.117691678148
1103000  -732.490464322639  727.738113474669
1104000  -734.051609298547  728.918167406114
1105000  -734.550068936386  729.797641638122
1106000  -735.481402935771  728.398284219789
1107000  -735.825911960102  729.179874057999
1108000  -733.96784265839  729.434915282267
1109000  -737.367991827125  730.269880050418
1110000  -738.230445267723  731.252463892807
1111000  -738.007242844954  731.2992922473
1112000  -737.849656589491  732.827169429732
1113000  -736.445380356318  733.553928249516
1114000  -737.609854765754  733.458986660692
1115000  -737.091344184056  734.321944676945
1116000  -738.668331452438  735.613106879693
1117000  -738.955345315045  736.807419153587
1118000  -738.656813275824  738.274104859271
1119000  -739.843441725303  738.004973023715
1120000  -741.440142776201  738.459948133386
1121000  -741.90829603065  739.649310476941
1122000  -740.492585469775  737.55750039734
1123000  -741.66975394851  735.959099242726
1124000  -741.356940991677  738.103371142949
1125000  -744.704528387836  739.833913630105
1126000  -745.835095758254  738.881473966128
1127000  -744.961775307419  738.993645554043
1128000  -747.494453528206  740.614508692808
1129000  -747.057380509846  739.443349952002
1130000  -750.015767426781  741.141870880448
1131000  -748.470847965084  742.249675419191
1132000  -748.690653298095  742.425632129501
1133000  -747.411478124764  741.544320577801
1134000  -748.714559555477  743.616035653682
1135000  -750.954998484073  744.47146777202
1136000  -752.609883010445  745.744023759715
1137000  -751.742633054055  745.597580453462
1138000  -752.305103735214  745.102698758091
1139000  -749.4254681862  747.531995782099
1140000  -753.049032534374  747.487904405253
1141000  -754.260232865478  746.884341655839
1142000  -756.211231137746  747.32083581596
1143000  -752.799504881543  748.483332520143
1144000  -755.741427014623  747.224890865931
1145000  -755.567696938495  749.170231126507
1146000  -753.763229671548  749.031775658169
1147000  -754.744723164612  750.521544341053
1148000  -756.003234971114  750.768915682657
1149000  -755.744799191353  751.332064206702
1150000  -755.941454605916  751.850901604554
1151000  -756.260194038302  751.894365529857
1152000  -757.947288868988  754.180621533437
1153000  -757.221587314103  755.010458791599
1154000  -759.240324548555  754.703038085699
1155000  -759.43699097069  752.831961612918
1156000  -762.444604448874  752.830953199264
1157000  -761.061237618404  755.365097608955
1158000  -760.517571926524  755.787499649672
1159000  -762.508484931551  756.49165676519
1160000  -762.873623777298  756.288400234211
1161000  -761.879923478117  756.347774769434
1162000  -762.029496381303  756.061491710487
1163000  -763.205474128195  756.270539348884
1164000  -764.575117213331  758.107956311805
1165000  -764.815475011417  757.506198818572
1166000  -767.077694120565  759.857424737385
1167000  -769.067686090739  759.634500543334
1168000  -768.244689070853  761.663729163957
1169000  -769.406112659062  762.557016770748
1170000  -767.621957257591  762.499447965747
1171000  -770.846370003487  762.446119150964
1172000  -770.474035799351  761.829962473733
1173000  -774.251306446332  762.102671663763
1174000  -773.034928117918  762.463522564059
1175000  -773.905859733529  765.203089034524
1176000  -775.366132807663  766.195369438608
1177000  -776.360861268496  763.838809967102
1178000  -776.888608393946  766.722040011285
1179000  -777.213948547515  766.634538852841
1180000  -776.92808047743  769.297211575662
1181000  -779.029029776761  769.006160755136
1182000  -778.705035105766  769.441524418084
1183000  -779.126709460237  771.230823416584
1184000  -780.235842119942  771.569708480795
1185000  -779.803511976191  772.902008299417
1186000  -778.621730307205  774.38388571393
1187000  -780.624527761326  777.037704825244
1188000  -779.344884786906  777.852651639188
1189000  -780.726445261998  777.520289401252
1190000  -780.92749886677  779.563647114184
1191000  -782.929639981241  781.385804168644
1192000  -782.485373794671  779.979497349873
1193000  -783.70531142215  779.585625551728
1194000  -785.245989988424  778.916014510282
1195000  -784.800395379206  779.128456575955
1196000  -787.353819928167  780.804993559005
1197000  -785.176387084719  782.232162334268
1198000  -787.002593689532  784.005208426751
1199000  -787.351252957244  784.723374857039
1200000  -786.37177217968  785.177349443167
1201000  -789.178621623662  785.158427886952
1202000  -788.962843096692  783.811187884358
1203000  -792.053242874474  784.403283101271
1204000  -790.948691137135  786.100991419793
1205000  -792.122466129268  789.266453155961
1206000  -792.815094560469  787.982077360863
1207000  -793.664018210433  789.98567962796
1208000  -795.441315235896  790.191658228986
1209000  -795.919753769737  790.922820511177
1210000  -797.104911667092  792.528050537483
1211000  -798.300759885397  791.967986660018
1212000  -800.221842374775  792.204128786267
1213000  -801.894675258956  793.312989916591
1214000  -804.021564334786  794.259298233049
1215000  -805.126590023946  797.056177202443
1216000  -808.417853474572  796.751881273933
1217000  -808.03576377924  796.485850486403
1218000  -806.097060817136  797.621579992734
1219000  -806.352422977642  799.898462227266
1220000  -806.692660192675  798.93538725968
1221000  -807.444324296988  799.852734492508
1222000  -806.999875952198  800.156359831054
1223000  -806.650057024522  799.394631070006
1224000  -809.53173579665  799.783495874272
1225000  -810.672051388076  800.110655398333
1226000  -809.348299492021  802.325658500011
1227000  -812.166408749438  802.078857727842
1228000  -813.695911895648  801.858846464158
1229000  -815.391981961949  802.457195292956
1230000  -815.31245699863  803.254347101248
1231000  -816.614004871693  804.636121628258
1232000  -816.199548423747  806.606411642737
1233000  -816.668826755878  803.846106323277
1234000  -816.413680247887  804.521374512426
1235000  -816.794699845834  806.887658378436
1236000  -818.80590929639  807.027220604544
1237000  -817.313117916201  808.472698319352
1238000  -818.096591396669  809.012164797443
1239000  -818.388650028357  809.834131496458
1240000  -818.327039631486  810.847314258679
1241000  -819.85533713833  810.438879840818
1242000  -820.933723708233  810.454785595092
1243000  -821.753801419195  811.248452355727
1244000  -821.814522344728  810.808347187588
1245000  -823.616486533607  814.010651048328
1246000  -822.888739428589  814.366376944846
1247000  -824.454635575079  813.376037227252
1248000  -825.171393430143  815.847745264242
1249000  -827.265496562465  818.945559105447
1250000  -826.755407635427  819.77824819637
1251000  -825.992224228625  818.950326171794
1252000  -829.041941508087  819.290242019154
1253000  -828.788616380109  821.760668224213
1254000  -827.589333280119  821.913349337012
1255000  -830.418352389472  823.784994036176
1256000  -829.235940188615  823.115013202298
1257000  -831.744041731598  824.485916258304
1258000  -829.511828001826  825.307659095285
1259000  -833.205822557107  827.047016484369
1260000  -834.424806857092  827.510538504074
1261000  -835.127476092894  829.315654898953
1262000  -832.372715735144  829.073583212728
1263000  -835.76818112718  828.781585135179
1264000  -835.555470069036  830.961978664282
1265000  -835.968242128198  829.178360367828
1266000  -835.09963713423  831.285335426737
1267000  -835.074622254879  831.819962336805
1268000  -836.071656382899  834.197780401094
1269000  -837.517302387703  833.342256539287
1270000  -838.80040856802  835.115799260359
1271000  -839.123072455071  833.828459718037
1272000  -838.490643819248  835.714496355625
1273000  -839.220876120426  838.399313308772
1274000  -840.060324104532  837.878607724688
1275000  -842.923153447595  836.686883559231
1276000  -841.231978473789  839.442757772824
1277000  -842.966733023179  838.801457775774
1278000  -843.99831721791  838.433074982776
1279000  -844.187575624664  836.78280183872
1280000  -844.667484982862  837.240083369865
1281000  -846.40502893024  836.827735305838
1282000  -847.033620002373  838.075981989125
1283000  -845.335495344006  837.608139579401
1284000  -846.346067514155  840.707353471433
1285000  -848.833562349958  842.400748156164
1286000  -847.725423884977  842.081784526039
1287000  -848.250387085397  842.383295637752
1288000  -850.567337627806  843.827762300538
1289000  -850.416184011966  845.547709318076
1290000  -852.401233808312  846.374987108646
1291000  -850.514991814901  848.043074816121
1292000  -853.863252699003  847.932746022186
1293000  -854.91896885766  846.824487744167
1294000  -853.520267513591  849.230134347746
1295000  -857.017477146194  849.680866621439
1296000  -857.335160768832  849.570463491993
1297000  -856.921906086082  849.282006397268
1298000  -857.733983252584  849.986057571831
1299000  -860.021358447894  850.054112721323
1300000  -859.378900761277  849.359586741429
1301000  -856.481780096057  853.209833583463
1302000  -857.723449822435  852.741065531724
1303000  -857.908068881809  851.326847651402
1304000  -859.214642487069  855.031781011838
1305000  -860.915270259225  855.200596304861
1306000  -858.817461838954  855.88673369118
1307000  -860.955885574027  854.726133813145
1308000  -863.252096733167  856.592390280931
1309000  -861.814382827549  858.739933991582
1310000  -861.944093213538  858.52204952309
1311000  -861.128200973921  859.93871019085
1312000  -862.272283831927  858.735481050852
1313000  -863.090287285716  857.870604367807
1314000  -864.070432454721  859.316992794884
1315000  -863.796451396962  861.438342654409
1316000  -864.750137579471  860.933986560274
1317000  -867.020775277112  864.747743250913
1318000  -869.836518666597  864.05928068623
1319000  -869.946741945985  865.377752040506
1320000  -871.905154469052  865.700502817775
1321000  -870.227351751822  867.083194540649
1322000  -871.058026219387  868.381063136116
1323000  -872.408516590774  869.388799095247
1324000  -870.324831756194  867.845499246551
1325000  -871.774049123885  868.180686396463
1326000  -874.290038289039  868.482813729405
1327000  -874.171538768657  869.701130710295
1328000  -874.755213587927  872.101732758811
1329000  -875.24215045574  872.521498558329
1330000  -874.612876166586  873.87368126816
1331000  -877.873438634278  873.091917345727
1332000  -876.613502478971  874.211132613451
1333000  -878.029184267446  874.42040505923
1334000  -876.77514578074  877.007670617644
1335000  -877.561509031504  877.571734527733
1336000  -878.264604125277  876.830228257609
1337000  -879.143026377561  879.384427453365
1338000  -877.240830799574  878.518634847287
1339000  -879.978620665005  880.113730853992
1340000  -879.072714764449  881.195781941607
1341000  -880.379937859541  880.403819418179
1342000  -882.779726727619  879.943188719223
1343000  -881.626786685793  880.066166562329
1344000  -885.648089454956  882.150792369429
1345000  -886.013897202765  879.997192582214
1346000  -885.23994650319  882.334143992697
1347000  -884.75627861534  883.496029926856
1348000  -885.948935075294  882.225014350175
1349000  -887.92589316767  884.726368261753
1350000  -887.804366790374  885.066306070346
1351000  -890.462101929757  885.314092905645
1352000  -887.331674582623  887.744563896731
1353000  -886.838687698782  886.801435195048
1354000  -890.359252327899  884.76661148245
1355000  -890.494033462717  886.765093602103
1356000  -893.315966807208  888.571169440082
1357000  -893.137872619767  890.253588512273
1358000  -893.506898127873  891.557467776447
1359000  -894.576823685257  891.186621465477
1360000  -891.533688969399  890.38534322311
1361000  -894.485932620531  892.008173365566
1362000  -892.407262588684  892.876268662267
1363000  -892.876310745441  891.902905304713
1364000  -896.731000823483  893.757911925999
1365000  -895.227026508728  894.824802335511
1366000  -896.335004355127  894.130747965564
1367000  -897.7432739  894.466426416682
1368000  -899.296278979267  894.647446768678
1369000  -897.40457470659  897.038547078242
1370000  -897.799608124022  896.856400829898
1371000  -897.836336479867  900.115202459333
1372000  -900.211948133495  902.641375123728
1373000  -901.142214390238  901.881144095318
1374000  -901.13890965131  901.122280533027
1375000  -901.877780461051  902.215613031063
1376000  -902.323311364468  901.818468541612
1377000  -904.69523775773  903.176814618051
1378000  -904.742199659579  902.564800530794
1379000  -903.150753745592  902.827616828883
1380000  -905.511008618983  903.800519796054
1381000  -905.761154732005  903.965307428215
1382000  -903.936284588117  903.740401084121
1383000  -904.813374922057  902.439282432081
1384000  -906.536037226926  905.299179956117
1385000  -907.366706424525  904.774683755128
1386000  -907.055219603553  904.469828017355
1387000  -908.637825758911  906.832711259722
1388000  -909.898520661735  904.743553354034
1389000  -908.872142140076  906.226850270338
1390000  -909.569105819405  906.717373113253
1391000  -909.815455634277  908.999687199015
1392000  -911.402803490759  907.322421231899
1393000  -911.872749157814  908.131707869726
1394000  -911.724129576198  907.207703639624
1395000  -914.922809495399  909.009198165679
1396000  -913.353599892912  910.703948536074
1397000  -915.157019374518  910.94634799308
1398000  -914.798801784166  908.787005414866
1399000  -918.008567454315  909.655633970852
1400000  -917.339088114509  909.806538089564
1401000  -920.809180616068  910.301318519388
1402000  -921.71898450367  912.297865472283
1403000  -922.358272386743  912.484399366291
1404000  -921.057484696979  914.164364399257
1405000  -922.235860155626  913.553202509708
1406000  -921.585753557887  914.432389022799
1407000  -919.163325823282  915.391008917748
1408000  -921.574409275785  917.156335304895
1409000  -921.048896451954  918.322899681757
1410000  -922.777247706361  917.694339782658
1411000  -923.455495257934  920.186001450187
1412000  -924.827125328264  920.141296835394
1413000  -923.372722420305  919.946236798215
1414000  -925.974428244785  921.553920044754
1415000  -926.024543681632  922.679881007386
1416000  -926.509765919393  925.699805307683
1417000  -927.708490524506  926.700108698061
1418000  -927.928860012345  925.417119462442
1419000  -927.013977301044  927.681154724391
1420000  -928.856972004378  927.701220736973
1421000  -930.636093711177  927.98418827423
1422000  -930.749302642802  930.614227051984
1423000  -929.496163221032  930.291752113597
1424000  -928.386092993543  930.656273788017
1425000  -931.719319255476  931.594471989718
1426000  -931.865680080956  932.409871220324
1427000  -931.828517994556  932.231087039514
1428000  -931.812483126409  933.573995068945
1429000  -934.137147591425  932.838972666607
1430000  -932.874443882576  931.426940761209
1431000  -933.027368180574  931.003708843565
1432000  -934.584094239485  933.385933089251
1433000  -935.985710172101  933.50869107779
1434000  -937.696260923961  931.244753136238
1435000  -935.980586406449  933.44258994333
1436000  -940.238446948507  933.919468849712
1437000  -941.619457898863  933.441114304116
1438000  -940.914510242184  934.013431004618
1439000  -943.161970420945  935.299771939794
1440000  -943.589983346505  935.920944983177
1441000  -942.107616187494  936.415675713319
1442000  -941.106554342365  935.703675326871
1443000  -943.179947855576  936.980007021095
1444000  -943.630407164799  938.423740207189
1445000  -945.474585144217  936.029510305104
1446000  -948.533478448684  936.637079768544
1447000  -949.618200582808  939.369247793283
1448000  -949.674472325842  937.264993160665
1449000  -948.497609214998  938.344237560146
1450000  -948.313372269854  939.308426843194
1451000  -950.05397058593  937.921213560082
1452000  -951.170627639015  937.10397624897
1453000  -952.17212506127  940.551570788545
1454000  -952.408049380022  939.47405031385
1455000  -953.142827979153  942.343976454116
1456000  -953.621615233932  942.96799275047
1457000  -954.224068382009  944.006627759344
1458000  -953.51450866939  944.518766294141
1459000  -953.603050115717  945.535635070289
1460000  -953.031751781068  947.998060303808
1461000  -954.77353468144  948.420463029329
1462000  -957.397157735572  950.979001945129
1463000  -953.930024305813  950.089307929326
1464000  -953.25040425656  951.884754943915
1465000  -955.281052757268  952.585425631649
1466000  -954.107653689133  954.138980372968
1467000  -956.792220964817  958.192604350481
1468000  -955.547633763887  953.171674987764
1469000  -956.730275190178  956.145745837716
1470000  -957.492917919654  957.170872706933
1471000  -958.289506195693  957.10407616251
1472000  -956.682681280524  958.824007199044
1473000  -957.917939060166  956.945232656789
1474000  -960.077568467215  958.443565334271
1475000  -959.524812430466  960.124807898275
1476000  -958.474781300191  958.850061476121
1477000  -962.243038361665  959.925675255439
1478000  -962.113998544226  960.613488781523
1479000  -963.593737520381  961.93319811403
1480000  -963.01723765803  962.5232444403
1481000  -963.041269384104  962.3756128067
1482000  -961.88392151843  961.85833043763
1483000  -963.006246804617  962.966251278789
1484000  -965.359870839079  963.106950383197
1485000  -966.219852080854  963.722982079533
1486000  -968.611781803703  960.777967078214
1487000  -966.060567409743  964.692814250383
1488000  -969.145784939332  963.395972441141
1489000  -969.761879293299  964.716947736337
1490000  -970.612417458938  961.57996563257
1491000  -971.52260906103  965.447144114354
1492000  -972.215471747572  967.658663341615
1493000  -974.770191091972  968.393250197428
1494000  -974.046268294349  968.510405321125
1495000  -975.267890089949  968.911605768607
1496000  -976.639661037288  971.12673510605
1497000  -978.330569638153  971.223625927282
1498000  -976.297571514976  974.428622938279
1499000  -977.818255812711  973.418060189188
1500000  -977.332302449689  973.882716163047
1501000  -977.428806384036  977.382613701807
1502000  -978.433140302289  977.538498332878
1503000  -979.506921080741  977.799441750561
1504000  -978.489174476036  977.32565795078
1505000  -981.236657462697  979.69135140892
1506000  -981.232914783167  980.806631446764
1507000  -983.013213476705  979.87474058378
1508000  -985.25377376074  979.569254516813
1509000  -985.200810283585  980.341771786777
1510000  -986.948480886258  981.528659290066
1511000  -985.766135571678  983.254985137159
1512000  -987.730520803141  980.409064645827
1513000  -989.612117955891  981.777868371184
1514000  -987.392424694178  982.975300930157
1515000  -989.470674049214  981.282065164923
1516000  -988.367490957274  982.839662775648
1517000  -990.599102194853  982.517750713991
1518000  -991.548638899484  984.359856279377
1519000  -992.053645691525  984.252208836555
1520000  -994.225069509648  984.466457041918
1521000  -993.772124246297  988.624121083325
1522000  -993.866098289889  987.929734199778
1523000  -995.850423336166  988.3138166546
1524000  -996.724487210316  987.345764165598
1525000  -997.314375861722  989.361776803214
1526000  -997.691895217737  991.725155772952
1527000  -999.997843464209  992.62083564208
1528000  -999.265117070105  994.594853724199
1529000  -999.073233676262  994.289281306293
1530000  -998.164973733658  996.062789896177
1531000  -999.522190754329  995.645000683278
1532000  -1000.82641229056  996.519881164755
1533000  -1000.44342575791  998.775263022121
1534000  -999.011993957061  997.460954260602
1535000  -998.324144974709  1001.01064029307
1536000  -1000.0878267216  1002.30846129826
1537000  -1000.0241967006  1000.84266366336
1538000  -1002.1287707488  1003.27335001427
1539000  -1005.0919161413  1002.42381532555
1540000  -1006.60078292971  1001.23900834166
1541000  -1005.27481240927  1003.02575280857
1542000  -1006.84488174347  1004.91817377657
1543000  -1008.11066066444  1004.06644730811
1544000  -1008.59117139929  1004.03106093151
1545000  -1006.58701224861  1005.57105059606
1546000  -1007.84922935102  1005.55885874869
1547000  -1010.29341784553  1005.7947539129
1548000  -1013.47107900057  1006.72124435532
1549000  -1011.78436888357  1006.67646326609
1550000  -1011.53964080977  1006.67080406472
1551000  -1012.44125579132  1007.71921557287
1552000  -1012.17505574118  1008.77570904414
1553000  -1011.61132670002  1009.74571454435
1554000  -1012.55746480341  1007.23820974192
1555000  -1012.87022286804  1009.4845973759
1556000  -1013.31663631648  1010.40675126749
1557000  -1013.38261479938  1011.85318356238
1558000  -1013.44376038051  1011.61685297208
1559000  -1016.21423197947  1014.9296207306
1560000  -1017.32892822523  1013.58062857098
1561000  -1017.51294450332  1015.36831639375
1562000  -1018.43131407559  1016.94554622933
1563000  -1018.15811106734  1016.93989296795
1564000  -1019.84831195304  1017.12612930555
1565000  -1019.0732917158  1018.53241139515
1566000  -1018.58876221112  1019.91557268572
1567000  -1019.14537084168  1019.77881132507
1568000  -1019.92216378136  1019.94945925767
1569000  -1021.34021791733  1022.53126325493
1570000  -1022.87490495509  1021.85427229074
1571000  -1024.72183636954  1023.29765307532
1572000  -1025.63398558185  1021.32020780681
1573000  -1025.46178666078  1023.65819911268
1574000  -1027.42461362691  1026.22937898532
1575000  -1027.7328433204  1024.06916142354
1576000  -1029.20041847321  1024.85142007309
1577000  -1031.96992377255  1025.33820418069
1578000  -1032.05805038262  1027.37894851646
1579000  -1032.39257020964  1028.03282226635
1580000  -1035.60153836666  1028.45262594305
1581000  -1035.14720011474  1029.49877296195
1582000  -1033.89872546154  1027.84602867022
1583000  -1033.7854172352  1031.51414078446
1584000  -1034.15119068391  1030.63751189637
1585000  -1035.89676038321  1031.44620719405
1586000  -1035.3756159298  1033.93084983173
1587000  -1036.09010490632  1035.8327645702
1588000  -1037.64350203829  1036.24783575745
1589000  -1038.41173334169  1036.14364041908
1590000  -1039.54782779355  1037.90651319359
1591000  -1039.62516408078  1038.89677573383
1592000  -1039.88716922195  1039.67914959017
1593000  -1039.02431645398  1039.74864557392
1594000  -1042.36753665069  1039.64843802872
1595000  -1039.9947454567  1041.91274488036
1596000  -1040.88033521226  1039.92324669539
1597000  -1040.48872442029  1040.43938372969
1598000  -1042.17347961333  1042.25010457252
1599000  -1042.37193361512  1044.50984856682
1600000  -1042.32104174789  1044.10735644347
1601000  -1044.15880514859  1045.69073276263
1602000  -1045.66481540682  1045.37670680732
1603000  -1044.52690436514  1045.03302500667
1604000  -1047.29783353708  1046.40033942382
1605000  -1047.34443132764  1046.87938269617
1606000  -1048.67150712899  1045.14238344351
1607000  -1047.81952945909  1048.1981371133
1608000  -1047.75486296585  1048.99649612184
1609000  -1048.10820265869  1050.26489724714
1610000  -1049.5129522215  1049.72600125908
1611000  -1049.78135020304  1051.91036635987
1612000  -1050.26658925769  1052.50817899219
1613000  -1051.36861737795  1053.65961990155
1614000  -1052.29771611998  1054.39108689222
1615000  -1053.99954085692  1055.45088920205
1616000  -1054.63178426255  1053.48599120298
1617000  -1056.83780868393  1055.02909404613
1618000  -1054.20627648104  1056.13843818794
1619000  -1054.50028469404  1058.965997433
1620000  -1058.38391432721  1060.06185005105
1621000  -1056.90766595409  1060.24105871535
1622000  -1056.89915839267  1058.4743890879
1623000  -1057.33567995202  1060.11440710999
1624000  -1055.9472363271  1060.49985338604
1625000  -1058.55358662058  1059.85273663715
1626000  -1059.08005427806  1060.28149876049
1627000  -1060.01272350176  1060.76616177015
1628000  -1060.689240977  1060.98777073211
1629000  -1061.96093604573  1060.80221728553
1630000  -1063.84098895503  1061.58429952894
1631000  -1063.81061866207  1061.49054165239
1632000  -1066.46160813241  1061.74018598823
1633000  -1065.10397075694  1064.71831193381
1634000  -1067.00093600246  1065.19142464216
1635000  -1067.33963161503  1066.14686838271
1636000  -1067.95068048608  1066.41501677255
1637000  -1072.73427172756  1067.00033427309
1638000  -1071.17943514494  1069.48399630991
1639000  -1072.51444051662  1067.83526084929
1640000  -1072.05347605986  1070.02979417839
1641000  -1073.30052309314  1070.82714473721
1642000  -1071.54188191408  1070.17890007444
1643000  -1071.99424136503  1071.22808381172
1644000  -1072.92337265014  1073.84393576906
1645000  -1072.69921953596  1074.84478707565
1646000  -1074.76074188837  1074.45163432147
1647000  -1075.73984331171  1074.65800331472
1648000  -1075.94783935123  1076.67178272191
1649000  -1080.35038932096  1077.4426643538
1650000  -1078.01646194591  1076.68018542384
1651000  -1077.33716088399  1076.90169062751
1652000  -1077.66573189222  1077.74463626503
1653000  -1079.95592784165  1079.92009806163
1654000  -1080.25682372151  1078.90740019
1655000  -1080.43883496817  1081.99493983453
1656000  -1083.20940659826  1081.55081037368
1657000  -1083.59299534278  1083.80436429854
1658000  -1085.68957493572  1083.71095417667
1659000  -1086.07016635188  1081.89625692282
1660000  -1086.53548228483  1084.27017904587
1661000  -1085.29373721323  1085.2881417588
1662000  -1089.28773744991  1085.22065265913
1663000  -1089.26150574263  1086.64202511922
1664000  -1091.40755342847  1087.63795249653
1665000  -1092.6468054474  1088.74909222743
1666000  -1092.38575991954  1088.52873940793
1667000  -1094.7432975002  1088.21514746637
1668000  -1094.75131964994  1086.60157983937
1669000  -1098.03240111874  1086.76327621667
1670000  -1097.54926377471  1088.43915068062
1671000  -1096.10033008663  1090.45179789352
1672000  -1096.72355639744  1088.94832568788
1673000  -1098.01527311472  1090.41984583197
1674000  -1098.49832276368  1090.54869243404
1675000  -1100.53070541875  1092.82493197347
1676000  -1100.21371123946  1092.7397716684
1677000  -1105.43756747395  1094.24659946582
1678000  -1103.36569696663  1093.3666563307
1679000  -1104.49969053643  1094.24764390998
1680000  -1105.20675640205  1095.22819766053
1681000  -1107.44101295973  1096.69691018183
1682000  -1108.34765267603  1097.81894099371
1683000  -1106.69064670425  1097.39440003753
1684000  -1108.48764265849  1101.04379351799
1685000  -1109.1453169882  1099.75995571758
1686000  -1107.5954728739  1101.42296699356
1687000  -1107.28833941541  1102.2278204384
1688000  -1109.56517265475  1103.05871339554
1689000  -1113.99302939008  1101.76562515516
1690000  -1114.83364772416  1102.71462425068
1691000  -1113.13462045056  1105.40760383875
1692000  -1114.98185962769  1105.93366498311
1693000  -1114.11055742457  1104.56893483288
1694000  -1114.23748106517  1106.81939813498
1695000  -1117.76036551278  1107.22011716925
1696000  -1116.0092610492  1109.03424080917
1697000  -1118.94749595006  1108.78524835459
1698000  -1116.02383662689  1110.71191610694
1699000  -1118.36516635057  1111.95939066639
1700000  -1118.10194326343  1110.84941746721
1701000  -1119.29755903669  1111.49073097572
1702000  -1119.14239793748  1111.96117925189
1703000  -1118.97269430015  1112.83736820262
1704000  -1119.09612696166  1113.89715215366
1705000  -1119.73070506158  1113.64906148175
1706000  -1120.58304837435  1114.11471598679
1707000  -1120.53053137955  1112.5266755348
1708000  -1120.35452339395  1112.39772978904
1709000  -1122.595337693  1115.11059584606
1710000  -1120.98260658581  1115.33574762149
1711000  -1121.27641670945  1116.70230604724
1712000  -1121.77213016892  1117.10651157465
1713000  -1126.32934151108  1118.39065749379
1714000  -1123.46467558894  1117.51322983942
1715000  -1127.70638050879  1122.46639101411
1716000  -1125.70759654684  1122.38462793835
1717000  -1126.39316287531  1123.6959162036
1718000  -1129.44121799061  1122.98341982082
1719000  -1126.6904910025  1121.63959818281
1720000  -1129.57942489644  1123.32906428849
1721000  -1129.21189026107  1123.76910377776
1722000  -1130.7806442908  1123.27605973565
1723000  -1132.59287773949  1127.61355345769
1724000  -1132.58491203145  1125.97996285297
1725000  -1134.39069970471  1126.88872135909
1726000  -1135.29062364031  1125.86456121095
1727000  -1134.93599737962  1127.7430176017
1728000  -1135.54182717894  1129.16883925588
1729000  -1134.38721930108  1130.0318798875
1730000  -1137.16634521418  1130.56884129695
1731000  -1138.37675213959  1132.50472987936
1732000  -1138.74728301381  1132.56833045047
1733000  -1138.96354093074  1132.56556915853
1734000  -1140.30111228492  1133.32890128606
1735000  -1141.34765755373  1136.43058308541
1736000  -1140.12060942926  1138.43777707244
1737000  -1142.31306186119  1139.16837690858
1738000  -1142.41953491033  1140.91896983528
1739000  -1144.10072535579  1140.76864802667
1740000  -1143.98482364261  1141.99406507348
1741000  -1143.25974589584  1143.49542946379
1742000  -1144.87038613476  1143.58594160507
1743000  -1145.84863554796  1144.4904202473
1744000  -1147.97081615561  1147.19486836634
1745000  -1148.72674465194  1146.74042983269
1746000  -1147.16021615783  1146.47859904063
1747000  -1148.09919540566  1147.1372322807
1748000  -1151.16547020334  1149.44805917296
1749000  -1150.93556977802  1148.78692820493
1750000  -1150.84556436998  1148.18170418332
1751000  -1153.18531530863  1149.9302968339
1752000  -1153.59115738468  1150.32490045893
1753000  -1154.95542940315  1150.42732810339
1754000  -1157.01946108734  1153.73031294287
1755000  -1158.20789491655  1155.54968649871
1756000  -1156.68023153343  1156.07248612508
1757000  -1159.17476585096  1156.54084933745
1758000  -1158.19508305088  1157.22226964811
1759000  -1158.63203345779  1156.84091490784
1760000  -1159.80648837575  1159.26443305251
1761000  -1161.88669981488  1159.70964600924
1762000  -1165.11337278336  1158.63183243101
1763000  -1164.36115026529  1159.73787562125
1764000  -1166.5063192285  1161.87263153784
1765000  -1166.32442724904  1162.32307089071
1766000  -1168.43636083411  1164.84599142697
1767000  -1167.32398385907  1165.55771580872
1768000  -1170.32145542682  1166.23973219637
1769000  -1175.34038074132  1167.21162251154
1770000  -1171.86906983801  1168.45533455348
1771000  -1175.09616846255  1170.50053784437
1772000  -1174.57009746018  1173.72838838772
1773000  -1176.29939613309  1173.50100654188
1774000  -1179.27238635748  1174.47472790447
1775000  -1177.49067273469  1173.99133348416
1776000  -1178.52132466327  1173.60215509597
1777000  -1178.18221753738  1174.612977641
1778000  -1177.67245643384  1176.71119781729
1779000  -1178.52022737964  1176.15945345407
1780000  -1180.66110327575  1176.83031345891
1781000  -1181.83873684483  1175.81009940268
1782000  -1181.46247158853  1177.27976085649
1783000  -1183.15753930406  1180.56156089938
1784000  -1184.33580168802  1183.23814756069
1785000  -1185.61528051678  1181.6251103883
1786000  -1185.47632482761  1182.19499720948
1787000  -1185.5738842003  1185.71093477621
1788000  -1187.21625105675  1183.97762390909
1789000  -1189.45064585582  1184.73421963
1790000  -1190.11064895843  1186.7651966153
1791000  -1190.92961612755  1189.20781032654
1792000  -1187.45955448624  1186.7830195637
1793000  -1191.49633638771  1188.1281248497
1794000  -1191.54318976847  1191.11296435607
1795000  -1194.3673345809  1189.62975496063
1796000  -1195.66831734189  1190.70518791095
1797000  -1196.67256923369  1192.85331047641
1798000  -1195.91544053397  1194.25667204882
1799000  -1199.21414991334  1195.2812066716
1800000  -1199.82334485877  1194.82782809401
1801000  -1199.59467037705  1195.31834545351
1802000  -1200.29393788355  1195.21492101848
1803000  -1201.73960260346  1195.17847166923
1804000  -1203.50360587267  1196.41910188316
1805000  -1202.65178019544  1196.27377601193
1806000  -1203.8297525608  1198.15435365864
1807000  -1206.42807060408  1198.3459152389
1808000  -1203.31481757227  1200.08753415244
1809000  -1205.45057583434  1200.1390216341
1810000  -1205.37898268587  1200.15288175174
1811000  -1206.78049308574  1198.34207087418
1812000  -1206.64215601664  1200.90856479921
1813000  -1207.41932694636  1200.47014486832
1814000  -1207.95960602626  1201.70670029655
1815000  -1208.73027144758  1203.84738146866
1816000  -1208.78534464967  1205.75326913056
1817000  -1209.78289525524  1206.42327120361
1818000  -1211.50060463435  1206.37654512631
1819000  -1211.8605070197  1206.74899479997
1820000  -1214.06090304715  1208.31934200213
1821000  -1214.35929288584  1208.91791891344
1822000  -1214.06251843498  1209.68041044882
1823000  -1213.82758039899  1209.7364207479
1824000  -1215.59044849992  1210.57472501326
1825000  -1213.83098585067  1210.67555429438
1826000  -1214.08383434467  1212.34092552249
1827000  -1216.11479860283  1213.97574205947
1828000  -1216.1639072646  1214.31293543074
1829000  -1219.87561271328  1213.65788290805
1830000  -1219.99306106204  1214.86348154676
1831000  -1221.64829001118  1215.76011918262
1832000  -1220.33689950223  1217.01653743099
1833000  -1219.48370505762  1217.41835641193
1834000  -1223.75932352682  1218.12995387206
1835000  -1222.41530095414  1218.08392203314
1836000  -1222.7348618136  1216.86871187317
1837000  -1224.43798593434  1218.00544143146
1838000  -1225.12651882959  1220.12898167172
1839000  -1226.17499625644  1220.88182568627
1840000  -1225.19641829649  1222.18423906373
1841000  -1227.17228381889  1224.42517035064
1842000  -1226.56394141652  1223.26526778942
1843000  -1228.39385915209  1222.37930181915
1844000  -1229.25355065664  1224.79426564562
1845000  -1228.64235721505  1226.45241950615
1846000  -1229.83308475484  1228.01562548993
1847000  -1230.74206762443  1229.54289709521
1848000  -1232.34053512365  1230.47066064426
1849000  -1229.97124222531  1231.71790289231
1850000  -1230.85019110358  1232.67504400405
1851000  -1232.3899430929  1232.59559931454
1852000  -1231.16780401651  1231.42784385743
1853000  -1231.99817019601  1233.52570085435
1854000  -1231.81496198292  1233.34242102265
1855000  -1233.45901697959  1235.25063104488
1856000  -1234.78789592163  1236.18232867158
1857000  -1236.6438997982  1236.37564048069
1858000  -1236.9029718893  1236.149579891
1859000  -1238.47103964152  1236.85525962522
1860000  -1240.95757439166  1234.51450015499
1861000  -1240.43197738799  1237.77950640359
1862000  -1239.94896835374  1239.00498881639
1863000  -1241.5014179077  1240.84279154016
1864000  -1243.94468431321  1241.63879291908
1865000  -1243.6166112091  1243.87253810395
1866000  -1245.26738597357  1243.55347425843
1867000  -1246.81375436831  1242.14118219581
1868000  -1246.99712520729  1245.15366309808
1869000  -1247.54583714387  1247.21739921178
1870000  -1247.5816264029  1245.67426742624
1871000  -1250.5910643184  1248.10568456989
1872000  -1250.28198568828  1248.11144704094
1873000  -1252.06459536576  1248.05940537823
1874000  -1253.11878829754  1251.42867327803
1875000  -1254.41136749923  1250.17170192814
1876000  -1255.88687185192  1250.42185082531
1877000  -1254.1949435861  1252.66696734263
1878000  -1257.96719458371  1253.04865454248
1879000  -1258.80618867549  1253.22659052305
1880000  -1260.05382341818  1253.44002521105
1881000  -1258.11820392843  1253.96715529305
1882000  -1261.85347024738  1257.30979418693
1883000  -1263.15763865964  1255.8102534333
1884000  -1262.84831738618  1256.89896460395
1885000  -1263.35127462297  1258.02825328289
1886000  -1263.53193801015  1260.45947652029
1887000  -1262.9063777926  1259.11151728447
1888000  -1261.5880479307  1259.27979204261
1889000  -1265.71839426094  1262.48452458052
1890000  -1263.54499142741  1264.89802836615
1891000  -1265.23055724285  1263.82389376301
1892000  -1264.37506159906  1266.18512192826
1893000  -1266.74302006188  1264.7467559846
1894000  -1268.13777445678  1265.79781409084
1895000  -1268.53779380755  1266.81185243843
1896000  -1269.76841354429  1269.54607871494
1897000  -1269.82153667273  1269.78910780774
1898000  -1272.23265425653  1270.76408272016
1899000  -1273.25008919239  1269.55688702681
1900000  -1274.15771625346  1271.31527172432
1901000  -1273.99769156074  1271.35943813004
1902000  -1274.12204032238  1272.08770927378
1903000  -1274.88373957142  1274.28828043242
1904000  -1275.9471116569  1273.17655461928
1905000  -1275.45218902623  1273.73361809279
1906000  -1277.03768168477  1274.82654612832
1907000  -1277.42867193751  1273.94428676397
1908000  -1280.00577567453  1273.78845473305
1909000  -1278.92764022667  1273.83600277752
1910000  -1277.88293452545  1274.51822334198
1911000  -1280.48907475231  1275.91364752592
1912000  -1282.73026708278  1275.57697107561
1913000  -1283.17705669474  1274.1874801457
1914000  -1283.79057672068  1278.80074976825
1915000  -1285.28086981659  1279.51434169511
1916000  -1285.65538028258  1281.20343577966
1917000  -1285.10288620621  1283.15885296811
1918000  -1286.83817858693  1283.71623676212
1919000  -1287.03780656581  1282.03741855996
1920000  -1289.40570581585  1284.25152130425
1921000  -1290.5471689544  1286.37011524821
1922000  -1289.61874010741  1285.16754364739
1923000  -1292.00158058744  1284.25542897169
1924000  -1292.38384176527  1284.53257368979
1925000  -1293.10244632755  1286.51923574967
1926000  -1296.18551670021  1287.94472076598
1927000  -1294.55422177829  1286.10073263584
1928000  -1297.38787531736  1286.99500915249
1929000  -1294.96121705231  1289.41162153122
1930000  -1297.27122855461  1292.60082624105
1931000  -1297.97127015018  1291.40140130635
1932000  -1298.49501210632  1292.02362558258
1933000  -1299.25758444407  1294.16651404972
1934000  -1301.21981992826  1295.35937208943
1935000  -1301.08232613695  1294.32006092323
1936000  -1300.31541206663  1295.02837269183
1937000  -1300.49844796795  1297.95980277695
1938000  -1302.346034531  1296.17924244782
1939000  -1302.85419002622  1297.50471793092
1940000  -1302.2036734571  1298.97746664143
1941000  -1303.92706578606  1300.09921797162
1942000  -1302.53238463721  1300.47274796887
1943000  -1305.20725610944  1301.78863510238
1944000  -1305.43227310914  1301.55664091919
1945000  -1305.59848773386  1302.43104687755
1946000  -1306.25116873566  1303.84829545067
1947000  -1307.60949703783  1304.1074735792
1948000  -1307.77000722404  1303.50302355305
1949000  -1306.46461711202  1303.679694257
1950000  -1307.50527963417  1301.18983132945
1951000  -1309.52520252391  1300.90756485575
1952000  -1309.29078184599  1301.71363842611
1953000  -1310.17495361956  1303.36578733829
1954000  -1310.45508222453  1304.38139862024
1955000  -1310.12772774267  1303.06018817528
1956000  -1311.53052588266  1304.15646899482
1957000  -1313.03917675191  1305.36822842316
1958000  -1310.60116993502  1305.51815141646
1959000  -1313.14968794421  1305.33352053468
1960000  -1313.91515163343  1306.3679622181
1961000  -1313.74671566992  1308.2669546238
1962000  -1315.23622922112  1307.21122241485
1963000  -1317.06706814696  1311.27864554945
1964000  -1316.0119301475  1310.42760729517
1965000  -1317.71539693613  1311.38958852266
1966000  -1318.70397581726  1312.03649515641
1967000  -1318.15369537585  1313.30508739065
1968000  -1319.08032734533  1312.79402944712
1969000  -1320.09537218335  1314.6094392299
1970000  -1321.63431459243  1315.82161571123
1971000  -1322.12633563424  1315.1705330754
1972000  -1322.32519203051  1314.4244380089
1973000  -1322.233352457  1317.41356701697
1974000  -1322.72893109045  1319.84456916865
1975000  -1321.46057992046  1319.29339923339
1976000  -1323.00407601477  1322.44695421198
1977000  -1325.27148705899  1321.91507402445
1978000  -1326.04124903865  1323.04438270938
1979000  -1326.83434023323  1323.16406528683
1980000  -1328.62656360996  1323.08752985267
1981000  -1326.64753247513  1323.60526810873
1982000  -1328.04848080528  1324.01636342556
1983000  -1331.85185066954  1326.98646114641
1984000  -1329.71150353392  1327.93948707082
1985000  -1331.52808152725  1328.52951155755
1986000  -1332.10726834929  1331.89341941018
1987000  -1332.38604832656  1330.25174146883
1988000  -1334.24066762222  1332.69960432358
1989000  -1331.79829106866  1334.70806764457
1990000  -1333.31137454505  1336.57833963086
1991000  -1334.41110271753  1335.27730723411
1992000  -1334.92375154441  1335.19566371218
1993000  -1335.86030368081  1338.64349988884
1994000  -1337.92892403021  1337.37115005817
1995000  -1337.68805799748  1338.04823023484
1996000  -1339.24525304405  1336.69266635324
1997000  -1338.30934801057  1338.1020194059
1998000  -1337.86366282758  1338.9715408148
1999000  -1340.23349232532  1340.75331355952
2000000  -1340.7847278125  1341.39725007583
2001000  -1341.28214833871  1341.10547726703
2002000  -1344.52504885166  1341.53169630022
2003000  -1343.13751207154  1343.06210748403
2004000  -1344.88882589212  1342.75022569816
2005000  -1347.68963834523  1343.74485896734
2006000  -1349.23293905411  1343.74982720955
2007000  -1350.10150442605  1345.96556831056
2008000  -1351.97150979168  1345.802388151
2009000  -1349.11124056118  1348.33520828059
2010000  -1349.73937785395  1349.6170852955
2011000  -1350.712085681  1349.77413366372
2012000  -1350.6521781868  1349.32929927593
2013000  -1352.02072174837  1349.41416281657
2014000  -1352.66412148823  1348.99805032352
2015000  -1350.38113728505  1351.89087462959
2016000  -1351.90933810964  1353.50637584321
2017000  -1351.612371351  1354.66192339864
2018000  -1353.33050714754  1354.27481324204
2019000  -1355.79072673776  1356.45331092436
2020000  -1354.78584393604  1356.92619962577
2021000  -1356.66648795114  1355.39696021287
2022000  -1356.89125533029  1355.90598353038
2023000  -1355.81694975319  1356.91078585063
2024000  -1355.69671551729  1357.69249716972
2025000  -1356.75333229076  1356.53307573786
2026000  -1358.91769967807  1358.79408261915
2027000  -1360.40636409688  1359.96607820165
2028000  -1360.97630295209  1360.78437084275
2029000  -1360.97440371891  1361.73391153618
2030000  -1361.30310911665  1359.98453015885
2031000  -1361.39074855963  1361.49802724745
2032000  -1361.52080748903  1363.65221618283
2033000  -1363.46784237811  1363.36721658073
2034000  -1364.6167230407  1365.31482788386
2035000  -1363.93645433693  1364.30771171003
2036000  -1364.77809264135  1367.17867038613
2037000  -1364.22206781984  1369.14956964185
2038000  -1368.97736943456  1369.06534591708
2039000  -1368.11012200623  1371.29579804166
2040000  -1370.28729157488  1371.11577237565
2041000  -1373.91112811927  1370.73888704862
2042000  -1373.89423073324  1369.92231037124
2043000  -1374.04875463826  1368.74006167761
2044000  -1373.64280968896  1371.09888324379
2045000  -1375.33606270139  1369.88290516715
2046000  -1376.40533486845  1371.19008296499
2047000  -1376.07580255498  1373.32732270974
2048000  -1377.00028485185  1373.14343289402
2049000  -1376.80073836808  1374.54383208637
2050000  -1378.69664785452  1375.091724362
2051000  -1379.95571572827  1375.72037156243
2052000  -1380.25618678707  1374.31644337496
2053000  -1380.44910277435  1374.76086856965
2054000  -1383.57528295408  1375.42173260635
2055000  -1381.87717951791  1375.64946421816
2056000  -1383.16484273233  1377.58792795587
2057000  -1383.52893538158  1375.58847760343
2058000  -1385.75677175915  1376.15149241985
2059000  -1383.43456288806  1377.13814424223
2060000  -1384.91215475226  1378.58168683692
2061000  -1385.80962219913  1379.19488707119
2062000  -1384.99056857069  1378.99083826427
2063000  -1384.51250215  1379.87576533905
2064000  -1385.6904634416  1380.65513889539
2065000  -1386.53524608346  1380.52423109892
2066000  -1387.26590894684  1382.82921326244
2067000  -1388.80042758447  1381.83396296205
2068000  -1389.35310170429  1381.23530723654
2069000  -1389.24324114724  1381.58685166948
2070000  -1389.89820262543  1383.08487198639
2071000  -1389.8564542247  1383.77802487986
2072000  -1391.9257401408  1384.15102849024
2073000  -1394.71228616454  1382.76585717156
2074000  -1390.07931657034  1385.6672410654
2075000  -1391.40750483016  1388.62650590627
2076000  -1391.77500559291  1390.17150459734
2077000  -1394.77186811243  1389.5819920434
2078000  -1397.27989561575  1389.97472562503
2079000  -1395.844826088  1392.50428538227
2080000  -1396.48208719523  1392.19580052541
2081000  -1395.83804555328  1392.97702853721
2082000  -1398.91380796969  1394.45292598686
2083000  -1397.75352965821  1393.91657580325
2084000  -1398.38487082778  1394.49101248847
2085000  -1399.72631365126  1396.68234082938
2086000  -1398.62271403874  1396.65721965871
2087000  -1398.97859841715  1398.02195042141
2088000  -1400.92441856335  1399.62793365101
2089000  -1400.55762071683  1400.56722565443
2090000  -1402.42662646054  1403.56578940346
2091000  -1402.08751071093  1402.96528915335
2092000  -1401.91780772233  1401.69528912236
2093000  -1401.71775801921  1403.80607977665
2094000  -1403.28331991212  1404.3869645732
2095000  -1404.62971528141  1406.35989286246
2096000  -1403.55516989171  1405.6431156974
2097000  -1405.0429050972  1406.12529572641
2098000  -1409.20261477041  1407.86855957929
2099000  -1407.59549335699  1408.44470556794
2100000  -1407.91285640402  1411.03355325746
2101000  -1410.38922863866  1409.62651488523
2102000  -1409.62239624878  1410.70301840616
2103000  -1413.26680186608  1411.67008191958
2104000  -1412.49649591455  1413.97329720823
2105000  -1414.08711361874  1411.42724178599
2106000  -1417.6157475784  1413.80224551979
2107000  -1415.36011394342  1414.57631271348
2108000  -1419.16328294001  1415.0288232786
2109000  -1420.88076022525  1417.03873949765
2110000  -1421.01168672026  1417.17051135537
2111000  -1419.74141729071  1416.07554722272
2112000  -1419.53837915696  1417.8927345797
2113000  -1420.90830810453  1417.56590652488
2114000  -1420.30735614206  1418.472607739
2115000  -1423.33166936048  1418.66953029575
2116000  -1421.81440073507  1420.80996323597
2117000  -1421.31377260353  1421.07315688179
2118000  -1423.1397761501  1421.16118275214
2119000  -1421.58507354291  1422.60116270628
2120000  -1425.30891211093  1423.1978466345
2121000  -1427.47472062168  1421.60306646376
2122000  -1428.26020531216  1422.85317238582
2123000  -1430.41121513667  1424.88724093944
2124000  -1429.79518003292  1423.20586676144
2125000  -1428.78228950505  1424.66523880143
2126000  -1428.35487499403  1426.27539033944
2127000  -1429.92203874512  1427.94423032652
2128000  -1430.21958896523  1426.82361525393
2129000  -1429.98759439875  1426.86254137137
2130000  -1432.05900175109  1427.92265272196
2131000  -1432.40041303371  1431.65934348843
2132000  -1433.8996815758  1431.97318470566
2133000  -1434.58790515969  1432.37049211791
2134000  -1434.05634289479  1434.16402179824
2135000  -1435.96947313877  1434.77799130526
2136000  -1436.46105581216  1435.39607448757
2137000  -1438.2911666372  1435.93386969874
2138000  -1438.19175634431  1435.48880838164
2139000  -1439.17573918875  1434.81032542883
2140000  -1440.82722042307  1437.21408304531
2141000  -1440.62255366581  1437.70715194373
2142000  -1442.30415846786  1438.59806953815
2143000  -1444.40797946619  1438.79681500157
2144000  -1446.01588276093  1440.25857085899
2145000  -1446.78750406762  1443.50166184778
2146000  -1447.83684645931  1442.65098820226
2147000  -1448.6013425719  1444.00644970047
2148000  -1449.68096464653  1445.45689237462
2149000  -1449.08685215841  1444.84743044479
2150000  -1450.49449118487  1443.05122811599
2151000  -1451.72392904221  1446.14305082371
2152000  -1449.76442475143  1446.19563099485
2153000  -1452.09976195044  1446.84887774192
2154000  -1452.07773318614  1447.73847664037
2155000  -1453.14276067489  1447.89446583867
2156000  -1453.55293415133  1449.05553753574
2157000  -1454.66923111647  1449.1798949805
2158000  -1458.51716557292  1450.13113528818
2159000  -1457.03911994101  1451.67462719105
2160000  -1457.09430475156  1451.44446967815
2161000  -1455.90391436021  1452.07775318009
2162000  -1456.79728486123  1452.30733148104
2163000  -1455.34609319604  1453.6727806614
2164000  -1458.37654564929  1452.54762210197
2165000  -1458.62301247036  1455.24743292731
2166000  -1459.12069060074  1455.1799800985
2167000  -1460.02599553037  1456.47000146028
2168000  -1460.74549970699  1455.35793558592
2169000  -1460.31376189992  1456.76212057278
2170000  -1461.61940984536  1457.9512307467
2171000  -1460.82447855698  1458.60980016918
2172000  -1461.95518184111  1457.60323226643
2173000  -1463.34219567272  1460.65418612966
2174000  -1463.44693048821  1461.81122944219
2175000  -1464.014943052  1461.0241560933
2176000  -1462.30853426695  1462.38646914423
2177000  -1466.67410361837  1464.65536793563
2178000  -1465.03013792215  1465.41922571885
2179000  -1467.18792352578  1466.41507837224
2180000  -1468.54051714855  1468.16359349052
2181000  -1469.56342674566  1467.52135197878
2182000  -1470.8488149375  1466.5845283609
2183000  -1470.07608647783  1467.12853036686
2184000  -1470.81106645709  1467.87497504514
2185000  -1474.18965083877  1470.22541230151
2186000  -1475.76970513306  1471.53139128307
2187000  -1476.18916876636  1472.30591244349
2188000  -1475.39121703034  1470.84815498052
2189000  -1477.33885763228  1472.96885819936
2190000  -1476.74414465765  1473.1653096901
2191000  -1479.02955842428  1473.22750771298
2192000  -1480.01112114499  1473.5376464117
2193000  -1478.18430748143  1473.50118854898
2194000  -1478.31076433165  1477.98653901207
2195000  -1478.07027549232  1476.87257473084
2196000  -1477.27013216097  1478.06274669597
2197000  -1483.24960358094  1476.04686605413
2198000  -1484.1971533983  1475.72302531611
2199000  -1481.93344418505  1477.45644667505
2200000  -1480.20101564739  1478.48387162965
2201000  -1480.88826259849  1481.67860250392
2202000  -1483.33026647334  1481.43630079701
2203000  -1482.04952593688  1481.48572578933
2204000  -1486.03823041007  1481.8812461937
2205000  -1482.58318165351  1484.55300662148
2206000  -1486.11833807464  1484.52397552078
2207000  -1486.37565127261  1486.5319748291
2208000  -1489.10321759289  1486.58914263096
2209000  -1489.18755944111  1486.80888482012
2210000  -1488.11594345168  1489.19951559574
2211000  -1489.65208115634  1491.66021435646
2212000  -1490.67196799171  1491.4148604307
2213000  -1488.38628310635  1492.5618193961
2214000  -1490.64818798257  1493.72819455789
2215000  -1489.48484685124  1495.13621418299
2216000  -1491.23361526541  1494.16527109368
2217000  -1491.21689452217  1495.85247716155
2218000  -1493.5360372357  1495.07739180321
2219000  -1494.32050786306  1494.91175955564
2220000  -1493.46284374416  1497.41010691643
2221000  -1497.57303395365  1497.46530836708
2222000  -1498.06886251459  1499.37568997518
2223000  -1499.1486610324  1499.52971243301
2224000  -1503.46855631544  1500.16296627852
2225000  -1502.89598105728  1501.6936679173
2226000  -1502.27947167379  1501.44504551396
2227000  -1500.78757560619  1501.21036102878
2228000  -1502.04322036441  1501.68522245675
2229000  -1504.14898023959  1503.44618248297
2230000  -1502.82626744235  1503.66860507835
2231000  -1505.02806140043  1504.96983482322
2232000  -1505.64203449967  1501.85179377409
2233000  -1504.85099728531  1505.83149479672
2234000  -1505.68149320356  1504.11184724271
2235000  -1507.22344393973  1506.99460525762
2236000  -1506.9377440131  1507.54686081998
2237000  -1509.18316010886  1505.27365098611
2238000  -1509.69502900046  1507.50415794239
2239000  -1509.17884918507  1509.19316109785
2240000  -1512.23223648959  1508.28861668503
2241000  -1511.11486585766  1510.19375891567
2242000  -1509.47026383094  1509.41983648649
2243000  -1510.67234043178  1509.62901653268
2244000  -1510.14664006409  1510.66561455147
2245000  -1513.67797787146  1511.17831709496
2246000  -1515.3758263074  1511.6127971651
2247000  -1516.50608278399  1513.46435969025
2248000  -1518.70979663057  1513.82731387828
2249000  -1519.41726151849  1516.21215066387
2250000  -1518.67002256263  1517.14353392811
2251000  -1518.9094221709  1518.75189900209
2252000  -1519.90859946219  1518.00974439299
2253000  -1519.8400768564  1518.55867938817
2254000  -1520.79633053768  1521.24267424839
2255000  -1520.20657736262  1520.97917409672
2256000  -1523.0719899536  1522.6115518891
2257000  -1524.28734796559  1523.74620361918
2258000  -1522.66051901455  1523.78840448856
2259000  -1525.02424515628  1524.20883300067
2260000  -1523.45977587052  1522.96665674338
2261000  -1524.76483593357  1525.46889140867
2262000  -1525.14287974744  1523.94229645583
2263000  -1526.2017621637  1526.20156790973
2264000  -1527.97050157994  1525.68337027731
2265000  -1525.7953607348  1526.5198911423
2266000  -1528.22208228351  1525.97287461278
2267000  -1529.4021157162  1527.33353437803
2268000  -1531.32272223779  1526.83955261029
2269000  -1530.89743756358  1527.02104532824
2270000  -1530.91053953201  1525.3806249784
2271000  -1532.72252435204  1529.88213914692
2272000  -1534.41149926995  1528.51577120132
2273000  -1532.81573642167  1529.09054700793
2274000  -1535.55219484053  1529.77305635162
2275000  -1536.17914477061  1529.27330313797
2276000  -1537.63439396698  1531.1534791566
2277000  -1536.01770618061  1532.28640077397
2278000  -1539.19565740712  1530.40240782449
2279000  -1538.94643174247  1532.99241057951
2280000  -1539.8856550155  1533.52417916327
2281000  -1540.8221397423  1534.10106205465
2282000  -1539.73477283049  1534.85188118747
2283000  -1538.93733227133  1533.73689124508
2284000  -1538.73106595555  1536.01513263228
2285000  -1543.90882292553  1537.69116137461
2286000  -1542.30100363172  1536.70441736763
2287000  -1543.22288989016  1539.75414480281
2288000  -1544.86527351825  1538.94718994259
2289000  -1543.5356412813  1539.70897248724
2290000  -1545.65276296566  1540.16712218905
2291000  -1545.29843755623  1541.88799628409
2292000  -1547.92687048852  1542.23998304111
2293000  -1548.50014488303  1543.68704283055
2294000  -1548.50743103635  1543.41238384591
2295000  -1552.36999753282  1543.77501566659
2296000  -1550.79472562656  1543.85738953475
2297000  -1553.37811089417  1543.97126537766
2298000  -1554.37938977296  1547.62841049993
2299000  -1553.71510682973  1546.18074334706
2300000  -1554.24464894113  1548.19444856064
2301000  -1558.01519283406  1549.68832464083
2302000  -1554.60970386796  1551.13464164067
2303000  -1556.12238065374  1552.17841522806
2304000  -1555.3967852154  1551.97528895564
2305000  -1558.56513285141  1553.62995114436
2306000  -1559.24370508195  1553.9642270161
2307000  -1557.83374760125  1556.20180743196
2308000  -1562.60534995637  1555.68341215507
2309000  -1560.03818014831  1559.30940959787
2310000  -1562.22870288169  1558.30185400537
2311000  -1562.58065012725  1559.91234741434
2312000  -1564.00463408036  1558.83751723331
2313000  -1563.78575740091  1562.29825076442
2314000  -1565.1500040977  1560.14675552831
2315000  -1564.52796662993  1561.71002093764
2316000  -1564.87961407383  1561.85749411431
2317000  -1566.00429569071  1560.44346773109
2318000  -1567.58898650077  1564.22853864283
2319000  -1569.88537645446  1565.29710515836
2320000  -1568.15722430356  1566.42559733702
2321000  -1570.12441416988  1565.84886114056
2322000  -1569.84758892996  1565.68412750811
2323000  -1569.44213965798  1565.50269037637
2324000  -1570.21966182602  1565.4767744144
2325000  -1570.69740086826  1567.61304744816
2326000  -1571.38606651615  1570.01873780226
2327000  -1573.01771601766  1570.69525496625
2328000  -1575.32329936272  1571.04564117438
2329000  -1574.3826287722  1571.38830386134
2330000  -1575.00206534306  1570.16310536806
2331000  -1576.48279484644  1572.04653529016
2332000  -1576.24553323056  1573.20719961999
2333000  -1579.3044012964  1572.91890694666
2334000  -1575.84403173807  1574.14862329402
2335000  -1578.27743687498  1575.69426466761
2336000  -1578.2629486946  1575.99952610582
2337000  -1576.93761730244  1576.61774732015
2338000  -1578.84108535845  1574.931321159
2339000  -1579.64445325083  1578.04488422572
2340000  -1579.9307259738  1578.99414923074
2341000  -1582.47234800049  1581.81850514351
2342000  -1582.3579756247  1583.3219036551
2343000  -1581.60755323035  1581.71642831023
2344000  -1584.0654409438  1582.61827224109
2345000  -1583.61025296305  1582.97517631725
2346000  -1586.35953412839  1584.90856583833
2347000  -1587.09691827292  1582.97014123463
2348000  -1585.61865856653  1584.56559462271
2349000  -1586.94271332153  1584.68669557404
2350000  -1590.15672376238  1587.09996516379
2351000  -1591.61027462665  1589.14061226372
2352000  -1591.89647500092  1587.63043026105
2353000  -1592.13525995521  1588.2327251275
2354000  -1594.02734707673  1589.01419491907
2355000  -1593.80880450134  1589.30795744172
2356000  -1595.92405830816  1589.78273407888
2357000  -1598.07503340253  1590.41198338045
2358000  -1598.49367544724  1590.81454793248
2359000  -1598.6722843614  1591.36357484169
2360000  -1598.63737321859  1593.74535447603
2361000  -1597.06974168846  1593.63695105685
2362000  -1599.8898735227  1595.03464163469
2363000  -1599.94104391048  1593.65144368514
2364000  -1602.64664522601  1594.51409383991
2365000  -1603.40791421682  1595.13461459534
2366000  -1602.53322490743  1597.0497216942
2367000  -1603.79472202287  1597.87913100974
2368000  -1605.43018185733  1598.59451989633
2369000  -1604.36425140919  1599.86023407398
2370000  -1605.78166925957  1601.94123837076
2371000  -1605.20487348285  1600.73462198886
2372000  -1605.83922165131  1601.6574234862
2373000  -1608.50432779332  1603.48434028782
2374000  -1610.60154817799  1604.73004418453
2375000  -1611.17256075008  1605.89509358095
2376000  -1612.08444849881  1605.30594677653
2377000  -1610.43138586345  1607.08575185114
2378000  -1609.43833743604  1606.41466618737
2379000  -1613.58403806733  1607.95471636011
2380000  -1612.72707636787  1609.90634877793
2381000  -1613.69850900385  1611.3097965578
2382000  -1613.04243002814  1612.9313639999
2383000  -1615.42030197377  1610.86938486605
2384000  -1614.12510459559  1612.27557460564
2385000  -1613.95907862345  1612.69283413258
2386000  -1617.22283695653  1615.25613131807
2387000  -1614.70353980979  1613.35895948586
2388000  -1617.4277989285  1615.74481620692
2389000  -1616.84253495736  1616.42970425776
2390000  -1616.77331005129  1617.61606262114
2391000  -1619.83745860443  1616.16319352006
2392000  -1619.83287872018  1619.40606059225
2393000  -1620.95252732138  1618.97223658504
2394000  -1620.13981139718  1623.54213103002
2395000  -1619.41365092852  1622.99364983053
2396000  -1619.22756024296  1620.646274889
2397000  -1623.43477330404  1621.70119581582
2398000  -1622.94899302124  1623.06776186649
2399000  -1623.30079705923  1621.65558783613
2400000  -1626.38989215194  1621.53110017576
2401000  -1626.83631250029  1622.72081881137
2402000  -1626.45164032286  1621.83298227363
2403000  -1629.16917091843  1620.20747210443
2404000  -1627.81563381461  1621.88925954154
2405000  -1629.99077741145  1623.56152196015
2406000  -1633.42445677969  1623.7623893313
2407000  -1631.222532564  1624.27066587749
2408000  -1632.9264327547  1624.51432475155
2409000  -1635.74499168775  1624.41530354763
2410000  -1633.79077100266  1625.04702689473
2411000  -1633.95582256697  1625.53359708251
2412000  -1634.52488475138  1624.65924431511
2413000  -1635.392712224  1625.3607540669
2414000  -1636.65487007478  1626.24629571766
2415000  -1636.4689749929  1628.89526624312
2416000  -1635.862312582  1629.8709019953
2417000  -1639.13912757337  1631.61839339481
2418000  -1637.16462990703  1629.73816831493
2419000  -1636.87669255487  1631.82288713793
2420000  -1640.12204181543  1633.70594136997
2421000  -1640.68678503868  1635.41795749836
2422000  -1640.55826187651  1634.26218393659
2423000  -1640.5688043281  1634.45832674954
2424000  -1644.85778971517  1636.7911401839
2425000  -1643.40614927816  1637.70610525348
2426000  -1643.78886725713  1637.64614096214
2427000  -1645.39034111181  1638.05445547527
2428000  -1646.4476305869  1639.45177317587
2429000  -1646.95464284487  1639.88692017403
2430000  -1648.36567828234  1641.26667875288
2431000  -1650.23691983373  1644.35253340755
2432000  -1650.10865994547  1643.87505170277
2433000  -1652.93724824832  1642.95157741279
2434000  -1656.10984325519  1643.8255804187
2435000  -1655.3979087955  1644.3340170582
2436000  -1656.90073366488  1644.47811423275
2437000  -1654.38503576322  1644.80498434977
2438000  -1655.96874864952  1647.72889524547
2439000  -1657.53756574399  1647.95725442036
2440000  -1658.23576002714  1648.72129777104
2441000  -1657.98306451414  1650.60007221057
2442000  -1658.35466874444  1650.65205573832
2443000  -1657.88693991442  1649.57732060508
2444000  -1656.95387452937  1649.37687912335
2445000  -1658.24914019024  1649.65765094934
2446000  -1656.06280171205  1649.4136465415
2447000  -1658.42120941182  1649.99982269249
2448000  -1658.90216102807  1649.99378759948
2449000  -1659.79726345923  1651.43148786571
2450000  -1657.52670757082  1651.04174993164
2451000  -1659.40172406924  1654.05728364201
2452000  -1662.23627545789  1654.12205170496
2453000  -1661.99725637948  1655.62909699349
2454000  -1662.45916100396  1656.68062566518
2455000  -1664.25299483789  1656.64948638583
2456000  -1663.83978229542  1656.70341929999
2457000  -1661.90241122207  1656.83630279011
2458000  -1665.15982467263  1657.514191878
2459000  -1664.83609734671  1659.95150795988
2460000  -1663.64456895125  1658.74854849824
2461000  -1667.12263138249  1659.86193268897
2462000  -1666.3010692167  1660.8140769431
2463000  -1669.16601874651  1660.74866910576
2464000  -1666.9901772403  1658.32456514643
2465000  -1666.12024520608  1663.71400256283
2466000  -1669.97183880478  1661.06302245589
2467000  -1668.58939828155  1664.23643654565
2468000  -1671.3544404837  1662.33913761098
2469000  -1672.37948469909  1665.32393639001
2470000  -1672.35232398016  1666.83546874032
2471000  -1672.63286790423  1666.62848582197
2472000  -1671.32964682456  1664.71758048882
2473000  -1670.96349820899  1668.72987751323
2474000  -1674.01313929727  1667.31909192563
2475000  -1675.74470977459  1668.79029245597
2476000  -1674.49048723454  1669.14863366995
2477000  -1674.95140476446  1669.42137607759
2478000  -1677.93685437213  1670.34118012476
2479000  -1679.42987028557  1672.90728195703
2480000  -1677.1115467805  1673.83510931585
2481000  -1679.23122984536  1674.48394061022
2482000  -1679.39570473175  1674.05867777928
2483000  -1680.46199064435  1675.95208536784
2484000  -1680.09241072801  1676.57952361929
2485000  -1681.32426996367  1677.52614163594
2486000  -1682.08574366676  1676.34558788772
2487000  -1682.27237541891  1677.85845391703
2488000  -1684.22084928092  1678.42936879474
2489000  -1684.28466820412  1679.74659474654
2490000  -1682.54500638445  1681.49846083556
2491000  -1685.05141825073  1682.47589133013
2492000  -1683.64296204511  1682.40343174652
2493000  -1684.40975362752  1683.73831213124
2494000  -1685.04933236302  1683.51901959443
2495000  -1686.63762523593  1684.0778679233
2496000  -1685.59806097113  1682.30346400658
2497000  -1686.22729157076  1683.41298525217
2498000  -1684.34165465874  1682.96430627814
2499000  -1685.68953912995  1683.33543634665
2500000  -1688.90738577954  1684.16955990428
2501000  -1688.00923150598  1682.48905045959
2502000  -1684.55972186507  1683.19677070355
2503000  -1685.30851069171  1685.28218272671
2504000  -1686.22392913159  1684.46931599875
2505000  -1687.25069961173  1684.6180851844
2506000  -1689.80133894806  1686.2023540076
2507000  -1692.60637684321  1687.01464835458
2508000  -1692.27733961214  1686.21909181057
2509000  -1693.60361776749  1685.82879282843
2510000  -1695.27036352809  1686.18834300966
2511000  -1695.17669140724  1687.29289943061
2512000  -1697.20400865062  1687.70792709
2513000  -1698.5083822013  1690.89580651016
2514000  -1696.44713026124  1689.87080519368
2515000  -1698.61858244267  1691.7317677167
2516000  -1698.32482105163  1692.00278399618
2517000  -1699.73809044461  1693.60771881637
2518000  -1699.7716388799  1696.78041572193
2519000  -1698.52486283607  1696.77725285388
2520000  -1700.69518253333  1697.40985312351
2521000  -1700.56785322003  1698.60567290897
2522000  -1703.57542025977  1699.7678457362
2523000  -1700.63061027578  1701.89387694809
2524000  -1702.374310509  1699.5089612059
2525000  -1702.65077054069  1701.42382436573
2526000  -1704.72246111815  1702.00466255248
2527000  -1703.22655116729  1704.28471931926
2528000  -1704.67376630181  1702.66762050162
2529000  -1705.2529916404  1702.5254327166
2530000  -1706.99212726731  1703.04095261435
2531000  -1709.15856643119  1702.99661106136
2532000  -1710.99091631865  1704.81208345864
2533000  -1708.40550702219  1706.67048345833
2534000  -1708.33811799662  1705.77570743214
2535000  -1708.39146311824  1706.9848834321
2536000  -1709.07400854102  1709.12334839118
2537000  -1713.362868958  1709.69785661352
2538000  -1711.11003874463  1708.14629530553
2539000  -1711.86349662979  1710.369229272
2540000  -1712.26954296535  1709.72828442191
2541000  -1712.52281787597  1708.92506143399
2542000  -1714.70165928867  1712.17451686973
2543000  -1716.62245958666  1712.8996036926
2544000  -1717.53733246358  1713.54474780971
2545000  -1717.59529101857  1711.95107816014
2546000  -1718.44596442274  1712.71385863984
2547000  -1718.71046340526  1714.15390052702
2548000  -1720.17933979893  1712.36030794882
2549000  -1720.4845338977  1713.83860320103
2550000  -1724.25470183234  1715.32911378
2551000  -1725.07956935676  1713.83077217842
2552000  -1724.46296009082  1713.86636695082
2553000  -1724.25591387883  1715.56338897728
2554000  -1724.85727646183  1718.66718781368
2555000  -1724.67095196957  1719.94624216369
2556000  -1727.68078861897  1720.09662167603
2557000  -1728.01562693845  1718.85056954394
2558000  -1728.18760935807  1720.05998246772
2559000  -1729.16133199273  1723.21158583141
2560000  -1730.13293751165  1721.8807900363
2561000  -1731.13407976181  1723.56117200645
2562000  -1733.58326692459  1722.40802039001
2563000  -1731.08319443534  1723.56034601713
2564000  -1734.1973626954  1723.8083321061
2565000  -1733.97175139698  1725.62570785598
2566000  -1733.74469613917  1726.25251694648
2567000  -1736.31819071506  1725.88126923007
2568000  -1736.14477078656  1728.07957793784
2569000  -1738.68299875745  1728.60364761532
2570000  -1738.96177761565  1731.072321558
2571000  -1739.14362570538  1733.18470876457
2572000  -1740.29979144903  1734.24278373201
2573000  -1741.26997581428  1732.03926841165
2574000  -1741.27528376916  1735.67567094724
2575000  -1741.12651805094  1735.95045626
2576000  -1740.71741047098  1734.28788035249
2577000  -1739.30923078893  1735.62335926761
2578000  -1738.97286537105  1737.23141173149
2579000  -1738.79111903135  1740.57900956462
2580000  -1739.93380241435  1740.14046752333
2581000  -1740.18638245292  1739.22575561181
2582000  -1739.79713944041  1742.57554619809
2583000  -1741.35409646787  1741.85832075425
2584000  -1742.90474522651  1742.53966878973
2585000  -1741.7768159639  1742.93938062538
2586000  -1742.89111133218  1742.08219654633
2587000  -1745.90924322006  1745.04130202135
2588000  -1745.78379171879  1743.72676833698
2589000  -1747.00977199531  1745.03771288868
2590000  -1747.23479031939  1745.16532389893
2591000  -1749.03602238104  1745.73350632978
2592000  -1749.59325635408  1744.54551660754
2593000  -1751.25181366639  1745.94399523632
2594000  -1749.25115963692  1744.74750747873
2595000  -1750.67088816905  1746.11229903223
2596000  -1751.28364524172  1747.81398060242
2597000  -1752.87023453739  1745.49144885184
2598000  -1752.71184376496  1746.42613820179
2599000  -1753.53544904365  1744.90621509526
2600000  -1755.87144298489  1747.2643443265
2601000  -1756.14111638794  1747.75753125121
2602000  -1758.14555487615  1747.43908952887
2603000  -1760.53025942503  1748.502467346
2604000  -1761.14809920183  1749.70596046406
2605000  -1760.34904007798  1750.36985613624
2606000  -1759.07514476447  1749.6645218869
2607000  -1760.6369548722  1749.33250545349
2608000  -1762.96093144123  1750.93894460409
2609000  -1761.70432817356  1751.25245885838
2610000  -1762.37684641557  1751.06878907475
2611000  -1763.95352485025  1752.39308005558
2612000  -1765.26059989282  1752.18554521018
2613000  -1765.16027645549  1753.0650289962
2614000  -1766.89632283369  1755.24290621295
2615000  -1769.60513675654  1756.44131175952
2616000  -1769.06835975752  1756.31180766886
2617000  -1767.96239462599  1755.03390690449
2618000  -1771.17022113543  1757.16529574599
2619000  -1770.57424745893  1758.10530276162
2620000  -1770.70613404104  1759.20801370463
2621000  -1770.65274733551  1762.4163470395
2622000  -1773.85403521772  1762.45720558712
2623000  -1771.19214257783  1765.05152020799
2624000  -1772.54298670605  1764.54108330118
2625000  -1774.09077395835  1766.60378780359
2626000  -1774.16909566469  1766.84418425566
2627000  -1775.75066813254  1767.72692482602
2628000  -1775.21892645998  1767.63436625133
2629000  -1778.07994465723  1768.80239700869
2630000  -1775.86590589445  1768.00223894759
2631000  -1777.09127040005  1769.10726258359
2632000  -1778.96053206653  1770.36468618295
2633000  -1779.9777759168  1771.56803000177
2634000  -1779.45358154535  1773.18293866406
2635000  -1779.9711070736  1772.54198331606
2636000  -1782.34982552421  1773.08055363258
2637000  -1780.19324503782  1772.19367262115
2638000  -1783.48732640621  1774.64286690246
2639000  -1784.72027463897  1776.61678763414
2640000  -1785.26991455907  1776.69585533085
2641000  -1786.36982802872  1778.65891850277
2642000  -1786.75978353243  1778.85789920551
2643000  -1787.61285465732  1778.76988529762
2644000  -1787.51967413126  1781.19007210205
2645000  -1787.01865708753  1783.96818620201
2646000  -1788.82050627575  1784.11132395479
2647000  -1789.28756802963  1779.90720610723
2648000  -1789.96027062604  1784.34507736865
2649000  -1791.12612387174  1783.85150452269
2650000  -1791.38672879597  1785.41890487476
2651000  -1791.27316563475  1784.85677814903
2652000  -1792.09748306111  1787.27336227561
2653000  -1792.00651569466  1786.30881777995
2654000  -1791.75627105124  1788.19121879449
2655000  -1790.61040691082  1790.08839236217
2656000  -1793.03492802442  1787.96744586186
2657000  -1795.98261103913  1786.86647711739
2658000  -1796.29502131793  1787.63725083625
2659000  -1795.17828041949  1790.60956740033
2660000  -1798.23018628454  1788.99254275236
2661000  -1797.32364928503  1790.43011198324
2662000  -1800.18003293221  1790.60695342695
2663000  -1798.71149671574  1793.40797128449
2664000  -1798.0116540773  1792.97708173001
2665000  -1799.92132904373  1794.08006839441
2666000  -1798.67090936283  1793.73734175186
2667000  -1800.16341137461  1794.65776979032
2668000  -1800.49710580028  1795.50211154428
2669000  -1801.23391155812  1795.2285458648
2670000  -1801.59630431968  1798.33838472982
2671000  -1802.79669644012  1799.90974247064
2672000  -1803.79966620879  1800.00126465426
2673000  -1805.33510046736  1800.09357215715
2674000  -1807.04896104864  1801.8514005497
2675000  -1807.70270565894  1801.59068647002
2676000  -1806.6785317075  1800.38701336721
2677000  -1807.52174827679  1801.71212234585
2678000  -1806.25112910748  1800.5757108315
2679000  -1807.83140168827  1802.11211631003
2680000  -1807.62652112531  1801.87041350589
2681000  -1808.19943834498  1802.32592209625
2682000  -1807.5965300951  1801.95742036852
2683000  -1809.99791783552  1802.76488522324
2684000  -1810.72022748959  1802.82137263943
2685000  -1810.03940625414  1803.21179362892
2686000  -1811.61352303694  1804.27946390793
2687000  -1811.28195409538  1805.66549965649
2688000  -1813.02689651026  1804.54418082887
2689000  -1813.50079407822  1805.89910773702
2690000  -1812.96938279151  1805.37472665474
2691000  -1811.99247576193  1807.47903141058
2692000  -1810.38046324477  1806.70886503924
2693000  -1811.71365209858  1810.41521359723
2694000  -1814.69216092005  1810.70868499451
2695000  -1814.96817131785  1811.72478904683
2696000  -1814.68036785409  1811.9143844998
2697000  -1816.30577679021  1811.56363756556
2698000  -1814.62389147846  1812.59378192196
2699000  -1818.34584792576  1814.26502628282
2700000  -1818.79090656011  1817.43458340879
2701000  -1819.13038818619  1816.06578918147
2702000  -1821.00417510464  1815.24790203459
2703000  -1820.40850908964  1818.139511667
2704000  -1819.33522993986  1815.18170180899
2705000  -1820.2520915757  1817.9744901895
2706000  -1823.01802102466  1820.72909053463
2707000  -1823.18221419292  1820.56421358218
2708000  -1826.11703515455  1821.57333366495
2709000  -1824.81815347266  1820.51967250469
2710000  -1826.21325826907  1821.50130835898
2711000  -1827.16804880367  1825.5499367985
2712000  -1830.83120613701  1820.53688305816
2713000  -1829.97541346148  1822.10168752469
2714000  -1832.73035370567  1821.20706597394
2715000  -1832.86945789534  1823.76988433265
2716000  -1833.68601503044  1825.53984551095
2717000  -1835.56239144241  1826.38372974671
2718000  -1836.00911496182  1827.12611349363
2719000  -1837.21034713144  1830.64310610659
2720000  -1836.15643655758  1831.07771196288
2721000  -1837.5591712704  1832.73262616075
2722000  -1838.62659569781  1833.62715785521
2723000  -1839.65083374076  1833.9613356021
2724000  -1839.98540329995  1835.993207792
2725000  -1840.23827407296  1837.33569431615
2726000  -1838.25990711302  1839.22046207154
2727000  -1841.70318384118  1838.21857608747
2728000  -1841.09431570897  1840.46403747234
2729000  -1842.49410485946  1841.79651772723
2730000  -1844.11997226026  1841.03395560034
2731000  -1845.1232734187  1841.22986844811
2732000  -1844.00948716704  1843.89116531386
2733000  -1847.50153317022  1844.08077011928
2734000  -1846.33176174929  1844.88925022861
2735000  -1847.64729027224  1843.75163244623
2736000  -1848.31396900293  1844.30978859882
2737000  -1850.1319737472  1845.00675856046
2738000  -1849.5597278268  1847.08115264698
2739000  -1852.09584333163  1847.58942450405
2740000  -1853.06917471495  1848.29285110433
2741000  -1853.31721637701  1849.42018456834
2742000  -1854.57509175397  1848.52762056202
2743000  -1853.27021374815  1850.45733517623
2744000  -1855.45275942477  1850.6773314228
2745000  -1857.57989745516  1854.67281078107
2746000  -1855.12098365289  1852.70928562522
2747000  -1857.3246876323  1852.07640108652
2748000  -1859.07381353554  1852.08283515624
2749000  -1859.4216501236  1852.95299062082
2750000  -1858.52653166773  1852.97448225278
2751000  -1857.35521485838  1854.67122204122
2752000  -1857.62868364877  1857.78519068623
2753000  -1859.01203238534  1856.99908750302
2754000  -1861.79786222848  1858.25200604446
2755000  -1860.86443219839  1857.40818970188
2756000  -1861.15834227406  1859.53525500971
2757000  -1863.51426235501  1861.7790391736
2758000  -1863.33949532038  1860.92305154472
2759000  -1864.83450126775  1862.29913499575
2760000  -1865.16559817939  1863.80951311762
2761000  -1865.78110573424  1863.62527394913
2762000  -1866.21243759688  1866.09231897376
2763000  -1864.6537932946  1864.93329082456
2764000  -1867.37740476402  1863.08609861747
2765000  -1868.91746370632  1867.69223008679
2766000  -1869.247627683  1867.25372166871
2767000  -1871.40245362483  1869.07096145055
2768000  -1873.17775360073  1870.38063637941
2769000  -1872.24231995883  1870.03546252984
2770000  -1875.30306975377  1873.17642133481
2771000  -1876.95487164764  1874.03384992057
2772000  -1876.15463579388  1875.0633140842
2773000  -1877.78852259719  1873.16482383719
2774000  -1876.19389337661  1874.88128889217
2775000  -1878.01899809188  1876.81796938034
2776000  -1877.89461705393  1877.83842417435
2777000  -1879.48745201366  1877.13593617102
2778000  -1880.21230047895  1879.47111852062
2779000  -1880.03347649961  1880.50157507
2780000  -1883.0787109841  1881.07653481731
2781000  -1884.50455770083  1880.70178535138
2782000  -1883.59074288286  1879.56052442331
2783000  -1884.22803078223  1881.41765088188
2784000  -1887.3856069764  1882.59139765466
2785000  -1887.45832232924  1883.40738004046
2786000  -1887.03014295397  1886.20149722482
2787000  -1886.44244132851  1885.53087764862
2788000  -1887.95257561144  1885.69351074697
2789000  -1889.34412239121  1887.81034289814
2790000  -1889.90588569798  1886.17409188777
2791000  -1889.79597758949  1888.67783562494
2792000  -1889.71462631594  1890.41945947503
2793000  -1890.61266590191  1889.86916619574
2794000  -1890.65565180428  1890.64533702611
2795000  -1891.87672334932  1889.59557994468
2796000  -1891.15806620661  1891.02651227732
2797000  -1894.58849677833  1892.9235978567
2798000  -1892.87678442832  1892.37408705994
2799000  -1896.1635833806  1893.90700032788
2800000  -1896.00415292717  1894.19386579226
2801000  -1895.90741505973  1892.97099044856
2802000  -1896.63310062498  1894.5981812358
2803000  -1898.05599108827  1894.113242986
2804000  -1899.11186661484  1894.74771111874
2805000  -1899.51458599965  1897.93777917104
2806000  -1899.63076264716  1898.51109443169
2807000  -1899.19729554214  1898.57563828
2808000  -1898.35164778403  1899.32227229229
2809000  -1899.69462642679  1900.29219692895
2810000  -1898.83189605034  1901.45438736825
2811000  -1899.10160279292  1900.2504247312
2812000  -1900.56061483828  1901.65027410844
2813000  -1901.25272236735  1903.01733079122
2814000  -1899.03320902276  1903.81012369337
2815000  -1902.28308239778  1907.11836724657
2816000  -1904.10928565802  1905.70362846976
2817000  -1904.39914050282  1907.60136028591
2818000  -1905.7989443679  1906.88983422881
2819000  -1904.65389258596  1907.89252550452
2820000  -1906.56735976905  1908.26359965009
2821000  -1909.84034101159  1907.11429379202
2822000  -1908.01521114096  1910.22884239124
2823000  -1913.60257948098  1911.3190427851
2824000  -1910.33728776916  1911.58825993217
2825000  -1910.69025617613  1910.70679453845
2826000  -1910.99964402791  1909.68664612088
2827000  -1913.34504500246  1911.18129771635
2828000  -1916.64155263448  1911.92800757449
2829000  -1917.20798036973  1911.02023968086
2830000  -1918.63375692512  1909.9997883026
2831000  -1917.9526650222  1910.75716605755
2832000  -1918.75472675553  1911.72375319197
2833000  -1920.14239207886  1913.49381155898
2834000  -1920.02063728312  1915.27785137972
2835000  -1923.47398430225  1916.84590378686
2836000  -1925.15072155066  1916.63564360447
2837000  -1925.32318274804  1917.41172023677
2838000  -1926.1747211046  1918.86063261459
2839000  -1927.26610656949  1918.47187214013
2840000  -1927.53212876526  1922.26879259637
2841000  -1929.94107847854  1922.27745677418
2842000  -1930.50363222796  1925.03633011492
2843000  -1930.68464970696  1926.82234412959
2844000  -1930.9629190961  1927.05852594875
2845000  -1930.15463948177  1926.14959804181
2846000  -1930.326579767  1928.9442406596
2847000  -1932.125366576  1928.37038893875
2848000  -1933.22035749263  1927.15045618738
2849000  -1931.12649714814  1931.60984938384
2850000  -1933.11298689827  1932.2592275054
2851000  -1935.03978541058  1932.72948372059
2852000  -1934.06805518377  1934.85009093404
2853000  -1936.04918711646  1933.75687574203
2854000  -1936.60599050407  1934.24027537445
2855000  -1937.03627258118  1935.53734531995
2856000  -1938.56940862235  1934.040500196
2857000  -1938.252570646  1936.27552740895
2858000  -1939.18813413469  1938.89700817643
2859000  -1937.37349364544  1938.76826724893
2860000  -1937.1622370684  1938.70948513647
2861000  -1939.0951707142  1941.02050185385
2862000  -1940.24705924754  1941.82451186398
2863000  -1939.65526115347  1940.45830442843
2864000  -1941.24929819896  1940.02945727186
2865000  -1942.91664397401  1940.71757344938
2866000  -1943.91950804574  1942.95354866326
2867000  -1943.10375163053  1944.44783018689
2868000  -1946.11559100278  1945.81952764599
2869000  -1948.54474489875  1947.75895261753
2870000  -1945.61639065326  1948.06202952529
2871000  -1946.54599367958  1951.11361028669
2872000  -1947.94821296933  1951.26749675009
2873000  -1949.53871188087  1951.23685521589
2874000  -1951.6688133237  1951.64891743969
2875000  -1952.66242548339  1952.59753613946
2876000  -1954.38356725854  1954.03592962867
2877000  -1954.1901022688  1955.14674879781
2878000  -1956.10735185306  1955.57078226707
2879000  -1955.94769237347  1958.76824558099
2880000  -1956.75683439366  1956.2961402945
2881000  -1955.45121281451  1957.4931840484
2882000  -1958.16331767505  1959.43352413945
2883000  -1957.61768380668  1960.29977630018
2884000  -1961.41897305171  1959.97410043297
2885000  -1961.25734313289  1960.02294302746
2886000  -1960.53132457991  1960.15180748867
2887000  -1961.5291671817  1962.67108099016
2888000  -1961.21791058457  1962.72116822619
2889000  -1963.31605497496  1963.63823162861
2890000  -1963.76280575178  1963.73081392412
2891000  -1965.51275439804  1963.95527149837
2892000  -1968.56441549652  1964.27754970554
2893000  -1968.14488816788  1966.25252307052
2894000  -1968.85000586345  1964.32379811612
2895000  -1969.93391016591  1966.42218290781
2896000  -1971.07108332074  1967.43679556458
2897000  -1971.33727807659  1967.50143965442
2898000  -1973.91662673937  1967.95504713536
2899000  -1974.56404301202  1969.29095680537
2900000  -1973.86739194463  1969.46276573399
2901000  -1974.57439479122  1971.00006988421
2902000  -1975.90551803276  1971.86938408199
2903000  -1975.3426052667  1971.08520060404
2904000  -1978.04544831153  1972.98382233144
2905000  -1977.08977538188  1974.27565975933
2906000  -1979.09281569588  1977.21878390854
2907000  -1980.6306835853  1975.55768429299
2908000  -1980.25825488109  1976.86872520167
2909000  -1981.39570373772  1978.63177767229
2910000  -1980.12557734743  1978.53593958534
2911000  -1982.60634603469  1979.63735393969
2912000  -1980.91826526973  1982.03622057955
2913000  -1981.08024756299  1981.77084337656
2914000  -1981.69776646691  1981.7607153564
2915000  -1983.34775535379  1980.7834603763
2916000  -1982.88886479624  1983.81500187587
2917000  -1983.83483204865  1984.01061407995
2918000  -1985.11953361526  1986.04182567107
2919000  -1986.76265623315  1987.03854040121
2920000  -1985.73377321781  1988.59511621284
2921000  -1987.05187261256  1990.47540915774
2922000  -1988.62876779134  1989.17374357951
2923000  -1989.41569945322  1990.26309089676
2924000  -1991.71269986193  1991.73966253096
2925000  -1992.74432930665  1992.61942652984
2926000  -1992.08823554482  1993.04105784729
2927000  -1993.57897145919  1994.20713223602
2928000  -1994.21176261131  1994.98858702352
2929000  -1994.84197025969  1994.91036416304
2930000  -1996.08724606422  1993.73975067593
2931000  -1997.30008304805  1996.83932049752
2932000  -1997.27808498024  1996.10869752487
2933000  -1999.40298369006  1998.4080467894
2934000  -2001.30629276852  1997.96516363574
2935000  -2002.97308878822  1999.33412919985
2936000  -2003.9939896003  2000.58943043196
2937000  -2002.24458452716  2001.77226886795
2938000  -2006.27183124345  2000.25765222971
2939000  -2006.16539215843  2000.49007666217
2940000  -2005.0457843394  2000.13704406406
2941000  -2007.40764756176  2000.43868591247
2942000  -2006.80945560935  2000.69999157828
2943000  -2006.98113784184  2003.43517910611
2944000  -2005.92545111979  2002.64148055654
2945000  -2007.88764467854  2003.02004861523
2946000  -2007.80431467896  2004.34875060626
2947000  -2007.51570635547  2005.4761216236
2948000  -2006.84275439778  2007.91966008427
2949000  -2008.91251647247  2008.50100010405
2950000  -2008.00325321507  2007.95241161043
2951000  -2008.09333853392  2008.14135721162
2952000  -2010.41732705656  2010.59239090057
2953000  -2011.97877068728  2008.76116034627
2954000  -2013.11579122948  2011.75058145162
2955000  -2012.39482537779  2012.24817341947
2956000  -2012.77587738919  2012.53166767372
2957000  -2013.40656524804  2013.09641353312
2958000  -2015.16839267158  2012.33951117662
2959000  -2013.83309353514  2013.43739688497
2960000  -2016.8546666616  2013.35465499037
2961000  -2016.05966132197  2011.58011675086
2962000  -2013.85306025075  2014.69432544154
2963000  -2016.88972017985  2015.28043631278
2964000  -2017.72649228792  2014.83034090793
2965000  -2017.07532679718  2014.61431898258
2966000  -2016.90495981393  2017.15214918718
2967000  -2019.21637676742  2016.60611795547
2968000  -2020.00280123786  2019.37589080108
2969000  -2021.43561876441  2018.12934707354
2970000  -2021.10025801717  2018.51071204195
2971000  -2024.24352292264  2017.93277526275
2972000  -2023.17164320533  2019.34189315318
2973000  -2024.71424303051  2023.41460939401
2974000  -2024.88113839607  2020.94773703559
2975000  -2024.35560125953  2024.33275541599
2976000  -2026.11690412733  2024.47905132219
2977000  -2025.91003218479  2025.45897846194
2978000  -2026.63093824678  2027.65421302802
2979000  -2028.96753450377  2027.2864775338
2980000  -2029.16802144687  2026.08990291817
2981000  -2028.7581642585  2026.839250473
2982000  -2027.98592332089  2025.95742966862
2983000  -2029.8341776279  2027.88760226899
2984000  -2032.19656399441  2027.89884791485
2985000  -2031.19669404608  2029.17093762406
2986000  -2033.92795840627  2028.37137846165
2987000  -2035.53849066367  2029.27871383834
2988000  -2036.18230047935  2030.49901301569
2989000  -2035.73224402502  2031.40274958987
2990000  -2037.08139815646  2030.15698717795
2991000  -2036.69777334252  2029.54943641808
2992000  -2039.72649783886  2031.33859795432
2993000  -2039.50175988335  2032.4347478684
2994000  -2041.9705422248  2035.05843019861
2995000  -2044.26190150256  2034.04951168042
2996000  -2045.65868140896  2036.04238810688
2997000  -2044.26652225661  2035.69143209428
2998000  -2043.29220501077  2039.69569365468
2999000  -2043.32092881501  2041.0685474209
3000000  -2044.49015178979  2040.79567683713
3001000  -2045.77817384603  2042.13123950604
3002000  -2047.04569525591  2043.26369218035
3003000  -2046.48210037542  2042.95863902289
3004000  -2048.53209252062  2045.2607931757
3005000  -2047.05207875606  2045.25724690778
3006000  -2048.96518786346  2045.62552452982
3007000  -2050.83390155309  2044.72538699608
3008000  -2049.97921270884  2047.49122038662
3009000  -2047.43706594456  2046.82649803115
3010000  -2049.8718850681  2046.9825848038
3011000  -2050.63089982011  2046.53837772668
3012000  -2050.7042975994  2047.11216683095
3013000  -2050.32693120437  2049.41031168895
3014000  -2052.56008774808  2048.56298934116
3015000  -2052.79956300486  2049.53581162599
3016000  -2052.72078306278  2049.70432593824
3017000  -2053.16616320738  2050.30975312994
3018000  -2054.0165008976  2051.57200083751
3019000  -2054.40631928295  2051.98729498163
3020000  -2054.40872759054  2050.72106117845
3021000  -2054.80950997077  2053.11792840859
3022000  -2054.52298217504  2053.96724211673
3023000  -2053.49240011369  2054.89591100252
3024000  -2055.34864838349  2056.72939942249
3025000  -2056.58608337213  2056.50273586885
3026000  -2055.97062359361  2056.94447303182
3027000  -2058.08895540341  2056.03821441968
3028000  -2058.58704223018  2059.43542589025
3029000  -2060.50447591034  2060.13802048371
3030000  -2059.8894674317  2060.76310270827
3031000  -2060.54941359635  2061.93508063841
3032000  -2060.58111716012  2063.6120508761
3033000  -2060.26971400619  2063.93474798116
3034000  -2064.39170367694  2066.04124858864
3035000  -2064.75845762148  2063.00834107278
3036000  -2066.98057646077  2063.0882095207
3037000  -2065.16887421797  2064.21481910224
3038000  -2067.32273143892  2067.3858711125
3039000  -2066.12142811921  2065.96204915679
3040000  -2064.27734818671  2066.93732335539
3041000  -2066.54010462902  2068.61085158323
3042000  -2067.21133339247  2068.64097266812
3043000  -2069.21078808598  2070.81239339672
3044000  -2068.4818847385  2070.89613787341
3045000  -2071.38508894518  2071.98643409828
3046000  -2071.94146528518  2075.21767056239
3047000  -2072.43493898578  2074.07116132606
3048000  -2072.68368559442  2074.24759096562
3049000  -2072.45405270883  2073.83602772016
3050000  -2073.08089506152  2076.3795044476
3051000  -2074.98419419649  2078.22211491485
3052000  -2075.0094184939  2077.45861716561
3053000  -2076.72700966831  2077.49690237859
3054000  -2076.89490482288  2079.41683901942
3055000  -2080.68397578653  2079.59529485888
3056000  -2081.33278633423  2082.12738303193
3057000  -2079.31647894868  2081.34662291766
3058000  -2082.99765556515  2082.85307643085
3059000  -2081.8918321837  2080.68731668116
3060000  -2083.33963666992  2082.46466912481
3061000  -2083.33486380702  2082.99971311637
3062000  -2084.95239144894  2084.08676451794
3063000  -2085.64930370533  2085.32743451609
3064000  -2086.82912114426  2085.01745856212
3065000  -2088.86156884697  2084.65074266458
3066000  -2090.55603578291  2086.43544207383
3067000  -2092.20196708933  2085.13150412646
3068000  -2091.93731884725  2087.13539662123
3069000  -2091.88480734523  2087.67006525497
3070000  -2092.73279545361  2089.19761055394
3071000  -2093.53809911001  2090.93059586727
3072000  -2095.53396867731  2092.26686492851
3073000  -2094.78961838351  2091.83993678101
3074000  -2097.22640212448  2094.0970902044
3075000  -2098.72349531701  2094.76958373817
3076000  -2097.86886981615  2095.57270404169
3077000  -2100.46937843401  2095.42307975823
3078000  -2100.86538265623  2095.62202335462
3079000  -2101.12621058404  2096.46440842971
3080000  -2101.23068886203  2097.27336819904
3081000  -2102.24750137946  2097.8374752606
3082000  -2102.57840006919  2100.12541976988
3083000  -2103.82146516787  2097.75924548354
3084000  -2104.65571852544  2099.97482511824
3085000  -2104.66773710117  2098.555223806
3086000  -2104.51796844032  2099.5755599841
3087000  -2104.24358125669  2099.87855292044
3088000  -2105.97534895286  2101.29128199725
3089000  -2109.53867532738  2101.34839868913
3090000  -2107.29420936207  2101.33925743467
3091000  -2110.87357581312  2103.2573165852
3092000  -2111.86940428208  2101.80635105219
3093000  -2112.92833109866  2102.08568583877
3094000  -2108.57225323084  2103.44732520117
3095000  -2110.83760037944  2104.17525409361
3096000  -2113.47696895911  2105.18705666222
3097000  -2116.88533972528  2106.4322818221
3098000  -2116.68991314906  2108.60478830615
3099000  -2117.03398311568  2105.74515715396
3100000  -2118.92341066367  2108.14566513315
3101000  -2117.72217748217  2109.65798390585
3102000  -2118.01526969935  2109.60551999848
3103000  -2117.09113874435  2110.53006530637
3104000  -2115.74981287735  2110.49316659104
3105000  -2115.47221225957  2112.87660656277
3106000  -2117.8745721011  2114.20009543788
3107000  -2116.63968143792  2113.09051441969
3108000  -2116.19625944013  2114.27083268384
3109000  -2118.44728389137  2113.54155114602
3110000  -2119.42641704267  2114.25978490682
3111000  -2122.53635140828  2115.78869611187
3112000  -2122.10653892695  2112.97866648829
3113000  -2123.24015162416  2113.1586991785
3114000  -2122.88268101511  2114.22858804087
3115000  -2125.1422609142  2115.61338103029
3116000  -2125.08351601877  2115.65443225541
3117000  -2127.46226022892  2116.74824982137
3118000  -2128.32189887505  2116.49052523211
3119000  -2127.29899240422  2118.69184318022
3120000  -2125.83914700114  2119.63652279156
3121000  -2129.48169503304  2122.1177629128
3122000  -2129.80928857745  2122.3087797569
3123000  -2131.70822901664  2122.71706792029
3124000  -2132.24849784808  2124.43329932815
3125000  -2132.34417023019  2123.87024492653
3126000  -2135.12426413783  2125.29065771516
3127000  -2133.58971231015  2128.44907709107
3128000  -2134.06655247692  2127.97853813826
3129000  -2135.54920287582  2127.07676636795
3130000  -2134.44005807091  2131.09040204494
3131000  -2136.69942444356  2132.16988367454
3132000  -2137.40567492671  2131.35795687504
3133000  -2140.83081660175  2132.87289854739
3134000  -2140.11272054306  2133.64729108242
3135000  -2140.01503793926  2133.77447788976
3136000  -2141.81137692647  2135.57744169046
3137000  -2142.04442238235  2137.70224600067
3138000  -2141.81325729363  2137.47467900976
3139000  -2141.86888354368  2138.20724262185
3140000  -2143.6287857825  2137.43363369003
3141000  -2142.33835253746  2138.23397035115
3142000  -2145.54409839891  2139.50483253009
3143000  -2144.24871503023  2141.95899110787
3144000  -2146.25440388139  2139.65201973042
3145000  -2146.81651128694  2138.06692359987
3146000  -2147.90987301334  2140.92461899439
3147000  -2146.78386277338  2140.16200454565
3148000  -2146.46588890317  2144.42938871706
3149000  -2149.52721597192  2144.61419065689
3150000  -2151.08196822982  2144.71634576472
3151000  -2150.85468295139  2144.8160883958
3152000  -2153.47079369767  2143.75660615816
3153000  -2149.78068561724  2146.63202431357
3154000  -2150.81130465145  2146.52374634918
3155000  -2152.72512219497  2149.90783186954
3156000  -2151.42526959135  2149.98426390201
3157000  -2152.29880366151  2148.99064269885
3158000  -2153.7246736304  2150.4062949458
3159000  -2151.00404698739  2152.989189025
3160000  -2154.32977820563  2153.93164746214
3161000  -2153.782295516  2152.85610161023
3162000  -2153.88182525768  2155.89662255734
3163000  -2155.39657263369  2157.68530321004
3164000  -2152.74070571336  2156.96379669338
3165000  -2156.07424115254  2158.02376023296
3166000  -2154.94561146619  2158.41196815035
3167000  -2154.61273734318  2156.75063919258
3168000  -2159.09789804118  2155.12944393944
3169000  -2159.06649955723  2156.3952660035
3170000  -2158.7837239169  2157.06883244296
3171000  -2160.3209957604  2159.13939928205
3172000  -2160.76462141591  2161.4465027498
3173000  -2160.16068458508  2160.84084903183
3174000  -2161.84324165518  2163.33900878661
3175000  -2163.33518127426  2163.55302429035
3176000  -2163.57640157478  2166.91332896897
3177000  -2165.17947674593  2165.31428775297
3178000  -2164.86709377033  2166.4855729618
3179000  -2165.44016841242  2167.38398049943
3180000  -2166.55586813811  2168.44056469374
3181000  -2166.51076290991  2169.46644514884
3182000  -2168.35971010405  2168.08391384388
3183000  -2167.67248286023  2170.2338632191
3184000  -2168.72527476948  2169.30413135087
3185000  -2170.67712199144  2169.99472390637
3186000  -2170.26149976306  2167.89122152409
3187000  -2172.70600892837  2169.50310813837
3188000  -2173.77702692564  2170.89485368785
3189000  -2174.31408309282  2170.98856068849
3190000  -2175.74863747591  2172.25245085174
3191000  -2178.66302621072  2171.87874351689
3192000  -2180.36742711143  2173.53738150635
3193000  -2184.07478658664  2174.96350435792
3194000  -2184.72497318553  2174.46114422312
3195000  -2183.75627601577  2175.27455725175
3196000  -2181.22728955054  2176.55749554811
3197000  -2181.82054554228  2179.64338163921
3198000  -2181.61129719337  2180.94099542669
3199000  -2183.6784306261  2179.5997685666
3200000  -2183.4660923622  2182.05365304687
3201000  -2186.08499790887  2182.09455154254
3202000  -2187.27823407941  2183.44430206524
3203000  -2187.78060604075  2182.43198420145
3204000  -2185.87796809451  2183.42581305675
3205000  -2189.65803502627  2184.23916571667
3206000  -2189.25910445978  2183.38674968705
3207000  -2190.12878255729  2185.88204079758
3208000  -2189.90296609457  2186.74893899015
3209000  -2190.57550599706  2187.38412192941
3210000  -2190.58811971416  2189.65180474096
3211000  -2191.09330767853  2191.54935837157
3212000  -2192.14415206869  2192.54538242292
3213000  -2191.66126286946  2192.03990584593
3214000  -2195.17719686506  2191.86418379883
3215000  -2194.35002873001  2192.65154719769
3216000  -2194.83314333607  2194.13214040657
3217000  -2195.78234201685  2193.47461686826
3218000  -2196.29720646148  2194.99603300313
3219000  -2196.06144382038  2196.12702060521
3220000  -2195.03880228911  2194.78161209733
3221000  -2198.34255916437  2197.33034111797
3222000  -2197.91999488246  2196.80311787639
3223000  -2198.21795797416  2198.47724598694
3224000  -2199.19897293261  2199.34840471472
3225000  -2202.35083333435  2197.23031828082
3226000  -2202.51184405435  2198.29337162541
3227000  -2202.29767721696  2201.88226563434
3228000  -2203.86369244686  2201.80336748571
3229000  -2204.69137313586  2202.87864606236
3230000  -2204.94452734075  2204.48829242952
3231000  -2204.9113396226  2206.02148324657
3232000  -2205.52756912207  2204.28078913053
3233000  -2205.73310157551  2205.1439522249
3234000  -2205.90376173147  2204.30449599092
3235000  -2205.39449280738  2205.8068414239
3236000  -2208.25389402285  2207.15949034408
3237000  -2207.74987670333  2208.43720731584
3238000  -2209.63584523204  2209.36414742363
3239000  -2210.90789627394  2209.37556207572
3240000  -2209.29099712092  2212.00627634619
3241000  -2209.74205154979  2210.84010534931
3242000  -2208.95911850454  2213.19373541206
3243000  -2211.52411154074  2212.87697610963
3244000  -2209.35326456416  2213.50595677063
3245000  -2209.97258706764  2211.62773881143
3246000  -2212.90949065084  2211.71226226499
3247000  -2213.85290941929  2214.87389249381
3248000  -2216.1398584497  2215.65500089331
3249000  -2217.75358775731  2215.73467993744
3250000  -2214.92995380785  2216.98141779084
3251000  -2215.94530461662  2216.58112442597
3252000  -2217.25427543143  2217.7642186437
3253000  -2220.20016667165  2217.15649707302
3254000  -2220.70250661483  2218.43575900367
3255000  -2222.61371441149  2220.93050531132
3256000  -2221.79129496419  2218.78465095692
3257000  -2222.74529468104  2220.35719751643
3258000  -2223.0146310979  2220.64133718304
3259000  -2224.19464030219  2221.49510893568
3260000  -2224.17308015674  2223.44452261639
3261000  -2224.7567541573  2223.04989891593
3262000  -2225.8587112883  2224.13809755684
3263000  -2225.51857970047  2224.51636100521
3264000  -2224.85037108231  2226.50636133119
3265000  -2226.14411900827  2228.20407210922
3266000  -2228.07254463643  2229.87740146296
3267000  -2227.03269481519  2232.2143668089
3268000  -2228.55982978255  2231.08591754738
3269000  -2231.92847747131  2234.42333591886
3270000  -2235.60437901055  2235.05463644458
3271000  -2234.76327745164  2234.62009442753
3272000  -2236.24999741172  2236.30436846199
3273000  -2236.90154923928  2238.16367447377
3274000  -2236.62083389701  2238.34610751469
3275000  -2237.803043153  2238.42500449904
3276000  -2238.98125032256  2239.20699446425
3277000  -2239.66828315335  2240.3535643307
3278000  -2241.51975099535  2240.11117318673
3279000  -2243.63896412546  2239.59444117726
3280000  -2242.39183270971  2238.31946723611
3281000  -2241.25495477161  2239.80346634048
3282000  -2242.60405953612  2240.2679244134
3283000  -2241.77723789994  2241.66215770098
3284000  -2243.30887900029  2243.03021200941
3285000  -2244.07439608848  2244.00411189983
3286000  -2248.01562630401  2247.37921867992
3287000  -2246.65729223165  2245.40469488536
3288000  -2247.678483864  2242.49183427821
3289000  -2247.40557556101  2245.01290249501
3290000  -2250.79708996504  2246.15259950549
3291000  -2249.26273537986  2245.36626126008
3292000  -2250.05423554511  2243.78656039179
3293000  -2248.48184624308  2249.6153748824
3294000  -2250.08385832571  2251.16938272714
3295000  -2251.04668056944  2251.1610989366
3296000  -2251.59569037339  2251.10462959525
3297000  -2254.23165285933  2253.24076083234
3298000  -2253.91754457341  2252.12494500381
3299000  -2252.4425669685  2252.65701563236
3300000  -2253.41530218419  2253.56815228128
3301000  -2254.23585227836  2255.04740754218
3302000  -2255.93875818246  2254.68928885143
3303000  -2257.12279032731  2256.84114346802
3304000  -2254.88288940685  2258.07323675208
3305000  -2259.14112817399  2255.7093118781
3306000  -2257.50064297888  2255.44440987688
3307000  -2261.57350794031  2257.33450304809
3308000  -2260.25766550271  2258.70438597407
3309000  -2260.02390229674  2258.45144903251
3310000  -2261.94230466948  2260.78683537978
3311000  -2261.24126723044  2261.9711837866
3312000  -2264.2765812725  2262.87055455233
3313000  -2262.75510491346  2262.43528482981
3314000  -2263.49151338271  2264.51634058281
3315000  -2262.3892288221  2265.47024261168
3316000  -2261.8848998747  2265.02563304573
3317000  -2262.53349676039  2267.79310643198
3318000  -2261.32897829036  2268.05865604771
3319000  -2263.15764994802  2267.0686576245
3320000  -2262.5162970432  2266.41114901163
3321000  -2264.19192298804  2269.23273291861
3322000  -2265.5360049125  2268.79244371358
3323000  -2266.49695020839  2270.54485561717
3324000  -2268.64822621285  2270.00614494039
3325000  -2269.7760295631  2271.87030581001
3326000  -2268.79833683405  2268.84007700804
3327000  -2269.76575420818  2272.13569784278
3328000  -2268.95019548849  2273.16463133056
3329000  -2270.22049248678  2271.58290323952
3330000  -2270.25126819022  2272.46865831469
3331000  -2271.66807968175  2271.4576568067
3332000  -2274.46159956621  2273.44161615412
3333000  -2274.62128007479  2275.3818434707
3334000  -2273.83602353109  2276.5020716285
3335000  -2275.95127587335  2277.08532363264
3336000  -2275.8671570131  2276.94057377199
3337000  -2275.73961549164  2280.03385422099
3338000  -2274.88664618177  2281.33579243591
3339000  -2278.00296492845  2281.32654979575
3340000  -2277.97797011228  2279.54368834526
3341000  -2279.83194350944  2282.0944161162
3342000  -2282.21540687906  2284.21440044798
3343000  -2281.31459957891  2281.97323108605
3344000  -2281.9192456767  2286.57089059436
3345000  -2281.24655334397  2283.37319868533
3346000  -2284.88808812353  2283.6142722959
3347000  -2283.4687827564  2285.83597857999
3348000  -2284.25078715795  2286.61313314997
3349000  -2283.43495284939  2288.39700687322
3350000  -2287.2137408049  2288.82153801746
3351000  -2287.66388941787  2290.08652168934
3352000  -2286.29233037604  2290.97119861647
3353000  -2287.16769104737  2290.84180904264
3354000  -2290.12562981658  2289.89650084746
3355000  -2290.29774219021  2291.54412743132
3356000  -2289.86855010435  2292.13946794147
3357000  -2290.82679908501  2290.87457639088
3358000  -2296.0345603578  2290.93592021072
3359000  -2293.8545424062  2292.19396315577
3360000  -2295.13400175178  2294.55729299239
3361000  -2296.90005652886  2294.22231581215
3362000  -2297.76234391824  2296.71259320448
3363000  -2298.21368012807  2296.99909559598
3364000  -2297.33525344618  2297.75809596415
3365000  -2299.82652270046  2300.34671761374
3366000  -2301.25344543191  2300.36340257508
3367000  -2302.95916984541  2299.19440373948
3368000  -2300.96208445909  2299.3782214093
3369000  -2301.56145637509  2300.16642180257
3370000  -2302.46992504424  2304.2955446658
3371000  -2301.79232873444  2300.87457180585
3372000  -2304.18019408647  2303.43430737165
3373000  -2304.64885679316  2303.9996680338
3374000  -2304.99428900451  2307.05887097409
3375000  -2305.88984948945  2307.42257530255
3376000  -2307.80939369979  2306.50273851454
3377000  -2310.3783596072  2306.72126769698
3378000  -2311.96321897818  2306.2235348025
3379000  -2312.07613370068  2308.86354249959
3380000  -2312.95440956799  2307.20168840354
3381000  -2313.94594969451  2306.57557363515
3382000  -2315.29858050719  2308.57078103902
3383000  -2316.81942380573  2310.64795763609
3384000  -2320.40471634971  2309.02350787235
3385000  -2317.548263913  2311.29048841102
3386000  -2317.75238319733  2310.04410658461
3387000  -2319.3190146693  2312.59350006102
3388000  -2321.30779309381  2311.56540108814
3389000  -2320.88281655803  2312.91112083155
3390000  -2321.39335278402  2313.96256797767
3391000  -2322.85097901335  2313.43637516417
3392000  -2320.30746257035  2313.85590111041
3393000  -2324.49382697308  2315.2533805433
3394000  -2324.19539207486  2313.73916937183
3395000  -2326.04789112466  2314.79359462966
3396000  -2325.18396758324  2316.79870360511
3397000  -2327.20722168525  2316.55676025431
3398000  -2327.65222766363  2317.4495896996
3399000  -2327.48630993206  2319.40430366081
3400000  -2326.58717647663  2317.15939690232
3401000  -2329.53532459893  2320.07251382499
3402000  -2328.68707208308  2321.73389136636
3403000  -2329.57228952545  2321.55626019019
3404000  -2331.62120047784  2322.69812144229
3405000  -2330.99720534339  2323.41765886367
3406000  -2333.96018661739  2325.55227522642
3407000  -2334.76526282975  2324.83297235732
3408000  -2333.44213302604  2326.58471738434
3409000  -2334.18581654442  2326.08890990245
3410000  -2335.0777158674  2326.22546790964
3411000  -2339.32086194132  2329.29997739787
3412000  -2336.26405080938  2329.25229948799
3413000  -2337.92140147084  2330.72781737375
3414000  -2336.56582404596  2332.85343838348
3415000  -2339.29451573259  2334.64789518997
3416000  -2339.0761120498  2334.28471631171
3417000  -2340.63892121085  2335.39856288428
3418000  -2341.17280462844  2336.64767210581
3419000  -2343.10372077477  2337.50392751187
3420000  -2343.88456503876  2340.20048887265
3421000  -2343.13546107765  2340.51541600321
3422000  -2343.33597836784  2339.79790547111
3423000  -2344.65124652143  2343.18238854999
3424000  -2345.69549806771  2343.33138615738
3425000  -2347.93216149669  2345.35444757521
3426000  -2347.32516860926  2346.11890508144
3427000  -2348.42181110908  2346.5155642492
3428000  -2351.57543083877  2347.0340797732
3429000  -2351.05079479909  2348.07923548959
3430000  -2351.8720429436  2349.66781307739
3431000  -2353.74597330542  2349.80307780179
3432000  -2353.72731262869  2349.71987230855
3433000  -2356.04535337065  2349.32625617232
3434000  -2356.62281060599  2350.99107854864
3435000  -2356.12624901778  2350.6633451812
3436000  -2357.31722769855  2350.41373571735
3437000  -2357.36807826761  2349.21586411963
3438000  -2355.9432815776  2350.1431782493
3439000  -2355.10364730113  2350.10341947646
3440000  -2357.89063965774  2352.45135596666
3441000  -2357.35716258274  2353.93121725458
3442000  -2356.99194262563  2352.45846600466
3443000  -2355.65947999195  2354.43025543438
3444000  -2357.39750005442  2356.57826296306
3445000  -2356.83534081738  2356.13962899854
3446000  -2359.94155068597  2358.45566656786
3447000  -2360.31421673167  2358.09859748525
3448000  -2358.73623537493  2358.20292775102
3449000  -2357.41350302544  2358.35256242346
3450000  -2359.55785497755  2360.04642201232
3451000  -2358.63137005703  2360.40244202979
3452000  -2362.53325459617  2359.44085807083
3453000  -2364.66614209807  2361.5174843722
3454000  -2365.54249216833  2360.1524291203
3455000  -2365.31750711288  2361.29132906019
3456000  -2367.11130100078  2361.64209556155
3457000  -2367.79619770034  2363.23675856298
3458000  -2368.40332153061  2363.257516564
3459000  -2369.80275404043  2364.6410031149
3460000  -2369.78260425891  2365.120714683
3461000  -2370.37379847733  2363.99517481802
3462000  -2371.31084699534  2365.55984105805
3463000  -2370.72993974508  2367.5095069096
3464000  -2370.42300917882  2364.81080618518
3465000  -2373.1812339167  2365.70634848454
3466000  -2373.128106924  2365.51382904704
3467000  -2375.06001387093  2363.63904427684
3468000  -2376.00002449226  2369.47598138029
3469000  -2375.1309020323  2370.42671442077
3470000  -2375.90202742017  2369.75373484603
3471000  -2375.64931814803  2369.58306292181
3472000  -2376.88250636063  2370.53992096666
3473000  -2378.12025619418  2370.48499090228
3474000  -2377.09095602334  2369.04780271696
3475000  -2377.35606159569  2370.83046515971
3476000  -2377.25065676014  2370.73668407378
3477000  -2379.64342775599  2371.04132246785
3478000  -2378.1269248427  2373.79000125081
3479000  -2379.94356391608  2375.12833733142
3480000  -2380.16773931754  2373.9143061857
3481000  -2381.0537846176  2374.7675973495
3482000  -2382.10965678228  2375.0817003266
3483000  -2383.21122673998  2374.96885289668
3484000  -2382.42521341006  2377.21852667572
3485000  -2382.48757304991  2374.6338706158
3486000  -2382.11467806746  2378.7887916813
3487000  -2383.51366951084  2377.09924908583
3488000  -2384.01925029647  2380.58723059966
3489000  -2385.32207398638  2379.36081657633
3490000  -2384.88419083876  2381.36956448294
3491000  -2386.97572557852  2381.83208169535
3492000  -2388.37205235956  2382.37686562991
3493000  -2390.03617277349  2380.22470522319
3494000  -2387.88656399931  2381.89790055639
3495000  -2388.91115547424  2383.05138892719
3496000  -2388.26165329745  2381.96022000406
3497000  -2387.16323463547  2382.49591727282
3498000  -2390.8469516632  2382.63297945512
3499000  -2391.86991740745  2384.9769927817
3500000  -2391.27940649532  2383.98442207101
3501000  -2392.44773122359  2386.5015497369
3502000  -2393.70915549616  2386.65594359626
3503000  -2395.19587944334  2385.974942861
3504000  -2396.56782316724  2386.68386382594
3505000  -2394.96724066953  2386.2889464392
3506000  -2394.16208899593  2388.42514662821
3507000  -2394.30844424683  2390.59350283858
3508000  -2395.87381054704  2390.47971354769
3509000  -2395.35480422367  2392.04468141302
3510000  -2395.74495280026  2392.12857016213
3511000  -2395.66407725744  2393.10581997141
3512000  -2398.42417564347  2393.67302057624
3513000  -2395.90880391813  2395.11876909719
3514000  -2398.40099680623  2394.8273488057
3515000  -2400.02878797812  2396.83024794207
3516000  -2397.32272795429  2395.57516889278
3517000  -2398.03009448542  2396.69590842582
3518000  -2400.92503210458  2395.37479370133
3519000  -2399.89521427857  2398.45117466807
3520000  -2399.82840206995  2399.35695777009
3521000  -2400.09769892347  2398.31899449052
3522000  -2402.24742174517  2400.23020329643
3523000  -2404.59615697705  2398.93672843888
3524000  -2404.19352881132  2400.29435553314
3525000  -2404.80641174565  2400.13864954574
3526000  -2406.01886715221  2400.86736849706
3527000  -2405.48750756353  2400.7753852493
3528000  -2407.2923275443  2401.34784633336
3529000  -2405.45566722683  2400.30872638656
3530000  -2408.43564478641  2403.25321038379
3531000  -2409.5790480105  2403.70187514709
3532000  -2409.50571193572  2404.66061100288
3533000  -2410.15631326474  2406.51167866687
3534000  -2408.01709660607  2405.09468782612
3535000  -2406.96078121143  2409.25401297546
3536000  -2409.64690906528  2405.98958818057
3537000  -2407.68146279399  2408.16633936046
3538000  -2408.64885866989  2409.55416200679
3539000  -2410.36294009612  2409.05087713381
3540000  -2411.64130690484  2409.09514198049
3541000  -2409.07562483157  2408.39383329538
3542000  -2411.37679762929  2408.91491371153
3543000  -2412.27396587343  2408.85903923466
3544000  -2412.43995918218  2408.94234545603
3545000  -2416.75643945113  2409.08438551049
3546000  -2416.14277281717  2410.11422572777
3547000  -2419.2163400226  2410.45745527027
3548000  -2420.30372398258  2413.41502388324
3549000  -2419.62279390183  2411.76945897064
3550000  -2421.51531260131  2412.2047996011
3551000  -2423.04852189884  2413.65065133356
3552000  -2422.78506061415  2414.50973028234
3553000  -2422.31642474627  2413.89804271636
3554000  -2424.28311851729  2414.98122858625
3555000  -2424.02690672793  2416.5305504749
3556000  -2423.3383495965  2418.02297824874
3557000  -2426.23656479131  2418.28438295043
3558000  -2425.7357430819  2420.2783883071
3559000  -2423.01218713604  2422.40389819945
3560000  -2428.19929957979  2420.73642046381
3561000  -2427.01165472698  2419.57201373355
3562000  -2425.60379545708  2420.11822312248
3563000  -2428.82115136959  2421.87682064434
3564000  -2427.26102362126  2422.02283280996
3565000  -2430.4815080502  2422.39120770543
3566000  -2430.5223510616  2421.72824756497
3567000  -2430.84395297981  2422.0665631486
3568000  -2431.76138853818  2423.34277827752
3569000  -2435.6854421177  2424.40961702777
3570000  -2436.13122880731  2426.53785207607
3571000  -2436.31068992265  2423.7175826721
3572000  -2437.46233469799  2424.84441026441
3573000  -2436.67337641777  2426.36667065959
3574000  -2439.44004332602  2425.96596414152
3575000  -2439.4095895969  2428.33736027722
3576000  -2439.97365058483  2431.74545663339
3577000  -2442.23930050222  2428.93541342457
3578000  -2441.12957158466  2432.27490779908
3579000  -2443.51122328089  2431.44048041372
3580000  -2441.34910884541  2433.57100989303
3581000  -2443.58009529464  2434.47204935168
3582000  -2440.08879668057  2433.61595330767
3583000  -2444.12887017138  2435.0122365883
3584000  -2444.37513867265  2436.91002191049
3585000  -2444.3616318074  2438.83966787439
3586000  -2446.49096406678  2439.04299416447
3587000  -2446.23908315464  2439.69280087119
3588000  -2447.53653160901  2442.1216950302
3589000  -2448.59235420808  2441.18705965426
3590000  -2448.67264050471  2442.13285295003
3591000  -2447.90546415386  2442.79898826567
3592000  -2448.15636832412  2441.1899386132
3593000  -2449.29870715103  2444.75181460741
3594000  -2452.35878823444  2445.43720999038
3595000  -2450.36039336936  2445.02002622419
3596000  -2450.20242602322  2445.45931375686
3597000  -2450.67329126372  2448.27650803182
3598000  -2451.91943795035  2449.78357451953
3599000  -2454.0632987091  2450.93626732553
3600000  -2454.12371986401  2451.66329305809
3601000  -2455.95887209611  2450.37642682583
3602000  -2458.14018308543  2451.81574997709
3603000  -2456.55087636534  2454.50956004109
3604000  -2459.25315408345  2454.64737991444
3605000  -2457.90954665713  2455.83276546323
3606000  -2459.20198866384  2454.04953135555
3607000  -2459.67765342785  2453.94885693685
3608000  -2461.05655115269  2457.02546778955
3609000  -2461.65931484923  2455.8579870086
3610000  -2461.92111517206  2457.26468923758
3611000  -2463.01315741064  2458.98657576954
3612000  -2462.2347084514  2459.87025441933
3613000  -2463.50697199708  2459.32909202171
3614000  -2464.2649488463  2461.56851792404
3615000  -2464.10056286411  2461.88188060556
3616000  -2466.28106502591  2463.63408149448
3617000  -2464.05311838016  2461.65670808105
3618000  -2465.34042139354  2462.85857418821
3619000  -2466.52894810459  2462.9663472947
3620000  -2466.33331046321  2462.75989654946
3621000  -2466.42418159851  2463.24565527778
3622000  -2467.67914466502  2464.50054518594
3623000  -2469.98332949389  2464.07592465967
3624000  -2469.28448713935  2463.80431326278
3625000  -2470.30046581101  2465.76701263993
3626000  -2470.28540155684  2466.26088541466
3627000  -2470.39009472517  2467.0958543934
3628000  -2472.19590188177  2465.23187010471
3629000  -2472.08234340711  2469.94058810428
3630000  -2472.87540716062  2470.13284379868
3631000  -2472.62886928669  2469.55735514892
3632000  -2474.4007874702  2470.22659689217
3633000  -2475.12696994291  2469.87885647155
3634000  -2471.66553814391  2468.81861468723
3635000  -2474.82630149266  2470.97866233188
3636000  -2476.86009822231  2471.78601867915
3637000  -2476.7218282606  2472.2683476797
3638000  -2477.45025373572  2474.94232159254
3639000  -2478.72583357211  2475.06850930637
3640000  -2478.43447320928  2474.30402721149
3641000  -2478.85185440423  2471.63226750271
3642000  -2478.01187339259  2473.7195781133
3643000  -2482.34712698595  2475.73131579906
3644000  -2479.6569785398  2477.59831087793
3645000  -2481.54784649097  2475.88709009975
3646000  -2482.55429001563  2475.85541565554
3647000  -2482.61732454987  2477.87828516604
3648000  -2483.06173729465  2477.79624539286
3649000  -2482.41058280666  2480.54055579185
3650000  -2486.08125533785  2479.54951328717
3651000  -2485.74324904785  2481.55653232282
3652000  -2489.64766061838  2482.2856118918
3653000  -2489.40560970472  2480.61632752458
3654000  -2492.60983194691  2482.82213927633
3655000  -2489.76241216041  2481.96941658391
3656000  -2491.4682908307  2481.50241769337
3657000  -2491.11826628259  2485.27933787892
3658000  -2491.55753518717  2483.74081764256
3659000  -2492.38750328275  2488.61050603615
3660000  -2492.90548665912  2489.13959081138
3661000  -2492.34473241021  2490.47761468393
3662000  -2495.66790304014  2492.71496630927
3663000  -2496.23492049809  2494.19805839519
3664000  -2497.06616230347  2494.35218950715
3665000  -2496.16137813816  2494.14899965376
3666000  -2497.60987053709  2493.89464524152
3667000  -2497.05519587901  2496.72211340591
3668000  -2498.5529897379  2497.94414086523
3669000  -2500.98813880422  2498.61760909332
3670000  -2499.62893982508  2500.83367795685
3671000  -2500.95455148043  2501.68231283879
3672000  -2501.15059263897  2501.90578992234
3673000  -2501.42825438211  2501.93434424286
3674000  -2504.0050867607  2503.15246439997
3675000  -2505.49282463539  2502.77546878029
3676000  -2507.27251402948  2502.31649822205
3677000  -2507.40993834676  2502.4654710999
3678000  -2508.87902810024  2503.72016801388
3679000  -2508.26516247002  2504.56601987595
3680000  -2509.4925905007  2505.4119311467
3681000  -2510.45287575167  2503.85555858526
3682000  -2511.69807686076  2504.9667661618
3683000  -2510.8006438519  2504.81054195451
3684000  -2513.53360552723  2504.87289243855
3685000  -2515.19569510017  2506.78641416989
3686000  -2512.46604912543  2507.96241325256
3687000  -2514.03079605964  2509.80581782624
3688000  -2513.81187315039  2510.49590328153
3689000  -2515.48235100313  2508.74437927571
3690000  -2512.64444786266  2510.03547040772
3691000  -2513.43980790802  2511.57105269429
3692000  -2516.67827288055  2511.24674500843
3693000  -2515.67903873625  2511.37678636693
3694000  -2516.86662379388  2512.25256912624
3695000  -2518.29063506273  2514.47633824259
3696000  -2520.66835253904  2513.37759972784
3697000  -2519.9011462927  2514.95566521354
3698000  -2519.6189466356  2515.59725678948
3699000  -2520.43845172605  2517.59066744546
3700000  -2520.7728268727  2516.3683501851
3701000  -2520.33093215133  2516.02772732049
3702000  -2520.20772323754  2517.75517849331
3703000  -2521.52615221556  2517.52172085771
3704000  -2523.69612566125  2518.46562764902
3705000  -2522.83986803092  2519.52996675169
3706000  -2523.37487974391  2519.84518241458
3707000  -2524.91206899054  2519.97874480209
3708000  -2524.62719548984  2521.39011210236
3709000  -2527.18503525747  2521.42386770056
3710000  -2527.52766653146  2522.2469365168
3711000  -2530.81829730463  2523.48667458049
3712000  -2530.584859951  2523.77644465092
3713000  -2532.89591356714  2524.75979735122
3714000  -2532.66840221948  2525.29539570677
3715000  -2533.85286177988  2528.46909900284
3716000  -2532.19720130086  2527.31896129587
3717000  -2535.65857916848  2527.38585111717
3718000  -2533.69641263866  2527.56822963873
3719000  -2536.49219457521  2528.68916962562
3720000  -2538.11887864131  2530.75071262732
3721000  -2539.46553144801  2532.38408635605
3722000  -2538.52875053088  2534.06195678025
3723000  -2538.82501283791  2532.26022518132
3724000  -2539.01282832549  2533.00189559383
3725000  -2540.28887887619  2534.05236270137
3726000  -2539.54911715528  2534.64181132624
3727000  -2540.57800909476  2536.37146967499
3728000  -2541.60049312373  2537.14169372715
3729000  -2540.89143826938  2537.93199958472
3730000  -2539.88816236041  2538.10031039794
3731000  -2541.8319101513  2538.05597839832
3732000  -2542.76905916926  2538.87322290603
3733000  -2541.75203420587  2540.42786466144
3734000  -2541.92026485956  2540.77312152873
3735000  -2542.87328554368  2541.33986952407
3736000  -2542.45890976076  2544.76745771794
3737000  -2543.29384309546  2543.56654297918
3738000  -2542.37759136085  2544.41781295599
3739000  -2544.31263951316  2545.66452480533
3740000  -2542.12205091478  2546.55411722452
3741000  -2544.93877143604  2544.9830107033
3742000  -2545.16464339841  2545.740822752
3743000  -2544.02492070129  2545.42084848219
3744000  -2545.14923446631  2547.19426071549
3745000  -2548.35744892938  2546.77308577005
3746000  -2548.99375840366  2546.50685622321
3747000  -2549.16137204786  2547.00717044667
3748000  -2552.26291436867  2546.63719276909
3749000  -2551.31134039606  2547.31080244395
3750000  -2552.14945625555  2549.7880247565
3751000  -2550.53600723976  2549.89777287097
3752000  -2551.82161888068  2550.39564804809
3753000  -2553.03604683274  2552.19799788452
3754000  -2555.31551076554  2551.11770621765
3755000  -2557.07792391115  2551.67232798194
3756000  -2555.24757652598  2554.17829917285
3757000  -2556.28303440461  2554.40503686548
3758000  -2554.22098126214  2555.79970266987
3759000  -2557.49243263517  2557.46203354502
3760000  -2557.86088387323  2557.99982960686
3761000  -2559.79791704547  2557.65324103941
3762000  -2561.56919786143  2560.17013906156
3763000  -2560.39795100098  2560.23875176799
3764000  -2560.39526276449  2561.42500042136
3765000  -2559.99387909957  2561.14048236097
3766000  -2560.70032565102  2562.34857913416
3767000  -2563.14296953623  2560.72629014603
3768000  -2562.26827179335  2561.70725166413
3769000  -2564.66378349689  2560.54476859602
3770000  -2566.08847589227  2561.79574469873
3771000  -2566.6885633784  2562.43322664074
3772000  -2566.02797259654  2564.44489293143
3773000  -2564.94107859133  2563.3186601606
3774000  -2565.51406637869  2563.52397793087
3775000  -2566.20536113817  2565.70670652213
3776000  -2566.00585238286  2567.74351747414
3777000  -2565.52696359438  2567.18632552111
3778000  -2566.45494677033  2567.48171560495
3779000  -2568.1575142632  2566.77612493659
3780000  -2568.11936586599  2569.20710687616
3781000  -2568.29454395237  2569.29216306562
3782000  -2567.98863352901  2569.46698801027
3783000  -2567.93745710241  2569.59980873048
3784000  -2571.78416671504  2570.29536372465
3785000  -2572.20355185824  2572.332694621
3786000  -2570.32302633878  2573.74064670703
3787000  -2572.06812484038  2574.1671356142
3788000  -2573.41635491769  2576.37965940211
3789000  -2573.5388884055  2577.00016898271
3790000  -2573.00802877434  2576.72346954876
3791000  -2575.04061247136  2574.65686893922
3792000  -2575.09364429178  2575.77076324793
3793000  -2573.2886872593  2575.59877717579
3794000  -2573.79332727972  2576.67056385924
3795000  -2572.76406222272  2576.47212497777
3796000  -2572.92588556646  2577.45648986486
3797000  -2573.92584971553  2579.94219340112
3798000  -2573.12454942778  2580.48155545839
3799000  -2575.14788197041  2579.72108124087
3800000  -2578.53236000981  2581.17452889824
3801000  -2577.19827830545  2580.02837137183
3802000  -2578.21911818372  2582.08922600513
3803000  -2581.42547923206  2584.49713975544
3804000  -2582.04525279181  2584.23018716432
3805000  -2582.81900247408  2585.38816057526
3806000  -2583.75395546521  2586.87194980076
3807000  -2583.761101244  2586.30731334169
3808000  -2583.24878691214  2585.85374453233
3809000  -2582.40835795657  2585.68129388202
3810000  -2583.0068560341  2587.80254393775
3811000  -2583.36078223812  2587.62534500969
3812000  -2584.13827283057  2586.36657420959
3813000  -2583.22325922618  2587.98527166828
3814000  -2582.65089457453  2587.46417463821
3815000  -2585.08768148782  2586.95685177011
3816000  -2585.0724881132  2586.99262382179
3817000  -2585.78860449291  2589.6866451561
3818000  -2585.74684723231  2590.55932030049
3819000  -2587.77860928747  2590.74056213156
3820000  -2586.83827819814  2593.26053981235
3821000  -2586.96520712717  2594.87741804998
3822000  -2585.58545949202  2596.34520621417
3823000  -2586.96615980958  2593.64239437991
3824000  -2586.59295726157  2597.75845559739
3825000  -2584.90511683268  2595.68509121383
3826000  -2589.7033512746  2596.25037771804
3827000  -2589.81171775064  2599.45719935395
3828000  -2590.67473376194  2596.47073567413
3829000  -2590.20882108923  2598.77767529579
3830000  -2590.94725567412  2599.70281009076
3831000  -2593.73328151466  2598.8419817069
3832000  -2597.14998875566  2599.48129930446
3833000  -2598.97258487197  2599.2546741667
3834000  -2597.11767735466  2598.15626121308
3835000  -2600.00496961735  2597.76260615158
3836000  -2599.60820611115  2601.35873130018
3837000  -2600.9311309928  2598.64106662542
3838000  -2601.01734650789  2598.79984523013
3839000  -2601.50576136398  2599.98618450317
3840000  -2604.7124528447  2601.21385453396
3841000  -2604.77266214754  2602.00992871891
3842000  -2604.74650065523  2603.03860629915
3843000  -2605.95318128134  2602.52370892137
3844000  -2605.85160573737  2604.42809787255
3845000  -2607.1739448121  2604.47455765387
3846000  -2607.23517488637  2604.00219097378
3847000  -2605.79605965806  2603.75819824074
3848000  -2610.2969183789  2605.71204258159
3849000  -2607.85367622078  2604.80265478432
3850000  -2612.11597349447  2606.66652354352
3851000  -2611.78505710379  2608.1295703328
3852000  -2613.33739768961  2609.59485137558
3853000  -2614.85323015183  2609.68582846521
3854000  -2613.71542557406  2610.69984670102
3855000  -2614.57475903901  2610.26145641986
3856000  -2613.41008045411  2609.19205959236
3857000  -2611.98886926761  2610.05255801816
3858000  -2609.90018066795  2611.21098213723
3859000  -2613.54996400003  2610.91929578164
3860000  -2613.75246281953  2611.90019721109
3861000  -2614.57059540269  2612.65768184104
3862000  -2615.10691887919  2614.04834109076
3863000  -2616.40663290533  2613.12252412701
3864000  -2618.42957300253  2615.28027524637
3865000  -2616.91653467002  2614.54188041309
3866000  -2616.40442011218  2616.46814837939
3867000  -2619.29062572622  2616.93533804218
3868000  -2620.1423691361  2618.31759358321
3869000  -2621.39706925119  2616.74504425424
3870000  -2618.67955191834  2617.29834702675
3871000  -2619.31256865688  2619.06236422271
3872000  -2621.80984728722  2617.71920694975
3873000  -2620.96684914485  2621.62332335799
3874000  -2621.42239068768  2621.81688978451
3875000  -2622.44638505806  2622.45469154416
3876000  -2623.50298511562  2622.56613528383
3877000  -2626.65768830848  2623.90763100261
3878000  -2624.39407617754  2624.10419541053
3879000  -2626.84927868938  2624.84095372585
3880000  -2629.18210935343  2624.09817398312
3881000  -2631.17759322828  2624.22060865178
3882000  -2632.23787556858  2624.42631382471
3883000  -2632.02357909987  2629.00852844973
3884000  -2633.18463619595  2630.57022228517
3885000  -2633.19680660651  2630.7509618521
3886000  -2632.72915008512  2630.25809606367
3887000  -2632.84760607652  2631.70752600886
3888000  -2635.94277472406  2631.13831168546
3889000  -2635.1340721355  2633.84134511858
3890000  -2638.18514603366  2632.12551579551
3891000  -2638.21209536497  2634.64242760825
3892000  -2640.10201879451  2634.04583318672
3893000  -2635.72435327735  2635.00659351125
3894000  -2637.5849443871  2635.10798363896
3895000  -2638.53755718536  2635.98941512878
3896000  -2639.55678715644  2636.91551689239
3897000  -2639.79541820335  2638.92918669639
3898000  -2640.4095228604  2639.41901813463
3899000  -2640.91462659905  2641.41089719836
3900000  -2646.28527947415  2641.26429400254
3901000  -2645.08646815233  2643.19515757582
3902000  -2646.2713731482  2643.7380354052
3903000  -2647.33764524015  2644.57210676952
3904000  -2647.46769249538  2643.93034405767
3905000  -2648.05601884614  2642.87957967797
3906000  -2649.89558744708  2645.866235988
3907000  -2649.28772555314  2645.62158318872
3908000  -2649.780112711  2645.88705948797
3909000  -2650.59538850495  2647.50042396858
3910000  -2653.50139196548  2650.2435257831
3911000  -2653.32177794694  2649.52858229727
3912000  -2654.22277978227  2648.98690384867
3913000  -2654.95451436909  2649.78140673941
3914000  -2655.41089565845  2650.98027688069
3915000  -2655.8054399258  2651.88333989293
3916000  -2657.32164158006  2655.19425323392
3917000  -2658.77552052676  2654.15836633804
3918000  -2659.15605167573  2655.219743814
3919000  -2658.24688520048  2654.29691706636
3920000  -2656.49691739996  2655.72161947948
3921000  -2658.77412094162  2659.59728851092
3922000  -2660.73581205405  2658.51198745141
3923000  -2661.6893880018  2659.3197720022
3924000  -2661.58140452547  2659.61564755819
3925000  -2662.24508268132  2659.30974642724
3926000  -2663.0312249963  2660.13531426348
3927000  -2667.90742515099  2660.17039764509
3928000  -2667.43510797453  2662.39548664892
3929000  -2667.20366368161  2662.06140686134
3930000  -2665.33558924694  2663.86429500639
3931000  -2667.66197768121  2665.38457203226
3932000  -2668.99690911104  2663.28483908787
3933000  -2669.21935077977  2666.28660816924
3934000  -2672.09174513957  2665.25835051704
3935000  -2671.9562367066  2665.70078640179
3936000  -2673.60479754316  2667.78063929531
3937000  -2675.71077509955  2668.38057689766
3938000  -2677.66586113938  2667.75643212031
3939000  -2675.58225390815  2669.72945819576
3940000  -2677.33718602216  2669.88948905875
3941000  -2678.51225034603  2670.65684780713
3942000  -2679.94517059909  2671.03315576487
3943000  -2678.13468697742  2671.01774060943
3944000  -2678.14479647925  2672.77627478329
3945000  -2676.73809494355  2671.96473104179
3946000  -2679.14773378645  2675.93228374657
3947000  -2677.3743389566  2673.46584688888
3948000  -2680.30457320768  2676.65840523305
3949000  -2679.30923481563  2675.86681768384
3950000  -2680.55401366012  2675.78626195389
3951000  -2682.69854585275  2679.46540708506
3952000  -2681.41501992932  2679.42967916121
3953000  -2681.21311397668  2679.58555192277
3954000  -2683.07393001261  2680.84651811276
3955000  -2684.03576734589  2680.4441639324
3956000  -2685.67322192535  2682.02892140152
3957000  -2686.56252596002  2681.16154771419
3958000  -2685.48102762099  2683.57441354348
3959000  -2688.450008081  2686.21066398103
3960000  -2685.85704444878  2685.71932166022
3961000  -2685.36274490912  2685.87303567558
3962000  -2684.9813035487  2685.58779099366
3963000  -2686.57292571625  2684.40605973138
3964000  -2688.89559492727  2685.7828517346
3965000  -2688.51899649273  2688.03354548188
3966000  -2686.95133972544  2688.19309744047
3967000  -2692.86123111659  2689.88882040461
3968000  -2692.20440749608  2690.04100284918
3969000  -2693.21267654062  2690.51975666748
3970000  -2694.91899499782  2691.28560975206
3971000  -2695.50350125319  2691.74434455549
3972000  -2696.2641293984  2692.89459363802
3973000  -2697.14580610732  2692.58982151029
3974000  -2696.71131764439  2695.04710570748
3975000  -2698.35647332748  2696.4534259342
3976000  -2696.27020226556  2696.76026937898
3977000  -2698.69360388016  2695.74997690139
3978000  -2698.92602222318  2698.39446320615
3979000  -2696.90655822219  2697.78037371951
3980000  -2700.47084275191  2697.26208561739
3981000  -2699.53220764604  2699.17192868279
3982000  -2701.13367466922  2700.37461149854
3983000  -2701.18360282051  2700.81711054963
3984000  -2703.03972382163  2702.99877999916
3985000  -2701.35827271765  2702.80847669511
3986000  -2702.22093385402  2704.63850355129
3987000  -2702.37807187758  2704.82690250929
3988000  -2703.14124057945  2705.44371162124
3989000  -2707.03025160199  2708.93772287404
3990000  -2705.6839134411  2707.37451682663
3991000  -2708.03178188939  2709.27213314135
3992000  -2708.63814576918  2709.82082852606
3993000  -2709.6222216469  2709.04048729573
3994000  -2710.36426715863  2708.63307557309
3995000  -2711.40169018152  2707.251140613
3996000  -2710.44662565736  2706.97457722357
3997000  -2712.79297450595  2708.67767929463
3998000  -2712.95845767678  2710.63375741898
3999000  -2713.97883026297  2711.73446584387
4000000  -2714.77174545202  2711.28238538946
4001000  -2718.18603958516  2713.11027123915
4002000  -2717.72373842992  2714.44863009859
4003000  -2717.56023572491  2715.69544676905
4004000  -2719.59659216173  2715.89301326994
4005000  -2719.21671149145  2715.83581410119
4006000  -2721.31913575748  2715.57521106873
4007000  -2723.90058552051  2717.33592301681
4008000  -2721.61510447195  2716.92174292525
4009000  -2723.46277063719  2719.84535383764
4010000  -2726.36586656551  2719.73810255395
4011000  -2725.09638066949  2717.77402648507
4012000  -2722.90541411555  2721.26732711681
4013000  -2724.59663125057  2719.688500872
4014000  -2726.33931738831  2718.94987299764
4015000  -2727.61434232093  2720.10326697833
4016000  -2727.4846684441  2720.93491918371
4017000  -2728.77394431694  2723.36268330189
4018000  -2730.14035133299  2723.52113481377
4019000  -2730.51951727283  2724.29360700626
4020000  -2731.83053596911  2725.81965605709
4021000  -2731.6175995577  2725.5688975468
4022000  -2734.26943329716  2726.96464513593
4023000  -2732.75797247229  2729.24987343524
4024000  -2735.11019394773  2729.64376899485
4025000  -2738.18110767785  2730.60274809668
4026000  -2737.0923549191  2732.38934264794
4027000  -2737.09797035221  2732.84268864522
4028000  -2737.34735483296  2732.3211956403
4029000  -2738.34531045519  2733.64526358162
4030000  -2742.1440489699  2732.26151896069
4031000  -2743.28049664481  2735.75905473834
4032000  -2743.44425097781  2736.59774031041
4033000  -2744.54488356769  2738.11615037033
4034000  -2744.46562923183  2739.17560560898
4035000  -2745.63426882699  2739.02386489881
4036000  -2745.6465546815  2738.31677927848
4037000  -2746.36563908434  2740.20094676224
4038000  -2748.22238781082  2740.24006272069
4039000  -2748.28238590149  2740.04912388095
4040000  -2746.95952048618  2742.56163452524
4041000  -2747.88160699189  2741.92835099634
4042000  -2745.45424423644  2742.54692074398
4043000  -2745.09361249581  2743.54840570491
4044000  -2747.5339094515  2743.58871035614
4045000  -2749.79157044696  2742.46134354792
4046000  -2750.88954329298  2744.23264233844
4047000  -2751.62465617637  2746.86647700817
4048000  -2751.82416853932  2742.62648873764
4049000  -2754.4306016697  2745.1594253586
4050000  -2752.2728285327  2747.19792284565
4051000  -2753.65996724708  2746.49841207598
4052000  -2752.95988956732  2747.40410086881
4053000  -2756.08889306146  2750.90817577524
4054000  -2755.10318406625  2747.9159139997
4055000  -2754.39391956991  2750.3192260068
4056000  -2755.17114364323  2752.40075563555
4057000  -2753.28737193657  2750.1077693265
4058000  -2754.61140691379  2751.01632967511
4059000  -2753.29797271132  2752.89972669397
4060000  -2753.27437747776  2752.10471471529
4061000  -2752.71855178429  2753.15406809162
4062000  -2753.86170757382  2753.07529348944
4063000  -2755.45353124312  2753.81919554418
4064000  -2755.973717066  2756.61797889469
4065000  -2756.91249179513  2755.61461874522
4066000  -2759.17788015454  2755.50129409769
4067000  -2760.52777255495  2756.94238755285
4068000  -2759.67996295474  2760.6158631994
4069000  -2761.11088552426  2760.86593833509
4070000  -2760.51827182357  2759.79748224997
4071000  -2760.83725390605  2759.82262225525
4072000  -2758.78173090178  2761.29435739102
4073000  -2760.54048737717  2762.59198164567
4074000  -2764.01475746114  2761.0556336262
4075000  -2764.15018999078  2760.78317904082
4076000  -2763.94663736567  2763.88154916438
4077000  -2765.86599930966  2761.55315750895
4078000  -2764.36990239549  2764.88478335446
4079000  -2766.52934248919  2762.68705911002
4080000  -2768.74579044493  2764.50513289399
4081000  -2767.49258649727  2768.3440736888
4082000  -2766.8631350601  2767.09169070168
4083000  -2768.89341812777  2767.67629449709
4084000  -2768.84080592962  2768.45180812032
4085000  -2770.83864269856  2771.38031704088
4086000  -2770.00826409722  2768.66539235205
4087000  -2770.85653238657  2771.24534694305
4088000  -2771.08081106494  2771.8998356471
4089000  -2771.52367310502  2772.20051820981
4090000  -2771.66975558975  2770.78335546832
4091000  -2773.33393739401  2772.65311096008
4092000  -2774.80543487299  2773.84718777929
4093000  -2774.69059357641  2777.14651531719
4094000  -2772.87629211125  2775.14053615336
4095000  -2774.9738795518  2776.74422265501
4096000  -2775.49797068096  2776.6054063326
4097000  -2776.13769647404  2779.87719093491
4098000  -2779.66428658511  2779.93087999718
4099000  -2778.28276586012  2779.66068838746
4100000  -2779.52730526039  2780.38626335011
4101000  -2780.87618399304  2781.95483282487
4102000  -2782.10688480054  2782.98994917988
4103000  -2781.01958325273  2783.611656212
4104000  -2784.94272142752  2783.58564686824
4105000  -2782.20394007362  2783.26235433711
4106000  -2786.03210393545  2787.36827864795
4107000  -2786.19017640177  2787.69977095622
4108000  -2787.70325423363  2786.47693431213
4109000  -2789.83819386589  2787.97954738285
4110000  -2788.10793621014  2788.36879762327
4111000  -2789.81826671478  2791.53794783483
4112000  -2791.90528061947  2791.86667245177
4113000  -2792.01990730614  2792.22613055055
4114000  -2791.86314937257  2793.12535342663
4115000  -2794.4170189754  2795.45290222233
4116000  -2793.36898288233  2795.76607426961
4117000  -2795.46952782347  2798.61638122471
4118000  -2794.93092163412  2799.93565008218
4119000  -2797.49950619783  2799.30016957065
4120000  -2798.52090595146  2801.84106672369
4121000  -2798.13564786577  2800.76117571289
4122000  -2799.78546421077  2797.81895951655
4123000  -2798.50350145485  2799.74947007779
4124000  -2799.55371034573  2802.26423955443
4125000  -2799.92516778788  2800.48187777035
4126000  -2796.4004569615  2803.9625401406
4127000  -2796.41765040801  2804.66145978259
4128000  -2796.29701031635  2803.5584469279
4129000  -2796.62420201215  2803.83601319001
4130000  -2798.0280592747  2807.07226656241
4131000  -2799.40169112658  2806.94859694498
4132000  -2797.78729803007  2806.32246880125
4133000  -2801.00694580477  2807.40276178061
4134000  -2801.39498680121  2809.47249600685
4135000  -2801.76496877803  2806.55238264142
4136000  -2802.53290006796  2808.12157125681
4137000  -2804.45923124118  2807.88354229537
4138000  -2807.11829078152  2807.21674618231
4139000  -2807.77481880964  2810.27196195885
4140000  -2805.5456677942  2810.01744294703
4141000  -2809.99026581877  2811.97725518119
4142000  -2811.53628041666  2810.54070865397
4143000  -2812.42646432352  2811.40807710676
4144000  -2811.22980880201  2813.22191928799
4145000  -2812.69227851695  2812.80053412455
4146000  -2812.52568051393  2814.65383144002
4147000  -2812.63824714485  2815.26485341732
4148000  -2813.59380146736  2820.66399636891
4149000  -2814.56927119998  2818.38905042057
4150000  -2815.96570101949  2818.42490139765
4151000  -2816.46001195975  2819.11625812988
4152000  -2818.73363469421  2819.38485209838
4153000  -2819.21732489831  2819.80882849392
4154000  -2818.02449849048  2819.84970743193
4155000  -2819.14134336273  2818.07771770078
4156000  -2816.36221346244  2821.65383934157
4157000  -2819.65128097446  2823.35654822438
4158000  -2818.94337417336  2823.46119764482
4159000  -2822.26026206242  2821.85628935909
4160000  -2824.09184415959  2823.01779801014
4161000  -2822.22377895475  2824.11783510972
4162000  -2822.14002119919  2824.76014521332
4163000  -2824.62096190775  2823.48860492828
4164000  -2827.25459127485  2824.41912499174
4165000  -2826.34729432714  2826.08062723286
4166000  -2823.61016408835  2825.01035616243
4167000  -2824.07645536148  2825.57825141794
4168000  -2825.62375298204  2826.79719614695
4169000  -2823.6464611704  2826.04149285332
4170000  -2824.67703276232  2828.25303838092
4171000  -2827.79272540992  2827.90382203944
4172000  -2825.92128070006  2828.29298984699
4173000  -2830.08878023069  2827.50027680446
4174000  -2830.57944078881  2828.22277979042
4175000  -2832.20990711155  2825.90116677232
4176000  -2831.67224930153  2827.20941704232
4177000  -2832.45302471745  2828.70757733683
4178000  -2832.13460412451  2829.79489235929
4179000  -2832.78838904886  2829.49117693796
4180000  -2831.72105469795  2829.98583255611
4181000  -2833.8417254833  2831.48788005895
4182000  -2831.65535083485  2832.39883018057
4183000  -2831.49923923044  2833.7853186205
4184000  -2831.12194964221  2832.94271900792
4185000  -2832.97619595465  2833.75210162475
4186000  -2831.54779463512  2833.73165506797
4187000  -2831.30906978393  2834.53742804789
4188000  -2833.11063896125  2836.49628455546
4189000  -2834.20673240731  2835.57943446034
4190000  -2833.88078487774  2837.06011547443
4191000  -2834.35094348033  2838.30472741675
4192000  -2832.99072845552  2839.14194776085
4193000  -2835.02729226218  2838.89886936079
4194000  -2834.7101016782  2838.87413500365
4195000  -2834.68274754996  2841.55170144871
4196000  -2836.80478749604  2841.35843058605
4197000  -2835.80384350115  2843.5142488958
4198000  -2838.66564865469  2844.36164067486
4199000  -2838.37509842486  2843.8439757544
4200000  -2839.42965394677  2844.57910531964
4201000  -2841.04522199314  2846.03181939139
4202000  -2841.47926011677  2844.6543865802
4203000  -2842.65376235991  2845.94725213388
4204000  -2841.35075393804  2844.76743293598
4205000  -2845.97667433009  2846.72686740557
4206000  -2846.72058861108  2847.71619959315
4207000  -2847.05291255009  2850.62289547096
4208000  -2846.80328846327  2848.93932550433
4209000  -2848.22742064438  2849.60294867322
4210000  -2848.34267965521  2849.06153713736
4211000  -2850.12803243238  2852.19565644483
4212000  -2849.46186748632  2852.21666233872
4213000  -2850.23019657892  2852.53866220696
4214000  -2851.99719132974  2855.06239829822
4215000  -2851.1053322813  2854.58987590381
4216000  -2852.53545497905  2856.45655918399
4217000  -2854.55746063944  2859.95755630456
4218000  -2856.00193732504  2858.17521734724
4219000  -2855.76139540067  2860.91695536239
4220000  -2856.38499338024  2859.96115252772
4221000  -2860.74871641216  2859.18154061282
4222000  -2858.08714761576  2859.85617479405
4223000  -2858.73554527137  2858.866698112
4224000  -2860.17551631236  2862.377940212
4225000  -2860.49346550001  2860.77060805313
4226000  -2862.45594464104  2862.26993194158
4227000  -2861.95193110805  2861.72054063541
4228000  -2864.67513229202  2861.88091494889
4229000  -2863.58168454861  2862.55649364122
4230000  -2867.33064347186  2862.16284006699
4231000  -2869.33872698544  2864.53117221063
4232000  -2867.71172036947  2867.00058220591
4233000  -2869.33211318168  2866.02913132556
4234000  -2869.61725960834  2868.96392518158
4235000  -2870.08506230276  2867.8084086056
4236000  -2870.52116949409  2869.36377417672
4237000  -2870.33883918777  2871.02988752177
4238000  -2874.75887601432  2870.5401254915
4239000  -2875.50088549968  2874.18518652092
4240000  -2876.02179918213  2874.26000509026
4241000  -2876.12350725744  2874.86914576022
4242000  -2877.15348598867  2876.45807559921
4243000  -2880.64546662607  2875.16669100609
4244000  -2878.69212144161  2876.16393596207
4245000  -2879.91395743343  2876.95631062048
4246000  -2881.88410290768  2879.63923360911
4247000  -2882.18237328308  2880.38473756064
4248000  -2882.1297515306  2878.58751516595
4249000  -2882.19406554489  2881.0083518358
4250000  -2881.79176585383  2878.88921548649
4251000  -2884.97334429784  2880.21976478245
4252000  -2885.00623232214  2883.05415780911
4253000  -2886.84854549267  2883.12959218635
4254000  -2886.5722289414  2884.6734702868
4255000  -2884.1059060933  2884.47122216602
4256000  -2885.88867338564  2887.15822031698
4257000  -2886.03520444332  2885.85912006591
4258000  -2890.24848506454  2888.66993034579
4259000  -2889.7339753069  2888.85725371121
4260000  -2893.24533337685  2891.21381579656
4261000  -2889.94715098616  2891.14205342923
4262000  -2892.46014837592  2890.94467855109
4263000  -2891.32496118151  2892.08478972261
4264000  -2892.39639251237  2893.37479187949
4265000  -2891.79431543052  2893.11275138118
4266000  -2894.43615669315  2892.74251102666
4267000  -2891.78948579714  2895.03184606973
4268000  -2893.7536262899  2895.88839943401
4269000  -2897.02664232336  2898.85314569274
4270000  -2898.1378642899  2896.59045644554
4271000  -2897.69057049969  2897.53323369915
4272000  -2896.42334617775  2899.02358410992
4273000  -2897.63241704783  2901.5821911651
4274000  -2897.98468341393  2900.3649949612
4275000  -2900.48340566962  2901.96214273667
4276000  -2901.18309810244  2904.02499146381
4277000  -2902.33685447673  2903.55728253325
4278000  -2904.91672544206  2905.67807134107
4279000  -2905.59929621666  2904.28532208058
4280000  -2907.8017307615  2905.73932038829
4281000  -2908.68551679242  2906.32098790893
4282000  -2909.68321690499  2908.33597284899
4283000  -2911.33919258023  2909.11234364047
4284000  -2913.08741749572  2909.02693901206
4285000  -2912.63020439832  2907.94498000896
4286000  -2912.87757473877  2909.09769466334
4287000  -2912.70512255926  2908.0966870827
4288000  -2916.22882361071  2909.28700545826
4289000  -2914.0978433411  2910.40569818924
4290000  -2914.42233145337  2911.63733105064
4291000  -2914.43264546365  2912.60112491775
4292000  -2914.9341687949  2911.70202597264
4293000  -2916.1029670766  2912.91507196003
4294000  -2914.18041180515  2912.7885501656
4295000  -2919.49553830217  2912.96769787789
4296000  -2918.79889205142  2913.89696344242
4297000  -2920.85887333702  2912.5873256602
4298000  -2919.66454585128  2913.91530881859
4299000  -2919.69854353822  2913.07488914961
4300000  -2919.03958889464  2914.75907486725
4301000  -2916.55214649418  2915.80143906581
4302000  -2917.93741804821  2916.96962746438
4303000  -2920.43548702839  2917.74530956567
4304000  -2918.76473529311  2916.2890104346
4305000  -2919.62272614506  2916.9248097537
4306000  -2922.4156736195  2917.05619293016
4307000  -2923.34725064015  2917.10098775469
4308000  -2923.08645117982  2918.01923376375
4309000  -2925.22022852634  2919.49343171579
4310000  -2926.22064372504  2918.93205739465
4311000  -2928.18785098227  2919.42704482915
4312000  -2929.84346044149  2921.26352143083
4313000  -2930.75101658755  2920.57662680213
4314000  -2930.64070625806  2923.00583275337
4315000  -2933.33549544408  2923.72717599108
4316000  -2932.6023386759  2927.63285210661
4317000  -2933.23257522349  2927.55866041065
4318000  -2933.55944753798  2930.12530337048
4319000  -2934.05757993598  2930.96858862575
4320000  -2935.41237717938  2930.89977961365
4321000  -2934.06602012702  2931.52093696981
4322000  -2937.49682494833  2930.8719549156
4323000  -2937.27417705497  2931.10918607591
4324000  -2934.58689282454  2935.61569407624
4325000  -2934.73154066854  2933.31529439531
4326000  -2936.36204013181  2935.40737951431
4327000  -2937.82438204181  2936.23007314301
4328000  -2938.24324771747  2934.61393657491
4329000  -2940.4325344001  2936.33124553163
4330000  -2942.68262718602  2937.58587109177
4331000  -2942.79649436772  2937.86425564885
4332000  -2942.82032913351  2939.91076224708
4333000  -2943.05796340259  2939.56129588402
4334000  -2942.58632898752  2942.40940564095
4335000  -2946.08479049242  2943.57985062571
4336000  -2942.88564471143  2942.37139857242
4337000  -2945.6406073329  2941.96677676528
4338000  -2947.56535515891  2944.52892542674
4339000  -2947.25600001982  2946.80688131478
4340000  -2942.7652269902  2945.73473245524
4341000  -2945.85127827205  2945.32066453028
4342000  -2945.97349057362  2945.70674577747
4343000  -2949.28553201983  2946.80577209943
4344000  -2948.29762026219  2948.42238269193
4345000  -2949.14860431993  2948.38035340553
4346000  -2950.82229943507  2949.13832707721
4347000  -2949.93370344382  2947.97280559671
4348000  -2952.57603658671  2949.290702649
4349000  -2951.33912332024  2947.61479419551
4350000  -2953.09599627032  2949.5782053874
4351000  -2952.67759986535  2950.26580030337
4352000  -2956.32642823615  2950.90279652893
4353000  -2955.99200886432  2949.66108086704
4354000  -2956.05565498279  2951.07194703696
4355000  -2956.71977909787  2952.3457487437
4356000  -2958.33861204595  2952.72949225163
4357000  -2959.79811703432  2953.07880184552
4358000  -2960.08074498967  2956.69915046188
4359000  -2961.41666801272  2956.07505224977
4360000  -2962.37778700874  2958.87064255775
4361000  -2962.60905210611  2959.27117584114
4362000  -2963.0034391821  2959.48612896759
4363000  -2964.06404899938  2960.43728827912
4364000  -2963.22244159861  2962.5887909166
4365000  -2964.19474260637  2963.53398926583
4366000  -2964.5420250012  2965.53138692313
4367000  -2964.52854280381  2966.02801876719
4368000  -2967.54456865283  2966.37568486297
4369000  -2967.34659441789  2965.33750782492
4370000  -2968.0986715304  2967.66127965687
4371000  -2967.14988221811  2965.77309702567
4372000  -2968.23311042226  2967.37024550536
4373000  -2965.95825044354  2966.64274793329
4374000  -2968.91551163311  2968.46886988526
4375000  -2971.2225885464  2969.49318160875
4376000  -2972.73450265284  2970.41217941229
4377000  -2972.17112368281  2970.22678798852
4378000  -2973.69422741041  2969.8996867093
4379000  -2974.26998717885  2969.7641779626
4380000  -2975.25662957518  2972.83681481132
4381000  -2973.60056574823  2970.99298114203
4382000  -2975.81499212057  2971.22750644884
4383000  -2978.79388871832  2971.1904603142
4384000  -2979.47065555763  2973.02815284838
4385000  -2978.65221063617  2976.11039394782
4386000  -2977.46083417332  2974.41393455269
4387000  -2977.64469091717  2976.84910243566
4388000  -2979.64305227799  2978.21833016182
4389000  -2981.62291217621  2979.15215091172
4390000  -2980.74485939864  2979.12675436276
4391000  -2980.60064387152  2979.86138095176
4392000  -2980.3033033701  2982.23187474978
4393000  -2982.41415425294  2982.81729724574
4394000  -2982.63770698343  2982.24783246897
4395000  -2981.34802860188  2982.16701846367
4396000  -2985.3530456438  2981.63642926048
4397000  -2984.64919062251  2981.4063983291
4398000  -2988.47820331298  2982.50538846486
4399000  -2987.6694803891  2980.14445067182
4400000  -2988.70243482625  2982.32123333315
4401000  -2988.0300805733  2979.13084985413
4402000  -2987.6524845915  2980.78019143944
4403000  -2990.43688199078  2982.65082956301
4404000  -2991.72650824928  2983.02453226037
4405000  -2990.97750735922  2982.31593762627
4406000  -2990.3283052198  2985.02528543094
4407000  -2991.61069258701  2984.45219383486
4408000  -2991.50666414636  2983.21522980727
4409000  -2991.6722084723  2984.95088375618
4410000  -2992.43031975558  2985.56484112901
4411000  -2995.22138946897  2988.24391674303
4412000  -2996.07258950653  2986.84651055342
4413000  -2997.96733632894  2988.17795898913
4414000  -2998.51176859431  2988.33080998815
4415000  -2999.21693063968  2990.33260819805
4416000  -3000.04574389282  2987.93992352755
4417000  -3000.10216475959  2991.33108698482
4418000  -3002.99662033282  2993.63938787815
4419000  -3002.06794274521  2993.68512836225
4420000  -3001.96836429999  2995.66132437412
4421000  -3004.67968185384  2997.17133274852
4422000  -3001.36903846426  2993.49939393125
4423000  -3002.24397141327  2995.15186298202
4424000  -3001.28547975207  2995.41226301653
4425000  -3002.11502780498  2996.85710408582
4426000  -3003.59206201493  2997.36687605392
4427000  -3003.75968930981  2997.85795369638
4428000  -3005.25269725284  2997.96922802843
4429000  -3003.47685439321  2998.43894813631
4430000  -3004.65854536159  2999.54292253662
4431000  -3005.69615491055  2999.54612005986
4432000  -3006.99317360687  3000.22492927759
4433000  -3005.26264011657  3000.20660341322
4434000  -3006.85000441219  3000.42068191375
4435000  -3008.78499605557  3001.21978564942
4436000  -3008.8968161588  3002.03640163082
4437000  -3008.77909565738  3004.25292582535
4438000  -3010.14404056923  3003.13834077235
4439000  -3009.14478523119  3004.52091012216
4440000  -3008.0146734597  3005.93125469748
4441000  -3009.9096123063  3005.57218182869
4442000  -3009.99805728858  3003.91278654716
4443000  -3011.74810122721  3003.0954167025
4444000  -3010.68401481465  3005.4276528888
4445000  -3013.60914292782  3005.98522709688
4446000  -3012.44867915818  3008.92969050218
4447000  -3014.21579172946  3008.7406546776
4448000  -3013.49513688196  3008.86206729655
4449000  -3013.68265185611  3011.22591143422
4450000  -3012.62212960657  3011.36772656319
4451000  -3011.37197635734  3011.44079050391
4452000  -3012.2133468009  3014.04896117806
4453000  -3011.94317605284  3015.6037569259
4454000  -3010.63533497446  3015.12333264034
4455000  -3011.49631135256  3014.67465630638
4456000  -3013.35400766859  3016.24110783748
4457000  -3011.84584825245  3017.86013304864
4458000  -3011.4028660104  3019.09972241775
4459000  -3014.0221770335  3018.88902871375
4460000  -3015.20215626247  3020.20423230484
4461000  -3016.49065617128  3021.806838181
4462000  -3017.86277965251  3021.06750328676
4463000  -3018.3634993301  3022.55732889719
4464000  -3020.34036964341  3022.39577796385
4465000  -3021.48688523622  3023.14545797171
4466000  -3020.77730934677  3024.13333319076
4467000  -3021.43354683563  3023.40268127131
4468000  -3022.8779633345  3024.74482451593
4469000  -3023.82106620727  3023.90102294343
4470000  -3021.78751862384  3026.26156328894
4471000  -3025.35198582853  3028.39265108552
4472000  -3024.41159866574  3029.60860580766
4473000  -3024.95217124821  3029.41616576906
4474000  -3026.30169137389  3032.3210765214
4475000  -3027.82931160921  3029.04622231322
4476000  -3029.25494844168  3030.84588142567
4477000  -3029.35048741091  3032.62704783455
4478000  -3031.25175117093  3033.12554277698
4479000  -3031.57559319767  3032.98093439494
4480000  -3032.43784004556  3034.84201352859
4481000  -3033.18575082854  3033.73345584618
4482000  -3032.33766471113  3035.26200234986
4483000  -3035.18282458768  3036.07720985845
4484000  -3033.90415487137  3038.56817779853
4485000  -3035.9677572284  3038.16211888699
4486000  -3037.16837991542  3036.14549857629
4487000  -3036.09467963696  3039.28141733695
4488000  -3037.064582161  3040.31491461666
4489000  -3036.74069793463  3040.00615202335
4490000  -3037.61459537903  3039.93579730623
4491000  -3041.32094418342  3040.82552038926
4492000  -3041.87367358232  3040.85568740799
4493000  -3042.56316306592  3042.21144840081
4494000  -3042.22043530255  3042.03430302768
4495000  -3046.40847691651  3042.14788067561
4496000  -3048.48894702587  3042.14813843936
4497000  -3048.67158221953  3041.85652768449
4498000  -3049.66679717488  3043.28106444539
4499000  -3048.9110646118  3043.53284469049
4500000  -3048.55219482729  3042.96793761203
4501000  -3051.93580869725  3045.11244547482
4502000  -3051.22789013064  3044.76764982681
4503000  -3055.23152913964  3044.5979127425
4504000  -3055.14820121471  3044.82654278927
4505000  -3055.65034456413  3046.12908463036
4506000  -3053.94548510452  3048.49705053342
4507000  -3057.38663708327  3050.70299499091
4508000  -3055.44722082373  3050.59811655718
4509000  -3055.42864367152  3052.17272603618
4510000  -3055.20202177555  3053.19096231716
4511000  -3057.39039898582  3054.21202014934
4512000  -3056.56806148489  3057.01698786894
4513000  -3056.66375694083  3057.18011101934
4514000  -3058.16586917305  3058.03319687584
4515000  -3058.82978197522  3058.16485138736
4516000  -3062.91062392144  3058.90908166774
4517000  -3060.61871093764  3060.4311936361
4518000  -3060.71621287126  3060.61972116763
4519000  -3063.59784008329  3061.82121010266
4520000  -3062.14755961579  3060.56114812732
4521000  -3063.57307679128  3062.58511159337
4522000  -3063.54234857681  3062.21392952374
4523000  -3067.02439146521  3063.99998784043
4524000  -3068.41924798451  3066.19677599343
4525000  -3067.41927977205  3067.78562558264
4526000  -3067.64430737304  3068.92379941665
4527000  -3069.14223880998  3068.15055389044
4528000  -3069.05844445393  3068.97066824939
4529000  -3069.21440243108  3068.4322643982
4530000  -3072.92234567655  3070.93416193392
4531000  -3072.47667617903  3071.48744398587
4532000  -3071.84292673623  3070.89018134004
4533000  -3071.89123300857  3072.86833778018
4534000  -3072.60355261687  3074.07976455111
4535000  -3074.34608357773  3074.95018812043
4536000  -3076.21620689264  3072.60804794878
4537000  -3075.38249766812  3074.86700466314
4538000  -3078.06721034355  3075.24321900868
4539000  -3079.39371632315  3077.60764692087
4540000  -3079.97222084116  3076.31108918114
4541000  -3082.29538485928  3077.49125133865
4542000  -3080.67737147853  3079.23157926532
4543000  -3083.35022941523  3079.26507481399
4544000  -3083.32046983556  3081.3097834411
4545000  -3082.84676905267  3081.1884341467
4546000  -3084.41778324398  3083.32916195771
4547000  -3086.24909630308  3082.85072073303
4548000  -3090.14411707317  3086.1897503018
4549000  -3088.92087393389  3087.03670787731
4550000  -3090.38605767165  3088.96515562062
4551000  -3089.12567481157  3087.97481951252
4552000  -3089.52602546795  3088.57267935277
4553000  -3089.93595278295  3086.73409582717
4554000  -3091.39089126043  3087.03116713463
4555000  -3092.63415197579  3088.67813349116
4556000  -3092.57478773639  3089.71159340187
4557000  -3093.98702964897  3092.9140211963
4558000  -3092.90627786369  3093.51170919976
4559000  -3095.46236985681  3093.17732470085
4560000  -3095.33688243308  3092.64258227733
4561000  -3095.17442422089  3093.89085348164
4562000  -3098.24728112363  3093.26174950561
4563000  -3100.76496345696  3094.96738230609
4564000  -3099.19004100153  3095.31938745104
4565000  -3100.53869175572  3094.86185953569
4566000  -3101.27305554627  3095.4275650674
4567000  -3101.38050975454  3095.31593498067
4568000  -3100.63820815868  3097.11486968734
4569000  -3101.47022629382  3096.56683702109
4570000  -3102.19868488919  3096.8427659278
4571000  -3105.94944751947  3098.62522377015
4572000  -3105.41143319219  3099.46635858158
4573000  -3106.48352736686  3096.99346368174
4574000  -3105.44948283508  3100.29308204597
4575000  -3106.98734268495  3100.36215684159
4576000  -3105.11401362161  3102.14066710582
4577000  -3106.24978029759  3103.68420458589
4578000  -3107.50681852211  3104.23225709676
4579000  -3107.39342311152  3104.62431316039
4580000  -3109.83908243119  3103.89092080967
4581000  -3109.34838849345  3106.59301472718
4582000  -3113.46338948836  3106.6322481113
4583000  -3111.01639991962  3108.4836594845
4584000  -3113.40343855787  3108.94426485652
4585000  -3114.40290341511  3107.17761276333
4586000  -3112.64269421872  3108.1016773836
4587000  -3112.56688668221  3108.78255810697
4588000  -3113.38964297427  3107.67414478764
4589000  -3114.67238241915  3109.37026316182
4590000  -3113.99303194281  3109.41350377484
4591000  -3115.26496668818  3112.55280170029
4592000  -3115.1367345084  3113.38508293832
4593000  -3114.4938226251  3113.70898338362
4594000  -3117.39463505177  3114.85725947316
4595000  -3116.71016226957  3115.55875747129
4596000  -3116.31397078339  3116.71781063359
4597000  -3116.92998292307  3117.6371629605
4598000  -3118.15595173226  3118.01061602445
4599000  -3119.51693662943  3117.69977160689
4600000  -3118.89992235407  3117.28759585371
4601000  -3117.23566273466  3117.62703507277
4602000  -3121.96772331559  3119.39647704319
4603000  -3120.80655976972  3119.53175697745
4604000  -3122.27183168176  3118.35260564908
4605000  -3121.01810943596  3121.27975490715
4606000  -3122.6471245525  3120.6561800395
4607000  -3121.1839115087  3120.74841827814
4608000  -3123.71225759711  3123.78490075698
4609000  -3124.18797730521  3124.50606370039
4610000  -3124.63197133673  3124.16608185114
4611000  -3123.76011522999  3126.27718401582
4612000  -3126.26895500162  3126.0944061286
4613000  -3125.31497218601  3126.21459334919
4614000  -3125.70930545703  3128.72913256856
4615000  -3126.93994023963  3129.93330807025
4616000  -3128.67366270804  3130.18536061183
4617000  -3128.45238178952  3129.22557806852
4618000  -3128.69007141075  3129.73042544905
4619000  -3130.02534811889  3131.11920052669
4620000  -3131.4792281744  3130.53161177251
4621000  -3132.08732139155  3128.91481913208
4622000  -3130.32921288561  3129.71805358559
4623000  -3131.18131895743  3132.26871903806
4624000  -3133.77286777435  3133.78633326451
4625000  -3133.44441862594  3133.16713236305
4626000  -3134.83640245592  3133.00630055177
4627000  -3132.59258159589  3133.99851620843
4628000  -3134.69380005135  3134.33986339558
4629000  -3135.38694137754  3133.25754888315
4630000  -3136.59969866008  3134.90136325434
4631000  -3135.14252884125  3136.30830610851
4632000  -3136.54486803709  3137.52565458175
4633000  -3136.05180392399  3138.11756118759
4634000  -3137.26842622379  3137.93767249695
4635000  -3137.20361739577  3136.59950048655
4636000  -3136.75912654  3138.32125693588
4637000  -3138.14807070903  3137.90203021241
4638000  -3137.42991114505  3138.24074020438
4639000  -3139.11932817226  3140.05336023649
4640000  -3143.20213032145  3139.67107070494
4641000  -3142.5333073007  3142.26035207418
4642000  -3143.14826554274  3140.73097828258
4643000  -3143.02491841771  3140.36746676947
4644000  -3143.77481470062  3141.07469043631
4645000  -3143.30888552043  3140.28585743072
4646000  -3143.41857079051  3142.1434038781
4647000  -3143.90040877439  3140.76280964433
4648000  -3145.59417522308  3142.48232201057
4649000  -3145.70606759088  3143.84132011172
4650000  -3146.22718032796  3144.5534892948
4651000  -3147.98533860895  3143.36061409596
4652000  -3148.73255620531  3145.27727624312
4653000  -3149.92481967276  3148.49490389237
4654000  -3148.46529572683  3149.31407190795
4655000  -3151.72836375328  3149.8520318212
4656000  -3150.72327641531  3149.20066312791
4657000  -3152.22892128633  3151.09609988147
4658000  -3153.07880263614  3150.2823223996
4659000  -3153.90570315694  3152.23201802375
4660000  -3156.96837547153  3153.08171638124
4661000  -3156.98668643838  3153.93810585637
4662000  -3157.4361954623  3153.76253107574
4663000  -3157.5747286406  3152.12784735829
4664000  -3159.77982841342  3154.1797325792
4665000  -3158.03586412668  3153.0941590988
4666000  -3159.35345877391  3155.60083516584
4667000  -3157.76389123056  3157.11688270294
4668000  -3158.06755822221  3157.80049113047
4669000  -3156.88626945562  3158.25733318387
4670000  -3158.8878492717  3158.32040519394
4671000  -3160.47278980107  3160.89425779854
4672000  -3160.50342506194  3159.74287315945
4673000  -3164.4375205453  3159.24331660399
4674000  -3163.2473204716  3161.86668474371
4675000  -3166.1019295473  3159.80344393062
4676000  -3164.10832698359  3162.26281966184
4677000  -3166.7134969035  3160.87178044157
4678000  -3168.31516502816  3162.29838824321
4679000  -3168.931840761  3163.74352030359
4680000  -3169.79504318858  3165.88223046727
4681000  -3170.62140605152  3163.92407082197
4682000  -3169.55016457342  3166.70511979583
4683000  -3171.61726034648  3166.99440598942
4684000  -3173.38606377556  3169.56484391121
4685000  -3175.38814932339  3168.92723705306
4686000  -3175.10625328383  3168.21318508635
4687000  -3176.73779900961  3170.23137158814
4688000  -3179.4430886754  3172.39091551745
4689000  -3179.16082022337  3169.11518658928
4690000  -3178.94887242635  3171.48420417542
4691000  -3177.46818060454  3173.08592597923
4692000  -3178.99516304039  3173.02160036495
4693000  -3177.21354029292  3174.52127767178
4694000  -3180.00268480402  3175.35069337166
4695000  -3182.05779235765  3173.84272150532
4696000  -3182.71032970267  3176.55758406729
4697000  -3181.72543473527  3177.9737323084
4698000  -3183.93160814475  3177.61161924029
4699000  -3182.39346719662  3179.34105302131
4700000  -3184.3470785068  3179.70596413613
4701000  -3185.58897011445  3181.47535911314
4702000  -3186.26672548211  3179.17209637147
4703000  -3187.54964611579  3180.45857322457
4704000  -3185.49946671193  3182.94773153957
4705000  -3185.34543518662  3185.79273880318
4706000  -3186.46538405405  3186.33388546579
4707000  -3187.88351385806  3184.42960020749
4708000  -3189.35743398162  3185.68306107874
4709000  -3189.58277475597  3187.18877521042
4710000  -3192.06707019723  3186.85225932859
4711000  -3190.57006074975  3186.3400066626
4712000  -3192.18840523422  3189.014089361
4713000  -3194.81403846115  3189.51681276466
4714000  -3194.9671632549  3189.34841815582
4715000  -3196.73267100012  3192.4733889811
4716000  -3196.46062685552  3191.0487422728
4717000  -3197.33223205248  3191.54786055222
4718000  -3197.96256917735  3192.69559561586
4719000  -3201.50346709239  3194.19375550914
4720000  -3202.0709380375  3196.61123426127
4721000  -3201.29767515955  3196.54676208336
4722000  -3200.5248601402  3197.78585234123
4723000  -3201.20714172821  3198.09181922941
4724000  -3202.0682691531  3198.41885796869
4725000  -3202.73736237516  3197.6263855854
4726000  -3203.11247559896  3198.87230810195
4727000  -3205.71766302424  3200.06793049284
4728000  -3206.90935531767  3202.53233881354
4729000  -3203.17851578725  3203.45960351029
4730000  -3203.00361627568  3206.80431463627
4731000  -3203.94364624378  3206.11734223331
4732000  -3206.32214128238  3208.21689699441
4733000  -3208.17516932876  3208.27988366312
4734000  -3207.36324859713  3208.48771027942
4735000  -3209.18975920085  3207.49330400833
4736000  -3210.68732627985  3211.74502555727
4737000  -3210.42658659388  3211.80410344089
4738000  -3210.20602865401  3213.48616607993
4739000  -3211.52884608608  3210.92971392076
4740000  -3212.62044528789  3214.58081457121
4741000  -3212.04324682431  3214.33609390349
4742000  -3212.81492017225  3215.79156078924
4743000  -3213.6149698899  3215.88551504676
4744000  -3214.64857824772  3218.53127078071
4745000  -3213.46482398751  3218.12917870788
4746000  -3215.47777885076  3219.20889379823
4747000  -3214.71557697884  3219.04880937847
4748000  -3215.12411220909  3219.22611314436
4749000  -3217.70393918836  3221.86453692983
4750000  -3217.62954871929  3222.36489632337
4751000  -3218.66942472993  3221.31621400181
4752000  -3218.94448913507  3221.59597321006
4753000  -3221.62677241933  3222.06545261343
4754000  -3220.91055014864  3220.48448030359
4755000  -3222.22334291789  3220.52202980221
4756000  -3221.04510761144  3221.39564343025
4757000  -3221.46593483947  3222.93816484871
4758000  -3221.55971573736  3223.3764747465
4759000  -3223.95151369728  3225.27868226351
4760000  -3224.72948410638  3225.80305075236
4761000  -3223.22855344436  3225.74113546206
4762000  -3227.21245175353  3225.66209488533
4763000  -3225.0062428338  3226.33530907329
4764000  -3226.64241320598  3228.12568936773
4765000  -3228.52760112937  3230.05056265115
4766000  -3230.4613875756  3230.91686022719
4767000  -3231.98580527156  3233.24046550958
4768000  -3232.50647120161  3232.15227130816
4769000  -3233.81494501314  3232.36784527757
4770000  -3235.08747395931  3233.84078223856
4771000  -3234.34428293837  3233.393254923
4772000  -3234.46748713029  3232.85105888818
4773000  -3233.70426629339  3233.94039810925
4774000  -3234.8601198182  3233.42748036394
4775000  -3235.84191337801  3234.76216915403
4776000  -3238.137478312  3232.8704652292
4777000  -3240.20117072619  3235.02939338911
4778000  -3238.22815035964  3235.44374763953
4779000  -3239.68447850646  3237.29222473085
4780000  -3242.52934646448  3238.13735009192
4781000  -3245.10226783593  3237.25066332997
4782000  -3245.75184944939  3239.13948194076
4783000  -3245.28385173302  3239.13388884521
4784000  -3247.06164314453  3241.10483545234
4785000  -3248.21049872597  3243.7644212501
4786000  -3248.93244209262  3243.90516063985
4787000  -3246.57274137715  3245.3816715671
4788000  -3249.38020177287  3245.40786642146
4789000  -3250.45685091796  3248.42131801253
4790000  -3252.10947510926  3249.62068129106
4791000  -3253.3020402905  3250.59418076944
4792000  -3251.07846865242  3249.07398276132
4793000  -3252.84313016087  3249.676126477
4794000  -3251.70508228558  3250.22059866546
4795000  -3252.13762018038  3251.13032032568
4796000  -3251.78066437199  3252.72051856652
4797000  -3252.63314764633  3252.77777970829
4798000  -3252.44720468589  3254.46701300675
4799000  -3253.28563986501  3254.51986544623
4800000  -3253.28930482437  3255.87484943561
4801000  -3257.20678756936  3255.78435634882
4802000  -3258.57677236178  3255.36436033819
4803000  -3258.08491939135  3256.42056711319
4804000  -3259.48437178037  3258.15006100107
4805000  -3258.86667909223  3256.82177858884
4806000  -3261.99754920476  3257.57372153496
4807000  -3260.93167033262  3259.18372816801
4808000  -3262.67630651362  3259.5855054017
4809000  -3263.70548977471  3259.39426567753
4810000  -3263.84538676807  3261.84524796322
4811000  -3261.87698971897  3261.77727660201
4812000  -3263.17228505142  3261.62118360583
4813000  -3265.68329589129  3260.15404798286
4814000  -3266.80747305867  3262.87218455083
4815000  -3267.69514667418  3264.59661368199
4816000  -3268.68982376639  3266.79008197053
4817000  -3268.52988030124  3265.61850946659
4818000  -3267.36801561256  3268.43299891419
4819000  -3269.13822860974  3268.33475824675
4820000  -3266.62632923949  3269.66658501237
4821000  -3268.0082716561  3269.46095788804
4822000  -3271.13242362397  3269.53906798808
4823000  -3272.59791636987  3270.81209675235
4824000  -3273.17646027926  3270.93810203301
4825000  -3272.54959161853  3273.79323810967
4826000  -3273.95598645936  3274.70707189037
4827000  -3274.60520160109  3274.15682250521
4828000  -3274.86019396338  3273.73851336871
4829000  -3273.16697554344  3277.20319318854
4830000  -3276.44229026564  3276.55366278571
4831000  -3277.10890288027  3276.07848966246
4832000  -3277.2165698318  3275.03550340733
4833000  -3278.75718700688  3277.1589322598
4834000  -3278.35725682019  3278.97626657229
4835000  -3279.37658381243  3278.24240892233
4836000  -3278.90392612195  3276.79861734804
4837000  -3280.9248475764  3279.79048176761
4838000  -3279.34349253666  3280.66114077674
4839000  -3281.93402548187  3281.68210478235
4840000  -3282.95024215726  3281.81399773835
4841000  -3282.72429151276  3283.55334339252
4842000  -3281.25927008687  3282.62699116354
4843000  -3283.88562725337  3283.20570644054
4844000  -3285.38246493917  3283.73576651101
4845000  -3284.8798362443  3283.8523104904
4846000  -3287.55147718704  3284.07058066339
4847000  -3289.3809121581  3285.74565858424
4848000  -3288.81039328987  3284.84509887154
4849000  -3290.89662408829  3286.3669351523
4850000  -3290.93933660525  3286.10307157347
4851000  -3292.47172354815  3283.95008420472
4852000  -3293.99034290831  3287.10583181804
4853000  -3292.39494062547  3287.99371927989
4854000  -3293.49865871243  3289.63526262466
4855000  -3294.26406623911  3289.52370993457
4856000  -3295.68280695412  3289.49454220397
4857000  -3295.12832707135  3290.53020914904
4858000  -3293.55118990151  3293.29084054191
4859000  -3296.16084689281  3293.96890306723
4860000  -3293.87361408094  3292.87818061501
4861000  -3297.72498479815  3294.72291452686
4862000  -3298.36738575196  3294.74504619843
4863000  -3299.51426569202  3295.09771453432
4864000  -3300.44827471282  3297.14898735655
4865000  -3298.17436290794  3295.12049735985
4866000  -3302.48309852753  3296.85001062877
4867000  -3303.87986945162  3297.66619168347
4868000  -3302.79312786442  3298.50825546984
4869000  -3306.06360704672  3298.33370618552
4870000  -3306.13233284544  3300.20456963661
4871000  -3307.29089541821  3299.41310370866
4872000  -3308.13736869912  3300.53403892211
4873000  -3308.82865906023  3301.19571445094
4874000  -3309.49984892066  3301.33425992903
4875000  -3311.37888583059  3302.13780458169
4876000  -3309.77717698276  3302.19281182861
4877000  -3309.90471542762  3301.69570342673
4878000  -3311.06419718793  3302.87777772026
4879000  -3313.02752699636  3303.09479438313
4880000  -3314.96432075495  3302.34414381467
4881000  -3311.70924136236  3304.0045165129
4882000  -3314.10254480763  3307.44735326078
4883000  -3313.72496549175  3303.67845644901
4884000  -3311.75679270972  3303.54603680062
4885000  -3314.09158431163  3305.90487786598
4886000  -3310.43536413068  3306.83838784527
4887000  -3313.33699958679  3306.6302865557
4888000  -3313.32150550735  3305.21428534509
4889000  -3313.2525099116  3306.95940316442
4890000  -3315.53686346903  3308.87368655409
4891000  -3315.28278501934  3308.93170772324
4892000  -3315.25451766891  3311.49172129171
4893000  -3313.6404260304  3310.56027493997
4894000  -3315.15509933009  3310.19364380804
4895000  -3314.37514577331  3310.11393941624
4896000  -3316.03251182972  3311.80720288645
4897000  -3316.39859290302  3312.73270000934
4898000  -3314.4111100121  3313.32312740235
4899000  -3316.57502988851  3316.14329818098
4900000  -3318.51561582623  3316.47369842342
4901000  -3319.15686759175  3317.77020465583
4902000  -3321.32098281855  3316.41175894135
4903000  -3321.89791150143  3317.30890791057
4904000  -3323.11576589052  3316.95340219453
4905000  -3326.16857510706  3318.08113004115
4906000  -3324.95874096127  3317.96782690521
4907000  -3324.56877509629  3320.81532128604
4908000  -3327.19557935085  3319.20990922644
4909000  -3326.82850131208  3322.67715528413
4910000  -3327.13996043833  3320.97287747229
4911000  -3325.9196856359  3323.16849448647
4912000  -3326.78515285776  3324.69897193169
4913000  -3330.3234885811  3325.14274410294
4914000  -3329.7719062962  3324.31842415641
4915000  -3330.6623174436  3326.99883098669
4916000  -3331.9835214565  3327.3088554417
4917000  -3331.64112758332  3327.1113641987
4918000  -3332.81697135202  3328.76690000149
4919000  -3334.2604367099  3327.61442111783
4920000  -3336.88198379798  3330.54257313198
4921000  -3336.30600810673  3328.87058666814
4922000  -3340.04361544162  3328.06209395146
4923000  -3338.58965901192  3330.29310106456
4924000  -3339.17970307244  3330.6668267012
4925000  -3338.47633594772  3330.37286097299
4926000  -3340.64476126482  3331.47496781592
4927000  -3340.42606516443  3330.76771020846
4928000  -3342.26838182764  3331.68085003116
4929000  -3343.29766903625  3334.10829846449
4930000  -3342.65975286917  3332.35127742627
4931000  -3343.34580624728  3333.90804371883
4932000  -3343.4239068954  3334.51203848172
4933000  -3344.60178101296  3336.48852017642
4934000  -3344.6058601995  3338.23523541478
4935000  -3344.55369998623  3338.05057998212
4936000  -3348.6638203448  3340.24576729265
4937000  -3349.66954871651  3341.15999461865
4938000  -3350.03017031142  3340.3327561002
4939000  -3349.88637922029  3342.78934108121
4940000  -3349.14552188709  3341.62006219889
4941000  -3349.32994337269  3343.84629796423
4942000  -3347.82581021299  3345.08400932835
4943000  -3350.55573645803  3343.81476283628
4944000  -3352.16671799759  3345.19655980516
4945000  -3350.22670342009  3344.86974358861
4946000  -3350.01624637455  3344.60568571579
4947000  -3353.67591753391  3347.52805131478
4948000  -3355.01410446709  3346.1257227429
4949000  -3353.30042715932  3349.44276024643
4950000  -3355.11207676186  3350.12910450484
4951000  -3354.85283097225  3351.45928084115
4952000  -3355.90237536269  3350.05512619355
4953000  -3357.44171675871  3350.56822123896
4954000  -3356.57609874012  3351.08867749838
4955000  -3358.68887785205  3350.53409906923
4956000  -3358.93204614903  3351.5742227353
4957000  -3362.17527110696  3352.90272398808
4958000  -3360.25165826292  3353.39156690386
4959000  -3362.29442964514  3353.6952838341
4960000  -3363.47405455875  3356.61492760833
4961000  -3363.76661434934  3356.06245923421
4962000  -3366.92507200591  3356.74532431572
4963000  -3367.0851374523  3357.03928226792
4964000  -3366.18132597401  3358.04064210742
4965000  -3365.10209321619  3357.23159757416
4966000  -3364.27526762172  3358.29820649088
4967000  -3367.6491884125  3359.74936977765
4968000  -3365.38197140632  3357.97544159942
4969000  -3366.28212891964  3360.07993865435
4970000  -3366.84481552327  3361.54028844155
4971000  -3369.57675841378  3359.91517993071
4972000  -3370.12367926779  3360.60021382486
4973000  -3369.28801104706  3362.62349288833
4974000  -3368.94639424445  3359.72624396921
4975000  -3370.12262255687  3362.27129867323
4976000  -3371.16352988693  3362.54692483957
4977000  -3374.36370289324  3364.56500151142
4978000  -3373.42310648774  3367.38216624668
4979000  -3373.73896212348  3366.60793784835
4980000  -3372.80544089402  3365.21445911394
4981000  -3373.23836187783  3368.58057772674
4982000  -3377.00372282067  3368.16234257442
4983000  -3376.29237624902  3368.36451732179
4984000  -3376.5687075932  3370.51286726659
4985000  -3374.75077757531  3370.33231079572
4986000  -3380.02317208135  3373.12142889863
4987000  -3378.17998863642  3371.24373881981
4988000  -3379.13273210537  3371.08857861522
4989000  -3380.69493013207  3369.73092848548
4990000  -3379.619873834  3370.04294885861
4991000  -3376.88066772333  3371.33241097667
4992000  -3379.51634969699  3373.45847958037
4993000  -3380.36194230364  3373.99016131746
4994000  -3381.23577141018  3374.70901469758
4995000  -3380.02803536126  3372.84790164177
4996000  -3381.53577357512  3375.87712937689
4997000  -3382.15122152246  3376.78647817876
4998000  -3382.03429928322  3377.42468204826
4999000  -3383.76342248618  3376.37898142426
5000000  -3383.32649627173  3378.44328401011
5001000  -3386.41502012292  3379.29817245917
5002000  -3385.74897603657  3380.33594688867
5003000  -3385.52977892795  3380.19656842168
5004000  -3387.50377707956  3379.21977964392
5005000  -3387.71563210985  3380.02407622239
5006000  -3389.13721739886  3382.16587425168
5007000  -3388.88321871496  3383.72454924162
5008000  -3390.26319751843  3382.24089793529
5009000  -3391.42037520567  3384.65444454899
5010000  -3390.80191460473  3386.78263682054
5011000  -3392.16290891592  3385.9500514217
5012000  -3391.87188704412  3388.03839930131
5013000  -3394.7889113282  3388.26777736792
5014000  -3393.57016530532  3388.84062226476
5015000  -3392.30730010418  3389.0675501804
5016000  -3393.62154105916  3389.51413898764
5017000  -3393.58866869855  3390.21723544974
5018000  -3393.63152983485  3390.72007864134
5019000  -3394.75571502092  3391.21902503687
5020000  -3395.57541616117  3392.00632543948
5021000  -3394.55003871786  3391.03518109004
5022000  -3397.63960058469  3392.88111323295
5023000  -3396.73777589239  3392.50368028551
5024000  -3400.54810703967  3392.94810293278
5025000  -3397.47896212661  3392.91343100943
5026000  -3397.7486386591  3393.98278141899
5027000  -3397.35299179228  3394.60378083905
5028000  -3399.87056065964  3395.47655533207
5029000  -3397.31758211448  3397.89899237947
5030000  -3399.95881244872  3397.44233430305
5031000  -3397.5364262883  3399.84306913642
5032000  -3401.82497137577  3399.17140502738
5033000  -3400.33765695501  3400.05812709068
5034000  -3402.0627883534  3399.88161705764
5035000  -3400.20945218353  3401.97544795832
5036000  -3399.73668225649  3401.72049780621
5037000  -3403.61241686843  3401.87928980993
5038000  -3404.67972345534  3402.30839800675
5039000  -3406.03739743139  3402.88875582508
5040000  -3405.18911448059  3403.38265600328
5041000  -3406.48942114146  3402.19095955995
5042000  -3404.51305508667  3401.34052941849
5043000  -3404.46687462396  3402.9554734033
5044000  -3407.32593600283  3405.42981297849
5045000  -3409.30062231203  3407.38433418969
5046000  -3410.99866644708  3406.62986225212
5047000  -3410.2928766606  3407.10154968541
5048000  -3412.61695703799  3406.44560712459
5049000  -3412.43961431941  3410.42551545415
5050000  -3409.8766000648  3411.95172367464
5051000  -3410.67959609059  3413.12023376028
5052000  -3414.12279426828  3413.07777267041
5053000  -3415.07508201683  3415.11392338754
5054000  -3415.54923434254  3419.0819464997
5055000  -3415.30339601869  3416.20550065403
5056000  -3417.4997900019  3416.61962585131
5057000  -3416.95753231447  3417.85405355614
5058000  -3417.74592296107  3418.97437907776
5059000  -3418.43909581475  3420.90187001876
5060000  -3418.95053669739  3420.66275488458
5061000  -3421.06450813017  3421.95421267026
5062000  -3422.14615763991  3421.54289569511
5063000  -3423.37544535236  3422.13290626907
5064000  -3422.47877030344  3422.41110153802
5065000  -3425.38241561131  3422.1244705258
5066000  -3422.06906292192  3424.24626284251
5067000  -3423.35143617533  3424.97751203199
5068000  -3423.20680392318  3426.62108407585
5069000  -3425.38677105635  3426.93934208119
5070000  -3425.18685831846  3427.957981945
5071000  -3428.22049494532  3427.64119358785
5072000  -3428.57712639461  3429.48527260358
5073000  -3427.98596536096  3427.70912437204
5074000  -3427.66664351374  3429.21730817298
5075000  -3425.19052012033  3428.45973009076
5076000  -3429.72559412343  3427.58494087514
5077000  -3428.98961326529  3429.28013363567
5078000  -3430.87640317528  3429.28004915834
5079000  -3430.95090388944  3430.84195529634
5080000  -3431.45372423592  3428.33313280649
5081000  -3432.16444290571  3432.3408079183
5082000  -3432.47759830765  3429.45821433463
5083000  -3434.23191622977  3429.56714216703
5084000  -3433.66141784738  3430.90792611159
5085000  -3434.67723583147  3430.93884770948
5086000  -3435.70662880458  3432.715453266
5087000  -3436.64479121112  3434.51436270296
5088000  -3436.9201139634  3436.08365251257
5089000  -3436.03219629107  3434.05094124596
5090000  -3438.41574612589  3438.24308284445
5091000  -3440.06942344989  3438.54079868952
5092000  -3440.75822876242  3438.75794653701
5093000  -3441.78898352436  3440.15158050571
5094000  -3443.6146556938  3441.74035440637
5095000  -3443.38518615814  3441.69302983175
5096000  -3443.41990826313  3440.29054478268
5097000  -3446.74341242757  3438.53424704814
5098000  -3447.61184917891  3439.15457682084
5099000  -3447.64999729963  3439.89850742445
5100000  -3450.60934883287  3439.34524518017
5101000  -3451.85238021648  3441.96474044174
5102000  -3451.59614526019  3443.87501412996
5103000  -3451.03419041448  3444.55646134519
5104000  -3454.43675052346  3445.41728353438
5105000  -3454.31442068819  3445.39015400094
5106000  -3452.67811518071  3446.22373473548
5107000  -3454.04799028546  3446.97669765304
5108000  -3455.24001663792  3445.18673486948
5109000  -3455.93075192433  3443.96285488976
5110000  -3457.46990036456  3446.12872737943
5111000  -3456.904458068  3447.86685032498
5112000  -3455.72901657822  3449.73438351596
5113000  -3459.9197615469  3448.27532909077
5114000  -3460.49329161825  3449.77032227656
5115000  -3460.56924388338  3451.95751426113
5116000  -3460.4718885871  3452.35642707097
5117000  -3459.42349299911  3452.16295049889
5118000  -3460.82682850482  3454.02666568834
5119000  -3462.40806473423  3455.74540581432
5120000  -3461.69050936156  3458.10781152136
5121000  -3463.81366848001  3457.76847779087
5122000  -3464.82426090244  3456.87382476037
5123000  -3466.78936632202  3455.38858293804
5124000  -3468.52115327531  3457.86485357838
5125000  -3463.22797570632  3456.3428953612
5126000  -3466.87369701312  3456.15636100835
5127000  -3468.14931177474  3455.7671398526
5128000  -3468.74137930745  3457.95335389832
5129000  -3469.74866198826  3459.31618305673
5130000  -3472.19084253258  3458.58248461915
5131000  -3471.17936062238  3460.89865653655
5132000  -3474.14062792876  3462.00795375793
5133000  -3471.86246884557  3463.22341741883
5134000  -3472.43308667319  3461.54917535036
5135000  -3472.17823187603  3465.63378006214
5136000  -3474.40921805944  3467.85328320006
5137000  -3477.9557095327  3468.28435994921
5138000  -3475.05278961865  3469.96973588191
5139000  -3477.0735252478  3470.2363144953
5140000  -3477.49755304349  3470.56369831509
5141000  -3478.35977647591  3470.97833088126
5142000  -3481.76790510377  3473.45815408058
5143000  -3480.09395048537  3472.9633732485
5144000  -3481.9012677182  3473.60287059264
5145000  -3484.06340284096  3475.11567301418
5146000  -3485.23190408617  3474.65651100337
5147000  -3484.0551905012  3475.20909020913
5148000  -3486.33545422855  3477.93348235577
5149000  -3487.32019073814  3477.54233062019
5150000  -3487.11610531152  3478.66769333728
5151000  -3486.75054656329  3476.83862080108
5152000  -3488.14823926649  3479.74523024736
5153000  -3489.91898504115  3479.35506858428
5154000  -3487.94051279767  3479.36938440228
5155000  -3491.68774799971  3480.81949971388
5156000  -3489.43252406726  3480.08789915831
5157000  -3489.65331018386  3481.64439442209
5158000  -3488.90346392172  3484.17831218533
5159000  -3489.19611795729  3484.1863621091
5160000  -3490.51066937625  3483.79117582442
5161000  -3490.0360278827  3484.17053954641
5162000  -3491.78246590871  3483.95759796603
5163000  -3492.06623895603  3483.36033302108
5164000  -3491.81951269938  3485.8217145518
5165000  -3492.66088986044  3486.66551116626
5166000  -3494.07920411977  3489.57829305974
5167000  -3492.04420086017  3488.79441126254
5168000  -3494.57351888151  3488.6462536418
5169000  -3495.2100555234  3488.27092060679
5170000  -3496.13683440522  3490.01214320041
5171000  -3495.2794478973  3493.05598355559
5172000  -3495.65124530039  3490.04884003385
5173000  -3495.58925686284  3493.10612840887
5174000  -3495.63901163009  3494.36952749119
5175000  -3496.73566171159  3496.66484269968
5176000  -3498.86724731981  3496.28274664805
5177000  -3499.85168434454  3495.03253669755
5178000  -3501.83081815315  3497.82723635287
5179000  -3500.24863879554  3497.10497264575
5180000  -3498.76409868705  3497.10399315193
5181000  -3500.81925133143  3499.83125271589
5182000  -3501.53131109943  3498.88909663678
5183000  -3501.35068860871  3501.63079933308
5184000  -3502.31861934552  3502.78127442688
5185000  -3502.70391797992  3503.18901041785
5186000  -3502.91641518154  3505.10458169919
5187000  -3505.88935748768  3506.76913296331
5188000  -3508.5984996216  3506.62204320918
5189000  -3507.6762129696  3508.2983656791
5190000  -3509.10623587353  3509.21299396887
5191000  -3511.75086044715  3509.56599974842
5192000  -3510.74366330778  3507.66178019359
5193000  -3510.97562505511  3509.42955375747
5194000  -3510.89697823117  3511.10078965739
5195000  -3511.8054504278  3512.66575419567
5196000  -3512.41189294919  3513.34957916165
5197000  -3511.93523161505  3513.51759519309
5198000  -3515.81301268868  3511.37474989521
5199000  -3517.92219740333  3512.13150122501
5200000  -3516.12216824366  3512.6964683059
5201000  -3516.54947501378  3512.77663465433
5202000  -3518.49122040865  3513.91634110014
5203000  -3520.71632177451  3514.34672209058
5204000  -3518.71366582832  3516.74131666848
5205000  -3522.56135491897  3514.67853596824
5206000  -3521.82080306231  3518.0317489456
5207000  -3523.40751613425  3518.56106826352
5208000  -3524.94681895972  3518.81916396135
5209000  -3523.81899313586  3520.54182113733
5210000  -3529.25586230023  3519.94541033394
5211000  -3528.52064968859  3520.72680350167
5212000  -3529.15930990573  3522.03910229059
5213000  -3528.35044915176  3520.54112577014
5214000  -3530.11816860524  3519.73079476293
5215000  -3530.72248839111  3522.68654351962
5216000  -3529.6022170555  3521.93831920344
5217000  -3529.7987484202  3523.01052197664
5218000  -3531.10401525384  3524.31287984237
5219000  -3531.17961047877  3521.82359066892
5220000  -3533.84414034201  3522.79937362178
5221000  -3534.55944156321  3525.33592385494
5222000  -3534.57966382278  3527.54040556833
5223000  -3535.34183639149  3526.44399953376
5224000  -3535.69681896671  3527.25977546379
5225000  -3534.62383127896  3528.20059724906
5226000  -3535.16306415131  3528.25965576271
5227000  -3535.80216502672  3529.8292629244
5228000  -3537.17304903265  3532.89859299618
5229000  -3537.2386317982  3533.14249495054
5230000  -3538.89098561972  3532.84250477657
5231000  -3537.69933036753  3534.21713343374
5232000  -3536.95886723675  3533.2086673372
5233000  -3538.7781032219  3535.33694575435
5234000  -3537.45834570179  3535.33181273169
5235000  -3539.58730302659  3536.51466659916
5236000  -3536.17149910026  3538.35538938985
5237000  -3540.4361182925  3537.60829388739
5238000  -3539.58099052414  3537.43078692409
5239000  -3539.3568842814  3536.34337883951
5240000  -3542.20006264347  3538.55188197671
5241000  -3541.90379579026  3538.34030412812
5242000  -3542.80383545821  3539.13405465292
5243000  -3543.63112960977  3540.53893215979
5244000  -3544.43201708647  3541.68950522142
5245000  -3545.05806361807  3543.34463142737
5246000  -3546.23123973037  3543.11775533504
5247000  -3547.92298531771  3544.04188130699
5248000  -3546.6541633269  3543.38256042545
5249000  -3548.23686171574  3542.89224161119
5250000  -3549.12539828893  3543.70375588259
5251000  -3550.2849349372  3544.80665385052
5252000  -3549.5310150741  3545.6353927246
5253000  -3550.04078934155  3547.71668286692
5254000  -3551.87713527753  3547.55159314584
5255000  -3549.44818104803  3549.05648528354
5256000  -3550.4938970244  3550.52168611974
5257000  -3550.82306851856  3552.94448662588
5258000  -3552.78659358421  3551.08905073134
5259000  -3550.62199642156  3555.95753465193
5260000  -3551.29340562035  3555.6437279712
5261000  -3553.35109264057  3555.29984037672
5262000  -3554.37999286125  3555.83827991811
5263000  -3554.54581693585  3555.78815980377
5264000  -3555.40930186972  3555.79159589622
5265000  -3559.26733415441  3559.15695721604
5266000  -3560.48995121847  3558.33452776636
5267000  -3561.64510242892  3560.37488353649
5268000  -3562.37133494128  3559.30686343618
5269000  -3564.81450445805  3559.32490812323
5270000  -3566.44155926984  3559.83698178957
5271000  -3567.42647808543  3560.22808727216
5272000  -3569.01851098688  3562.05758630024
5273000  -3567.31020589584  3561.07556964979
5274000  -3568.09853533608  3564.82767573208
5275000  -3568.82609411729  3562.20699286222
5276000  -3569.53522246651  3564.732197453
5277000  -3569.40938920631  3564.25965661896
5278000  -3570.67294576683  3566.80775646086
5279000  -3571.21972970075  3566.62841240092
5280000  -3570.97520863377  3570.87123770816
5281000  -3574.14809066056  3570.13896363816
5282000  -3574.6246781019  3570.2387057025
5283000  -3575.22370103851  3571.72649664133
5284000  -3577.42212264459  3570.49950171932
5285000  -3579.45053714398  3573.36738358917
5286000  -3580.22433501011  3574.0097706782
5287000  -3581.10514860337  3575.12176386207
5288000  -3580.12090775474  3574.75944157505
5289000  -3582.8364077626  3575.40841933322
5290000  -3580.67640001064  3575.09407557799
5291000  -3581.86762824704  3576.44503678949
5292000  -3584.06994267664  3577.4710210365
5293000  -3582.98431827711  3576.18607938503
5294000  -3582.55295698198  3576.22529175568
5295000  -3585.14390787939  3577.96992653231
5296000  -3585.03952060507  3580.35811824103
5297000  -3584.17707749846  3581.08259812888
5298000  -3585.21688225894  3583.30483847586
5299000  -3587.09712040269  3581.87191886121
5300000  -3588.69765774959  3583.45207563278
5301000  -3590.49236771049  3581.88155403862
5302000  -3589.71631130214  3584.94404044894
5303000  -3590.0315889745  3584.95440462005
5304000  -3592.64051702989  3584.91808740964
5305000  -3594.21305313122  3588.588059466
5306000  -3593.53846584115  3587.55132495919
5307000  -3593.38266601084  3588.53069590704
5308000  -3594.26290741015  3588.15861139147
5309000  -3594.66870393213  3588.64389998309
5310000  -3595.2341327226  3589.61170015649
5311000  -3591.94038582614  3589.84877550114
5312000  -3594.06473102002  3590.72130202657
5313000  -3595.26520959097  3589.40763535333
5314000  -3594.65015926957  3591.15708395775
5315000  -3595.65570020483  3589.85316071556
5316000  -3598.33069068492  3590.83619775621
5317000  -3600.04792998742  3591.63489214838
5318000  -3599.18415390356  3593.34910414474
5319000  -3600.9105143127  3593.31983273034
5320000  -3599.36371196573  3593.64000729054
5321000  -3600.99355247795  3596.33713532052
5322000  -3600.20166036167  3596.84818251662
5323000  -3601.27277894978  3598.38925976623
5324000  -3602.977601297  3598.17575447034
5325000  -3604.14629074671  3598.72082311366
5326000  -3605.84915913224  3600.95136199386
5327000  -3605.88938238798  3599.59254250803
5328000  -3607.07940945402  3599.57258078436
5329000  -3608.95136302573  3602.3707946934
5330000  -3609.44641694719  3602.15011783448
5331000  -3611.26020961586  3600.97586376075
5332000  -3609.60293057626  3602.63643601602
5333000  -3612.03265989855  3602.68046771332
5334000  -3613.93052286674  3603.38097675401
5335000  -3614.35270268415  3605.07454059449
5336000  -3612.09837690171  3602.74696540881
5337000  -3612.99714883228  3605.4039185885
5338000  -3615.02753631491  3605.25454080392
5339000  -3614.48858703112  3606.28780099226
5340000  -3615.32025016598  3607.49776363799
5341000  -3613.80767254392  3607.43669608376
5342000  -3615.55902732638  3607.6529795716
5343000  -3615.52446581252  3608.6773744564
5344000  -3618.65181721399  3610.41735790797
5345000  -3619.02562456396  3610.82163614948
5346000  -3618.99487221815  3613.13153145316
5347000  -3620.41943098321  3614.65864391188
5348000  -3621.39469508698  3614.25841453272
5349000  -3622.02137116918  3614.19437993875
5350000  -3622.71291502121  3614.09619401438
5351000  -3621.93638435485  3615.17325952537
5352000  -3624.46944812969  3615.74461253435
5353000  -3628.17507493633  3615.04668667811
5354000  -3626.95095024043  3614.99903007759
5355000  -3628.15674279996  3617.79267199362
5356000  -3629.86722459864  3618.36779150423
5357000  -3628.18452970974  3617.91529101382
5358000  -3627.78392779216  3620.03702610789
5359000  -3631.14735912389  3620.45058404221
5360000  -3631.91230592838  3623.05818151038
5361000  -3631.91774005787  3623.91597392959
5362000  -3635.9145138056  3626.22233263438
5363000  -3636.25619476442  3625.9647400776
5364000  -3635.93191816365  3625.80982158905
5365000  -3636.95851899767  3626.50376869351
5366000  -3637.45918040708  3628.79369419729
5367000  -3639.70972670993  3628.01780321224
5368000  -3638.93041073053  3629.0683919381
5369000  -3640.39304002898  3628.39325041823
5370000  -3639.5538042067  3632.90686279774
5371000  -3641.6585502071  3632.88589721154
5372000  -3641.05233375085  3634.67694730119
5373000  -3643.90538764298  3635.91796126748
5374000  -3643.32277971681  3636.62147646385
5375000  -3641.34258150858  3634.39474995315
5376000  -3645.33553953948  3636.24296369846
5377000  -3645.16754729289  3637.06835455451
5378000  -3645.64360782118  3639.42620914647
5379000  -3643.28951607605  3639.07678934217
5380000  -3644.74474558542  3640.78632431349
5381000  -3647.07087443711  3641.34952087947
5382000  -3645.990195277  3641.54899539514
5383000  -3647.10367302518  3642.31460176387
5384000  -3645.41319967499  3641.1672509842
5385000  -3647.40543091382  3643.33842511712
5386000  -3648.55456837333  3645.39881148825
5387000  -3646.44874454716  3646.17903759012
5388000  -3647.85014656303  3645.97333585839
5389000  -3649.19339971951  3646.12339965229
5390000  -3648.47983126264  3646.85414279074
5391000  -3652.35200531173  3648.57905484049
5392000  -3652.78331628828  3648.79939277262
5393000  -3651.76646232785  3650.59749711029
5394000  -3652.92295808041  3649.5434322585
5395000  -3655.20206413145  3651.19314046719
5396000  -3654.65224463381  3649.2365885058
5397000  -3655.41754226254  3651.32745374728
5398000  -3658.63123173249  3653.33042515716
5399000  -3659.50779201707  3652.82584469438
5400000  -3659.95862195089  3654.5183810524
5401000  -3660.13773218151  3655.13021569316
5402000  -3664.22201790483  3653.34466125273
5403000  -3664.73455554473  3655.98233064376
5404000  -3663.99169594221  3655.1984084757
5405000  -3666.07048941374  3656.43772224967
5406000  -3663.50620843415  3656.56712301082
5407000  -3665.06145309032  3657.41091396494
5408000  -3665.03068552812  3658.42295661333
5409000  -3668.3349427982  3657.5034819889
5410000  -3670.27292183482  3660.14807749467
5411000  -3670.18569883647  3660.45902242889
5412000  -3670.36989944953  3661.30220391571
5413000  -3670.94853209379  3660.0739389366
5414000  -3668.62982251647  3663.86987015221
5415000  -3670.7672779244  3665.35636461271
5416000  -3673.65229119342  3665.05912806692
5417000  -3675.50330768784  3665.76150464307
5418000  -3676.34361434849  3668.41114787619
5419000  -3678.32976133808  3671.07276347639
5420000  -3678.07003411454  3672.60734912729
5421000  -3679.6169382024  3672.44698333267
5422000  -3679.65414326197  3674.68145632757
5423000  -3681.99224668341  3676.75423830109
5424000  -3680.49508364902  3675.87188020972
5425000  -3683.76721318031  3677.97767884393
5426000  -3687.19895581791  3679.41752005307
5427000  -3687.01575499766  3679.06922650582
5428000  -3687.84849653864  3680.30224926208
5429000  -3688.90669328753  3683.18353648041
5430000  -3689.27289943441  3683.19288623797
5431000  -3691.8655072755  3684.23887252518
5432000  -3691.51553103929  3685.65984846472
5433000  -3691.10276038111  3687.66931443382
5434000  -3694.08050723636  3688.72350427756
5435000  -3692.50220788717  3690.88556748423
5436000  -3692.14407756751  3693.45662604778
5437000  -3695.65164458618  3691.21905666489
5438000  -3696.91444762653  3692.13643122726
5439000  -3693.90755027609  3692.45597568663
5440000  -3694.63047136311  3690.98814362929
5441000  -3696.02787690098  3691.45873148575
5442000  -3695.9110387706  3692.10936983423
5443000  -3698.62205585226  3693.25402783622
5444000  -3697.03354652642  3694.23800884434
5445000  -3699.41910728239  3695.20876285089
5446000  -3702.19492449059  3696.74233993474
5447000  -3702.57907700377  3698.50867636037
5448000  -3701.14409554813  3695.00029242671
5449000  -3701.82905901876  3697.27339680019
5450000  -3705.25806576373  3697.64161367117
5451000  -3705.22103750245  3698.56618819931
5452000  -3704.14004183266  3697.80797931814
5453000  -3706.53406200891  3699.03649289304
5454000  -3708.38108109663  3699.47940655843
5455000  -3704.65468333945  3700.17561457435
5456000  -3707.14994294744  3703.26277646162
5457000  -3708.15914891139  3703.17449395107
5458000  -3706.6162617438  3703.38468560924
5459000  -3704.6589034617  3706.39555718519
5460000  -3708.84234025285  3707.06303946819
5461000  -3710.02811666924  3706.25996631674
5462000  -3707.94964116943  3707.17879716869
5463000  -3711.29870700265  3708.77105507658
5464000  -3711.03995033224  3709.6498188157
5465000  -3713.67041255309  3706.65316920505
5466000  -3714.45176719992  3708.34320939948
5467000  -3713.83769958015  3707.69102365724
5468000  -3713.47243208658  3709.50124045187
5469000  -3717.61819724962  3708.8753762036
5470000  -3717.11878693904  3708.93663784702
5471000  -3715.83217157018  3707.87444773105
5472000  -3717.18205841433  3709.36990710568
5473000  -3720.77072056685  3710.7630815679
5474000  -3719.44185350089  3711.0485374211
5475000  -3719.72387109649  3712.01692774429
5476000  -3721.18140971789  3712.23933626495
5477000  -3719.63288042988  3713.3823324782
5478000  -3720.36210901586  3714.95263891572
5479000  -3722.16623199082  3716.78612326797
5480000  -3724.04133764517  3715.06290206702
5481000  -3724.69081565948  3717.43282205985
5482000  -3724.49219334577  3718.79669542509
5483000  -3727.42635770448  3718.39842931873
5484000  -3727.52495872034  3720.76222985974
5485000  -3729.93906535405  3720.95950928099
5486000  -3730.26068296367  3724.30424130456
5487000  -3729.75354172039  3725.69833658183
5488000  -3730.46390730469  3727.51378727181
5489000  -3730.51015541084  3727.78757490266
5490000  -3732.89666530295  3728.83072069287
5491000  -3734.75513337112  3732.00488766768
5492000  -3735.81443527314  3730.99022292259
5493000  -3734.74392075485  3731.66572939916
5494000  -3738.32186418926  3731.57359297125
5495000  -3739.37722792554  3734.14662507322
5496000  -3741.48136536299  3733.51686735427
5497000  -3740.7579050117  3734.5756359341
5498000  -3741.75968544723  3736.05115384865
5499000  -3744.35910822249  3735.88172904598
5500000  -3746.29190616439  3735.10864718057
5501000  -3743.5948519174  3737.22510450247
5502000  -3746.27599823008  3738.94304691504
5503000  -3746.06502246863  3735.78212397705
5504000  -3747.71644984648  3738.95028429291
5505000  -3750.26988656398  3740.85271971382
5506000  -3749.40642398701  3739.93727942085
5507000  -3754.25857315821  3740.88716288236
5508000  -3753.24148372448  3742.72987361586
5509000  -3753.74101880223  3742.15678548776
5510000  -3752.75400785791  3744.1916570522
5511000  -3754.56075525374  3746.03109782196
5512000  -3756.47622008061  3745.47650242627
5513000  -3755.69309621084  3746.90018972962
5514000  -3755.09213496948  3749.22973488626
5515000  -3756.29866927799  3749.45336218707
5516000  -3756.05833277751  3747.92277096302
5517000  -3756.40707904707  3750.1122061683
5518000  -3758.568707578  3747.98202658621
5519000  -3759.95145827971  3748.22764370046
5520000  -3759.51978500426  3752.46631876521
5521000  -3758.22392920165  3751.32554490175
5522000  -3760.0881685889  3752.87483755191
5523000  -3760.37976443362  3752.35913125774
5524000  -3762.1350767719  3756.33594267361
5525000  -3761.80495724168  3755.90518183675
5526000  -3760.43793747366  3754.89207149605
5527000  -3762.25101955136  3755.10332070573
5528000  -3764.41134299973  3757.09666576738
5529000  -3762.75128037387  3759.04054418204
5530000  -3763.10368782575  3758.93510974757
5531000  -3762.28071766106  3759.39716575865
5532000  -3762.27556734  3760.97616037747
5533000  -3762.64234087913  3761.61504181876
5534000  -3761.7235851204  3760.06071093543
5535000  -3761.57341758495  3758.8395747431
5536000  -3763.26428226728  3761.2934489397
5537000  -3764.35715406604  3762.87796826756
5538000  -3765.8764581118  3762.62529666169
5539000  -3765.82085098333  3764.47618489651
5540000  -3766.97586096179  3764.46908751286
5541000  -3767.13610108977  3764.93008517841
5542000  -3768.95236509131  3764.83465564836
5543000  -3771.18007913687  3766.55746184776
5544000  -3770.69614458766  3766.17851999541
5545000  -3770.08614893357  3765.78296273859
5546000  -3770.83185915362  3769.3345269963
5547000  -3770.93245142011  3768.1816102903
5548000  -3772.75845445789  3769.47572218195
5549000  -3774.13395626065  3771.02156402576
5550000  -3773.29774267248  3770.21630855315
5551000  -3775.2863698674  3771.10858919657
5552000  -3775.15051691154  3772.32329274014
5553000  -3773.98104546827  3774.07842972748
5554000  -3774.8115348364  3775.9162605578
5555000  -3775.15678318722  3775.52866972538
5556000  -3777.20990329357  3775.74571660129
5557000  -3779.07739714488  3775.3839634882
5558000  -3780.02739129014  3776.4080859817
5559000  -3780.53213369882  3776.38459018604
5560000  -3783.19731802119  3777.91107863407
5561000  -3782.74727028323  3779.47687508749
5562000  -3784.88247013098  3781.17822193549
5563000  -3788.19495568167  3782.51963155853
5564000  -3786.39401170122  3781.94648748014
5565000  -3788.55760203945  3782.68346602075
5566000  -3790.38337075214  3782.83417220137
5567000  -3790.27984902538  3784.69268707749
5568000  -3790.13779217651  3784.49958858822
5569000  -3791.45823371209  3785.82542649182
5570000  -3791.13330633971  3786.96179473597
5571000  -3792.76863124232  3788.4485547143
5572000  -3792.65157419338  3787.88867605944
5573000  -3793.08118793395  3788.71726087824
5574000  -3793.86194340428  3788.39185745428
5575000  -3795.20550297271  3790.03964498042
5576000  -3794.62694537162  3789.82649712208
5577000  -3792.13618828669  3790.46526951138
5578000  -3792.22226460994  3791.17604419396
5579000  -3795.14425453847  3790.38657706854
5580000  -3795.85000191381  3792.79382145075
5581000  -3796.85696213436  3794.48143166728
5582000  -3798.13375861118  3797.21514146836
5583000  -3796.17338411769  3797.22076230243
5584000  -3797.05924623937  3797.75765520193
5585000  -3799.73889960086  3799.83868092453
5586000  -3799.04280479633  3802.02022320504
5587000  -3801.19013434754  3800.0607781648
5588000  -3802.024753268  3803.15346331169
5589000  -3801.65638257014  3803.58020043602
5590000  -3801.43503367178  3803.22037674094
5591000  -3803.03002004357  3804.54601340865
5592000  -3803.95391294172  3803.1253094454
5593000  -3804.70863504439  3806.37219658831
5594000  -3805.00125621901  3808.29521667277
5595000  -3806.13203708275  3807.82680606569
5596000  -3808.38083560438  3810.43817091056
5597000  -3808.35976144837  3810.22071470868
5598000  -3808.43202935706  3811.100750583
5599000  -3809.48354138708  3812.80349970826
5600000  -3810.83737225577  3812.21150217175
5601000  -3810.84224377175  3813.58628610638
5602000  -3810.42552019277  3814.65543131481
5603000  -3812.57590668898  3814.60366317696
5604000  -3813.52283039007  3816.48043378711
5605000  -3812.35699220653  3817.67706606354
5606000  -3815.7681020605  3817.67891247394
5607000  -3814.1771865498  3817.54679835199
5608000  -3814.44259568995  3818.4243511727
5609000  -3816.51625351469  3819.35486275833
5610000  -3817.35425528659  3819.95675643994
5611000  -3817.64345336924  3821.14328043231
5612000  -3819.68294374442  3821.67437618205
5613000  -3822.22601345564  3823.62260534533
5614000  -3819.93036124919  3822.34031120209
5615000  -3820.9882451314  3822.50138025775
5616000  -3819.06450155785  3822.7090822785
5617000  -3821.10868004063  3822.95664661448
5618000  -3821.26880630028  3823.26118150572
5619000  -3821.40667596318  3827.18985883208
5620000  -3823.40754661352  3827.42370912591
5621000  -3822.44546108899  3828.04299126485
5622000  -3824.30631207959  3828.91073894621
5623000  -3823.22276706803  3828.65814777871
5624000  -3823.91744218408  3828.89120045244
5625000  -3825.0777710077  3829.59430730802
5626000  -3823.05208512777  3831.94383892085
5627000  -3824.86269239704  3831.70042822958
5628000  -3825.28329989591  3831.99017822571
5629000  -3825.58300929984  3833.83982046924
5630000  -3827.1421466631  3833.25836862355
5631000  -3825.14370384857  3832.6326044074
5632000  -3825.75647520143  3832.69973659074
5633000  -3828.65319362083  3832.81380516993
5634000  -3829.03866697027  3834.21553052106
5635000  -3829.3189731495  3837.54146104707
5636000  -3829.5097910434  3834.74834888726
5637000  -3829.32544655534  3838.11874785198
5638000  -3832.46726513286  3836.76740123084
5639000  -3833.19857361128  3837.56188479331
5640000  -3835.00137388656  3839.12325087941
5641000  -3837.46551236131  3838.91021955762
5642000  -3838.92088841802  3838.71848520673
5643000  -3838.17315703505  3841.1415573978
5644000  -3838.53449211768  3841.39136068958
5645000  -3840.14995055383  3843.92486759068
5646000  -3841.06523879617  3844.86211431935
5647000  -3840.30674187731  3843.24509562965
5648000  -3843.17081053216  3844.8947201513
5649000  -3841.14375691158  3846.34962661902
5650000  -3841.86129005536  3843.68155564766
5651000  -3840.79303208009  3845.50946106061
5652000  -3842.57180774386  3844.99079480583
5653000  -3841.64800269917  3845.73322176386
5654000  -3842.54923720074  3846.10521445983
5655000  -3843.08558741022  3845.78704508655
5656000  -3845.4298911822  3846.96771893862
5657000  -3845.1162227159  3848.8638241751
5658000  -3847.87323693082  3848.66743070676
5659000  -3848.7832796644  3851.36100938612
5660000  -3850.90034990892  3851.07287265608
5661000  -3850.23900717691  3852.96218310314
5662000  -3852.9804503551  3851.8380697092
5663000  -3853.33477995316  3852.14240845415
5664000  -3853.41586224045  3853.84619807598
5665000  -3854.96084514854  3853.74301078176
5666000  -3855.75426250121  3854.10312798719
5667000  -3857.21785667956  3855.33158665509
5668000  -3857.62297985289  3855.82975118206
5669000  -3860.40348018357  3856.15827911966
5670000  -3858.45920360621  3858.89326727557
5671000  -3859.50282640758  3859.02288979021
5672000  -3858.11539705732  3859.57164892739
5673000  -3861.91474563813  3860.35784703091
5674000  -3860.74884475528  3861.1782594137
5675000  -3859.50238206682  3860.60487694964
5676000  -3860.68588868626  3861.11221461102
5677000  -3861.43116024602  3861.88739895893
5678000  -3860.14885542563  3863.458287795
5679000  -3862.31882867341  3865.62909537226
5680000  -3859.36409540467  3864.27653299208
5681000  -3860.92414151641  3865.10692716616
5682000  -3859.94852126457  3862.9806227882
5683000  -3861.93207496016  3863.21364760752
5684000  -3862.63696276242  3864.48878127169
5685000  -3861.68205359451  3866.74835842151
5686000  -3859.71345067517  3863.8363541087
5687000  -3863.03940190228  3868.07476190138
5688000  -3863.50133509382  3868.70267681584
5689000  -3864.28120358928  3868.07862838125
5690000  -3866.5043012704  3867.11361569121
5691000  -3867.33929194761  3868.16041251512
5692000  -3868.98318027725  3867.86149930757
5693000  -3869.86346769755  3868.75987411738
5694000  -3869.59944679818  3870.04358056067
5695000  -3870.3624180825  3871.97009694239
5696000  -3871.61563984466  3873.2662488685
5697000  -3873.92858882003  3875.1711829258
5698000  -3873.77303013131  3875.41558536573
5699000  -3873.84293940925  3873.71731769357
5700000  -3872.57542330605  3875.3431512258
5701000  -3873.94241515336  3875.95035887537
5702000  -3873.32602025414  3877.33564647193
5703000  -3874.18109008086  3879.72016813712
5704000  -3875.05586612797  3877.79255304453
5705000  -3877.08156668381  3880.23688138312
5706000  -3878.26109201038  3878.53572668495
5707000  -3878.08477470487  3879.93014473899
5708000  -3878.1867513585  3880.20571492597
5709000  -3879.71517478471  3882.15419385089
5710000  -3878.99260371857  3883.10849928562
5711000  -3879.94196387304  3884.56030854031
5712000  -3882.85553173768  3885.96560525545
5713000  -3882.73348098254  3886.02920698618
5714000  -3885.36345954222  3889.13097527623
5715000  -3884.50954828318  3887.61963636724
5716000  -3887.34483799354  3887.99061693295
5717000  -3886.50119979698  3888.11687972807
5718000  -3886.0887271684  3888.49621513386
5719000  -3884.14482984182  3889.06282955131
5720000  -3886.37236077109  3890.44967002575
5721000  -3888.06893291117  3891.44741408092
5722000  -3889.18905273407  3889.47899602124
5723000  -3891.92059919395  3890.98378304503
5724000  -3890.17785622639  3892.71825423249
5725000  -3889.75022106005  3892.42483552241
5726000  -3890.05189707482  3894.62320598813
5727000  -3888.98116968743  3895.06784007442
5728000  -3889.7152561587  3897.27025346134
5729000  -3888.7052235274  3895.31912560157
5730000  -3889.6292876822  3898.311269411
5731000  -3892.02986058751  3897.22395069016
5732000  -3894.1236318552  3898.00473522149
5733000  -3896.47056621032  3899.03036013931
5734000  -3895.10516761285  3897.11526057766
5735000  -3897.17795298698  3898.71790204861
5736000  -3896.68791922531  3899.35052252347
5737000  -3896.25802509283  3900.66606445997
5738000  -3896.44056488183  3902.27529565256
5739000  -3896.80520045404  3900.52294630922
5740000  -3896.80905543691  3903.42239835043
5741000  -3897.4525271134  3904.43292485495
5742000  -3899.68171925359  3903.19236741482
5743000  -3902.24302922445  3905.42709413996
5744000  -3901.87702340901  3905.67159633211
5745000  -3903.8506539985  3905.47982808137
5746000  -3905.32845466676  3905.42467509018
5747000  -3906.0947269996  3907.0197850981
5748000  -3905.73230606591  3908.02148457501
5749000  -3907.72602744424  3906.39634652397
5750000  -3908.25923502252  3907.5928212577
5751000  -3908.26118845325  3910.66978468853
5752000  -3910.42333075441  3911.8233117328
5753000  -3910.36401327061  3909.98124719192
5754000  -3910.42917041755  3910.10828131859
5755000  -3912.49757742121  3911.82535288187
5756000  -3915.25390585464  3911.4979050687
5757000  -3917.49472344902  3911.81176098556
5758000  -3918.61792327532  3913.36131739061
5759000  -3916.32639982865  3913.88270861299
5760000  -3919.50681840201  3916.75957612541
5761000  -3916.67616407121  3915.03183312444
5762000  -3917.12924100348  3916.37777701063
5763000  -3918.47469074043  3914.79423494732
5764000  -3918.57596095495  3916.15730473309
5765000  -3919.9404342402  3916.49046320869
5766000  -3920.92589391314  3918.74075768861
5767000  -3921.00724169813  3919.12776495928
5768000  -3921.29378210369  3919.51200700131
5769000  -3921.60472151107  3920.4465086529
5770000  -3922.85520550464  3920.81343519191
5771000  -3923.3205683864  3919.77462343862
5772000  -3925.4829776302  3921.56105191295
5773000  -3923.86328366421  3921.28255493881
5774000  -3925.94926263141  3920.86138549723
5775000  -3926.12161761033  3923.64570979499
5776000  -3927.99406629317  3924.59361619137
5777000  -3927.90100350877  3923.44177894228
5778000  -3928.98878060915  3924.28057232187
5779000  -3929.89189805855  3924.96370443241
5780000  -3930.71589841147  3927.1445303015
5781000  -3931.32849097698  3926.85120525465
5782000  -3932.60391885137  3928.38914861865
5783000  -3933.56275912319  3927.91199139588
5784000  -3935.32483037321  3928.32022154493
5785000  -3933.57875200847  3929.4112252412
5786000  -3936.15961359097  3930.89824705879
5787000  -3937.7522377914  3932.52195099466
5788000  -3938.18758446937  3933.69474354935
5789000  -3938.58561949952  3933.94531368947
5790000  -3937.11816709658  3935.17966599227
5791000  -3940.01814335929  3934.0973317274
5792000  -3939.44010386998  3935.28518536417
5793000  -3941.88523233922  3936.04960646524
5794000  -3941.7771128721  3936.2010999961
5795000  -3942.26184785257  3937.50641401556
5796000  -3942.7532381386  3939.42754035971
5797000  -3942.60279878576  3936.99280796616
5798000  -3944.67978439645  3936.96725745554
5799000  -3945.66890185851  3940.66875038868
5800000  -3946.14953343852  3943.04011013642
5801000  -3944.33321192378  3942.65858551314
5802000  -3945.66387016316  3943.76862530363
5803000  -3946.79419492345  3944.9016256097
5804000  -3948.62906214259  3946.36473625625
5805000  -3949.0814730048  3948.03026686875
5806000  -3952.13441310004  3947.9031988459
5807000  -3949.15933669676  3948.17383711591
5808000  -3952.03581228742  3947.67767797304
5809000  -3953.3523356496  3950.38350273301
5810000  -3954.1427117821  3952.30466734283
5811000  -3953.42592821496  3952.56855724683
5812000  -3956.18431155302  3954.40858769496
5813000  -3957.52369125629  3957.71904565916
5814000  -3959.35286825377  3955.82801672732
5815000  -3958.3465523557  3956.33319989068
5816000  -3961.11161763451  3958.08960392852
5817000  -3960.04296198065  3959.22327667483
5818000  -3962.7997411771  3961.15464574663
5819000  -3963.8414114241  3961.36738515031
5820000  -3963.99296193468  3962.33576163066
5821000  -3962.65884382928  3962.62183830431
5822000  -3965.64018784174  3963.90084252802
5823000  -3963.30728323958  3963.31584596084
5824000  -3964.32416279388  3963.74023012972
5825000  -3965.60886435096  3963.21180143069
5826000  -3965.95287129801  3965.06906691401
5827000  -3965.70618506514  3965.51590452299
5828000  -3968.45971740781  3966.04742361678
5829000  -3966.66965590879  3967.66498788569
5830000  -3969.21298549438  3969.21018815953
5831000  -3968.51680913368  3968.09592197232
5832000  -3969.03420450845  3968.56366806698
5833000  -3969.98700794904  3969.84242486827
5834000  -3968.6522577973  3969.9954148908
5835000  -3969.81193952028  3967.76308627643
5836000  -3971.34142030067  3968.70321220214
5837000  -3971.8906207801  3969.74753342792
5838000  -3973.0730820609  3970.29147608633
5839000  -3974.30294101784  3972.02210496344
5840000  -3972.08422922196  3971.71233198101
5841000  -3974.38349450405  3971.04168342193
5842000  -3977.37780243514  3970.778417902
5843000  -3976.77099506286  3971.64830671472
5844000  -3976.98444907716  3972.57429700216
5845000  -3978.01413598615  3973.31445839341
5846000  -3978.29985582707  3972.18086334604
5847000  -3980.79908031906  3972.7301268943
5848000  -3980.28024450189  3974.58008043832
5849000  -3981.34947542776  3975.98071016702
5850000  -3982.07537579118  3978.32795648542
5851000  -3983.74437687749  3977.64065763253
5852000  -3983.29009728138  3978.17572736283
5853000  -3982.95693839307  3979.87168736935
5854000  -3983.04231523675  3982.6439179477
5855000  -3983.95768931649  3980.17774475761
5856000  -3984.52650770994  3980.16175974667
5857000  -3986.72625714882  3981.60236329108
5858000  -3985.0846223928  3983.75672253611
5859000  -3988.19975491606  3983.26313795381
5860000  -3991.01495379814  3982.7350258594
5861000  -3990.9991848686  3986.83836318513
5862000  -3992.67808750617  3988.34851692426
5863000  -3992.44788061186  3986.63496363069
5864000  -3991.0443883416  3988.75412277426
5865000  -3991.29663161079  3988.92747018476
5866000  -3991.44702790479  3991.61935261458
5867000  -3993.95732239601  3989.43321407379
5868000  -3994.18232072052  3990.65029406793
5869000  -3992.6796034258  3994.38834767598
5870000  -3994.50350501755  3993.3284287997
5871000  -3994.91901005823  3992.75603358864
5872000  -3998.8833981927  3993.35426636625
5873000  -3999.30430403408  3993.40269403998
5874000  -4000.36815817656  3994.62151173937
5875000  -4002.31443826278  3994.76745172903
5876000  -4003.49811487448  3993.11503752321
5877000  -4004.43404706602  3995.25170836029
5878000  -4003.00728206523  3993.34910106711
5879000  -4004.11145175334  3995.06134266771
5880000  -4005.19346752839  3995.54257627102
5881000  -4004.9079772033  3996.55509187027
5882000  -4003.30449308328  3996.63270953535
5883000  -4003.36736311353  3996.06251684404
5884000  -4004.77544388635  3999.05312955812
5885000  -4005.32497094065  3998.19313705509
5886000  -4006.04444193007  4002.2876594872
5887000  -4005.86973048976  3999.86048674422
5888000  -4006.17807265279  3998.70826645236
5889000  -4006.0857904879  4000.27297503942
5890000  -4005.70782352027  4000.75864062661
5891000  -4007.66671591123  4003.46142547456
5892000  -4007.45579201725  4001.14587576515
5893000  -4010.41053216448  4002.28073677792
5894000  -4009.15546943858  4002.42919904947
5895000  -4008.93515790482  4004.33861946129
5896000  -4011.36669929471  4003.26218268219
5897000  -4012.13796090863  4006.55476937816
5898000  -4011.80921828884  4006.02750981511
5899000  -4012.82385799143  4006.02330375023
5900000  -4014.12450243032  4009.11414008419
5901000  -4016.13921284791  4005.94588795202
5902000  -4014.22426353879  4008.79707871488
5903000  -4018.19320147386  4009.3992398451
5904000  -4016.92302588089  4011.29038036722
5905000  -4017.44607791456  4013.03152100214
5906000  -4016.90180541062  4010.98465695644
5907000  -4017.5872304623  4011.24117187607
5908000  -4016.93208415766  4011.45152186963
5909000  -4020.81672162014  4010.14316286603
5910000  -4023.06235787187  4012.72309881155
5911000  -4024.44701919353  4013.49995367843
5912000  -4021.74499741691  4014.05846248175
5913000  -4027.5723356959  4013.452894005
5914000  -4028.05470801345  4012.10758843816
5915000  -4027.03998598638  4015.76980280195
5916000  -4029.28735875415  4014.30629918027
5917000  -4030.22554534249  4016.85033005739
5918000  -4029.3629262736  4014.98646374
5919000  -4031.84872467861  4016.73450297355
5920000  -4030.86900192569  4018.75895627711
5921000  -4031.39444670036  4019.676839671
5922000  -4030.84464114851  4021.84935672014
5923000  -4031.50637700317  4021.41354995025
5924000  -4032.29889213392  4024.0992092189
5925000  -4032.8543939724  4025.48531987693
5926000  -4034.17995864142  4025.94970452853
5927000  -4034.66381599802  4025.57203447916
5928000  -4033.62309886276  4026.79506983854
5929000  -4034.65959881611  4027.00428086251
5930000  -4034.08349900147  4025.95872274406
5931000  -4033.99661695137  4027.72622503566
5932000  -4035.2718004892  4029.94452108391
5933000  -4037.23104902935  4029.35440198259
5934000  -4036.54949972247  4031.96181181852
5935000  -4038.02969314158  4034.57853852367
5936000  -4038.74549254614  4035.56975073123
5937000  -4039.38030217057  4035.72927325597
5938000  -4038.82928181705  4034.48018620489
5939000  -4040.373284679  4037.72439260869
5940000  -4040.2382016333  4037.73063944406
5941000  -4040.52220584058  4038.33594292647
5942000  -4041.69205608323  4036.36030353499
5943000  -4043.55504664303  4035.69561310937
5944000  -4042.58633073801  4035.64976159931
5945000  -4045.45661625292  4035.24345245293
5946000  -4048.3842071727  4036.36752915395
5947000  -4046.299909661  4037.03682106411
5948000  -4049.58935684545  4035.32600515181
5949000  -4046.97760350584  4037.44399148895
5950000  -4049.72252108321  4035.93457911853
5951000  -4050.66887560819  4039.71690283406
5952000  -4048.96429261879  4039.51785301419
5953000  -4047.43160282397  4038.47195022102
5954000  -4047.37789846851  4040.85545048146
5955000  -4049.28741200168  4041.04600936128
5956000  -4050.69504153062  4044.10245310454
5957000  -4050.90269804091  4044.26012778715
5958000  -4052.00839012516  4044.60227319826
5959000  -4052.39866273801  4041.59907352217
5960000  -4050.71439951795  4042.75172756983
5961000  -4052.45899905474  4043.60684221177
5962000  -4047.85677479168  4044.85828295461
5963000  -4050.07136177834  4045.6215890788
5964000  -4050.93685136553  4045.28802610979
5965000  -4051.34063079016  4045.55187384024
5966000  -4053.93286138896  4048.48513115912
5967000  -4051.61013503277  4048.78413096771
5968000  -4053.74839741794  4048.53483561106
5969000  -4054.78533813199  4050.42236615637
5970000  -4055.49209641837  4053.19044182054
5971000  -4056.62959029625  4054.52874110343
5972000  -4055.5205787966  4055.23460353002
5973000  -4056.18476025234  4053.05463955584
5974000  -4057.92453247495  4052.40022380961
5975000  -4058.74457269834  4053.50620765306
5976000  -4059.10434184591  4055.19903863197
5977000  -4060.6930435969  4053.62975555168
5978000  -4060.48752156417  4054.36701679723
5979000  -4061.8972453231  4054.83101455345
5980000  -4060.47344490557  4057.92373451389
5981000  -4064.39689561671  4057.92506667035
5982000  -4064.78120293538  4057.23382815085
5983000  -4064.70120063441  4059.07713204086
5984000  -4066.00511061167  4060.49507347465
5985000  -4066.68334741169  4062.42174314875
5986000  -4067.48772409465  4064.39693642219
5987000  -4068.22804804236  4065.45875845496
5988000  -4067.24464938749  4067.20826908095
5989000  -4069.31419106484  4068.14864226981
5990000  -4070.12341174648  4067.54457582422
5991000  -4072.35382965448  4071.04699511884
5992000  -4073.65248759283  4067.92704989825
5993000  -4073.87295333392  4068.72542897074
5994000  -4074.78813136031  4068.75903290804
5995000  -4076.15472978302  4070.46170037413
5996000  -4076.7857610165  4071.40484011776
5997000  -4078.81411369724  4071.72214463649
5998000  -4080.54003688438  4073.35627430608
5999000  -4078.98627627617  4075.22660992366
6000000  -4079.33967571121  4075.9865560027
6001000  -4080.91187070029  4074.37109326928
6002000  -4081.19554551212  4075.27432998364
6003000  -4080.18956913075  4075.8046920408
6004000  -4082.15468771133  4077.42503039427
6005000  -4081.05679148385  4077.77278643139
6006000  -4082.66444294726  4074.95146803201
6007000  -4082.12697778732  4076.72131124132
6008000  -4083.54111831412  4078.20803846993
6009000  -4082.19681902514  4077.58010923754
6010000  -4084.67716574396  4078.91174372717
6011000  -4085.96432970058  4078.4295359301
6012000  -4087.07793351594  4080.51176945753
6013000  -4088.49785572808  4081.44909587813
6014000  -4089.46623069884  4080.81560739958
6015000  -4091.33165821522  4082.81398179876
6016000  -4091.77277347882  4081.56312730349
6017000  -4091.89158239813  4083.69551901724
6018000  -4091.07778119892  4084.91445477837
6019000  -4091.22984499113  4084.9859027345
6020000  -4093.06196029244  4086.85167160615
6021000  -4091.66439524246  4089.30684484738
6022000  -4093.60915663808  4087.35405837828
6023000  -4092.81678737985  4089.64430875666
6024000  -4093.5492765821  4091.24624028455
6025000  -4096.27054303377  4090.80026686585
6026000  -4094.2586500458  4093.10828601622
6027000  -4095.35427142764  4093.54460088752
6028000  -4097.07373482752  4094.71034177151
6029000  -4098.46109594484  4095.92572441669
6030000  -4100.12707488621  4096.37782716633
6031000  -4101.96627953837  4097.77321056638
6032000  -4100.54218855409  4097.27867270552
6033000  -4102.26326700599  4096.19784923356
6034000  -4102.26676971865  4099.4347094146
6035000  -4104.9773426619  4100.39530700052
6036000  -4107.42283996891  4101.78164738415
6037000  -4105.91464852349  4099.10677806367
6038000  -4106.6642237208  4102.26385402546
6039000  -4109.45209973063  4100.13600507119
6040000  -4109.62188431866  4103.80324770172
6041000  -4108.79852626139  4105.05252806525
6042000  -4111.92322864956  4104.87607478061
6043000  -4114.78010213383  4106.42222057024
6044000  -4114.02273105759  4105.44409568998
6045000  -4113.34334555043  4108.59560544577
6046000  -4111.08753756365  4109.63945540855
6047000  -4110.93493795211  4107.44714298929
6048000  -4112.65841417466  4110.84721524247
6049000  -4111.75739684017  4111.04674307286
6050000  -4116.24199243773  4111.37609353956
6051000  -4113.70655887119  4110.79014786366
6052000  -4115.44767245924  4111.51833095646
6053000  -4113.86916382235  4112.59092316054
6054000  -4113.29198200729  4113.94614123121
6055000  -4114.30982391267  4113.89902776324
6056000  -4113.25106290799  4112.21863124176
6057000  -4115.18299312188  4114.79840595276
6058000  -4114.43435379442  4114.51487211772
6059000  -4115.59689938087  4115.9324877627
6060000  -4113.09053010557  4117.04867404467
6061000  -4117.89820191422  4113.86631724305
6062000  -4116.22602052798  4118.11425900058
6063000  -4116.57116245599  4116.78927445864
6064000  -4117.8211154071  4117.2320014602
6065000  -4116.7331473342  4119.18257822106
6066000  -4120.33818041039  4118.44902207307
6067000  -4119.85317845889  4117.64260072638
6068000  -4119.95269473814  4118.8746265064
6069000  -4120.51330624613  4118.53682320264
6070000  -4122.11331440742  4118.82777086491
6071000  -4121.44050041196  4120.37665182562
6072000  -4122.94058666201  4120.74219443145
6073000  -4124.42948277076  4120.52896575393
6074000  -4122.31529444757  4120.86156497858
6075000  -4121.4846521522  4120.60017432747
6076000  -4121.06025205006  4122.59700993312
6077000  -4123.24611732317  4124.36568305583
6078000  -4124.35579866325  4124.19031912788
6079000  -4123.86985149397  4126.80516858198
6080000  -4124.77788502626  4124.71409096974
6081000  -4127.02799574487  4126.36039311255
6082000  -4127.66648431965  4127.93857068906
6083000  -4129.84019407956  4128.64990380741
6084000  -4128.35362384564  4128.51358526088
6085000  -4129.01021943641  4128.6889456398
6086000  -4129.9638792858  4126.64538267384
6087000  -4130.36066516433  4128.16282483592
6088000  -4131.36376276122  4129.74767013044
6089000  -4130.3921922222  4129.9265666676
6090000  -4131.30781166317  4128.81923822999
6091000  -4134.28388327018  4131.06387679206
6092000  -4136.29397575981  4132.0421372459
6093000  -4133.79765027768  4134.22852545477
6094000  -4134.91910817518  4133.06325509686
6095000  -4135.48832782061  4132.93037005416
6096000  -4137.49172739834  4133.31455631872
6097000  -4138.88490504052  4134.27537076933
6098000  -4137.93631738273  4134.92534361635
6099000  -4140.87478274971  4134.46246614164
6100000  -4142.98949068417  4136.43319300003
6101000  -4141.52011927935  4136.45288621267
6102000  -4143.45066775526  4139.43100340443
6103000  -4146.00507131325  4138.48018193983
6104000  -4146.64737139962  4138.21430898623
6105000  -4146.58388994604  4141.30935654188
6106000  -4149.40534991199  4140.31327767949
6107000  -4148.63404734508  4140.45033000819
6108000  -4151.30651567676  4143.88075014757
6109000  -4150.78126878933  4144.28156110201
6110000  -4153.16532106611  4145.203552947
6111000  -4154.08951773064  4145.91875535352
6112000  -4154.53839674839  4146.76850603148
6113000  -4154.18364953343  4147.51480875356
6114000  -4152.93144245485  4147.88888132463
6115000  -4154.33552675368  4148.85046764641
6116000  -4155.07970816316  4150.71848848998
6117000  -4154.52075769586  4149.02409377621
6118000  -4154.41353822864  4152.31995688761
6119000  -4153.8429362981  4151.99226556155
6120000  -4155.23429799397  4154.2816703447
6121000  -4153.28522947271  4153.91081381487
6122000  -4153.54353649706  4152.86277778768
6123000  -4151.43546778991  4154.95072612307
6124000  -4153.17593126529  4154.42245629444
6125000  -4155.20744765375  4154.38830860025
6126000  -4154.60039624554  4158.75803739253
6127000  -4155.13841186419  4159.54953949828
6128000  -4156.4192018332  4158.82052041228
6129000  -4157.39457620426  4160.35141513947
6130000  -4158.2176376878  4160.42783534437
6131000  -4156.20789717125  4161.40861830537
6132000  -4158.24398190332  4160.60155562976
6133000  -4159.11617940285  4161.68071946436
6134000  -4160.44435410011  4163.59491841219
6135000  -4160.07368183758  4162.12732488147
6136000  -4160.70144337006  4164.87731339597
6137000  -4161.1753077353  4163.2383923086
6138000  -4164.23192775896  4166.96737008301
6139000  -4162.95545377974  4166.35549570759
6140000  -4166.31933860645  4167.73279091825
6141000  -4167.77177914675  4167.67830342407
6142000  -4165.84448656231  4166.67423030347
6143000  -4166.92468312579  4168.79182276322
6144000  -4166.20974487847  4169.17040288988
6145000  -4169.85916207168  4170.07471213824
6146000  -4169.23793405184  4170.13497871834
6147000  -4169.20902730494  4171.7046604128
6148000  -4170.03923825524  4171.32625449096
6149000  -4171.84608652369  4171.48812170571
6150000  -4172.25288949454  4173.68850296179
6151000  -4172.0048925689  4175.41625812
6152000  -4173.68084819432  4174.51480873511
6153000  -4171.65224382817  4176.53263948987
6154000  -4173.31120247401  4178.32851309614
6155000  -4174.63345889408  4179.07404367163
6156000  -4174.58594630895  4177.71795787806
6157000  -4177.34318122416  4177.5717882268
6158000  -4177.29162568221  4177.65836317923
6159000  -4178.52933779243  4180.54967174882
6160000  -4177.46058055954  4179.97410874468
6161000  -4178.03293769694  4181.92510106419
6162000  -4180.05835181514  4181.9401429677
6163000  -4178.08835962777  4183.2635460287
6164000  -4182.83333353325  4182.15918633387
6165000  -4179.87087177048  4183.74911060472
6166000  -4184.69634530886  4183.21337701772
6167000  -4183.48291288261  4184.80261734686
6168000  -4182.72521746608  4184.68096474984
6169000  -4184.7639890886  4183.97757295176
6170000  -4186.2228203003  4184.0877584004
6171000  -4186.80368751193  4186.3377648219
6172000  -4187.63271058206  4187.90333016463
6173000  -4186.87575796434  4188.12447298506
6174000  -4187.95721598346  4187.08568297918
6175000  -4188.67165042917  4188.58390651484
6176000  -4189.01339059025  4191.06866376566
6177000  -4189.09453609246  4191.93668326456
6178000  -4191.37465590851  4191.67388594846
6179000  -4190.73486307058  4194.18758838959
6180000  -4189.76266223672  4193.00369003904
6181000  -4189.96801778179  4193.51363407957
6182000  -4191.60702994963  4195.52509707671
6183000  -4190.56697343379  4194.98162974331
6184000  -4192.48926040916  4196.44319091047
6185000  -4192.51537906354  4199.23492473529
6186000  -4192.06896692782  4198.60742358749
6187000  -4192.99607344438  4199.07346641735
6188000  -4194.93443825811  4198.95646861225
6189000  -4194.75830374741  4200.31981136815
6190000  -4194.14124148978  4200.19643655848
6191000  -4197.65415346906  4200.42479282181
6192000  -4196.83432137875  4201.60294779983
6193000  -4198.89410892083  4201.65064167271
6194000  -4198.01159965639  4202.26262515182
6195000  -4199.73696876323  4205.16406983208
6196000  -4200.09812921081  4205.29426324367
6197000  -4200.61390416694  4207.24601894361
6198000  -4202.42686888027  4207.80839724494
6199000  -4202.23407513283  4206.86175230561
6200000  -4201.67951201707  4207.0064882339
6201000  -4205.08867185319  4207.48716473185
6202000  -4203.25231755337  4207.02219458458
6203000  -4202.04408330628  4207.70504175528
6204000  -4203.82048562059  4207.51837760437
6205000  -4206.69064795799  4209.65479196714
6206000  -4206.65644464288  4209.24521677533
6207000  -4205.36660749239  4208.85715714574
6208000  -4207.82901203826  4211.0088779726
6209000  -4210.34645762295  4212.50352337155
6210000  -4209.659528113  4211.22177721993
6211000  -4210.75342013306  4210.01938893738
6212000  -4212.17222203624  4210.81905003362
6213000  -4214.36240785282  4210.29089808627
6214000  -4214.55096440284  4213.52419672762
6215000  -4216.15722179657  4214.12315127652
6216000  -4216.75877118497  4214.79625058415
6217000  -4215.77171304205  4216.78530165252
6218000  -4216.03538901131  4214.87598111912
6219000  -4215.15435199568  4214.75992787799
6220000  -4218.89903355337  4215.16013228793
6221000  -4217.81324976134  4216.59313425032
6222000  -4217.89704702824  4216.6683678505
6223000  -4220.94824084707  4218.04398944772
6224000  -4221.69290673011  4217.13548062171
6225000  -4222.499777925  4217.96515945003
6226000  -4222.32744970417  4219.22791817546
6227000  -4222.75939174333  4219.19600527257
6228000  -4223.86638960094  4220.93497128004
6229000  -4223.92662615677  4222.31664796957
6230000  -4225.42288821346  4221.1415037457
6231000  -4225.48666210888  4225.47987119763
6232000  -4224.18878666856  4225.68286546946
6233000  -4223.7517877217  4224.29510725326
6234000  -4224.6686079515  4226.02242936032
6235000  -4226.20574603599  4226.61394122356
6236000  -4225.36438018946  4227.40566068355
6237000  -4228.79536856275  4230.70519576784
6238000  -4226.17521780752  4228.84115327981
6239000  -4226.68407661567  4229.90858905267
6240000  -4225.66379955385  4228.79254838534
6241000  -4228.83980031818  4232.06193638256
6242000  -4226.94763044899  4232.1084646188
6243000  -4230.77358705078  4232.33233855644
6244000  -4229.49676687143  4232.74197471789
6245000  -4229.2468034423  4234.28263425561
6246000  -4230.14681617129  4234.12219337007
6247000  -4231.67093754743  4233.87329125231
6248000  -4232.75791881454  4234.91081321018
6249000  -4236.07511754683  4234.79237412954
6250000  -4234.45803937579  4235.5859148198
6251000  -4237.74216340892  4236.94826190014
6252000  -4238.03744210642  4236.78199332339
6253000  -4238.77751892773  4236.95552412775
6254000  -4241.46872022446  4236.26386800657
6255000  -4241.02403664887  4239.70971813566
6256000  -4243.23012871869  4240.01593484066
6257000  -4243.38889990439  4240.75950655065
6258000  -4244.48257882594  4240.45599964446
6259000  -4246.8034264486  4241.93911561224
6260000  -4246.12474137897  4243.12890282046
6261000  -4247.99495522289  4243.85593548299
6262000  -4248.56407552209  4242.22519926624
6263000  -4251.60667089166  4244.93682878057
6264000  -4252.8344840985  4245.13605236761
6265000  -4253.07567940675  4245.77158876723
6266000  -4254.11917691964  4245.75007605251
6267000  -4254.45133640873  4246.73384760678
6268000  -4253.53866323978  4247.15848034657
6269000  -4255.32162489143  4245.71029561366
6270000  -4254.15037371849  4247.79886896293
6271000  -4255.52693103359  4248.07119477123
6272000  -4254.95382793481  4249.28341866193
6273000  -4257.45855119431  4250.10068977355
6274000  -4256.49063324986  4249.48007063127
6275000  -4256.09000630683  4251.26884150169
6276000  -4256.84698688348  4250.63124724018
6277000  -4259.38411397686  4251.45215174169
6278000  -4259.61396967083  4253.77515934439
6279000  -4261.28260590314  4256.24346950882
6280000  -4260.64454242691  4256.71131094903
6281000  -4264.03515074576  4254.59642078265
6282000  -4262.48416632697  4256.61029852821
6283000  -4264.72890688229  4257.07468668834
6284000  -4263.89535794695  4258.91186758004
6285000  -4266.71076939084  4259.2672185001
6286000  -4266.63295002201  4258.78191065801
6287000  -4265.88130366084  4262.11866757534
6288000  -4265.37336616361  4262.27517152541
6289000  -4265.93469637094  4262.52568300595
6290000  -4265.66932638644  4262.79640313456
6291000  -4263.99329392166  4264.52316179004
6292000  -4266.67422496651  4264.66263502447
6293000  -4267.26665213603  4264.58065299714
6294000  -4271.23525156796  4265.37392416915
6295000  -4270.95501098183  4265.68528210122
6296000  -4271.19744921094  4265.4539265119
6297000  -4270.02172748254  4268.36508549412
6298000  -4271.87258352949  4270.86744225246
6299000  -4269.88047741502  4270.99061470149
6300000  -4272.6573180937  4269.17056700737
6301000  -4273.17253052027  4270.3122078998
6302000  -4270.83626008276  4270.89043036699
6303000  -4274.27369068922  4272.36076056972
6304000  -4272.72653902069  4271.60740827473
6305000  -4274.98307526668  4274.10383555607
6306000  -4274.14087611717  4274.78922855738
6307000  -4277.12222382707  4273.85480154023
6308000  -4276.55730183231  4273.8013647359
6309000  -4277.43705231311  4275.57273591691
6310000  -4278.03233673737  4275.29152411232
6311000  -4279.68882331805  4275.41556039194
6312000  -4281.03263070617  4275.67950695048
6313000  -4281.64428379863  4275.68228208588
6314000  -4283.13546191065  4278.24735947724
6315000  -4282.73011142038  4278.17757934627
6316000  -4285.02141051906  4277.39861599273
6317000  -4288.02069525163  4277.68520002233
6318000  -4287.15463227711  4279.54240464206
6319000  -4286.10558614017  4282.69430501899
6320000  -4287.78225731756  4281.9140218984
6321000  -4287.46124839211  4280.94548630354
6322000  -4288.2171436069  4282.27369166726
6323000  -4291.49457979102  4281.43105746014
6324000  -4291.47706833683  4281.99060134512
6325000  -4289.96021611698  4280.38142092788
6326000  -4288.95648767039  4283.99156827986
6327000  -4286.82516727742  4283.33385470653
6328000  -4288.12196860293  4285.83684321255
6329000  -4290.10070875211  4285.29343811567
6330000  -4290.74893575616  4284.59237977905
6331000  -4290.49399790007  4284.7415220725
6332000  -4292.31424674254  4285.17941680813
6333000  -4293.54545096213  4284.61281305914
6334000  -4294.82801582818  4286.06933608188
6335000  -4295.83417881599  4287.26071391607
6336000  -4296.99506724363  4289.61981113951
6337000  -4297.86963601014  4289.09872994112
6338000  -4296.66564370757  4289.37726935055
6339000  -4300.87334149901  4290.57210873937
6340000  -4298.32863147903  4291.72094077229
6341000  -4299.0620124706  4292.08509226071
6342000  -4299.62032115704  4294.53811685679
6343000  -4299.4943432012  4294.56703682664
6344000  -4297.91605061626  4294.8724983604
6345000  -4298.60164487584  4295.35320707489
6346000  -4302.57174428819  4297.09184244367
6347000  -4300.5528622946  4298.06055399018
6348000  -4303.87936949433  4298.62986143167
6349000  -4305.34268558982  4299.67533206398
6350000  -4307.66515877554  4301.27270003561
6351000  -4307.97049782756  4299.31492579172
6352000  -4308.34850973238  4301.00812406532
6353000  -4305.6876272839  4300.39020008
6354000  -4305.10012474974  4301.3672839421
6355000  -4304.89207897486  4303.85092653265
6356000  -4307.19366970279  4303.86176597811
6357000  -4304.81167264144  4302.71493461433
6358000  -4308.73002416843  4306.50694253426
6359000  -4309.57359259725  4304.21317294575
6360000  -4309.59371985586  4306.05401056845
6361000  -4308.09823381802  4307.44861808934
6362000  -4307.61818286581  4310.19942316563
6363000  -4307.21590226228  4310.43626135678
6364000  -4308.77864317974  4312.7770302185
6365000  -4309.80729682687  4311.45507516718
6366000  -4310.76209028685  4313.19909556477
6367000  -4313.72184233892  4313.78087170639
6368000  -4312.75391442468  4313.27283478036
6369000  -4313.49452057387  4313.03953533415
6370000  -4316.18717295614  4315.72115478238
6371000  -4315.93505313207  4314.96639626582
6372000  -4313.985535398  4314.4710485941
6373000  -4317.28095311623  4314.19648503594
6374000  -4317.05476496457  4313.74792927802
6375000  -4317.4075802553  4314.99641661258
6376000  -4317.59650780608  4317.0772084
6377000  -4320.6631389939  4316.86718690472
6378000  -4319.98776577896  4318.56548909399
6379000  -4322.03004891792  4319.63935547622
6380000  -4319.54761738253  4320.4896547568
6381000  -4320.12649347463  4321.4519448363
6382000  -4323.93598194153  4321.11025748394
6383000  -4323.63185522322  4322.08386227943
6384000  -4324.55446915886  4323.03866264129
6385000  -4325.87371500147  4324.03706667365
6386000  -4326.7536681088  4324.27408269028
6387000  -4329.87425840583  4324.02080845
6388000  -4328.22267942405  4324.3521441198
6389000  -4327.49580871993  4325.37350328148
6390000  -4328.92669520384  4328.34373754141
6391000  -4328.90598733253  4327.43347561013
6392000  -4330.48292305747  4326.98104539351
6393000  -4332.50207891411  4327.55510906282
6394000  -4334.23940816907  4326.63716807947
6395000  -4331.40136034479  4327.59433869798
6396000  -4336.38307398532  4328.04882534787
6397000  -4335.83493302654  4325.91180454093
6398000  -4336.32173726403  4330.4293931289
6399000  -4337.5231314047  4328.7984316476
6400000  -4338.50511272714  4330.33469454464
6401000  -4337.89195198508  4332.92157894843
6402000  -4339.22886533402  4330.10521314647
6403000  -4339.9082963438  4330.78659964256
6404000  -4341.13094788599  4329.79923769046
6405000  -4339.68678180948  4331.69624809859
6406000  -4339.18454022019  4332.08942583498
6407000  -4339.58689897659  4335.41209684659
6408000  -4338.56185768639  4336.55428666401
6409000  -4341.70448555077  4336.31323223548
6410000  -4341.81946578881  4337.29211778035
6411000  -4343.03031180786  4338.99777222902
6412000  -4343.05568267977  4339.3486725405
6413000  -4342.4476781746  4338.36133940066
6414000  -4341.55990123885  4339.56317834351
6415000  -4343.12675613476  4338.48914432407
6416000  -4344.96258178323  4340.53721956128
6417000  -4346.71999398642  4339.48192976987
6418000  -4346.21195786993  4339.62203103093
6419000  -4345.31242035475  4339.64254087236
6420000  -4347.36608372313  4340.07034715046
6421000  -4347.82429736854  4340.40514299045
6422000  -4348.49562488065  4342.43342927717
6423000  -4347.23673122515  4341.95965352428
6424000  -4348.00532517834  4342.35641111331
6425000  -4349.62182754827  4344.89871062573
6426000  -4352.20414565783  4343.70357782207
6427000  -4350.85612860721  4343.94420953974
6428000  -4349.50659463101  4348.28190882164
6429000  -4350.96672631515  4346.1455967883
6430000  -4352.44870452463  4348.83640415866
6431000  -4352.52260126494  4349.35500725288
6432000  -4353.24179871871  4350.85186845312
6433000  -4353.63563729422  4349.07170004564
6434000  -4355.29760704949  4350.91936931469
6435000  -4356.28654215843  4351.55447706717
6436000  -4356.60299666514  4351.90933539276
6437000  -4355.03641038287  4354.10729034575
6438000  -4356.69757157504  4354.26935060977
6439000  -4357.486013242  4354.7014879599
6440000  -4356.17320618295  4354.25593621929
6441000  -4360.30164792827  4354.90601394597
6442000  -4360.07467996699  4354.62431845078
6443000  -4359.14051956733  4355.71045073234
6444000  -4362.64502734284  4356.27435334049
6445000  -4360.73595174511  4357.76317435406
6446000  -4360.54826721407  4357.99297152913
6447000  -4360.58503038224  4359.8043683036
6448000  -4359.8912822825  4361.16520807077
6449000  -4362.17707553023  4362.02357469128
6450000  -4359.86538943738  4361.9369339045
6451000  -4360.92345031534  4362.56659970652
6452000  -4362.3827044613  4361.97298943793
6453000  -4363.01976719946  4362.42692642619
6454000  -4364.78598081794  4363.54732947277
6455000  -4363.53146699841  4365.17984184742
6456000  -4364.72761176364  4367.7963709659
6457000  -4368.36750972678  4368.51192408271
6458000  -4367.10881118241  4366.48361488331
6459000  -4369.41412099642  4367.27672700724
6460000  -4370.68673078999  4366.59098105862
6461000  -4372.99909582319  4368.62449574743
6462000  -4373.4867520497  4369.9110524433
6463000  -4374.90483255619  4372.59901355522
6464000  -4374.07989998332  4371.53135799391
6465000  -4374.31095011683  4372.55282426244
6466000  -4375.65880735849  4370.18073014862
6467000  -4375.87706925834  4372.03533214573
6468000  -4378.51040121684  4373.20980217873
6469000  -4377.45425166924  4373.96861735684
6470000  -4376.57104330564  4376.11421789668
6471000  -4379.14014770767  4374.50240143224
6472000  -4378.40468554464  4376.89044028971
6473000  -4379.34311163269  4377.37897763155
6474000  -4380.21404676145  4379.2981307669
6475000  -4382.65099855034  4378.49926677304
6476000  -4383.41186171238  4378.36623218419
6477000  -4386.64101258862  4378.56799294279
6478000  -4386.83662228575  4378.83263099105
6479000  -4386.9769927696  4382.6017186833
6480000  -4388.46624411413  4382.83894056019
6481000  -4388.71116560525  4382.94857291789
6482000  -4390.5448249866  4381.64397344223
6483000  -4393.13911786189  4382.9458584224
6484000  -4393.25584931162  4382.75736162835
6485000  -4391.59480127844  4384.5380765718
6486000  -4392.46836129591  4385.49231224808
6487000  -4391.22982723863  4386.50393524059
6488000  -4393.40939777472  4389.30484455833
6489000  -4393.30267862334  4390.1932743798
6490000  -4394.48123093537  4390.83591950012
6491000  -4394.535731698  4389.71998680867
6492000  -4396.50073034867  4390.66643806851
6493000  -4395.10864828756  4390.63080851032
6494000  -4396.36393974262  4392.84049199229
6495000  -4396.77781615091  4392.88106593906
6496000  -4396.81049113059  4394.33927972803
6497000  -4398.39719012551  4393.70966491761
6498000  -4398.6750141316  4394.85641985874
6499000  -4396.76788347936  4394.69737685147
6500000  -4397.92643215295  4394.66081414328
6501000  -4400.1028085536  4393.74162805062
6502000  -4401.28982244913  4395.10746889101
6503000  -4402.06194287381  4394.53571769879
6504000  -4402.89313458307  4394.04442325714
6505000  -4401.28873095046  4396.28259592186
6506000  -4401.77003750606  4393.91309515684
6507000  -4401.60097881897  4397.32754960279
6508000  -4403.52795517567  4396.77222318241
6509000  -4402.69458012011  4397.37566885882
6510000  -4403.25404444345  4396.29676044567
6511000  -4405.39349136536  4399.41687456817
6512000  -4404.73057213466  4400.63394881361
6513000  -4406.8110078977  4400.80442194417
6514000  -4407.79306970832  4400.70863409744
6515000  -4408.16644886466  4400.78538596285
6516000  -4411.34046077645  4402.28653523489
6517000  -4408.84450179871  4401.69780418271
6518000  -4412.13057851598  4402.30338358473
6519000  -4410.60145674878  4401.60060759485
6520000  -4410.67436759943  4401.51427208381
6521000  -4413.82481842618  4402.29149153189
6522000  -4413.062753511  4402.55907682855
6523000  -4411.70286626907  4407.41681797433
6524000  -4413.56260217211  4406.03538085685
6525000  -4412.16801339809  4406.55236792439
6526000  -4412.98998167613  4407.12542202434
6527000  -4413.9961384488  4406.61028559635
6528000  -4413.91270670771  4405.40613489249
6529000  -4414.07810747782  4406.30800415732
6530000  -4415.93693449118  4408.37871085111
6531000  -4417.67946539488  4408.90547754228
6532000  -4416.4479367217  4408.3000332519
6533000  -4415.89118795186  4411.4426240827
6534000  -4417.5697468881  4411.75456734317
6535000  -4419.7358325081  4413.47729212521
6536000  -4420.29445509814  4413.39082843681
6537000  -4419.6980000054  4415.03168180107
6538000  -4419.83734442162  4414.25179077911
6539000  -4420.97917403863  4413.83857311629
6540000  -4424.00414128912  4415.56236671378
6541000  -4423.62929765177  4415.72798398869
6542000  -4424.39486775327  4416.61483024999
6543000  -4427.42882251256  4417.31170845506
6544000  -4427.61786117021  4418.87308815684
6545000  -4426.34195286473  4421.1812001988
6546000  -4427.86348006879  4421.25783127548
6547000  -4426.80744894572  4422.39453967268
6548000  -4425.63004883771  4422.97726253195
6549000  -4428.48568788571  4425.32373878192
6550000  -4427.9911281865  4429.42006352019
6551000  -4429.38418942857  4429.07496209088
6552000  -4431.62261260062  4431.85888051666
6553000  -4432.64036448149  4430.91869878746
6554000  -4431.90840848573  4431.61095653756
6555000  -4435.46502526246  4434.4325301387
6556000  -4436.1274752732  4433.30448212357
6557000  -4438.55993469392  4432.0700558747
6558000  -4438.88776162551  4434.70874540783
6559000  -4440.3951664117  4436.76878578883
6560000  -4438.10651734924  4435.06761486205
6561000  -4441.59447991722  4438.11117948878
6562000  -4440.90773010237  4435.94918848747
6563000  -4442.44520439439  4438.18763933808
6564000  -4445.9043268307  4438.16137474973
6565000  -4446.69535888057  4439.26676252605
6566000  -4444.65666346648  4439.98412924323
6567000  -4443.25967630439  4440.08438655936
6568000  -4445.46887956889  4441.60392672308
6569000  -4447.01406920191  4443.34683153774
6570000  -4448.22193339795  4444.26400271542
6571000  -4448.47381169488  4445.2047947953
6572000  -4447.82499024047  4446.39511368738
6573000  -4448.62806337539  4446.3000475942
6574000  -4451.93418155472  4448.82003356305
6575000  -4451.92543157646  4447.25126273874
6576000  -4453.78430643765  4446.75825480864
6577000  -4453.24480067305  4449.15938650521
6578000  -4456.08931212031  4447.79358666896
6579000  -4454.52714400287  4448.60994002335
6580000  -4455.42560550403  4446.21203769459
6581000  -4457.97515440984  4449.13563396249
6582000  -4460.05798115252  4450.89142572923
6583000  -4458.16655235919  4452.4494933856
6584000  -4460.29503581391  4453.93383304346
6585000  -4458.81063121769  4454.25404542612
6586000  -4462.23678999189  4454.73382847523
6587000  -4462.51379938924  4456.61752410976
6588000  -4463.09233528776  4456.55090672434
6589000  -4467.09099932867  4455.20396433602
6590000  -4468.27848671685  4459.35523018697
6591000  -4466.58964256141  4459.83078480664
6592000  -4468.84331155843  4460.14362815023
6593000  -4464.62750902705  4460.22032902303
6594000  -4467.74563250598  4460.76176922377
6595000  -4465.31569036504  4462.54231481099
6596000  -4467.74385514181  4463.84749839273
6597000  -4467.42342732769  4465.39474805036
6598000  -4470.02825634887  4466.90357265918
6599000  -4468.13492858411  4469.01059709688
6600000  -4470.49387252004  4470.77768483477
6601000  -4470.99914870195  4470.5241136922
6602000  -4472.33067304842  4470.77835896036
6603000  -4472.16772705265  4470.81149635774
6604000  -4472.15181732781  4471.43966005674
6605000  -4471.19641502135  4471.94332961682
6606000  -4475.65791712254  4472.82325554204
6607000  -4475.36176264869  4475.47723365338
6608000  -4475.73332392563  4474.6309701124
6609000  -4476.46865327159  4474.77857301859
6610000  -4478.48945115087  4474.99099239865
6611000  -4479.56713195465  4476.60808846527
6612000  -4482.58699657675  4477.0097831651
6613000  -4480.7577856843  4477.45203954641
6614000  -4480.48991683627  4475.12697255349
6615000  -4481.17484445983  4475.65971559571
6616000  -4483.05402737354  4479.48123327491
6617000  -4481.93066173692  4478.05623792641
6618000  -4485.70388191701  4479.97247554427
6619000  -4484.4142499415  4481.01024067525
6620000  -4485.9984051387  4480.84919510376
6621000  -4485.95711656975  4485.0432018079
6622000  -4486.99373600252  4484.99605167298
6623000  -4487.88412488876  4484.68988089279
6624000  -4488.76627362281  4485.26076785814
6625000  -4488.61937665326  4484.7649131403
6626000  -4489.92227410209  4486.81599217716
6627000  -4490.28484558694  4485.88480517402
6628000  -4491.56802782633  4488.35054834207
6629000  -4490.73250621447  4490.39260047548
6630000  -4492.36051592409  4490.7292179784
6631000  -4492.46335955591  4489.77433791587
6632000  -4493.74797051001  4492.19810035058
6633000  -4493.63514667558  4492.69024539229
6634000  -4495.47192774747  4494.25258974634
6635000  -4497.91500418744  4494.5659116975
6636000  -4497.84158991852  4495.07179979765
6637000  -4498.85859801752  4496.91414645775
6638000  -4500.67242994478  4495.72789863812
6639000  -4498.34866230139  4496.6566769508
6640000  -4502.2110440927  4498.37590660938
6641000  -4501.95287616557  4499.84070572365
6642000  -4502.7873791034  4498.68557600858
6643000  -4503.26122377469  4500.28310862393
6644000  -4502.04371554641  4500.72347602261
6645000  -4505.08927181426  4499.54914230296
6646000  -4506.62818844866  4501.90245896303
6647000  -4504.83398799686  4502.34605688977
6648000  -4506.02356750093  4502.46712570965
6649000  -4509.70033691945  4504.52146130447
6650000  -4511.98501280955  4505.36634110057
6651000  -4512.31937489596  4505.24977429637
6652000  -4514.12260991531  4505.58652688878
6653000  -4517.42643822674  4505.29048166354
6654000  -4514.9571879609  4507.52555215877
6655000  -4515.6081468127  4505.07268888175
6656000  -4513.95441798278  4507.7546519725
6657000  -4518.56630043352  4506.98743306302
6658000  -4517.53718682986  4506.74160089126
6659000  -4517.90607816411  4506.50130455205
6660000  -4518.36660419694  4507.58114008359
6661000  -4518.32321521966  4507.55998866734
6662000  -4519.10368009524  4507.00764586135
6663000  -4519.32227079033  4510.60821335777
6664000  -4519.50419715207  4512.37259151675
6665000  -4522.41750424967  4511.64820331492
6666000  -4523.97726591869  4512.48129165996
6667000  -4525.81344035194  4513.25585645434
6668000  -4524.67071762628  4513.91752645398
6669000  -4527.77459968706  4514.59376960364
6670000  -4526.01181195515  4514.90845437587
6671000  -4525.60942169278  4514.77783856956
6672000  -4526.07763259985  4516.26689514341
6673000  -4528.57041921798  4518.07635170959
6674000  -4528.13147639872  4518.7898271081
6675000  -4527.13564807699  4522.44262917192
6676000  -4526.59528330908  4519.14201813902
6677000  -4527.7022776312  4522.16204026205
6678000  -4529.10184138556  4521.71074233191
6679000  -4528.11726956628  4523.0616257383
6680000  -4527.68634955504  4524.90933276912
6681000  -4530.410443579  4524.86809618303
6682000  -4531.48987996643  4524.9203471495
6683000  -4530.18613686752  4526.9069024509
6684000  -4529.15016760145  4527.11899844826
6685000  -4530.87526253156  4529.98470213133
6686000  -4532.29684297363  4528.25429694174
6687000  -4531.43970765133  4529.89169904957
6688000  -4532.979878729  4530.98637826016
6689000  -4532.44202946234  4531.77675350409
6690000  -4533.728453465  4533.17230218523
6691000  -4534.07394793758  4531.53201860791
6692000  -4535.39023036905  4533.774811122
6693000  -4535.37488740632  4534.42872178864
6694000  -4537.41995926855  4534.09695607581
6695000  -4535.11288797609  4535.46804854602
6696000  -4538.30556644213  4534.3630703806
6697000  -4539.19445510551  4535.57570432943
6698000  -4539.00323727766  4537.58784598029
6699000  -4541.17726272413  4537.82803395837
6700000  -4539.53787953449  4539.76126971863
6701000  -4543.57164883745  4538.79008301149
6702000  -4542.82996337056  4542.02770089069
6703000  -4544.49849563099  4541.28843224001
6704000  -4544.30092275516  4542.39332795696
6705000  -4543.54509093109  4544.12216220732
6706000  -4544.99251311705  4546.43661006405
6707000  -4545.2642749844  4547.29601998545
6708000  -4545.43699014351  4549.27171813256
6709000  -4547.92256973447  4550.52895674361
6710000  -4550.83737074944  4548.88625198139
6711000  -4549.8474178385  4551.2213872587
6712000  -4550.84280679937  4548.81764786068
6713000  -4552.3120032112  4550.49081956646
6714000  -4551.95058891306  4551.48347524294
6715000  -4554.81711850725  4551.47921086358
6716000  -4554.93060178081  4553.49506372405
6717000  -4556.40094931115  4549.62496102415
6718000  -4557.63045204968  4552.25582505394
6719000  -4557.40805150258  4552.49238303957
6720000  -4557.20678295044  4553.42011533008
6721000  -4557.82163473448  4555.49040824273
6722000  -4559.08839711508  4554.39943871515
6723000  -4558.26296197926  4553.40874751922
6724000  -4562.66583885252  4556.24491206127
6725000  -4562.74337311055  4558.5367279414
6726000  -4564.43947342592  4558.73387754966
6727000  -4565.82024024048  4560.84669213019
6728000  -4565.96298816783  4561.05825461183
6729000  -4568.02710596472  4563.29019414326
6730000  -4569.87526094361  4564.70303900206
6731000  -4571.10693865241  4564.05943383731
6732000  -4573.76551658567  4566.62878744774
6733000  -4575.80886999919  4563.17480713146
6734000  -4574.054435362  4564.52371276859
6735000  -4572.4120074659  4566.4308890611
6736000  -4572.53235107427  4566.68756730422
6737000  -4575.01044554748  4566.58419073893
6738000  -4573.75424543063  4567.74964423364
6739000  -4575.48174352818  4569.33456106367
6740000  -4575.20731425085  4569.96210298234
6741000  -4576.16344192213  4573.49618313012
6742000  -4576.14447942831  4572.50693267888
6743000  -4578.11249717488  4573.73939942242
6744000  -4578.4102249256  4574.01589074766
6745000  -4581.00071896706  4575.22952266759
6746000  -4578.79457954057  4574.53857990253
6747000  -4582.25239923697  4576.06734319331
6748000  -4579.26297085739  4578.36777621191
6749000  -4580.68923620606  4578.57503253914
6750000  -4580.85602713177  4580.04466320112
6751000  -4581.04593244815  4579.41761602347
6752000  -4584.08866520803  4579.75333688343
6753000  -4583.17560360733  4581.25286614306
6754000  -4580.89633694927  4583.90029799036
6755000  -4580.82445275737  4583.72084141041
6756000  -4580.94719128333  4581.47139171962
6757000  -4581.23404796272  4584.9310868492
6758000  -4582.0787132643  4582.02477252374
6759000  -4582.47379051361  4583.14670135654
6760000  -4582.59036377324  4583.87779029546
6761000  -4584.61905666666  4584.18100019102
6762000  -4584.91633768548  4587.44351590516
6763000  -4587.06860880873  4585.07750594929
6764000  -4588.069210399  4584.52027669347
6765000  -4588.28683058534  4583.66952326473
6766000  -4588.47315954674  4586.44334394792
6767000  -4590.51355183789  4585.51742734046
6768000  -4589.94252350089  4586.36266423558
6769000  -4590.96174975696  4587.67753940604
6770000  -4590.309246889  4588.03270089914
6771000  -4591.91674120912  4590.14270537636
6772000  -4591.49062238942  4590.11855477663
6773000  -4591.45901663087  4589.35435852716
6774000  -4591.49263810408  4590.90405483903
6775000  -4592.40354021724  4590.96657870545
6776000  -4591.30207110153  4591.22761405902
6777000  -4592.77305955447  4593.55907626176
6778000  -4593.26667357159  4592.51991786415
6779000  -4594.7645578327  4592.65256432347
6780000  -4593.09867046366  4594.19051407753
6781000  -4595.10718857959  4594.90176063734
6782000  -4595.36430425904  4596.02898776708
6783000  -4597.94250466726  4595.90873749964
6784000  -4596.7673165763  4595.79614405322
6785000  -4600.23987890232  4594.29392780522
6786000  -4600.39243800619  4594.30147620113
6787000  -4602.4864838147  4595.84662445936
6788000  -4601.75846501427  4596.34081512573
6789000  -4604.84008909156  4598.19545202979
6790000  -4604.48511403612  4598.37560276393
6791000  -4605.48592111386  4597.67278534341
6792000  -4604.17186628604  4599.8335094837
6793000  -4605.47865005949  4600.6705791956
6794000  -4607.73106613231  4602.46888123004
6795000  -4607.55504715808  4603.02228157816
6796000  -4608.96040271857  4603.47963370951
6797000  -4610.25459590312  4606.11902959844
6798000  -4609.39836349549  4605.83210984885
6799000  -4610.57538327637  4605.5819518059
6800000  -4610.5364300595  4607.35092262326
6801000  -4612.96924255945  4607.39570166144
6802000  -4611.49221697913  4608.71171663426
6803000  -4610.99938309828  4612.19437259922
6804000  -4611.59171948817  4609.18517247212
6805000  -4612.8753142468  4609.60367329643
6806000  -4612.08285665367  4611.82539627803
6807000  -4611.21901464876  4612.66402549711
6808000  -4613.87250279339  4615.91615109292
6809000  -4613.86054985946  4613.17746062139
6810000  -4614.55722591004  4614.70244651855
6811000  -4615.71173887015  4617.17044377255
6812000  -4617.62216395383  4616.14683026679
6813000  -4617.80675565988  4616.20029444271
6814000  -4618.70932543279  4616.63757911775
6815000  -4619.47765345816  4617.37042320154
6816000  -4618.98720202261  4619.97643889156
6817000  -4620.50092984983  4619.86130525066
6818000  -4620.55703639799  4618.64346685903
6819000  -4620.52275435806  4621.61392471692
6820000  -4619.78795492936  4621.44657313826
6821000  -4623.00713284455  4620.29106701671
6822000  -4623.78936967329  4621.93926897142
6823000  -4624.84887132332  4622.8178051409
6824000  -4626.3462592904  4623.76186959205
6825000  -4626.62855448564  4623.8123975804
6826000  -4627.44940017027  4623.5577390456
6827000  -4629.61467598376  4625.42845559618
6828000  -4632.1379176919  4626.01996015386
6829000  -4629.93702316643  4624.50221959966
6830000  -4632.86913429133  4626.87609188992
6831000  -4633.37564366777  4626.50816551404
6832000  -4632.83398589882  4627.35528930024
6833000  -4635.42149711493  4626.92533486397
6834000  -4637.05729575948  4627.26089579863
6835000  -4635.7495278225  4630.37263799168
6836000  -4638.10808341244  4629.98595793973
6837000  -4636.30143990983  4631.10412671252
6838000  -4637.61746587959  4632.01963077641
6839000  -4639.67196266192  4634.39645497784
6840000  -4640.03235502111  4634.85689123468
6841000  -4640.58538761699  4635.87177761859
6842000  -4640.63717396549  4635.29633099821
6843000  -4641.72155791083  4636.46917875058
6844000  -4642.24445999286  4640.33277677641
6845000  -4644.71100866216  4640.63368507567
6846000  -4643.07118092784  4637.48808421629
6847000  -4641.9061632767  4640.39473499696
6848000  -4643.0416693799  4641.39230243614
6849000  -4644.12290450938  4642.331271902
6850000  -4643.37518517458  4639.67756382447
6851000  -4646.24290314282  4641.37766016778
6852000  -4645.41649370931  4644.83856709666
6853000  -4647.35659241706  4644.40174039842
6854000  -4647.67462124435  4645.93685036585
6855000  -4648.41586458106  4646.59946767997
6856000  -4648.87558447117  4646.79304125677
6857000  -4646.93345372703  4648.97118643044
6858000  -4648.55771783682  4646.44305166372
6859000  -4650.96062172009  4648.88648937794
6860000  -4651.87716565798  4649.08910179793
6861000  -4652.90709425068  4649.47390803128
6862000  -4653.87678679805  4650.68308365645
6863000  -4653.67798547334  4648.84145841557
6864000  -4654.00497836484  4651.24470287922
6865000  -4657.92836694861  4651.07786255417
6866000  -4658.10213035132  4651.8950474609
6867000  -4656.8308975494  4655.34757670134
6868000  -4658.05326633961  4655.54297504069
6869000  -4657.71399201714  4654.80962409792
6870000  -4659.17606594002  4655.74025558795
6871000  -4659.48893292648  4655.38398365856
6872000  -4659.87684641199  4656.59548381105
6873000  -4660.16339918049  4657.41711249953
6874000  -4662.28567523744  4658.81655815448
6875000  -4660.58987214132  4659.86265134823
6876000  -4662.09109107742  4664.14229900688
6877000  -4662.35677501365  4660.72405351092
6878000  -4662.91543345009  4661.45035928301
6879000  -4666.20467492321  4662.97153292987
6880000  -4666.25710229877  4661.54439500348
6881000  -4668.12475843288  4663.94380910029
6882000  -4667.99090902546  4662.20442679987
6883000  -4667.31696743868  4665.13827898284
6884000  -4669.45370957721  4664.54010586668
6885000  -4668.62500211462  4662.47241582965
6886000  -4671.12717572483  4664.56587130217
6887000  -4671.64448064192  4664.69757214745
6888000  -4670.79497090244  4664.8003834521
6889000  -4670.70011905743  4666.12077121769
6890000  -4671.66858978484  4663.86487550003
6891000  -4673.08579103153  4665.45330771231
6892000  -4674.92924376906  4664.95224684199
6893000  -4674.29940329273  4667.04416018768
6894000  -4677.21361123034  4667.23724056725
6895000  -4678.27248551875  4667.60447591507
6896000  -4676.5839891828  4667.44946679328
6897000  -4679.58386099106  4668.41335792254
6898000  -4680.24009035675  4669.19229994176
6899000  -4679.58359835584  4670.30026391427
6900000  -4679.94887060305  4667.99404567468
6901000  -4682.08017647263  4669.46299899859
6902000  -4681.7957174002  4671.40283267025
6903000  -4682.19754064896  4671.21878207701
6904000  -4683.09238363187  4672.37478433747
6905000  -4682.73360638295  4673.08409406324
6906000  -4683.09091288544  4672.5290313046
6907000  -4685.17217046663  4673.37668581284
6908000  -4681.30914374978  4674.51784530048
6909000  -4682.84808158708  4673.77302282357
6910000  -4685.79367762365  4673.64217994072
6911000  -4684.14812824381  4676.54413116123
6912000  -4682.81371121368  4678.50444947334
6913000  -4685.07849627265  4677.18531885375
6914000  -4686.10100712515  4679.11128171246
6915000  -4685.92259561955  4680.1435601452
6916000  -4686.779865334  4682.67987580076
6917000  -4686.88257704313  4681.07634211029
6918000  -4688.90403843098  4684.67760320425
6919000  -4688.2512942295  4682.12071218045
6920000  -4687.85112315199  4681.25576082578
6921000  -4690.08298699822  4682.40410598206
6922000  -4693.74511425249  4682.40283354979
6923000  -4692.05341509884  4684.85437107018
6924000  -4695.44062935837  4684.67895643538
6925000  -4694.79492921052  4685.4410357018
6926000  -4694.97416993437  4686.07486341038
6927000  -4696.37539018852  4687.30146843546
6928000  -4698.2785145128  4688.87166168721
6929000  -4698.57458029535  4688.88638134459
6930000  -4700.46092041038  4691.15780509389
6931000  -4700.79300639695  4689.85867270374
6932000  -4699.74630664889  4689.60962257847
6933000  -4701.94935714114  4691.99308973227
6934000  -4702.19263891357  4692.59106716365
6935000  -4701.10095693663  4693.94560949659
6936000  -4703.13222420957  4692.71017524342
6937000  -4702.24513064436  4696.4514131885
6938000  -4704.4758072211  4698.92702751813
6939000  -4704.0952221385  4698.88359403202
6940000  -4707.78343220305  4699.4284968138
6941000  -4703.64006003669  4698.4565913769
6942000  -4705.9620388716  4697.74321059854
6943000  -4707.9006273011  4699.12842878531
6944000  -4708.74866003231  4701.62416168982
6945000  -4708.64417012223  4703.90477499314
6946000  -4712.08886304534  4704.10753810974
6947000  -4712.66360264493  4704.88485897555
6948000  -4712.9493057198  4705.42960616824
6949000  -4713.05312892385  4708.79433280842
6950000  -4713.68729087342  4707.1043225626
6951000  -4713.47809661656  4710.91542644063
6952000  -4715.29880256769  4707.87060812296
6953000  -4717.01762607822  4710.62814629856
6954000  -4716.97628942734  4711.8070125811
6955000  -4716.91054026149  4711.44284341919
6956000  -4718.92439628893  4711.38618341221
6957000  -4720.00712080465  4715.55927367035
6958000  -4721.9169359908  4717.76944875791
6959000  -4724.9969188155  4716.50644638453
6960000  -4724.35900890342  4720.60062689808
6961000  -4727.10188637009  4719.50606827087
6962000  -4726.9496275337  4719.75061107198
6963000  -4726.66626612298  4721.84424072228
6964000  -4727.12389445657  4723.88357042003
6965000  -4727.58757422134  4721.05567090603
6966000  -4729.49054285702  4724.38081352692
6967000  -4729.82786327338  4725.0558657355
6968000  -4729.79187457655  4726.20066365321
6969000  -4733.01917015881  4727.68094026804
6970000  -4734.27754082588  4728.15089779208
6971000  -4736.58165976288  4728.93344245107
6972000  -4735.77776311987  4729.73457621594
6973000  -4736.67051784493  4728.33429065274
6974000  -4738.94147869333  4728.92375421296
6975000  -4739.40387554647  4731.15453462997
6976000  -4740.76518043525  4731.30418298074
6977000  -4737.4365130563  4731.56552379693
6978000  -4739.63136525872  4733.39048359749
6979000  -4740.68092510131  4732.59118761033
6980000  -4742.33820123099  4734.62131676017
6981000  -4742.86056924343  4734.73180092914
6982000  -4742.2354420036  4735.22187984697
6983000  -4743.27233306812  4734.94196643894
6984000  -4745.06206422868  4735.16989262204
6985000  -4744.1391935432  4737.00985788417
6986000  -4743.48833512425  4735.52499918679
6987000  -4744.77545024406  4734.65660406623
6988000  -4745.49180538768  4737.01299790319
6989000  -4745.14086496421  4738.58406437639
6990000  -4744.45756502523  4737.18305606904
6991000  -4746.00005260287  4737.15743199719
6992000  -4745.31328960398  4737.63031848257
6993000  -4747.1661437462  4738.43169095508
6994000  -4745.94746665045  4740.11795987826
6995000  -4745.92941107037  4741.2805744683
6996000  -4744.65750677233  4743.03050745729
6997000  -4747.55216453949  4742.68793538797
6998000  -4750.14288915477  4742.82796313092
6999000  -4748.84665855984  4745.13610723403
7000000  -4750.7574237368  4745.54229806236
7001000  -4748.85279436126  4747.57801607249
7002000  -4749.8011900542  4748.52860028949
7003000  -4751.5992508938  4747.98799369742
7004000  -4750.71084428675  4745.36808353058
7005000  -4754.00944689132  4745.94351731075
7006000  -4756.50007706202  4744.57123447719
7007000  -4757.35904591833  4748.23238930935
7008000  -4757.29916561423  4748.34515564666
7009000  -4758.77637387746  4750.14092335065
7010000  -4758.52764369427  4747.76662408999
7011000  -4762.44409106918  4750.0776969357
7012000  -4761.89104547407  4751.47861816805
7013000  -4763.23247161235  4751.66756756703
7014000  -4763.80782073408  4754.14873320155
7015000  -4762.88405630975  4754.55305670592
7016000  -4764.51205517721  4753.58664292618
7017000  -4763.04742550183  4754.1567609697
7018000  -4764.69601702363  4756.41538997442
7019000  -4766.13863880754  4754.73353542121
7020000  -4766.38095876825  4756.46110539858
7021000  -4765.37559550694  4757.13283557514
7022000  -4764.26932599729  4759.61773492082
7023000  -4767.38619820085  4759.24071117924
7024000  -4766.19031711489  4760.49933495348
7025000  -4768.0894646332  4762.29877729613
7026000  -4767.27540119533  4765.19923286788
7027000  -4768.44568522496  4763.38087045449
7028000  -4768.91569008521  4765.06849495785
7029000  -4769.29249956659  4765.3714359388
7030000  -4767.74067389051  4766.33180675317
7031000  -4767.41187749339  4765.52203493017
7032000  -4770.15823148224  4766.44133128059
7033000  -4772.37437879947  4768.00378543969
7034000  -4770.8021967523  4766.93956899294
7035000  -4773.39033049405  4768.03798463778
7036000  -4774.56330482451  4771.47615990223
7037000  -4775.67519038742  4771.17531357939
7038000  -4773.69253478997  4771.5515737433
7039000  -4775.53482429296  4773.45912495633
7040000  -4776.42828297755  4773.50073615947
7041000  -4776.43970234083  4774.12598446166
7042000  -4776.30606942259  4774.96081732704
7043000  -4775.8440171984  4774.45192771821
7044000  -4777.07589679054  4775.01865442295
7045000  -4777.42578487574  4775.2173246883
7046000  -4780.46505799582  4778.179036542
7047000  -4780.03864414659  4778.2841267675
7048000  -4780.64740714139  4778.65937486172
7049000  -4780.90141713722  4778.30270852139
7050000  -4783.46551722263  4779.33538828526
7051000  -4783.08175080518  4781.0637150137
7052000  -4783.33210765648  4782.74601938357
7053000  -4786.02838635971  4781.4920055417
7054000  -4784.96467941088  4782.64900871282
7055000  -4785.90888992067  4784.34929445016
7056000  -4789.83947525737  4784.21117511817
7057000  -4787.6362195922  4784.66245076853
7058000  -4788.11162219628  4786.09928432411
7059000  -4788.81043386398  4785.06226370407
7060000  -4791.66404649966  4787.98708944112
7061000  -4792.67863628904  4788.60348135255
7062000  -4792.05128459027  4789.31646762557
7063000  -4793.16080985526  4791.15639628492
7064000  -4793.59662666438  4791.53758037686
7065000  -4793.74662855  4792.05783566231
7066000  -4795.51778129253  4791.38064463542
7067000  -4798.47600782907  4792.1396327871
7068000  -4796.31023402419  4793.91113564421
7069000  -4797.15736948891  4794.16666318003
7070000  -4796.81107943938  4797.00118043911
7071000  -4799.54469182146  4797.44147212125
7072000  -4801.25936073057  4797.4580851724
7073000  -4801.78182396652  4798.52872943671
7074000  -4806.00329450217  4800.45062047502
7075000  -4805.82175270346  4800.64314269797
7076000  -4805.37391421464  4800.09904675096
7077000  -4807.63779284035  4802.64801518093
7078000  -4808.88684222753  4804.41771187531
7079000  -4809.85198580811  4804.32038712521
7080000  -4809.81762282208  4803.98831617194
7081000  -4809.8065218677  4802.60267132057
7082000  -4811.02783675698  4805.17751678091
7083000  -4810.30393074578  4806.74229825305
7084000  -4810.15174613068  4807.79165909939
7085000  -4811.83460926644  4807.83270535833
7086000  -4812.09663277591  4807.66830216916
7087000  -4811.49358190185  4809.36441216942
7088000  -4814.25460022682  4809.39120019931
7089000  -4811.13654975931  4808.27501046932
7090000  -4811.08346674803  4808.78259303586
7091000  -4810.40954598535  4809.82191738849
7092000  -4811.10663659466  4809.94087407915
7093000  -4810.13494427401  4810.62949742712
7094000  -4814.19180598215  4813.63593780786
7095000  -4812.61454796988  4812.43374252856
7096000  -4813.48827795592  4813.64139030168
7097000  -4812.53735885932  4813.42194797861
7098000  -4814.86616332568  4815.90899089015
7099000  -4814.53464481362  4815.8995444461
7100000  -4816.42441450736  4815.07427893461
7101000  -4817.76301424852  4816.77244796275
7102000  -4818.48493193271  4815.79717073334
7103000  -4820.46883009797  4817.07462034844
7104000  -4821.84306639654  4817.07419880544
7105000  -4821.75685086565  4817.33429699213
7106000  -4825.45079933689  4816.50631164382
7107000  -4825.79348632679  4819.27250114171
7108000  -4823.66055888758  4819.60017040089
7109000  -4823.43981163938  4819.85636492852
7110000  -4825.50894639422  4820.4543861712
7111000  -4825.64891992018  4820.33931033352
7112000  -4826.98288615331  4821.33772846051
7113000  -4825.43580445126  4821.03917137876
7114000  -4826.92750936353  4821.9636040192
7115000  -4825.43470655192  4825.1310133498
7116000  -4829.91383801256  4826.22570909565
7117000  -4830.42347084945  4825.08771541157
7118000  -4830.35119292463  4825.83646301692
7119000  -4832.72155959382  4827.29902827154
7120000  -4830.07114638206  4826.05827145719
7121000  -4829.28266917017  4826.49786301193
7122000  -4831.41384983798  4828.39085812549
7123000  -4832.86568587524  4828.55083720256
7124000  -4834.52217952746  4829.60004824234
7125000  -4836.33657921003  4832.96855983555
7126000  -4835.34188899135  4831.33727197254
7127000  -4835.36215864546  4831.86372691083
7128000  -4836.64066936885  4830.03389977263
7129000  -4836.52189564065  4831.47574521918
7130000  -4836.3534689709  4833.95358170786
7131000  -4836.98435313723  4835.53811545226
7132000  -4840.28046276833  4833.75784370045
7133000  -4841.36066599196  4834.74737961734
7134000  -4841.05916606891  4836.32598725866
7135000  -4845.00762180002  4835.69521739201
7136000  -4845.92306186729  4839.83181080925
7137000  -4846.11247496305  4838.48044956214
7138000  -4847.30951242155  4839.87738602923
7139000  -4846.87403788761  4842.3254457957
7140000  -4846.03432237653  4841.06488798246
7141000  -4849.22594669535  4841.4113226244
7142000  -4851.87491932335  4843.6212199259
7143000  -4849.75843863036  4843.45773364503
7144000  -4852.32578235381  4843.46029428025
7145000  -4851.47840903442  4845.2108152847
7146000  -4852.31988325982  4845.67964106274
7147000  -4852.43152361294  4847.03097558932
7148000  -4854.66017979205  4847.97785299821
7149000  -4854.90999723102  4848.56102821094
7150000  -4856.33333830738  4847.44595887621
7151000  -4857.25409437457  4849.97445443204
7152000  -4857.87793069705  4849.36803769115
7153000  -4858.47489933041  4850.33470909468
7154000  -4860.08039940951  4850.90579849792
7155000  -4861.83348400525  4852.9541623524
7156000  -4861.95483394582  4854.41403459476
7157000  -4860.53542540522  4853.85772963233
7158000  -4861.24794648087  4854.62154043383
7159000  -4862.59062652771  4855.21762573918
7160000  -4864.34505540788  4855.09806512193
7161000  -4865.93208845503  4855.41719526773
7162000  -4862.81073642024  4853.97956430943
7163000  -4866.05600898948  4857.20505515742
7164000  -4866.61615410184  4858.0672023569
7165000  -4867.89948023393  4859.58376443664
7166000  -4866.64790165127  4862.17139562271
7167000  -4866.41543652398  4862.84524466502
7168000  -4867.93768842432  4863.29414013575
7169000  -4867.88200945744  4866.37567770653
7170000  -4870.39861667458  4866.83845144745
7171000  -4871.57406536499  4866.57166200394
7172000  -4870.06837152511  4866.45842082346
7173000  -4871.83568519667  4868.27833586927
7174000  -4874.32774738773  4868.05368268394
7175000  -4874.13631847818  4869.12318637804
7176000  -4873.72627083394  4868.36842667862
7177000  -4875.13642766322  4870.12252947888
7178000  -4877.76274221429  4869.87469134149
7179000  -4877.9872850843  4869.43599228926
7180000  -4877.3150558322  4869.42327346901
7181000  -4880.90084494117  4871.30752718912
7182000  -4881.34358331568  4871.12027397489
7183000  -4879.58441463316  4873.1185767107
7184000  -4879.31746239473  4872.87262330134
7185000  -4876.94892633196  4874.78659436998
7186000  -4880.15738945586  4875.17950013099
7187000  -4883.80894578141  4875.66585342613
7188000  -4883.00924485481  4876.38778173655
7189000  -4883.9310478749  4877.6281136449
7190000  -4883.26988560317  4880.22229403703
7191000  -4884.64685288364  4878.26027079424
7192000  -4881.97950765933  4879.1560133723
7193000  -4884.38797585663  4881.1403501636
7194000  -4885.44748971988  4881.9746801663
7195000  -4886.69708026455  4883.7925030798
7196000  -4886.89211608323  4884.53960000482
7197000  -4887.23038266212  4887.04416422207
7198000  -4887.30847167247  4886.4392049618
7199000  -4888.5021651241  4886.62247184504
7200000  -4890.23429007539  4886.74212942949
7201000  -4892.40165786732  4887.95203300045
7202000  -4890.92583477762  4890.27037818473
7203000  -4891.86944234556  4889.7404492871
7204000  -4891.14424090961  4892.52272268938
7205000  -4893.20882446918  4890.75202730169
7206000  -4895.83640795605  4891.83413300821
7207000  -4895.47959406067  4894.48588961885
7208000  -4895.88181267781  4894.02419254541
7209000  -4897.64821058753  4892.92806651229
7210000  -4896.82435998295  4897.06229158646
7211000  -4899.78390289263  4895.65264976798
7212000  -4901.2448757648  4894.36981788552
7213000  -4902.98747332483  4895.48518844316
7214000  -4902.03641860328  4896.84288366055
7215000  -4903.26594099601  4896.99145583617
7216000  -4904.41450438717  4898.63205747092
7217000  -4903.77695550113  4900.09806394367
7218000  -4906.73825204682  4901.51727180414
7219000  -4904.31004085119  4903.68359507628
7220000  -4906.24012674407  4903.69861488776
7221000  -4905.74174903902  4905.24869663645
7222000  -4908.37048012099  4904.97727892748
7223000  -4908.22260766589  4908.66826905514
7224000  -4907.23830029664  4908.64391877079
7225000  -4909.26482508133  4909.10877478189
7226000  -4908.19354564575  4909.91205640606
7227000  -4909.65203982808  4908.89870989049
7228000  -4909.9528877348  4909.60636915932
7229000  -4914.09682387093  4910.12999883301
7230000  -4913.64398118232  4912.35426082403
7231000  -4915.30564183179  4914.89013557741
7232000  -4915.02331367864  4913.48658064235
7233000  -4916.60290069288  4914.66728912102
7234000  -4915.49983970825  4914.49313876572
7235000  -4918.57610752729  4916.68816190352
7236000  -4916.52910857919  4917.8490915151
7237000  -4918.11266940486  4918.62317681103
7238000  -4920.92322691887  4921.22214233031
7239000  -4918.671584879  4921.23247290137
7240000  -4920.13344832517  4922.92882762052
7241000  -4921.13508522408  4924.06763269344
7242000  -4922.13220019933  4922.35745587802
7243000  -4923.02708373437  4923.22326092704
7244000  -4923.19460377812  4923.94272620779
7245000  -4924.58565515782  4925.58321477098
7246000  -4925.33875120715  4923.52243888188
7247000  -4928.20497632254  4926.68093411396
7248000  -4927.73511599612  4928.85113617044
7249000  -4929.00176907535  4927.52877531225
7250000  -4927.40388908323  4928.69001777399
7251000  -4929.52131659808  4931.83078604142
7252000  -4932.2381319449  4930.47616049412
7253000  -4932.96629133616  4930.18196814852
7254000  -4933.09582668678  4931.20074044459
7255000  -4934.59299422016  4932.44804816403
7256000  -4932.30931150764  4932.66124491828
7257000  -4933.64747224518  4934.07371968619
7258000  -4936.30551801528  4935.13637320152
7259000  -4937.29211636401  4934.83193112613
7260000  -4936.63637492677  4935.48555148487
7261000  -4936.57188128696  4937.30389730525
7262000  -4937.53031609326  4936.86957882302
7263000  -4937.40169466676  4936.58968512427
7264000  -4937.67498292279  4937.63119762827
7265000  -4938.4027826203  4937.4483394887
7266000  -4939.92330040008  4938.67931348384
7267000  -4941.18877547042  4938.94018691531
7268000  -4943.25267039294  4941.14181535541
7269000  -4942.93795861117  4940.30049136038
7270000  -4943.05137241227  4942.10564760928
7271000  -4942.30910109062  4944.70352044735
7272000  -4943.34625133824  4944.44444605799
7273000  -4945.80797208437  4944.87124450507
7274000  -4943.36755390631  4947.54983726405
7275000  -4944.82697542355  4946.47238604501
7276000  -4945.61201228026  4947.1478437591
7277000  -4946.82152260049  4948.81485740795
7278000  -4948.21979283822  4950.34236014544
7279000  -4946.26984106455  4951.45829214557
7280000  -4946.86409153173  4950.34142528354
7281000  -4947.71752741091  4949.62734875141
7282000  -4949.53902054975  4950.9359211745
7283000  -4951.29039719147  4949.56740240356
7284000  -4950.58938400604  4950.24277551571
7285000  -4952.50881468888  4950.78640115682
7286000  -4952.92059749411  4951.87140992901
7287000  -4953.33310895018  4953.69189761506
7288000  -4955.09658169279  4953.89462193756
7289000  -4954.62325880369  4953.98508422427
7290000  -4956.21818310049  4956.99785577295
7291000  -4956.81604546936  4956.00038852141
7292000  -4956.06682207115  4957.54905276361
7293000  -4956.49719949547  4957.21757404734
7294000  -4958.54227718762  4958.4580074836
7295000  -4959.29860221058  4957.74372359396
7296000  -4958.16594774075  4956.92446178032
7297000  -4958.67211607117  4956.90708011863
7298000  -4961.95358843543  4958.17092176585
7299000  -4962.52218993086  4958.95498119736
7300000  -4962.49872023703  4960.12775170199
7301000  -4962.69705566996  4961.12657225279
7302000  -4963.04654972109  4962.08138005069
7303000  -4963.63196799093  4963.24257062308
7304000  -4965.02438420476  4964.01772185123
7305000  -4965.6984827983  4963.90223372383
7306000  -4968.94044049375  4966.47579185182
7307000  -4970.48880600496  4967.07255387827
7308000  -4971.25427495062  4968.24648361761
7309000  -4971.39909854081  4967.23635219934
7310000  -4971.3160722912  4968.55301974253
7311000  -4970.81188734625  4970.91337545151
7312000  -4973.92515240033  4972.39310033782
7313000  -4974.9136117642  4975.61352089953
7314000  -4973.95975972414  4973.67584095122
7315000  -4973.42590136189  4974.20214118507
7316000  -4971.87158285122  4973.77598736935
7317000  -4973.97508661269  4974.50393464661
7318000  -4976.86832809228  4976.56330295587
7319000  -4974.17966779283  4974.64391064798
7320000  -4973.75759086263  4975.27739884754
7321000  -4974.24242229089  4977.32687209627
7322000  -4971.81386646186  4977.70562786318
7323000  -4975.29153368437  4979.71734024004
7324000  -4975.68717032018  4978.24710018344
7325000  -4976.63557079209  4981.04009756843
7326000  -4976.57706254903  4981.7841268962
7327000  -4978.37419270166  4983.22506132549
7328000  -4981.64347942245  4981.26241874029
7329000  -4983.59611480644  4980.72319641784
7330000  -4984.54477497082  4984.21442003731
7331000  -4983.18175782484  4983.3287926466
7332000  -4985.30920913618  4985.18516584238
7333000  -4984.48008270587  4985.00911680566
7334000  -4986.14368024762  4986.43523391382
7335000  -4988.2467864709  4985.07418178694
7336000  -4986.9604370375  4987.59283168775
7337000  -4989.10136101868  4986.76677019573
7338000  -4990.40505468048  4987.65210989598
7339000  -4989.09743020643  4988.22805582927
7340000  -4989.81769853813  4988.35336499879
7341000  -4991.37485752399  4988.42356593661
7342000  -4992.07880519366  4989.10616485603
7343000  -4990.72597761671  4986.98805717126
7344000  -4992.51278519122  4987.440257852
7345000  -4994.99669073083  4988.2430234613
7346000  -4995.26123851554  4988.23471472016
7347000  -4998.07026735812  4988.72476639862
7348000  -4997.01706640887  4988.04625359051
7349000  -4999.75882235028  4986.63131579537
7350000  -4999.30226167999  4987.93940698572
7351000  -4998.89662333111  4986.66839637877
7352000  -5000.87312419356  4989.83206992925
7353000  -5001.4810183597  4990.25705227182
7354000  -5000.61789763172  4991.2662144465
7355000  -5001.16427028287  4992.75902514073
7356000  -5001.21872813923  4992.00989566032
7357000  -5002.4633488761  4993.70243593896
7358000  -4999.68170765881  4993.88631778123
7359000  -5000.74331985516  4995.15893719389
7360000  -5003.09438468101  4994.53854625258
7361000  -5002.09410446229  4994.27520203986
7362000  -5004.36673496085  4996.8321796631
7363000  -5006.41208157663  4997.18153688516
7364000  -5005.13576436387  4999.6504733629
7365000  -5005.0088459171  5000.43774641535
7366000  -5004.52760023821  5001.18847507024
7367000  -5002.55948800759  5002.23060124527
7368000  -5006.80663835622  5001.56443314182
7369000  -5008.47189351341  5001.91856292525
7370000  -5009.34562647387  5003.68143384848
7371000  -5010.48408334418  5003.3785283946
7372000  -5009.66927770891  5004.5185600874
7373000  -5009.6739168132  5001.75477360721
7374000  -5012.25463217997  5004.0321885582
7375000  -5012.6245257822  5007.16479948134
7376000  -5012.30433497112  5006.4395606731
7377000  -5015.85518832415  5008.24967764854
7378000  -5014.30171049659  5006.17247512066
7379000  -5016.4782023403  5007.33762182159
7380000  -5018.07711501528  5008.12202878702
7381000  -5016.28641098211  5008.08949196086
7382000  -5017.03639296607  5007.89201506213
7383000  -5016.06781338896  5009.26012151748
7384000  -5018.88775012042  5011.96347919494
7385000  -5021.87085267977  5011.30332080711
7386000  -5020.99239501867  5012.23748038704
7387000  -5021.55162307541  5012.27139605812
7388000  -5022.42561909699  5015.05407634959
7389000  -5023.90339513857  5012.78372778116
7390000  -5024.03708786772  5013.09688909011
7391000  -5023.49024248468  5015.04295486798
7392000  -5023.22529358436  5015.1755918418
7393000  -5023.87646533306  5017.10191552469
7394000  -5025.18971429231  5019.19023423912
7395000  -5025.09638125803  5015.9129325772
7396000  -5025.7603045311  5017.78761916662
7397000  -5027.7713921911  5019.96070863505
7398000  -5028.01671612949  5020.19267073904
7399000  -5027.79568130265  5020.55111969689
7400000  -5030.37092806572  5022.1785127467
7401000  -5028.74239342348  5022.28434857324
7402000  -5027.60845022238  5023.69212850368
7403000  -5028.65762827897  5023.06019218804
7404000  -5028.23708580182  5024.87876793588
7405000  -5029.44606569701  5024.06457687745
7406000  -5027.77383931493  5026.91729669293
7407000  -5030.6383102477  5027.12193691224
7408000  -5032.61596839423  5025.63145156773
7409000  -5033.8600766165  5025.91647246601
7410000  -5033.66082336022  5027.0109269457
7411000  -5035.61372134646  5025.69387749247
7412000  -5034.6492795691  5029.13831610559
7413000  -5036.5628951524  5028.22484793412
7414000  -5033.74564762627  5029.40185284527
7415000  -5036.18369192713  5028.78866761148
7416000  -5035.15822584982  5029.60042609317
7417000  -5036.1166457417  5031.54269153431
7418000  -5038.40052275939  5031.97880229673
7419000  -5036.14913403397  5031.60851754025
7420000  -5038.50600806145  5032.19204610542
7421000  -5037.71573242451  5031.28074331147
7422000  -5039.17075183645  5029.1458924094
7423000  -5040.88043358798  5031.37294952261
7424000  -5043.13461603956  5033.37740253377
7425000  -5041.5298366334  5032.30688868206
7426000  -5043.19477758212  5033.34704486002
7427000  -5041.1904577749  5035.19694766965
7428000  -5042.57021657456  5037.3805195127
7429000  -5044.82183020269  5038.48792576572
7430000  -5044.70972410381  5037.27457675963
7431000  -5045.28322053168  5039.90527393244
7432000  -5045.61380850052  5039.40038047009
7433000  -5045.53618035345  5040.48183338268
7434000  -5045.67840081796  5041.24490341964
7435000  -5044.91891462732  5043.0855240368
7436000  -5044.61369457674  5044.35157933802
7437000  -5047.98407207526  5045.30686219936
7438000  -5048.87215767544  5047.4958031278
7439000  -5048.58391569236  5046.55044714171
7440000  -5048.12795234965  5046.04294569728
7441000  -5049.29272585976  5046.05191496402
7442000  -5049.38914379201  5046.81379807077
7443000  -5049.98199817479  5046.29909072401
7444000  -5050.79470826558  5045.36116458907
7445000  -5049.01338289118  5046.312432447
7446000  -5050.28024269345  5043.52012418264
7447000  -5050.90305533337  5046.05984493363
7448000  -5051.36924662113  5048.36202991932
7449000  -5050.77663070188  5048.09216832137
7450000  -5050.72575108744  5048.5654765154
7451000  -5049.87762093029  5052.37866651601
7452000  -5050.27808926097  5050.58959718995
7453000  -5049.43854802167  5051.16734094436
7454000  -5050.94300489195  5054.60032730655
7455000  -5050.41034222486  5054.07188252448
7456000  -5052.30153477105  5054.34864115554
7457000  -5053.39114481775  5054.39344758072
7458000  -5053.1252840748  5054.01532248767
7459000  -5055.67005729087  5055.32840594163
7460000  -5058.21091870456  5055.24266195333
7461000  -5057.53492782188  5055.08686223346
7462000  -5055.72325469597  5056.6272925345
7463000  -5058.64751867082  5056.01710367224
7464000  -5057.94061406708  5058.40747148575
7465000  -5059.21388887249  5056.01859915617
7466000  -5060.79569345982  5058.85213774411
7467000  -5059.71633074395  5058.23108547836
7468000  -5062.08058948546  5058.76762620428
7469000  -5062.30514548108  5060.86484619128
7470000  -5065.18126404134  5062.00791747668
7471000  -5064.63332477986  5061.124419821
7472000  -5064.78046877723  5063.85438226885
7473000  -5065.12038033626  5063.67280789738
7474000  -5064.80838988525  5065.28855463493
7475000  -5063.7496250015  5068.21061277822
7476000  -5069.12456937087  5068.19195410797
7477000  -5068.82368259959  5067.79705460161
7478000  -5068.65853325642  5067.61575834866
7479000  -5070.36795081866  5070.39243624907
7480000  -5071.30896420634  5069.76196470629
7481000  -5070.04454141675  5067.89091332799
7482000  -5070.15322944265  5070.32966493059
7483000  -5073.43935810935  5070.29711376582
7484000  -5073.85390539121  5069.5449770501
7485000  -5074.39796288448  5071.19611236778
7486000  -5072.42812427199  5070.99429989067
7487000  -5071.55724929127  5073.94276090026
7488000  -5072.57227882728  5075.70121017372
7489000  -5072.20818601987  5077.91691101092
7490000  -5073.43764766471  5078.17944712302
7491000  -5073.06397529887  5077.98227303962
7492000  -5071.63122740545  5078.74400801521
7493000  -5075.66042493818  5077.85782975281
7494000  -5076.48379964401  5079.04147525525
7495000  -5075.75136829905  5079.35097096442
7496000  -5076.94842992445  5079.16823969959
7497000  -5078.65614152604  5082.36321561179
7498000  -5078.90667591361  5081.14057167756
7499000  -5078.68267246013  5081.10444108341
7500000  -5080.58004317819  5080.48121635931
7501000  -5080.65985431561  5082.78298694363
7502000  -5080.64458769718  5085.69175029146
7503000  -5083.72322389591  5082.54098406073
7504000  -5083.94225724562  5085.32038555162
7505000  -5082.97675493503  5084.44806611735
7506000  -5083.48093296515  5085.71860496593
7507000  -5084.58168007953  5087.30982007679
7508000  -5084.07566840534  5088.96714251868
7509000  -5085.61963055282  5088.35791515409
7510000  -5084.00326943821  5088.38691061341
7511000  -5086.01636768811  5089.12504816855
7512000  -5088.69045188702  5089.63713021561
7513000  -5088.8588500216  5089.80002780527
7514000  -5089.12426203482  5090.819525194
7515000  -5089.25825274862  5090.65123425497
7516000  -5088.29592026006  5090.23879247641
7517000  -5089.68695861329  5090.23290663422
7518000  -5090.34944363943  5089.63206108737
7519000  -5089.31875840002  5090.86164013414
7520000  -5093.49035436271  5090.26509151072
7521000  -5093.49747024447  5092.17262936688
7522000  -5095.92847390205  5092.07438393261
7523000  -5098.23229199159  5091.80333535699
7524000  -5095.69423565547  5094.83885607669
7525000  -5098.19157190872  5095.63708945244
7526000  -5097.42384647134  5096.91175083003
7527000  -5098.47570344275  5096.57572141713
7528000  -5101.02698946279  5096.21473060063
7529000  -5104.45253132736  5095.53136271762
7530000  -5104.00393027986  5096.89476213879
7531000  -5105.86133842316  5096.02886068746
7532000  -5105.47130204827  5096.510921465
7533000  -5107.68417062788  5099.35535117501
7534000  -5107.76739314559  5100.11195937592
7535000  -5108.96392681294  5101.76745681777
7536000  -5109.98768300721  5102.43342688838
7537000  -5109.1321393756  5102.78412192243
7538000  -5108.32244459483  5102.51707102817
7539000  -5108.29022087374  5102.39082248174
7540000  -5108.75286181882  5103.55148360614
7541000  -5110.00604429757  5104.49304956776
7542000  -5109.2973367777  5103.61171906137
7543000  -5110.19562296767  5104.92855173993
7544000  -5110.09900078628  5104.58796971733
7545000  -5111.42603140623  5104.46008888936
7546000  -5112.38563653425  5105.699364422
7547000  -5112.33543360169  5107.93841018627
7548000  -5114.4141155354  5109.08935590838
7549000  -5114.34621012886  5107.45077812599
7550000  -5115.97370952529  5108.15467747166
7551000  -5115.92727998954  5110.23158809495
7552000  -5115.67853940843  5111.0191064179
7553000  -5114.86475566698  5110.55893196853
7554000  -5118.02971115312  5111.76693034644
7555000  -5116.6868968906  5111.3882040434
7556000  -5117.3751929461  5113.52820921201
7557000  -5115.63535575491  5112.63921870499
7558000  -5117.9573136832  5113.34040756054
7559000  -5118.86397678169  5112.87681101568
7560000  -5118.52451092461  5114.18513724506
7561000  -5119.84707759066  5113.85998913081
7562000  -5120.62790562007  5114.88095063313
7563000  -5121.88007092358  5115.27974907978
7564000  -5124.60233498933  5117.85330407111
7565000  -5124.54672606222  5117.12433567719
7566000  -5121.48480834194  5119.24351391017
7567000  -5125.03963385948  5119.40343557399
7568000  -5125.1732635558  5119.29940554824
7569000  -5127.86058900095  5118.26354143599
7570000  -5127.83336143537  5119.21649704976
7571000  -5128.27985767896  5119.49581689874
7572000  -5131.65097986184  5121.57796120262
7573000  -5131.57561323642  5122.98831235191
7574000  -5133.62854001612  5123.06086745595
7575000  -5133.51222934322  5122.7730671858
7576000  -5134.27862760075  5125.20627094966
7577000  -5135.70725485688  5124.25656122991
7578000  -5136.30590765424  5124.19827457305
7579000  -5138.60297404906  5126.11290125138
7580000  -5139.73127774059  5128.22695791234
7581000  -5141.14587571567  5129.10839890873
7582000  -5143.82398064883  5130.72166312798
7583000  -5144.94379658596  5131.30872766641
7584000  -5145.33743360784  5133.44434387155
7585000  -5143.35835249242  5131.03000118161
7586000  -5143.95362578312  5132.29745082544
7587000  -5145.75962293885  5132.23033358613
7588000  -5145.21318952192  5133.49820389214
7589000  -5149.11567841346  5132.36467393717
7590000  -5148.65102836572  5135.57094746487
7591000  -5152.02085592907  5135.27175821685
7592000  -5150.50908717833  5137.55762493361
7593000  -5152.19149938493  5137.70723621401
7594000  -5149.38481349486  5138.38646277212
7595000  -5151.44810751118  5139.22031011992
7596000  -5151.52862634503  5141.12185493747
7597000  -5150.32210620843  5144.25664656163
7598000  -5150.77024992017  5144.3729299029
7599000  -5152.27578278586  5144.38760587209
7600000  -5151.94165455148  5145.67241126761
7601000  -5152.53471119018  5145.97470890131
7602000  -5151.29960833298  5144.89773038609
7603000  -5152.29790910352  5148.54409895431
7604000  -5153.4546468375  5146.13118793914
7605000  -5154.72746125304  5147.71233498628
7606000  -5154.59773760241  5148.33628633416
7607000  -5156.36603804981  5149.54892705618
7608000  -5156.20866648731  5149.86707393963
7609000  -5157.77659602533  5150.92246014263
7610000  -5160.75523352748  5151.91753989794
7611000  -5160.49935900089  5152.18067939811
7612000  -5161.10111980655  5154.17974183631
7613000  -5156.95000605027  5154.28782506031
7614000  -5161.3285733602  5155.70454797023
7615000  -5159.96715541093  5157.16727489909
7616000  -5158.33897544579  5158.20179353824
7617000  -5162.00542314967  5158.99208892457
7618000  -5160.76654396427  5158.50879295357
7619000  -5161.69444115015  5159.94343173329
7620000  -5161.01076802562  5159.39290663272
7621000  -5162.84208530252  5160.102040468
7622000  -5165.19149709372  5161.70937074928
7623000  -5163.81766436291  5163.6235643078
7624000  -5165.11178021993  5163.77372187739
7625000  -5166.28220286641  5164.88701471223
7626000  -5163.89232726276  5165.3959895017
7627000  -5166.13180793839  5167.3773695871
7628000  -5166.97934134208  5165.94315877721
7629000  -5165.74149165956  5166.90815045149
7630000  -5168.76382549735  5167.64065566513
7631000  -5166.96801786606  5168.58802800131
7632000  -5168.86834349595  5168.81808600689
7633000  -5168.33078936135  5170.70613919152
7634000  -5170.4198522334  5169.32496008035
7635000  -5168.64272831321  5168.66519548115
7636000  -5169.51241556447  5171.90239618897
7637000  -5170.88644353982  5173.2051718923
7638000  -5173.63528955473  5174.41029287956
7639000  -5172.82447955153  5175.44708821167
7640000  -5172.95962680193  5178.08523643802
7641000  -5173.82837317769  5178.41264497785
7642000  -5176.17057993384  5177.25991249213
7643000  -5176.37295070003  5177.60033665428
7644000  -5176.60033404029  5176.50095337054
7645000  -5178.48469618272  5179.82655939088
7646000  -5180.84234542947  5180.99931098111
7647000  -5181.2860399655  5181.61817273758
7648000  -5180.25252884087  5180.41121649012
7649000  -5180.59165047537  5179.02341768568
7650000  -5182.40566531609  5179.10728840455
7651000  -5184.50145842812  5181.84253114472
7652000  -5184.87268834238  5183.24825634295
7653000  -5185.02730854391  5181.671376026
7654000  -5182.26680312463  5183.68439760282
7655000  -5183.51050231194  5184.66318863597
7656000  -5187.50169673119  5184.16355738734
7657000  -5185.65214723441  5185.58541901712
7658000  -5188.37696440289  5185.27009749829
7659000  -5188.6015567535  5186.71793327476
7660000  -5189.50653475894  5188.71862974863
7661000  -5191.5274065999  5188.19828315197
7662000  -5189.03227496423  5190.28545471504
7663000  -5190.94714364228  5189.92027013269
7664000  -5190.18442161631  5189.30570352364
7665000  -5195.4448201156  5192.0343714468
7666000  -5195.21608414924  5192.27729193618
7667000  -5196.0947715559  5193.27742620266
7668000  -5196.70896681185  5192.87975105892
7669000  -5195.34853635602  5194.29965790927
7670000  -5196.20068531584  5192.6401024619
7671000  -5195.90610560204  5195.33848415311
7672000  -5195.68740670156  5196.43777748647
7673000  -5199.36504752541  5198.20189183901
7674000  -5201.05930234379  5196.81042326844
7675000  -5202.60536569858  5198.76405241436
7676000  -5204.54638388565  5198.88412907344
7677000  -5202.30222700696  5201.5914845692
7678000  -5204.87417806987  5201.79643554912
7679000  -5206.58421655455  5202.68851513222
7680000  -5206.6497314046  5203.92673963671
7681000  -5208.34326113888  5203.24833242069
7682000  -5205.96480337436  5205.4670112794
7683000  -5208.95209706813  5205.6695009608
7684000  -5208.10819667947  5204.42936450986
7685000  -5210.82622951539  5205.92307018078
7686000  -5210.10509046971  5204.85184237258
7687000  -5212.56813584072  5207.95392805816
7688000  -5214.27119330874  5209.0038713519
7689000  -5213.68365262143  5207.06841079363
7690000  -5213.17416375355  5209.01525090339
7691000  -5213.22156993856  5211.24819331018
7692000  -5213.85896890589  5211.32444800465
7693000  -5215.63307223896  5213.2579417502
7694000  -5215.67887630579  5214.8969265612
7695000  -5216.57773286749  5217.46886782114
7696000  -5218.69982303511  5216.08527419169
7697000  -5218.26431648628  5215.87889053725
7698000  -5219.67356136583  5216.96162217698
7699000  -5218.37909049978  5218.77617746619
7700000  -5219.73587694662  5219.57787177131
7701000  -5218.28893000362  5217.28527460197
7702000  -5221.18830724572  5218.45693339786
7703000  -5217.77209493101  5220.0317243806
7704000  -5219.93093435728  5220.8884562291
7705000  -5221.27354832751  5221.63014043737
7706000  -5223.42734441856  5221.53409091011
7707000  -5222.73538920624  5222.59982729694
7708000  -5224.66530996326  5223.78765268172
7709000  -5222.30056171109  5224.89608304756
7710000  -5221.55323275749  5222.91761839549
7711000  -5222.64855932174  5225.00661758395
7712000  -5222.68901474083  5225.63869567666
7713000  -5224.0846588808  5227.83244489564
7714000  -5226.63800808745  5228.8295724058
7715000  -5228.00234788238  5227.58202564999
7716000  -5228.04935358961  5228.67097122623
7717000  -5228.85512940265  5228.98746511214
7718000  -5228.26104418143  5227.56970460004
7719000  -5229.99421788199  5230.21230836895
7720000  -5230.74808116682  5230.13135239012
7721000  -5230.37655575785  5230.90446994255
7722000  -5230.28651401794  5229.65361758082
7723000  -5232.0286544773  5231.62728901349
7724000  -5232.52867284853  5233.85010867501
7725000  -5234.87190776598  5232.2448973738
7726000  -5233.96103239208  5233.57187787087
7727000  -5232.24293229424  5233.95475075096
7728000  -5235.99925140964  5233.84517441115
7729000  -5238.19600054415  5232.83905549033
7730000  -5238.11308469971  5232.5490025733
7731000  -5238.15537174735  5233.58269341335
7732000  -5239.52713593861  5234.47106355544
7733000  -5239.94358662628  5237.3462321517
7734000  -5239.06954121306  5234.95624799517
7735000  -5240.90685626174  5237.64420796313
7736000  -5240.86865467888  5237.17500608917
7737000  -5240.8083743426  5237.67704147812
7738000  -5243.91949397225  5240.72243722534
7739000  -5244.70006025015  5238.08285382543
7740000  -5245.77040873554  5237.88734368246
7741000  -5247.35983528099  5241.46684266509
7742000  -5247.78268315476  5241.97387149901
7743000  -5247.18038681927  5241.45523834715
7744000  -5249.0921450836  5243.61357262716
7745000  -5248.869167935  5243.74087958759
7746000  -5247.09650629226  5244.10419759521
7747000  -5249.31819313276  5242.36990934355
7748000  -5251.42352456484  5246.37434659765
7749000  -5253.11315443474  5244.63727195206
7750000  -5253.93212062667  5247.36087840508
7751000  -5253.68444833854  5246.9162808127
7752000  -5254.46665224042  5246.56420353415
7753000  -5255.96293757348  5246.24431312273
7754000  -5257.83566314541  5247.8430604777
7755000  -5258.14184404867  5248.40553144362
7756000  -5259.95972389159  5249.39871614582
7757000  -5259.09919262791  5249.8878374945
7758000  -5256.5215244397  5250.81555402842
7759000  -5256.28924488562  5250.74928539968
7760000  -5259.09265557451  5250.457284575
7761000  -5259.70311540358  5250.87383691943
7762000  -5260.38124858554  5251.56833058254
7763000  -5260.01833473911  5253.29907303866
7764000  -5260.76861421404  5252.37079994065
7765000  -5260.10109779972  5254.83815104939
7766000  -5262.38329640127  5255.16542527959
7767000  -5261.43658824121  5256.36327352546
7768000  -5263.12840208701  5257.86867099707
7769000  -5263.40953588771  5258.18285233195
7770000  -5261.82154579944  5256.54763449841
7771000  -5263.72338955723  5258.36382586611
7772000  -5263.00142878335  5259.56347361629
7773000  -5264.98419449813  5260.05718095863
7774000  -5266.53906564122  5260.8693317434
7775000  -5267.81668380913  5260.31215566777
7776000  -5267.76750956994  5261.77388680087
7777000  -5268.12460631535  5262.01634764007
7778000  -5269.56866945582  5263.11698707535
7779000  -5269.65800747061  5262.78320661394
7780000  -5270.05830766819  5263.19399669248
7781000  -5269.90697620122  5266.77981417251
7782000  -5274.12462188156  5266.98262279445
7783000  -5270.34747171591  5268.45223853534
7784000  -5271.61625101882  5268.72668299256
7785000  -5274.27819334713  5269.58065266065
7786000  -5275.07665944646  5269.03040433266
7787000  -5275.88581521167  5271.71794950518
7788000  -5277.18042238014  5273.33095202714
7789000  -5279.04635330526  5272.67949166766
7790000  -5280.94870302114  5275.52992528283
7791000  -5278.66404754732  5273.76898378458
7792000  -5280.04408068166  5277.97348280855
7793000  -5280.38457382985  5277.39127271106
7794000  -5281.74047428827  5277.14857396949
7795000  -5281.91017494011  5279.80835955661
7796000  -5280.96341525483  5280.34014400082
7797000  -5282.26380764986  5281.2854440096
7798000  -5282.16520504451  5281.28339674303
7799000  -5284.27721303567  5282.19750594256
7800000  -5283.56545734635  5283.7412367608
7801000  -5283.43714603105  5282.97023132513
7802000  -5282.78449928543  5283.81292184492
7803000  -5286.35559841669  5283.66843707614
7804000  -5286.67778258644  5284.07117309606
7805000  -5288.38025789858  5283.48261477969
7806000  -5290.19826637266  5286.47594139317
7807000  -5290.702645975  5287.26536788327
7808000  -5293.4211979045  5287.14951654291
7809000  -5292.22085471436  5287.96962884084
7810000  -5289.76123210108  5289.95464932623
7811000  -5291.56706828563  5291.86283518054
7812000  -5292.81063294353  5289.50266648876
7813000  -5290.78256012537  5292.25459665148
7814000  -5292.57498333866  5293.36561318229
7815000  -5290.48262871119  5294.73180190567
7816000  -5293.68364840272  5295.61369571737
7817000  -5295.57330482478  5294.3962026565
7818000  -5295.60039673618  5295.68589226904
7819000  -5297.00711414205  5297.37215329073
7820000  -5298.92131444014  5297.5997619054
7821000  -5300.11782294154  5299.02510889129
7822000  -5299.68211453372  5299.69050349307
7823000  -5300.88253985567  5300.2162855719
7824000  -5305.88070183812  5301.71752854389
7825000  -5304.538120893  5304.11833164782
7826000  -5305.57513548016  5304.89882328764
7827000  -5306.96075734349  5305.82768344957
7828000  -5307.16457908818  5305.96440657503
7829000  -5307.47048108047  5305.83324016673
7830000  -5307.8181033541  5308.08048531127
7831000  -5307.43500345006  5308.63952596433
7832000  -5311.77030410161  5309.89584171273
7833000  -5312.15500527957  5310.2448040145
7834000  -5311.38631803834  5310.36558425824
7835000  -5316.34284164246  5310.11387619503
7836000  -5314.42805939213  5313.61858348008
7837000  -5314.51415274396  5311.6712904402
7838000  -5314.1099494309  5314.1651763507
7839000  -5314.94980033762  5313.51166275962
7840000  -5314.51310633516  5316.66488715449
7841000  -5316.18955903926  5314.80330096204
7842000  -5317.79293672682  5315.94215684062
7843000  -5315.96499641469  5315.89706425874
7844000  -5316.63766417676  5315.39730183464
7845000  -5316.92609551518  5317.67631570288
7846000  -5320.07337490445  5317.3979369205
7847000  -5320.33233313863  5319.31915258438
7848000  -5322.62363140995  5321.74405815392
7849000  -5320.8507861854  5321.00755781367
7850000  -5321.26483719277  5321.91283932937
7851000  -5323.26774270209  5323.70158933654
7852000  -5325.12486960084  5322.59038449287
7853000  -5326.44849530906  5323.80762416021
7854000  -5327.34444147435  5324.9667045048
7855000  -5327.49213197875  5325.10028836599
7856000  -5329.49756467734  5324.6039123445
7857000  -5329.68961773331  5326.89464516696
7858000  -5330.56758199957  5328.67352567715
7859000  -5329.10324031434  5327.35111594501
7860000  -5328.32992757644  5328.22664642961
7861000  -5329.36043221998  5330.24472431514
7862000  -5328.98900129699  5330.20924959474
7863000  -5330.40413069429  5331.37567272796
7864000  -5331.47852617702  5332.4495425393
7865000  -5330.63531529083  5331.2332584809
7866000  -5330.37603811986  5333.02128897578
7867000  -5331.16563824236  5334.07439615161
7868000  -5332.2405113016  5334.46549848891
7869000  -5331.0342051939  5333.92752189551
7870000  -5332.1393950777  5335.40618266095
7871000  -5332.89032652894  5334.70933739213
7872000  -5332.47124577498  5333.46479001285
7873000  -5335.54169326699  5336.49727963333
7874000  -5336.78225341617  5338.86830934932
7875000  -5339.36472404572  5337.02495608621
7876000  -5337.61413062668  5336.3728825541
7877000  -5338.5042214132  5334.37101049068
7878000  -5338.10603866571  5338.08854996971
7879000  -5338.50626355431  5338.83974714499
7880000  -5337.96287363769  5337.92897507104
7881000  -5337.90642648725  5340.37933159337
7882000  -5340.56849075057  5342.30771762974
7883000  -5342.43512074557  5343.70524443742
7884000  -5343.24199480894  5343.61223672101
7885000  -5345.49914665261  5345.56927480575
7886000  -5345.56831127265  5346.07987716002
7887000  -5344.6203203465  5344.33490356006
7888000  -5346.51287897226  5345.01078466431
7889000  -5347.0010451584  5345.42588395928
7890000  -5346.70023285963  5343.84216343208
7891000  -5348.36465355235  5342.75142516664
7892000  -5346.44578483165  5346.85701833191
7893000  -5346.02981481266  5345.12211060604
7894000  -5348.55952231945  5344.99311617954
7895000  -5350.96555666657  5346.5248353245
7896000  -5351.09702866252  5347.63882863781
7897000  -5349.61787883113  5349.56060823741
7898000  -5349.20948339504  5348.69889042213
7899000  -5350.0155950947  5350.96703022923
7900000  -5351.46701273564  5353.495938307
7901000  -5353.01599039636  5352.25852547775
7902000  -5353.92902239146  5353.78167877009
7903000  -5352.38433777778  5355.56794702792
7904000  -5354.23760790024  5354.49187117896
7905000  -5354.27519692623  5356.00195802082
7906000  -5355.70715649567  5356.11185823686
7907000  -5354.73316758115  5356.24639844932
7908000  -5356.56967560013  5356.61967451121
7909000  -5355.98292549891  5357.35989766062
7910000  -5357.92854042657  5358.8626231322
7911000  -5359.05957263675  5359.43449916215
7912000  -5358.08586147128  5358.28265971676
7913000  -5358.92960996536  5357.51551237756
7914000  -5359.82463685053  5358.23125834736
7915000  -5360.07267433616  5360.50907937006
7916000  -5359.64863873561  5360.16632405323
7917000  -5360.75070938627  5360.89338769542
7918000  -5359.79642439141  5360.60985048746
7919000  -5360.98310481898  5363.30862253617
7920000  -5362.41975431353  5363.40300874441
7921000  -5364.62392377434  5363.95043793892
7922000  -5365.0062660055  5365.33630887999
7923000  -5364.89709127304  5365.75167172022
7924000  -5368.6088253476  5367.16198459638
7925000  -5368.72107545965  5367.56574793345
7926000  -5369.64275369008  5368.67549382402
7927000  -5371.98403106765  5369.69557026463
7928000  -5371.38703692332  5369.79021344304
7929000  -5373.82756483345  5372.05898774252
7930000  -5374.98534464953  5370.00304174822
7931000  -5374.01425599265  5370.37681650447
7932000  -5375.39731724821  5372.33665890349
7933000  -5374.71071439805  5373.43458631895
7934000  -5377.03804175943  5374.29978526892
7935000  -5377.57754215306  5375.36115892067
7936000  -5377.65022762446  5374.32320243701
7937000  -5377.78004031283  5375.1030863081
7938000  -5377.89607234678  5375.77571305433
7939000  -5378.19482033949  5379.66385295006
7940000  -5378.61908806654  5379.7807067742
7941000  -5381.73240411785  5379.02146172535
7942000  -5381.376625095  5380.04355385228
7943000  -5380.86852441906  5379.59860441077
7944000  -5383.21589202109  5378.80817222027
7945000  -5380.62811734272  5381.37080397062
7946000  -5381.28122490723  5382.13288543359
7947000  -5382.95165501559  5382.43376774821
7948000  -5385.83710639607  5384.01164335251
7949000  -5385.22774237952  5385.6927003214
7950000  -5384.25580936513  5383.32996334832
7951000  -5387.81932444143  5384.77187573522
7952000  -5389.49860065676  5386.57576000315
7953000  -5388.00607386963  5385.17599190203
7954000  -5387.31573077969  5388.28037597105
7955000  -5388.99160110739  5386.12367430078
7956000  -5389.97585929126  5388.50761079989
7957000  -5390.05558140407  5388.40323851555
7958000  -5391.51648206669  5387.77846243404
7959000  -5390.74345272403  5390.38822563945
7960000  -5391.61134038028  5388.99247013455
7961000  -5393.35273528901  5391.4967043932
7962000  -5391.41680561872  5392.51804552689
7963000  -5392.30088190109  5393.22771417692
7964000  -5393.54182129436  5394.62748108672
7965000  -5395.07432875923  5395.53499119937
7966000  -5398.5094032369  5395.07925782589
7967000  -5399.60591090662  5397.97657576098
7968000  -5400.66392070427  5397.95408032944
7969000  -5400.63123168919  5399.63961762399
7970000  -5404.18902186478  5398.8304457809
7971000  -5404.58225492333  5398.71613857289
7972000  -5402.72262873242  5400.32617239979
7973000  -5402.82923819961  5401.25989861762
7974000  -5405.24082108962  5399.88282785895
7975000  -5406.02916364652  5398.97798130294
7976000  -5405.18791944861  5400.15530708294
7977000  -5406.07165783091  5400.83734712931
7978000  -5406.58975054892  5400.26004792102
7979000  -5407.78656974163  5401.53451848192
7980000  -5408.03876975019  5402.86627237619
7981000  -5407.9538512457  5405.79847797221
7982000  -5410.75206130487  5403.72683627414
7983000  -5409.37215401076  5402.67963862008
7984000  -5411.34012424225  5405.01344344767
7985000  -5409.8757252485  5404.62287154176
7986000  -5410.26537325326  5406.59175070856
7987000  -5411.61910248103  5407.08185821984
7988000  -5412.21868372552  5407.61574167084
7989000  -5410.18734089281  5408.93149876186
7990000  -5411.74816585742  5409.44688611232
7991000  -5413.3975223513  5410.80674306646
7992000  -5414.35559464528  5410.19867879949
7993000  -5412.37789405434  5410.94053538583
7994000  -5414.15777292815  5413.13215252572
7995000  -5413.34553557077  5411.20481903196
7996000  -5410.76412369398  5412.54390854922
7997000  -5413.9473892439  5412.11153018444
7998000  -5414.3257445303  5413.81606781919
7999000  -5415.50906334556  5412.70391103238
8000000  -5415.54421238729  5412.2139995476
8001000  -5416.81088727469  5411.36259567176
8002000  -5414.8178863702  5411.55717485919
8003000  -5419.30661849959  5412.30840031984
8004000  -5419.02229728412  5413.2461314582
8005000  -5420.60921514364  5413.30704333014
8006000  -5416.65367510163  5412.93728714915
8007000  -5418.94384274892  5413.94385270365
8008000  -5420.11926353387  5413.95673233506
8009000  -5422.27075575342  5415.00109487946
8010000  -5420.35872141745  5414.77198530228
8011000  -5422.99795857574  5416.44444974934
8012000  -5422.57407916839  5416.86819205657
8013000  -5424.28192623387  5417.75678636129
8014000  -5426.90670867008  5419.43640587311
8015000  -5427.26031685072  5420.89933166818
8016000  -5425.91818136602  5419.98466714016
8017000  -5426.10728652417  5418.61979703469
8018000  -5426.54637264071  5419.72866568587
8019000  -5428.41324036365  5419.79340197579
8020000  -5428.39660627837  5423.41748829485
8021000  -5429.59792504507  5422.67658048419
8022000  -5429.85094429777  5422.89219767689
8023000  -5428.66264986628  5425.53050852212
8024000  -5430.58592910715  5423.33401571398
8025000  -5429.4799720489  5425.43544044373
8026000  -5430.86789267624  5428.15933747572
8027000  -5430.6676857037  5427.74123141118
8028000  -5433.68651004125  5429.40684422538
8029000  -5434.59196791188  5425.90499570099
8030000  -5435.08897779656  5428.14524675746
8031000  -5433.96751012856  5428.10469922968
8032000  -5437.18770083379  5428.69004972642
8033000  -5438.730882681  5428.65307709416
8034000  -5438.88412767822  5429.82321985991
8035000  -5436.95978531957  5431.43485534114
8036000  -5439.35718260811  5431.62696589826
8037000  -5440.49348010207  5432.86039507291
8038000  -5442.78993186761  5433.88893406113
8039000  -5444.39416122474  5435.04080257355
8040000  -5443.09849325876  5436.6935188762
8041000  -5444.02547134895  5437.52575711059
8042000  -5446.96053595857  5436.64652334928
8043000  -5449.06757857217  5437.39695532207
8044000  -5445.5274388924  5437.8331331738
8045000  -5446.14831982007  5438.70342503941
8046000  -5444.45806586051  5440.48647517299
8047000  -5447.87912267391  5441.38780661164
8048000  -5448.53689104158  5440.94700042702
8049000  -5449.24535070872  5445.00577855172
8050000  -5449.71704749308  5444.06925665091
8051000  -5449.5219025134  5445.38845707671
8052000  -5450.17973624345  5444.34568346829
8053000  -5451.78063447441  5446.89435225195
8054000  -5452.64661582286  5446.89183203696
8055000  -5452.65783882596  5446.80332746956
8056000  -5451.16809228926  5448.14625659367
8057000  -5453.61203602171  5447.50239072775
8058000  -5451.583747958  5448.19683350611
8059000  -5452.53962281097  5449.31092696155
8060000  -5451.82114517919  5449.15919431643
8061000  -5452.45542309405  5448.96055289153
8062000  -5456.47954020471  5450.88733463878
8063000  -5455.91178493865  5449.5714921704
8064000  -5455.00928666796  5451.36474033626
8065000  -5456.01518339553  5452.73880551679
8066000  -5455.76284331733  5453.73002595944
8067000  -5456.84884573624  5454.09513410344
8068000  -5455.94647596769  5455.1155482446
8069000  -5460.12633335596  5453.50315154125
8070000  -5459.58290132133  5456.56153385218
8071000  -5460.59629572494  5457.85465068036
8072000  -5459.04285902877  5458.57136423265
8073000  -5460.61566064981  5460.91945285554
8074000  -5461.09834149327  5460.74325684901
8075000  -5461.40970871701  5458.71064107972
8076000  -5463.93197376385  5461.11145607626
8077000  -5461.83855523814  5461.22283261701
8078000  -5464.33209518764  5461.77110574944
8079000  -5465.45885071629  5462.26775544386
8080000  -5465.772193185  5463.71149743884
8081000  -5465.98353785721  5460.54612876795
8082000  -5467.06058408626  5463.16729956151
8083000  -5467.62849792449  5465.57176279157
8084000  -5469.24100103121  5465.50382256241
8085000  -5472.54873229744  5464.0938753858
8086000  -5471.27751342493  5464.826735585
8087000  -5471.45779042413  5464.11574088661
8088000  -5472.50061645303  5465.79242988105
8089000  -5474.15690988232  5466.95856859695
8090000  -5476.64843511692  5467.70157883158
8091000  -5474.22345987655  5468.57396159867
8092000  -5475.22670431514  5466.3893359823
8093000  -5475.6494830122  5467.19899496434
8094000  -5478.93021080593  5470.19343280177
8095000  -5480.41380693579  5470.37865379718
8096000  -5478.88439553571  5470.90677073872
8097000  -5478.7675541636  5470.65436338155
8098000  -5479.97634313977  5471.38064410389
8099000  -5480.17118887827  5474.09582988751
8100000  -5480.4568134203  5473.1400488253
8101000  -5481.67029271688  5475.44586977918
8102000  -5479.62006579515  5474.41455641352
8103000  -5479.96644327241  5475.03782104648
8104000  -5481.16405969698  5473.39736908039
8105000  -5480.8792754401  5476.49244461546
8106000  -5482.38043125909  5475.63233278119
8107000  -5481.47176873364  5477.01958771313
8108000  -5483.19982658518  5476.15206246295
8109000  -5482.99411921972  5476.53691057518
8110000  -5483.17133327211  5477.7970367807
8111000  -5482.48381661987  5476.65373871354
8112000  -5484.41935708672  5476.56198076582
8113000  -5485.39289279673  5477.83185674192
8114000  -5486.07118699367  5479.16600329427
8115000  -5486.00098628587  5480.96194224943
8116000  -5487.70606288913  5478.4582166466
8117000  -5486.63051279406  5482.18991787549
8118000  -5490.40596409756  5480.25788901761
8119000  -5489.58708060011  5480.93690866456
8120000  -5487.57943724788  5482.54966653657
8121000  -5488.37730137877  5482.71286920482
8122000  -5491.84738304024  5483.71787163492
8123000  -5492.4137445242  5483.58097025764
8124000  -5493.5852131518  5484.37496451305
8125000  -5496.19735438617  5485.83793656396
8126000  -5495.63715560711  5484.81332814468
8127000  -5498.18945781599  5485.33669303406
8128000  -5498.22657240041  5487.04214719031
8129000  -5499.26315091224  5488.29168486708
8130000  -5502.449518896  5489.96948625173
8131000  -5499.79620017084  5491.00059697492
8132000  -5501.72987641856  5489.97790644553
8133000  -5503.51811628253  5491.41067239979
8134000  -5503.54160016368  5492.57166390806
8135000  -5503.9257061378  5494.76700243942
8136000  -5503.70808722341  5494.17346165368
8137000  -5505.35639971959  5496.69157638088
8138000  -5506.54430415167  5497.5344917994
8139000  -5505.72396825535  5497.92558717496
8140000  -5507.06428646663  5496.93306727146
8141000  -5506.85367776747  5500.70706947985
8142000  -5507.66804906228  5500.82186696369
8143000  -5508.16134834515  5501.69660671735
8144000  -5508.77738010212  5504.22456347579
8145000  -5508.93297924342  5505.20760474045
8146000  -5509.98768799622  5504.748334533
8147000  -5512.18667960668  5506.5887869956
8148000  -5512.75691876484  5509.51364269871
8149000  -5514.48351937712  5510.91214863954
8150000  -5515.55486762665  5509.85699932129
8151000  -5514.99123946308  5509.23966071368
8152000  -5516.9326826036  5510.60709865254
8153000  -5516.75119256104  5511.93406358758
8154000  -5518.87898749371  5512.68164651933
8155000  -5517.99313386496  5513.49955602423
8156000  -5521.00706988602  5512.81173293705
8157000  -5518.81539829337  5512.60587194847
8158000  -5521.0623566782  5513.72510570018
8159000  -5523.12613259136  5515.15104595618
8160000  -5522.71776174605  5515.45457763083
8161000  -5524.07289437519  5516.45126497754
8162000  -5523.16105843699  5517.93096449353
8163000  -5524.5944865338  5517.30417934237
8164000  -5525.2373429161  5518.38030448121
8165000  -5526.10697036311  5519.03910598
8166000  -5528.27192876154  5518.71834904357
8167000  -5528.50147459883  5516.38648504
8168000  -5529.53314952648  5519.53102762009
8169000  -5529.11704223792  5519.77470172331
8170000  -5528.38883816637  5519.71857190989
8171000  -5531.31844486088  5520.24769719327
8172000  -5530.3644773412  5521.8849876038
8173000  -5532.2607733597  5523.15250397337
8174000  -5532.2603068103  5523.8193146932
8175000  -5535.0087440919  5526.21951813353
8176000  -5532.09782757399  5526.2097689724
8177000  -5533.1902058284  5528.48711444836
8178000  -5536.32224717023  5531.94658152179
8179000  -5536.44920586577  5533.65611450213
8180000  -5535.15704388982  5529.21187644176
8181000  -5537.6188419465  5531.87768153728
8182000  -5538.82573449975  5534.40754471889
8183000  -5539.41198157953  5535.54851183425
8184000  -5540.82837330111  5536.22723481729
8185000  -5541.88937343041  5535.58013147214
8186000  -5541.32539212278  5539.50099952478
8187000  -5541.24712640193  5538.77414046179
8188000  -5544.50360546264  5539.98477899938
8189000  -5542.97361478135  5540.96599286558
8190000  -5544.19249972721  5540.32865577144
8191000  -5544.50458921076  5541.98718207585
8192000  -5543.00439215721  5543.62075092461
8193000  -5545.08392605633  5543.45872635501
8194000  -5545.74263515693  5542.72626025916
8195000  -5546.64948360673  5546.64611688411
8196000  -5548.41917631822  5545.81819368663
8197000  -5550.58929114885  5544.98059265823
8198000  -5548.0060003413  5546.12482008367
8199000  -5548.50544881636  5546.85716725253
8200000  -5548.2585363615  5547.22829820553
8201000  -5550.83921789073  5546.53275738827
8202000  -5550.62423577802  5547.19088693745
8203000  -5552.95531405291  5550.05042216067
8204000  -5551.79371963316  5549.23192978115
8205000  -5551.88957386454  5550.20608513027
8206000  -5552.48025090488  5549.20137884635
8207000  -5551.72038512835  5547.52916824437
8208000  -5553.70564154048  5549.71186957719
8209000  -5553.79177424475  5551.39131895308
8210000  -5556.55268311465  5552.86100297059
8211000  -5556.59931680156  5554.21241920753
8212000  -5559.45415994828  5552.78226743001
8213000  -5560.43664582935  5554.21223038976
8214000  -5560.76865551386  5555.24733989791
8215000  -5561.45915359922  5554.84226582254
8216000  -5564.82923293077  5554.16278814642
8217000  -5562.9037780003  5555.81550524972
8218000  -5564.23957233324  5557.54320509532
8219000  -5562.4449338543  5556.34997205337
8220000  -5563.96390265357  5556.84819066433
8221000  -5565.62144700273  5555.88510616873
8222000  -5565.13568193033  5557.73987421825
8223000  -5567.44752703523  5559.39051914162
8224000  -5567.87148899719  5557.40586590403
8225000  -5566.62974026489  5560.16493681723
8226000  -5570.44609374201  5561.44525251796
8227000  -5571.30583199726  5564.05333849656
8228000  -5570.75954544738  5564.69790967215
8229000  -5571.97718497264  5563.05287700842
8230000  -5574.68674302326  5564.54303066645
8231000  -5574.59779936463  5563.39728838767
8232000  -5574.60374123536  5565.99288423469
8233000  -5576.46143843572  5566.87253868528
8234000  -5577.89029222282  5567.9498405966
8235000  -5579.73101493683  5568.41766684708
8236000  -5576.94589790346  5568.97046761657
8237000  -5577.02392651332  5571.22751218828
8238000  -5578.29484262971  5570.63090036812
8239000  -5578.73011889429  5570.38498060163
8240000  -5579.66462558782  5572.12705140469
8241000  -5579.21262580589  5570.48023709635
8242000  -5579.82132603748  5570.28158738119
8243000  -5579.41005687666  5571.41760921909
8244000  -5582.66801025376  5571.67636190207
8245000  -5583.98372507931  5573.09739021923
8246000  -5583.53972169402  5574.49707107109
8247000  -5584.19582917475  5573.99778952905
8248000  -5584.03322345927  5576.16552719753
8249000  -5582.95721051117  5575.8653481275
8250000  -5585.29991808597  5577.29436742297
8251000  -5586.59624072979  5577.28703032666
8252000  -5584.91101342757  5579.37511027957
8253000  -5586.02195892931  5581.38669836808
8254000  -5585.54317104167  5582.73539745271
8255000  -5589.36959969384  5582.78483702499
8256000  -5590.840668672  5585.18906294594
8257000  -5592.29125405413  5587.40351873814
8258000  -5590.52298868032  5588.95700634888
8259000  -5593.86985752754  5588.17858778953
8260000  -5592.17739910897  5587.72702637199
8261000  -5593.62202615954  5588.78108241373
8262000  -5593.37849481897  5587.03201947577
8263000  -5592.62071995935  5588.37479570673
8264000  -5594.11416783179  5592.33467193013
8265000  -5594.83567241248  5591.27467912424
8266000  -5594.29055499006  5593.69335394887
8267000  -5596.25888151761  5595.05174486342
8268000  -5596.0078882728  5595.62528532555
8269000  -5597.49554093761  5595.47423984943
8270000  -5599.27898663895  5595.62958627551
8271000  -5598.41935083217  5597.46711430402
8272000  -5601.21385934891  5598.75042218264
8273000  -5600.1754933897  5599.78752305723
8274000  -5599.75527919219  5599.47035048572
8275000  -5601.37140511159  5599.81930406527
8276000  -5601.188604449  5601.59076441331
8277000  -5603.05899838375  5602.0657495458
8278000  -5605.74912713525  5602.3907190603
8279000  -5604.98184198183  5603.1440502471
8280000  -5607.05294700814  5605.05661829099
8281000  -5606.68937517525  5603.90313277714
8282000  -5608.26434694189  5606.52922982949
8283000  -5608.40852815857  5607.32350694648
8284000  -5609.47453986753  5607.17631295739
8285000  -5610.15398089002  5607.30425168593
8286000  -5610.56106629697  5606.79233583492
8287000  -5611.93746301528  5607.2562805955
8288000  -5611.47811366158  5607.58301949044
8289000  -5611.86303831065  5611.34587437454
8290000  -5615.33136638295  5609.85434353115
8291000  -5614.40173027179  5611.4246324586
8292000  -5614.1144270502  5612.82866139738
8293000  -5614.81256838433  5614.26235646501
8294000  -5615.69591418801  5613.77364619304
8295000  -5614.42570250112  5614.91622491308
8296000  -5615.85476992297  5616.05174906765
8297000  -5617.60268732648  5616.2962257818
8298000  -5616.72660969616  5616.23349169956
8299000  -5617.22728197013  5617.96174975919
8300000  -5617.3828561613  5618.77289595094
8301000  -5619.25408148962  5619.99652622772
8302000  -5622.3437285061  5621.06656953798
8303000  -5623.24257613518  5621.27214660355
8304000  -5624.86148673358  5622.45876947003
8305000  -5626.77366815939  5621.27679026816
8306000  -5627.65846510805  5622.53481589381
8307000  -5629.09952388069  5623.24704168344
8308000  -5627.5098459154  5625.60862569158
8309000  -5626.36193561808  5626.30416768267
8310000  -5627.88261740007  5626.14176305995
8311000  -5628.22771275631  5627.27335376452
8312000  -5632.07183589429  5629.23574074488
8313000  -5631.39909969726  5630.04713693525
8314000  -5632.32017620632  5631.32069886183
8315000  -5630.15625312217  5632.58870000898
8316000  -5631.34235659879  5631.06073569887
8317000  -5634.11197839147  5631.26239847085
8318000  -5633.77918588216  5632.52000012353
8319000  -5635.00510895626  5634.42681819734
8320000  -5635.57694465655  5633.95916295649
8321000  -5636.94652605006  5632.73815184081
8322000  -5641.60261110762  5634.77442098113
8323000  -5641.29424189847  5636.82722958812
8324000  -5642.16758460153  5636.032808547
8325000  -5644.96628309881  5638.112593697
8326000  -5645.43564491482  5638.97278445126
8327000  -5645.98189462786  5640.54468659758
8328000  -5648.10766738545  5638.47779664813
8329000  -5649.32524676962  5639.18112598988
8330000  -5650.15569589838  5638.08282241482
8331000  -5649.85098092484  5641.53895299741
8332000  -5649.74196489478  5641.49704813842
8333000  -5650.83629287396  5641.42222675083
8334000  -5651.14003393346  5641.36713850514
8335000  -5651.35661155867  5642.69026577341
8336000  -5652.45095414867  5643.72780696924
8337000  -5651.66711205472  5643.31575232335
8338000  -5652.52423815502  5642.82130393221
8339000  -5653.73336677477  5644.59609658247
8340000  -5651.78064089038  5643.79140190316
8341000  -5650.89128762802  5647.40670388496
8342000  -5652.95237827126  5647.33631164428
8343000  -5653.99948294185  5647.47148781488
8344000  -5654.47162984811  5646.79535289298
8345000  -5656.43008142535  5647.45083154325
8346000  -5654.23671265528  5649.36679763742
8347000  -5657.10514652996  5651.58459517936
8348000  -5657.4367431697  5651.85076707141
8349000  -5657.11817010594  5650.47374687841
8350000  -5656.40763899459  5652.43095320906
8351000  -5658.0663137577  5655.8558878753
8352000  -5659.13140023365  5655.90344021726
8353000  -5658.12613539269  5654.39229346162
8354000  -5659.08653270481  5656.74020496772
8355000  -5660.52313983853  5658.51261253277
8356000  -5659.92592660583  5659.38687451943
8357000  -5659.90072853391  5659.59616680995
8358000  -5660.52266241859  5660.6293077645
8359000  -5662.86804645147  5661.90016641141
8360000  -5662.1700687422  5662.99596330364
8361000  -5664.65188518423  5663.69326484489
8362000  -5665.61917511402  5665.40151516501
8363000  -5664.5848504154  5667.05047981363
8364000  -5667.09883857435  5668.30807100166
8365000  -5665.28914798354  5669.61019848743
8366000  -5666.40690957411  5668.66863682198
8367000  -5668.94950170534  5670.2423748974
8368000  -5669.92752248417  5671.14581432906
8369000  -5673.8756736287  5672.17099883781
8370000  -5675.17163814225  5672.08785814304
8371000  -5676.95049053564  5672.03987900902
8372000  -5676.66231766266  5672.5227475754
8373000  -5678.52681175875  5674.5775823379
8374000  -5679.7036774233  5676.20865909947
8375000  -5678.75168549607  5675.97399661393
8376000  -5680.60863393933  5677.03194671738
8377000  -5680.00751443748  5675.97994311273
8378000  -5678.29248292554  5676.84337657054
8379000  -5677.35527153921  5678.30296944579
8380000  -5680.52178549816  5680.58679873078
8381000  -5678.90508866313  5680.17275861241
8382000  -5681.73199964377  5678.52937942493
8383000  -5682.4917999027  5681.1753148335
8384000  -5682.79555860078  5683.09072220171
8385000  -5683.13316352956  5684.21715927771
8386000  -5684.02201862796  5683.47610289666
8387000  -5686.94426567699  5685.67397717763
8388000  -5687.07138100059  5684.16610068873
8389000  -5685.92195853768  5684.81372120413
8390000  -5688.32301257671  5684.02511892862
8391000  -5687.67567920924  5687.45810502058
8392000  -5691.31107185523  5686.47511630676
8393000  -5691.80991255957  5686.40094602575
8394000  -5691.78834783174  5686.09362021095
8395000  -5692.81962323715  5687.98927518569
8396000  -5693.13135351311  5689.69903577408
8397000  -5690.35515253739  5692.10623641108
8398000  -5692.01734647496  5690.01245631387
8399000  -5692.65940277649  5692.03426608844
8400000  -5692.16850407449  5691.38913471605
8401000  -5695.61456926611  5693.64564549961
8402000  -5695.68646050174  5692.86529635896
8403000  -5697.88129082829  5691.59157220685
8404000  -5694.68805409955  5694.41227986559
8405000  -5695.80061774461  5694.34370238635
8406000  -5696.26936823542  5692.18777866731
8407000  -5698.74794680661  5693.49188519131
8408000  -5698.18920903848  5696.11155673185
8409000  -5698.98639929243  5695.48010621928
8410000  -5701.21366278184  5695.19026553682
8411000  -5698.76958862886  5696.89171365583
8412000  -5699.02848547288  5697.36914928777
8413000  -5701.25760728287  5696.70423173824
8414000  -5701.3449201618  5696.23852362601
8415000  -5703.52405638314  5697.83359619511
8416000  -5701.82418032461  5699.4617909621
8417000  -5701.10143023823  5697.07575593816
8418000  -5702.37266730561  5702.10542956443
8419000  -5705.85940092412  5701.69992283099
8420000  -5707.17178458418  5702.42453458215
8421000  -5707.59813345795  5705.01597943769
8422000  -5707.40984554125  5705.11425752473
8423000  -5710.57486569415  5705.66188176213
8424000  -5710.51208205927  5706.20621945716
8425000  -5709.62918904852  5708.29541711483
8426000  -5710.77914878859  5708.23955416759
8427000  -5710.33146568359  5708.25211339784
8428000  -5713.36885219685  5709.01151173646
8429000  -5711.49559885254  5709.06545846065
8430000  -5712.58049468713  5709.48191468653
8431000  -5711.90487281486  5710.99007242774
8432000  -5713.04810567328  5710.90179945454
8433000  -5714.81523852357  5712.66818281987
8434000  -5716.23935336216  5712.79123035951
8435000  -5718.38098494328  5714.55933470055
8436000  -5716.28086065526  5714.29298181153
8437000  -5716.45886435892  5718.2245184172
8438000  -5717.16098607092  5719.25728084638
8439000  -5717.29403010952  5718.31755702449
8440000  -5718.10769354403  5719.367261626
8441000  -5719.8130059873  5721.40657993164
8442000  -5719.5860923421  5722.41585453728
8443000  -5722.1399433111  5724.50773368249
8444000  -5722.1679096343  5723.81049451695
8445000  -5723.91724690926  5723.83514658082
8446000  -5722.73472307589  5725.2394298815
8447000  -5724.86524194053  5725.7884720475
8448000  -5724.74331338041  5727.38110834141
8449000  -5724.61794483051  5726.63795931923
8450000  -5726.71695101993  5727.52451679763
8451000  -5727.27919894519  5726.80740459836
8452000  -5728.8150965693  5730.00778877058
8453000  -5728.99741183139  5730.91641229085
8454000  -5728.59013519431  5729.32940136328
8455000  -5728.3773702295  5728.41518152938
8456000  -5728.80870258225  5729.6001125881
8457000  -5732.69918189469  5730.05343709825
8458000  -5731.31891225809  5731.95354068479
8459000  -5732.403189199  5729.94767872603
8460000  -5731.89841093258  5733.50750543585
8461000  -5732.27159393477  5731.75358959122
8462000  -5734.53386938023  5734.31939580997
8463000  -5735.5426049908  5734.89447367033
8464000  -5736.14256629703  5735.23347252256
8465000  -5737.43791193854  5736.80993812571
8466000  -5737.16812585165  5736.02080280848
8467000  -5737.56408412348  5735.97677329804
8468000  -5738.36026685585  5736.38095482077
8469000  -5740.23744406626  5736.3043433269
8470000  -5739.91666162632  5737.57613453777
8471000  -5740.19283457659  5738.57097924181
8472000  -5740.98653800219  5739.54923400227
8473000  -5743.18453481034  5739.53873765761
8474000  -5742.54693381328  5741.9300117475
8475000  -5744.44081674353  5740.99260419966
8476000  -5745.75114221249  5741.20924552135
8477000  -5747.31441838737  5743.37857301513
8478000  -5746.59261151871  5744.38998343967
8479000  -5747.30964685777  5744.49004275892
8480000  -5748.51755949474  5745.26067223748
8481000  -5749.47458503197  5744.49191526366
8482000  -5751.12994882441  5745.90218470075
8483000  -5750.7901739242  5745.36459213683
8484000  -5752.37122497004  5747.33065288892
8485000  -5754.25214489582  5746.82738978446
8486000  -5755.42650104784  5748.98163395239
8487000  -5754.55105578305  5749.18536185003
8488000  -5755.49996697421  5750.36011231967
8489000  -5756.1202049569  5751.65017079963
8490000  -5756.38207071321  5751.90966087213
8491000  -5758.05037868579  5752.01249789329
8492000  -5758.6459542195  5753.46495645427
8493000  -5758.7145619967  5752.03909793005
8494000  -5758.46662117887  5755.48631063542
8495000  -5760.83289291258  5755.49303460398
8496000  -5762.39651542786  5756.02131819708
8497000  -5763.14700295995  5757.04708660839
8498000  -5763.77539358461  5756.41664029774
8499000  -5764.84722873593  5758.79896346491
8500000  -5768.0007929556  5759.23839997025
8501000  -5765.2680612639  5759.7709383142
8502000  -5766.1669429747  5759.59820666945
8503000  -5766.75108806474  5760.20984904734
8504000  -5768.28840280294  5759.13052873116
8505000  -5768.79862434459  5759.87817004553
8506000  -5769.19809282172  5762.94512024777
8507000  -5770.56219629538  5764.17536383762
8508000  -5770.73577960177  5766.06320254956
8509000  -5770.6924045122  5765.3427056358
8510000  -5771.86054253479  5765.29458529322
8511000  -5771.6552927783  5766.68286960322
8512000  -5768.42428028202  5768.61979630779
8513000  -5770.78482169253  5769.1819320858
8514000  -5771.51417436933  5768.87633997084
8515000  -5775.15204059944  5770.93727055828
8516000  -5775.17462795429  5772.58963025165
8517000  -5775.70939722016  5773.33415073604
8518000  -5774.99478967642  5772.35117360115
8519000  -5776.73472686885  5774.14328072857
8520000  -5779.22668858242  5775.16443295107
8521000  -5777.2517354178  5774.95511451173
8522000  -5778.92737535283  5776.15988907204
8523000  -5780.82529876706  5775.78736073337
8524000  -5782.58844326158  5775.2676927056
8525000  -5782.18016675329  5776.84522810548
8526000  -5780.89008255594  5777.24763646027
8527000  -5782.53789784057  5779.10410383105
8528000  -5781.82542665033  5778.58087444369
8529000  -5784.17821452679  5780.74348925471
8530000  -5784.25983778729  5779.58203037448
8531000  -5786.46640967088  5781.20009795795
8532000  -5787.02039227494  5782.614651962
8533000  -5789.32592503236  5781.28830714162
8534000  -5788.19934082213  5784.97625367422
8535000  -5789.93342203119  5785.2614348806
8536000  -5789.42871412443  5785.53818642735
8537000  -5791.53024383314  5786.36618206118
8538000  -5791.72981545334  5787.04948198373
8539000  -5790.90625672669  5785.64817336184
8540000  -5792.57460767527  5786.2547651054
8541000  -5791.76901834569  5790.8618365403
8542000  -5793.42365302499  5787.34210470579
8543000  -5796.75501017704  5787.03069339167
8544000  -5797.60693091298  5788.23888825048
8545000  -5798.04105586023  5787.10451071052
8546000  -5799.87761290444  5788.02380692177
8547000  -5800.34040520671  5788.46423193348
8548000  -5797.75451601718  5789.37296371849
8549000  -5798.57750021661  5791.44003740427
8550000  -5799.3534331317  5789.93518816345
8551000  -5798.51727467142  5791.20580556776
8552000  -5798.71578015298  5792.29254224373
8553000  -5799.82781638519  5793.59854208348
8554000  -5803.1273259663  5793.72835895279
8555000  -5802.4458267625  5793.91940525501
8556000  -5802.17943470941  5794.51369577793
8557000  -5804.93913755111  5794.00686299377
8558000  -5804.17531434604  5795.3979592512
8559000  -5806.31311036604  5795.20934174094
8560000  -5805.9345204124  5797.65891074244
8561000  -5806.73934214605  5798.97119851466
8562000  -5806.9069647973  5800.36644699662
8563000  -5806.16344023117  5801.77836803795
8564000  -5806.20848853752  5804.67794025357
8565000  -5807.67208023085  5807.09399361591
8566000  -5808.62467394798  5805.18500911801
8567000  -5810.47258379479  5806.55707971735
8568000  -5810.20297940723  5807.27170956926
8569000  -5812.89144465929  5805.51993764289
8570000  -5811.56527683698  5806.18653761735
8571000  -5812.18514629503  5809.18660723113
8572000  -5812.51134341893  5809.42248706167
8573000  -5814.49557251123  5808.9650496896
8574000  -5813.1458304578  5811.00529033996
8575000  -5815.21608288548  5812.08369953654
8576000  -5814.6412147741  5810.96416720853
8577000  -5814.64233861598  5811.53372435132
8578000  -5815.3294975548  5812.45314810221
8579000  -5814.40886405724  5812.53274650084
8580000  -5816.02112199852  5813.76163680739
8581000  -5814.09922132222  5812.10719609144
8582000  -5813.75879322338  5815.14988086415
8583000  -5817.87076431782  5814.2740006169
8584000  -5818.99212108742  5816.2911016626
8585000  -5818.89021147123  5817.15525912355
8586000  -5819.18301328534  5815.5733027948
8587000  -5817.95984105335  5813.1371634078
8588000  -5819.62911140474  5817.2476688755
8589000  -5819.41297066335  5815.14395779278
8590000  -5820.33271086715  5817.88291995191
8591000  -5821.60592212143  5818.24902272618
8592000  -5822.98951393451  5818.94089471008
8593000  -5825.34513581064  5817.82396446508
8594000  -5822.48983072108  5821.22031041051
8595000  -5824.78577039503  5821.10874772479
8596000  -5825.91854504885  5821.45631952996
8597000  -5823.82178060251  5822.59092032511
8598000  -5824.71898347312  5823.11107384591
8599000  -5824.89380412391  5822.75152361505
8600000  -5824.42054428387  5823.85636542651
8601000  -5828.38944947595  5825.25168041274
8602000  -5827.80582626451  5825.81243639157
8603000  -5828.38179649442  5825.64443928858
8604000  -5827.78191159468  5825.93256664293
8605000  -5831.2398388906  5825.90823602742
8606000  -5827.49527705576  5826.78607894097
8607000  -5832.37526790207  5828.37758555823
8608000  -5834.52790136443  5828.05429450841
8609000  -5831.35887092303  5827.83504136924
8610000  -5835.06293528308  5830.82624947642
8611000  -5833.93286710139  5831.36119870465
8612000  -5835.19189234024  5832.01719163564
8613000  -5836.265332843  5831.16274639912
8614000  -5835.537297703  5833.12377183752
8615000  -5836.81577827948  5835.83327652494
8616000  -5839.81944165009  5837.33970192702
8617000  -5840.01858740861  5837.48311322307
8618000  -5839.61766616974  5836.99760717627
8619000  -5841.49045567131  5839.12441255253
8620000  -5841.58957786148  5839.3763290519
8621000  -5842.62097656932  5839.734864991
8622000  -5841.9009294267  5839.41422397395
8623000  -5842.30408751501  5840.69524743315
8624000  -5843.59412619137  5839.51810013192
8625000  -5844.3072042368  5840.02200126052
8626000  -5846.15880604763  5840.75254287812
8627000  -5848.42883195814  5843.38380766742
8628000  -5848.95368955745  5842.84302073156
8629000  -5848.27355816919  5842.62142671203
8630000  -5847.94893988436  5844.23218745443
8631000  -5851.96948865841  5845.31563926071
8632000  -5853.8729359039  5846.05485458248
8633000  -5853.51805098115  5845.57094004574
8634000  -5856.00174559827  5847.27675452242
8635000  -5855.93717890099  5848.25987213262
8636000  -5855.97184196838  5849.08394503077
8637000  -5855.44669362279  5849.22615311042
8638000  -5857.77618939829  5848.95502966919
8639000  -5856.91358870141  5850.07371940139
8640000  -5858.35405685265  5851.42693082996
8641000  -5855.91236709875  5849.96476979277
8642000  -5858.6690016799  5851.17106813716
8643000  -5860.38721570309  5855.47891867226
8644000  -5862.70256990423  5856.10583871483
8645000  -5865.01961874474  5855.54284627512
8646000  -5866.15275816871  5855.84052885439
8647000  -5865.71083540851  5856.90039920151
8648000  -5866.04724126908  5856.92343059803
8649000  -5868.28466961268  5858.37612319071
8650000  -5867.52849809393  5860.18345102441
8651000  -5867.47191973506  5861.06383171969
8652000  -5868.31413564228  5859.49147924154
8653000  -5869.01332926356  5861.60946774472
8654000  -5870.5114317756  5864.19250229365
8655000  -5871.77849052022  5865.05397195891
8656000  -5872.46258919391  5867.42806096128
8657000  -5873.53095687615  5865.36134480045
8658000  -5874.13708808329  5865.26212025843
8659000  -5874.68197528461  5869.30132458877
8660000  -5874.26830148359  5870.60753139825
8661000  -5874.55678353911  5868.92155300967
8662000  -5874.6862520792  5871.84913170557
8663000  -5876.41768802359  5872.65715084546
8664000  -5876.27447693099  5874.51221656086
8665000  -5875.30695269505  5876.61416392199
8666000  -5877.42663241914  5874.37659613337
8667000  -5877.67236919013  5875.71138387427
8668000  -5880.88022051224  5876.94903614226
8669000  -5879.83587864452  5878.56705136892
8670000  -5879.77709700226  5878.25517748966
8671000  -5880.28267982551  5880.25772329555
8672000  -5881.02649517385  5881.24593218822
8673000  -5881.42571487285  5883.44097824863
8674000  -5884.3466472918  5884.65097249916
8675000  -5883.85136418856  5883.42698429899
8676000  -5887.346232531  5884.98744305551
8677000  -5886.71885411005  5883.80834558987
8678000  -5888.14790790705  5885.35210100493
8679000  -5889.61775805104  5884.58795380154
8680000  -5889.16552427856  5885.47094408165
8681000  -5891.74904356458  5885.97098563557
8682000  -5893.7562645447  5888.55215532066
8683000  -5892.24391827238  5888.19855756599
8684000  -5893.40902636929  5888.75279088895
8685000  -5893.12049368279  5891.24841728575
8686000  -5893.13847110437  5890.36025759184
8687000  -5895.02207096933  5892.49945531817
8688000  -5894.06991742222  5891.74706230794
8689000  -5893.28964082858  5892.47145523547
8690000  -5894.35383089074  5893.56924754586
8691000  -5894.56188149701  5893.55240567024
8692000  -5894.8469995409  5896.1936557816
8693000  -5896.50083747586  5895.09683467122
8694000  -5895.6669088798  5896.02999684123
8695000  -5894.98066290193  5897.51579074274
8696000  -5896.76317225542  5896.68917172602
8697000  -5898.6421929934  5897.42600230964
8698000  -5898.50290165426  5899.22237965903
8699000  -5900.73639998861  5900.19920995536
8700000  -5903.7142111945  5902.47731922867
8701000  -5903.74077332112  5902.33563529786
8702000  -5903.70272236849  5905.27879759407
8703000  -5904.02028041275  5904.66621929529
8704000  -5903.5179505198  5905.08803951407
8705000  -5904.94075195974  5906.98945028833
8706000  -5904.28497550208  5906.86269942336
8707000  -5904.91993460914  5910.06839341224
8708000  -5905.39349355155  5908.46401119429
8709000  -5905.56281413096  5909.30912827186
8710000  -5907.36568715215  5908.28913698618
8711000  -5910.80058438817  5909.64704403294
8712000  -5913.16929461093  5910.662359368
8713000  -5911.75608877175  5910.96563961293
8714000  -5913.47932919776  5912.20315706285
8715000  -5915.29841718572  5911.56257057794
8716000  -5915.63899532479  5913.55723962533
8717000  -5914.95245195801  5916.47925100948
8718000  -5917.09498527694  5916.76441268324
8719000  -5919.53639484274  5917.14831946368
8720000  -5920.05561508987  5918.37026640016
8721000  -5920.93410101064  5914.92007772296
8722000  -5923.01389088331  5917.1681949445
8723000  -5923.9505024438  5920.86045597983
8724000  -5924.59190410489  5921.71546550004
8725000  -5924.60563731132  5923.35936485649
8726000  -5924.51498387636  5923.24011362823
8727000  -5924.25850522655  5923.00791350768
8728000  -5924.68557069485  5924.47751071694
8729000  -5926.28327078782  5924.43490771866
8730000  -5926.5508976704  5924.41985178028
8731000  -5929.40317328059  5924.79744637288
8732000  -5930.16629044457  5925.66369031984
8733000  -5928.99330666801  5924.86583703752
8734000  -5929.02899572735  5925.63167490939
8735000  -5931.9324054687  5926.93040087406
8736000  -5930.80679660709  5929.47225212736
8737000  -5932.88179323697  5927.79785874427
8738000  -5931.3801346203  5929.06814730306
8739000  -5930.85200094433  5930.19773496468
8740000  -5931.31850893802  5930.65192650394
8741000  -5929.60500853662  5932.41710112787
8742000  -5931.48745633292  5930.67707125603
8743000  -5929.98843514342  5931.71125922941
8744000  -5933.96501263553  5933.34674703368
8745000  -5934.04967956002  5934.09713801412
8746000  -5934.94048914652  5932.39021158871
8747000  -5934.8370165409  5934.6752901684
8748000  -5934.79141739696  5935.31964395659
8749000  -5934.38866435967  5935.27485636471
8750000  -5934.51643601991  5936.48267059612
8751000  -5936.1986210667  5936.21563487061
8752000  -5934.77971394623  5934.34604109326
8753000  -5937.61741211045  5937.86385337287
8754000  -5937.95538806007  5938.24978383025
8755000  -5936.4413795516  5938.64795246614
8756000  -5938.90478236324  5940.12749701744
8757000  -5940.7353938812  5940.46002781763
8758000  -5943.28087161351  5940.01434966566
8759000  -5940.0408812079  5942.07927776911
8760000  -5942.08238650573  5942.63964300052
8761000  -5944.08653243458  5941.9559909077
8762000  -5944.15845188358  5943.87357862249
8763000  -5943.75366007916  5941.70694175475
8764000  -5945.56533404455  5944.63051055074
8765000  -5943.57871224825  5943.92482066146
8766000  -5944.57247640977  5945.14700677944
8767000  -5945.38191413295  5945.86965424413
8768000  -5946.41890017253  5946.18993367313
8769000  -5946.04676870065  5948.51132203751
8770000  -5948.50289710813  5948.57698799524
8771000  -5947.67095192864  5952.18258113392
8772000  -5947.23809182567  5953.25201330917
8773000  -5947.34654677275  5951.92268970397
8774000  -5947.67626934423  5952.86950927436
8775000  -5950.45570304763  5952.59246960473
8776000  -5952.37169745321  5953.97786389849
8777000  -5952.7395562572  5954.42069789045
8778000  -5952.60465711524  5953.75132754372
8779000  -5953.03437610553  5954.06853308647
8780000  -5954.06703880053  5953.36648297387
8781000  -5956.29395345328  5954.93688953634
8782000  -5955.8394038855  5956.79975075067
8783000  -5956.09755660757  5954.07083965703
8784000  -5957.71819868559  5955.92764246063
8785000  -5959.52936558693  5954.85205553856
8786000  -5960.69880572238  5956.11354109808
8787000  -5961.12601371669  5958.6394567601
8788000  -5963.91994141582  5956.98052911038
8789000  -5961.71494746403  5958.78045879956
8790000  -5962.36309965695  5957.995147083
8791000  -5962.17503158914  5960.35632544504
8792000  -5964.24823274809  5960.85583146879
8793000  -5964.38675585047  5962.01901650421
8794000  -5965.47594868955  5960.47935375348
8795000  -5965.65278430471  5960.30409452188
8796000  -5966.37023801777  5962.18208621104
8797000  -5966.54211774014  5962.18255881998
8798000  -5968.10360039469  5963.01527478898
8799000  -5967.65083775831  5962.0531091322
8800000  -5969.85696401718  5963.44228723041
8801000  -5968.17892561999  5967.54547911512
8802000  -5966.85788909902  5966.37997584893
8803000  -5970.99833040815  5966.6449884405
8804000  -5968.14689537154  5969.0895609511
8805000  -5970.38103024808  5969.50993101284
8806000  -5970.62216560413  5970.67110951463
8807000  -5972.35963422996  5970.54303852222
8808000  -5973.80803552841  5973.18048076161
8809000  -5975.18636747285  5971.98325526293
8810000  -5974.04190718889  5973.73511440538
8811000  -5974.2166483843  5974.0471116017
8812000  -5974.23982393469  5970.87245796041
8813000  -5974.36518603234  5971.10590606166
8814000  -5975.6845740288  5972.72971399413
8815000  -5976.33416560357  5972.81783854052
8816000  -5978.29154313489  5973.96919629823
8817000  -5978.29216717919  5974.06635244178
8818000  -5977.64630903606  5972.77462606986
8819000  -5980.48275941437  5974.77686600384
8820000  -5980.53694998445  5975.22505459442
8821000  -5981.73779600494  5975.14573808618
8822000  -5981.06559154014  5977.30336679653
8823000  -5980.79333497998  5979.36620467958
8824000  -5981.41473175407  5977.86364142294
8825000  -5983.02901087224  5978.45215824561
8826000  -5983.002125994  5979.18125467146
8827000  -5984.82043417281  5979.71032414397
8828000  -5985.9433941655  5981.87137755726
8829000  -5986.8048123853  5981.77858533763
8830000  -5986.45612686667  5981.78383014079
8831000  -5989.3124091115  5982.88444956184
8832000  -5987.43320101319  5981.45330920256
8833000  -5987.08880880586  5984.07325989541
8834000  -5985.37702259861  5983.09650021186
8835000  -5987.11732817618  5984.86553467933
8836000  -5987.66733027562  5985.97547387752
8837000  -5985.67750917384  5984.73331281816
8838000  -5987.35670032699  5984.25543637488
8839000  -5989.14409431721  5983.32149887779
8840000  -5989.68132755753  5983.80669848343
8841000  -5988.77057296073  5984.45750615923
8842000  -5992.18817058918  5985.99265585623
8843000  -5990.00384460843  5986.81291527883
8844000  -5990.11246532203  5985.99546597506
8845000  -5990.02512060197  5989.00866198476
8846000  -5991.14563212298  5988.40825242779
8847000  -5989.5197052179  5989.5336718819
8848000  -5989.35418757518  5988.93699703446
8849000  -5991.65338538094  5989.05390353729
8850000  -5991.32034575323  5990.13704810903
8851000  -5993.85026584828  5991.64463369529
8852000  -5992.5669718735  5992.57778306355
8853000  -5990.86527274775  5991.48504356187
8854000  -5991.09606911257  5993.67717222028
8855000  -5993.63917516981  5995.31408293787
8856000  -5994.52377278322  5994.53941600693
8857000  -5993.86697442337  5995.90230145726
8858000  -5995.46437922526  5997.35538607788
8859000  -5996.65071204981  5997.77668249929
8860000  -5995.83345056561  6000.1781793277
8861000  -5995.02174911695  5998.85343184349
8862000  -5994.54505179747  5998.99579217389
8863000  -5997.74879239594  5999.26287698374
8864000  -5996.08321398638  5999.60750063716
8865000  -5996.79031158656  5998.58239416937
8866000  -5999.36068233615  6001.31935421935
8867000  -5997.76608755941  6000.7221160728
8868000  -5998.4427356309  6000.02490698902
8869000  -6000.24594044689  6002.57444029836
8870000  -6000.55177115994  6003.34633920769
8871000  -6000.87593781008  6005.44348155343
8872000  -6001.88738004197  6004.69192616517
8873000  -6003.08388796884  6006.90781143313
8874000  -6004.22381705103  6005.00612143002
8875000  -6005.14157081562  6005.31302048432
8876000  -6004.01417803001  6006.61392709145
8877000  -6007.28910747967  6008.28217244807
8878000  -6007.43179763238  6008.29793929607
8879000  -6008.54147331496  6007.73036355508
8880000  -6009.27812742688  6007.69025390151
8881000  -6011.7338928203  6009.88711967943
8882000  -6009.79540267881  6011.61534864802
8883000  -6012.16677470942  6011.29720300297
8884000  -6012.89009443874  6011.00331314338
8885000  -6014.06480646847  6012.19744566612
8886000  -6012.59375813504  6012.89635780912
8887000  -6012.63697207643  6011.72516429854
8888000  -6014.88959659914  6010.56987190677
8889000  -6015.19111642319  6013.95864057711
8890000  -6017.97720246238  6015.00012264446
8891000  -6017.39792197722  6016.64600381365
8892000  -6016.30218774385  6017.74886234812
8893000  -6019.01558495044  6016.28237338778
8894000  -6018.52030818884  6018.34550765022
8895000  -6018.5242020022  6018.11920921809
8896000  -6019.50732601349  6017.8095369406
8897000  -6019.5889594046  6018.30304838004
8898000  -6021.23656008449  6017.81335018566
8899000  -6020.32681721796  6020.71124722404
8900000  -6021.04661108836  6024.72408107976
8901000  -6022.76349861112  6023.86282311477
8902000  -6022.354118323  6023.60056540225
8903000  -6023.62767351853  6026.76961939767
8904000  -6025.24274486169  6026.41504090067
8905000  -6026.5724264882  6027.85559268816
8906000  -6024.87607123986  6029.25660918424
8907000  -6026.17823817409  6030.29171520942
8908000  -6025.79842074547  6028.44498968823
8909000  -6027.43265688291  6028.36984385809
8910000  -6029.60032824918  6028.99094008712
8911000  -6027.0689647832  6028.57983848822
8912000  -6030.78586823518  6030.55419164951
8913000  -6032.72267604326  6031.18526970355
8914000  -6034.0748090884  6033.12831217149
8915000  -6034.60857844499  6032.1507837199
8916000  -6037.71140207445  6034.61153939843
8917000  -6038.2854806822  6034.94640830247
8918000  -6039.27904567498  6035.97247008425
8919000  -6040.80268434486  6034.8550072295
8920000  -6041.42043878933  6038.52773619133
8921000  -6041.71616646969  6039.58378403412
8922000  -6040.65701023214  6041.263152076
8923000  -6043.76381883073  6042.48143619585
8924000  -6042.81262377519  6040.23741669164
8925000  -6044.05924740465  6041.39879300619
8926000  -6044.66777865011  6043.12963043798
8927000  -6046.03622314512  6045.01588717863
8928000  -6047.84224485002  6047.10395956295
8929000  -6046.63365648938  6048.16789562778
8930000  -6048.93168522672  6046.94222851046
8931000  -6050.12946363769  6048.70424920871
8932000  -6050.03688667178  6046.99637542147
8933000  -6049.73560358715  6046.54239900587
8934000  -6051.3882547917  6049.05851851961
8935000  -6050.99304932874  6048.61487577917
8936000  -6051.56187759559  6048.21892970827
8937000  -6053.11532613448  6050.11599426428
8938000  -6054.14569679454  6050.18378890905
8939000  -6054.19701874946  6051.81439923954
8940000  -6053.47359440376  6054.48092328291
8941000  -6054.14282812709  6055.3030324337
8942000  -6055.31441785138  6058.17560263112
8943000  -6055.78280179283  6058.21170944246
8944000  -6057.52176381163  6055.65980183165
8945000  -6059.01877649874  6057.85864990413
8946000  -6056.52520169112  6059.39678336057
8947000  -6058.44267840368  6059.04812154647
8948000  -6058.0384302987  6057.74549451449
8949000  -6060.7837786665  6056.98773613053
8950000  -6060.93051193265  6056.54392005193
8951000  -6062.67888159268  6058.28053842379
8952000  -6063.94942498826  6059.1951666016
8953000  -6062.8463924933  6061.79499577538
8954000  -6065.47755856377  6060.4907252373
8955000  -6067.16333332962  6061.56571354737
8956000  -6065.27478140871  6061.3083695932
8957000  -6067.6084946102  6063.25282177454
8958000  -6069.58861918577  6063.13083249191
8959000  -6069.1054195848  6063.23350628247
8960000  -6071.53556015322  6065.09669499526
8961000  -6072.58931737467  6067.12822816068
8962000  -6074.96817846305  6066.94183418888
8963000  -6074.45825235969  6067.33785333369
8964000  -6074.75794318167  6068.22249968625
8965000  -6073.89555643956  6067.44782328855
8966000  -6076.65156569305  6068.20418024236
8967000  -6075.26062728635  6068.55573778209
8968000  -6072.9910755072  6071.21386984921
8969000  -6075.23570443355  6070.04694175621
8970000  -6078.04066576712  6072.88075847456
8971000  -6076.03418616255  6071.88628755391
8972000  -6079.82164461064  6071.71682694232
8973000  -6079.44435990429  6071.69258460081
8974000  -6081.26906555603  6071.26815413372
8975000  -6081.83797578807  6071.69052131443
8976000  -6083.14157098061  6073.45364980502
8977000  -6082.35380271479  6074.78905453745
8978000  -6083.50343361529  6072.96597275421
8979000  -6083.36211910215  6073.64423445538
8980000  -6086.10159397109  6074.27310419362
8981000  -6084.32607804139  6074.33555677926
8982000  -6084.30077610602  6075.94301755068
8983000  -6086.25024256436  6075.20768610132
8984000  -6084.70807706948  6075.54207852175
8985000  -6088.325629703  6075.68538620186
8986000  -6088.69823946768  6076.36466092913
8987000  -6089.68763796015  6079.65943791329
8988000  -6086.99356623944  6078.65287698025
8989000  -6088.52146014137  6080.72004609349
8990000  -6088.55180076124  6081.96247297761
8991000  -6089.45272086729  6081.54423208351
8992000  -6088.80273803305  6083.15874943456
8993000  -6088.8510430301  6081.49264689322
8994000  -6091.90593366395  6086.0235067863
8995000  -6092.73627601345  6084.7174300866
8996000  -6090.92319360483  6085.12110453542
8997000  -6092.45362437025  6086.01908381626
8998000  -6094.2757378529  6086.45389262429
8999000  -6092.19230230131  6087.54082918193
9000000  -6093.74475274719  6088.24769047103
9001000  -6095.26254391448  6091.04163454204
9002000  -6095.05274816541  6089.55136301795
9003000  -6096.42544086476  6089.57466621118
9004000  -6098.9358186778  6090.71787883203
9005000  -6100.10539745111  6093.3312486541
9006000  -6102.78028150151  6093.72766674714
9007000  -6101.78156842474  6093.36379665725
9008000  -6103.72297313568  6093.89395958105
9009000  -6103.2386631288  6095.48414190903
9010000  -6102.85743322793  6097.74577947177
9011000  -6103.55892838747  6099.78917198351
9012000  -6106.31927540953  6100.07687806466
9013000  -6106.97733109181  6099.1081995116
9014000  -6105.67801635944  6100.99626889409
9015000  -6106.28227283978  6103.84690214411
9016000  -6108.02434558563  6103.33373274976
9017000  -6109.72307954985  6104.38157470783
9018000  -6109.97235675565  6103.4414710147
9019000  -6109.85605382168  6103.62868016695
9020000  -6113.15271005382  6105.98926746076
9021000  -6113.37468376274  6107.91152485978
9022000  -6117.16661502565  6106.54512951544
9023000  -6114.78787324778  6105.5473217757
9024000  -6118.25049961898  6107.78156154029
9025000  -6117.5083347245  6105.62858026893
9026000  -6117.38892732237  6108.78170426507
9027000  -6117.43535807243  6110.31242959765
9028000  -6117.21424849057  6109.22609033181
9029000  -6119.3182092912  6111.85118831275
9030000  -6117.2801423927  6110.79184303419
9031000  -6117.64877213659  6113.21492342898
9032000  -6119.95100771774  6111.8336013426
9033000  -6121.46937541944  6114.00107623385
9034000  -6122.79712060052  6116.9172944718
9035000  -6123.51490754616  6113.15393106273
9036000  -6123.32631830847  6115.56753796344
9037000  -6123.19363803183  6115.45824017448
9038000  -6123.87858423384  6115.64676619237
9039000  -6124.20825009254  6116.75842940728
9040000  -6125.8088363987  6119.55127370542
9041000  -6125.53848199484  6120.02350601315
9042000  -6124.38208359416  6119.1362723484
9043000  -6125.81761574992  6121.58144102901
9044000  -6127.02046426089  6122.73833224086
9045000  -6127.6337174678  6121.18805386717
9046000  -6127.28359837815  6120.19652466601
9047000  -6127.1915287133  6122.95171074174
9048000  -6126.51942192836  6122.15399236236
9049000  -6127.02440728089  6124.04970682948
9050000  -6128.38610163722  6122.13450321506
9051000  -6131.42327965784  6122.8647802186
9052000  -6131.07000234845  6123.9680658072
9053000  -6132.44496485858  6124.43727451949
9054000  -6131.42805531138  6125.2935941374
9055000  -6131.15486361961  6124.87494328123
9056000  -6134.32221389927  6127.3578734254
9057000  -6135.79954449909  6127.95562362647
9058000  -6135.35462281997  6127.42498982291
9059000  -6133.7153053827  6129.40204129459
9060000  -6135.98625706545  6131.86775586226
9061000  -6137.04313827021  6130.5481495494
9062000  -6136.54069170351  6131.61244415938
9063000  -6138.93032667294  6132.63903581904
9064000  -6141.3669374597  6132.81902303163
9065000  -6139.71990968902  6134.22230792954
9066000  -6140.21442831038  6136.78260233001
9067000  -6141.24781413786  6136.47240997608
9068000  -6143.03046985732  6134.88435787442
9069000  -6142.95925486084  6135.32655221594
9070000  -6145.22268373635  6137.68475041252
9071000  -6147.37225318298  6138.58879167822
9072000  -6145.69674300083  6140.31125173284
9073000  -6150.24100008999  6141.52903210294
9074000  -6150.21003378119  6143.01010297367
9075000  -6149.71231212897  6145.44390739725
9076000  -6149.96290210307  6142.81755361003
9077000  -6151.62730695741  6143.76704810997
9078000  -6150.26121851817  6146.57353881737
9079000  -6150.96217461493  6146.19715312931
9080000  -6154.30515956337  6146.96915839729
9081000  -6154.38581546082  6148.24010581711
9082000  -6154.41408329928  6149.78110908957
9083000  -6154.8317804524  6148.78552929984
9084000  -6153.31943297035  6148.98676791822
9085000  -6154.61055386502  6149.53197112247
9086000  -6154.94783268545  6150.04608544228
9087000  -6156.27693479785  6151.03723884918
9088000  -6155.50351870759  6152.60222440731
9089000  -6154.84796305915  6152.60431619584
9090000  -6157.91424462345  6150.31968863781
9091000  -6156.49717323944  6151.55494220545
9092000  -6157.43963318413  6152.18514140227
9093000  -6156.66634695131  6155.56155247288
9094000  -6158.45045899447  6156.1125082684
9095000  -6158.38406989178  6156.36275352757
9096000  -6160.71316270298  6157.66033580184
9097000  -6160.5842561807  6158.92935124097
9098000  -6163.41899067319  6156.87825248539
9099000  -6164.25478002352  6157.80008735946
9100000  -6167.25192432215  6158.48402529276
9101000  -6164.62076113628  6158.48157095776
9102000  -6167.26460103774  6159.92763764084
9103000  -6165.7261657308  6161.6026305403
9104000  -6168.64245110342  6162.22928174464
9105000  -6166.45759271451  6162.79345195044
9106000  -6170.57091430535  6161.43303936057
9107000  -6169.25962121243  6162.52792479585
9108000  -6167.87582116423  6165.1482389536
9109000  -6170.43743280325  6163.37347539068
9110000  -6171.96375740194  6166.02565225511
9111000  -6172.35566408456  6166.47384706718
9112000  -6175.0034470883  6168.69550552967
9113000  -6176.36928473424  6168.94667553845
9114000  -6174.08170872209  6172.0696462586
9115000  -6174.10663481955  6171.52853952255
9116000  -6175.0748474201  6172.08306032484
9117000  -6173.30114030623  6172.25065473153
9118000  -6174.93676426274  6173.24289112721
9119000  -6175.03308976039  6173.45822841839
9120000  -6173.72441849494  6173.02478581476
9121000  -6176.16923738915  6174.38892443636
9122000  -6174.76855954549  6178.13320980368
9123000  -6173.86271014689  6177.48563011735
9124000  -6175.72086107314  6179.39725122474
9125000  -6178.20632177824  6181.4862952041
9126000  -6179.01325471738  6182.55664413999
9127000  -6181.82987668886  6182.28328611472
9128000  -6180.92486873247  6184.19609848453
9129000  -6182.20580112475  6185.45273114375
9130000  -6184.36985415978  6185.6416762366
9131000  -6184.93171128987  6185.17048871094
9132000  -6186.76959609228  6186.62042762168
9133000  -6190.54400711089  6184.79885851469
9134000  -6187.18915987724  6185.64505749371
9135000  -6188.48020606118  6187.0058856285
9136000  -6187.52687794458  6188.00865431419
9137000  -6187.48725221059  6188.11557718365
9138000  -6190.32279708023  6187.01469473683
9139000  -6191.48021428026  6185.82232368458
9140000  -6189.8224899623  6189.34286748277
9141000  -6190.1512845089  6189.22081462437
9142000  -6191.51380791469  6189.96162448536
9143000  -6194.06056473669  6190.43171536919
9144000  -6191.65526910866  6191.86007616387
9145000  -6194.98253636583  6192.13486075648
9146000  -6195.50537998471  6192.6348532061
9147000  -6197.46982006748  6192.32148616162
9148000  -6197.83287750099  6194.02095296365
9149000  -6199.06232319715  6194.00701251937
9150000  -6196.65794223268  6193.99823278092
9151000  -6196.96097025436  6192.67472989795
9152000  -6197.44318295414  6197.69020591578
9153000  -6196.86354977043  6196.18048846829
9154000  -6198.60176066034  6196.39258749899
9155000  -6198.36771789993  6196.8150312281
9156000  -6199.77725525626  6195.23498978734
9157000  -6200.16784165626  6197.65757583896
9158000  -6201.39759051141  6199.17883893028
9159000  -6202.27859311251  6198.80695711171
9160000  -6202.16358933334  6201.27245692145
9161000  -6202.63918389907  6199.92441265974
9162000  -6203.19069849205  6200.4722561684
9163000  -6202.93405976491  6201.26162395734
9164000  -6203.01170751978  6203.02321058535
9165000  -6204.64915434374  6203.10522120719
9166000  -6204.9945223208  6202.35639868134
9167000  -6207.3947690308  6203.89761166035
9168000  -6208.1906581884  6205.77294610367
9169000  -6207.18137630691  6205.86044461731
9170000  -6208.57010728078  6208.97009551678
9171000  -6208.72275553828  6209.90418430245
9172000  -6208.12365318777  6209.70991753444
9173000  -6208.08053680168  6211.65187935208
9174000  -6207.85996282875  6213.01870398991
9175000  -6209.38057592512  6210.95194499919
9176000  -6211.71460466126  6211.97538154376
9177000  -6209.85782434895  6214.00601436284
9178000  -6213.82318519373  6215.31088708972
9179000  -6212.62753820393  6215.74545113071
9180000  -6213.37392714428  6214.68052463538
9181000  -6213.85570083031  6215.37197846641
9182000  -6211.59193289227  6214.82313785672
9183000  -6213.30226452714  6216.50379788053
9184000  -6212.88975428846  6217.19439313275
9185000  -6214.27077855263  6215.7334647037
9186000  -6212.850152571  6216.60539334089
9187000  -6212.0128650184  6216.24135732813
9188000  -6216.09299086467  6217.26113004977
9189000  -6217.22192666153  6217.80171236943
9190000  -6218.95407482015  6218.97092855669
9191000  -6217.69338582314  6217.64991562112
9192000  -6218.4834576596  6219.69604844199
9193000  -6218.1520080019  6219.82492305534
9194000  -6219.76186948653  6219.74522297758
9195000  -6220.08473122019  6220.22985935193
9196000  -6219.36902449035  6221.16846535921
9197000  -6217.52347780144  6222.30696527961
9198000  -6221.33950786985  6224.68243717581
9199000  -6221.48864267494  6226.10481534391
9200000  -6220.63805661572  6226.18845925932
9201000  -6224.26746865008  6227.06938163818
9202000  -6222.39715915199  6227.67871523067
9203000  -6224.56559308729  6229.15612396817
9204000  -6224.87639514119  6228.00240500176
9205000  -6225.06073770565  6228.90522947649
9206000  -6226.35961971203  6228.84041099417
9207000  -6229.55370290951  6229.2218559559
9208000  -6229.93252398155  6229.67702083616
9209000  -6230.99145805815  6228.11623435561
9210000  -6233.4593140606  6229.40902280092
9211000  -6234.50498690589  6230.98275360178
9212000  -6233.42730880016  6233.88851870005
9213000  -6237.72109757725  6232.51920348753
9214000  -6235.55708602979  6234.82273817878
9215000  -6235.22854438225  6235.03239717744
9216000  -6237.81793489679  6233.82692453949
9217000  -6237.13250195369  6232.90075455063
9218000  -6236.28271697689  6232.96083270551
9219000  -6236.67790668079  6236.30818407583
9220000  -6237.61733353694  6238.24237333509
9221000  -6239.808416012  6237.71387413761
9222000  -6241.60512111762  6235.4352581016
9223000  -6240.22548312218  6237.03088735416
9224000  -6241.52975037526  6238.87939067617
9225000  -6243.66836055721  6241.49623412221
9226000  -6246.48726934551  6242.49392469083
9227000  -6245.07443194534  6241.89229366655
9228000  -6245.8608065958  6245.63705943069
9229000  -6245.87076639839  6245.67628820048
9230000  -6245.59478849353  6244.43654924368
9231000  -6246.73846352026  6245.42136676809
9232000  -6246.42239176346  6244.86541163271
9233000  -6247.82236333232  6245.26543392641
9234000  -6248.53356651642  6246.30427757573
9235000  -6249.44710726624  6246.52017088254
9236000  -6251.03385797616  6247.64218667297
9237000  -6251.97071307126  6247.25416047847
9238000  -6250.32921071528  6245.26017621458
9239000  -6252.25650874591  6249.64871654971
9240000  -6252.00909701031  6250.29257022923
9241000  -6255.60721998391  6252.70115705551
9242000  -6257.62065700362  6251.83982046218
9243000  -6258.34282447373  6253.27008975552
9244000  -6257.98809737979  6252.12371581841
9245000  -6260.21615968796  6253.69572809399
9246000  -6258.18495000188  6252.26012870438
9247000  -6257.84143980869  6253.75560757855
9248000  -6260.71985504019  6255.19886499601
9249000  -6258.70601058245  6251.46991400208
9250000  -6258.91059141366  6252.15282404822
9251000  -6259.45651438355  6257.11636251848
9252000  -6260.10809799248  6252.71485777329
9253000  -6259.01426597051  6255.12286402783
9254000  -6260.53432580933  6256.86606229606
9255000  -6262.31441423328  6256.94974544345
9256000  -6262.12985547113  6255.26024695702
9257000  -6263.78930437254  6255.34796198175
9258000  -6263.14868718914  6257.70745752808
9259000  -6264.1419579905  6256.90969192727
9260000  -6266.03529843965  6261.687354245
9261000  -6266.47383218398  6260.96595160578
9262000  -6266.75336545872  6261.92383353846
9263000  -6265.92541897324  6261.93032651925
9264000  -6267.66903609374  6264.57075069008
9265000  -6266.80934651208  6266.54011640521
9266000  -6268.25990670401  6265.20381693718
9267000  -6266.90168865508  6264.42086962237
9268000  -6269.1092074308  6264.47743528297
9269000  -6267.91681970407  6267.03203902983
9270000  -6267.41241080926  6268.69629456226
9271000  -6269.75182843907  6268.59784037423
9272000  -6268.84486010902  6269.20367964471
9273000  -6271.31477788209  6270.20380799623
9274000  -6273.06914669488  6271.02429482268
9275000  -6273.77300245343  6272.68124092706
9276000  -6275.24637647819  6272.93440295521
9277000  -6276.56829144008  6273.06811937174
9278000  -6274.58540699194  6273.03284510744
9279000  -6277.40317865316  6274.26296040594
9280000  -6279.33542539393  6275.31795984313
9281000  -6278.61174727032  6273.65412852476
9282000  -6278.92663465403  6274.77873325589
9283000  -6282.16743854932  6277.18456700992
9284000  -6282.05203715176  6276.16401844697
9285000  -6284.43490116177  6276.24429591978
9286000  -6283.01045580443  6275.42978114215
9287000  -6284.59858360324  6274.21191461713
9288000  -6287.0200271051  6274.96793637859
9289000  -6286.79737469266  6276.0322961297
9290000  -6286.42660830309  6276.42340663875
9291000  -6288.68087893422  6277.40461868589
9292000  -6287.5165375085  6277.45762794837
9293000  -6287.72884355691  6279.33718219567
9294000  -6287.82787136967  6280.91390422
9295000  -6288.8397796301  6284.37277138117
9296000  -6287.9345066586  6283.34232425568
9297000  -6290.3768526004  6284.40690822793
9298000  -6292.2265132922  6286.9152244382
9299000  -6291.87227763886  6286.7787892704
9300000  -6293.15560605711  6287.13798230956
9301000  -6293.00293627433  6288.65256654724
9302000  -6293.59852092716  6290.14087208402
9303000  -6292.96589621391  6290.18990495326
9304000  -6295.05832250029  6290.7557367548
9305000  -6294.62851560163  6290.90322379963
9306000  -6294.61071401929  6291.58980783621
9307000  -6297.3448053441  6291.67731387463
9308000  -6297.40060960319  6294.74612186999
9309000  -6297.96926401421  6293.93222681769
9310000  -6300.67499519363  6295.10215395587
9311000  -6301.64833483276  6296.04028183342
9312000  -6301.74003747802  6297.7847095517
9313000  -6302.74807831416  6295.8361741067
9314000  -6302.47644479644  6299.84130730214
9315000  -6301.5626145274  6299.94903600683
9316000  -6301.36903770479  6302.25713081413
9317000  -6301.32343132606  6302.91957788045
9318000  -6301.64013291545  6305.05157407028
9319000  -6302.29927745723  6306.4355135082
9320000  -6302.48322921032  6308.69313490089
9321000  -6303.81516735429  6308.26906458049
9322000  -6305.03519689472  6310.2554915879
9323000  -6306.74873802829  6312.55513880877
9324000  -6309.06910800937  6311.34124289653
9325000  -6310.29597349309  6312.17094189098
9326000  -6311.56166000678  6314.13992593615
9327000  -6315.16468106768  6312.81757168106
9328000  -6315.53978314142  6314.91378375995
9329000  -6316.66625038371  6316.5982576891
9330000  -6319.51002703445  6316.11143216111
9331000  -6321.59855691709  6317.98646958128
9332000  -6320.80114251065  6318.93506361631
9333000  -6320.04780485984  6320.2454639168
9334000  -6320.07597257802  6320.12459218291
9335000  -6321.88889022476  6320.26791435509
9336000  -6324.23631009573  6319.86448231566
9337000  -6325.79645908652  6320.39661541088
9338000  -6326.76497689109  6322.90099502252
9339000  -6327.42237561762  6323.05813611913
9340000  -6331.25684817738  6324.26762508123
9341000  -6330.54926923969  6321.69596928376
9342000  -6331.27516531644  6325.25909926887
9343000  -6332.91077151499  6327.29705466278
9344000  -6334.53029559378  6325.70024642363
9345000  -6332.04884026884  6327.99966253844
9346000  -6335.2688048528  6329.52361880125
9347000  -6336.51204597158  6328.60590319537
9348000  -6337.93362284765  6330.50152786309
9349000  -6336.35062776513  6332.13296680787
9350000  -6337.24693342353  6331.64056678943
9351000  -6337.58413016711  6333.2136862037
9352000  -6341.66295658513  6333.51178398534
9353000  -6342.21999752029  6333.99566301407
9354000  -6341.43980651092  6334.16309512349
9355000  -6341.47854411952  6336.68058845887
9356000  -6345.1674205968  6336.75423499433
9357000  -6345.93609532116  6336.89822930123
9358000  -6347.40813560592  6334.34567897605
9359000  -6347.33017296064  6336.41725227584
9360000  -6347.97608629956  6338.00951658593
9361000  -6349.12791131258  6338.70429237614
9362000  -6350.37797733884  6339.96197722425
9363000  -6350.91488584693  6341.5693270621
9364000  -6351.95784107908  6341.65983813855
9365000  -6353.73880266135  6342.01580205866
9366000  -6352.90997395231  6344.83277425742
9367000  -6354.80810259314  6344.0182334187
9368000  -6356.70681414722  6345.24280911794
9369000  -6355.66403160064  6349.100758667
9370000  -6356.99155407377  6349.97893497179
9371000  -6355.74392698226  6348.58592112952
9372000  -6356.14599432857  6349.86822772996
9373000  -6355.51132816631  6350.13861160723
9374000  -6357.82258857437  6348.78378256466
9375000  -6358.5083201213  6353.43647050312
9376000  -6360.26202763126  6353.34632157435
9377000  -6360.06915579442  6353.98480486296
9378000  -6361.4780275967  6356.24864288421
9379000  -6361.41088160957  6356.8497695294
9380000  -6362.02011849151  6358.18354154591
9381000  -6359.9671845975  6358.62065641343
9382000  -6361.74486395417  6360.34657632931
9383000  -6360.395417596  6360.44065231378
9384000  -6363.02564099037  6361.43948515426
9385000  -6361.68471502341  6358.69572484183
9386000  -6362.76200427871  6360.57122137773
9387000  -6362.91123228096  6361.07107882509
9388000  -6364.26033216506  6360.39022937396
9389000  -6364.34146676012  6361.81079280117
9390000  -6365.77102026789  6364.64336694009
9391000  -6364.41981569542  6365.31699570284
9392000  -6365.73051792394  6362.73538977483
9393000  -6368.17619149531  6362.94971142813
9394000  -6367.3188189771  6364.81573739143
9395000  -6367.58561534939  6362.80146570025
9396000  -6369.81034097294  6367.8875467603
9397000  -6368.53043330081  6366.08561629739
9398000  -6368.47826691821  6366.64973642506
9399000  -6371.3807743834  6366.70031428575
9400000  -6371.00086493076  6363.86841048832
9401000  -6374.48454869469  6365.86244497783
9402000  -6374.28057767127  6368.56583466919
9403000  -6373.70085572368  6368.17795495333
9404000  -6377.24787248132  6368.36688070289
9405000  -6375.69537838371  6367.11874484247
9406000  -6377.28186399019  6369.65057041927
9407000  -6375.25037343002  6369.26474681891
9408000  -6376.76879248707  6368.55079753139
9409000  -6379.77392112054  6370.34736211494
9410000  -6377.00045727898  6370.2084992778
9411000  -6374.86912651167  6371.37240363719
9412000  -6375.963256784  6371.22874583912
9413000  -6378.95027020109  6371.55526744692
9414000  -6379.55568283592  6372.01183765736
9415000  -6381.76284429226  6372.20757565822
9416000  -6380.54110974888  6371.8951632843
9417000  -6379.70425110202  6374.17171077534
9418000  -6380.96988990175  6373.79486259008
9419000  -6383.50658046835  6375.36405178309
9420000  -6383.65550293623  6375.88396301526
9421000  -6384.88886671117  6379.67740529002
9422000  -6384.40544913681  6380.19005337748
9423000  -6383.93483916286  6380.07360255015
9424000  -6384.60120741791  6382.27962788034
9425000  -6386.82308049256  6381.70966661803
9426000  -6383.69365917721  6384.12209058887
9427000  -6386.44049972419  6383.81804906015
9428000  -6388.28065606806  6386.9204343535
9429000  -6386.20211189499  6385.69553390315
9430000  -6390.04699423827  6387.21649456787
9431000  -6390.40181571446  6388.0014798709
9432000  -6392.56963920089  6389.10070967353
9433000  -6391.46301103451  6390.67581174002
9434000  -6391.81088563493  6390.7645648181
9435000  -6391.41170964301  6392.68368993056
9436000  -6391.81169770833  6393.06212112615
9437000  -6394.47319615245  6393.75389204886
9438000  -6396.15943837966  6394.86970034138
9439000  -6396.44430457247  6396.20875384872
9440000  -6394.36160413255  6396.61706844677
9441000  -6398.23797855646  6397.50575098842
9442000  -6401.23294325607  6397.37856143857
9443000  -6399.43592828692  6398.89129582536
9444000  -6399.56288755962  6401.87774813982
9445000  -6403.00540910079  6399.59919507817
9446000  -6405.03022289872  6401.70079533683
9447000  -6404.80468200902  6401.11600432373
9448000  -6407.54960327656  6401.77608194701
9449000  -6410.67126909513  6401.47410582575
9450000  -6411.62142246986  6400.66614417465
9451000  -6410.61312727724  6404.09766635665
9452000  -6412.40939054222  6403.80829829962
9453000  -6410.78886369612  6403.9031675912
9454000  -6410.89289855569  6403.63390229186
9455000  -6413.931839702  6404.09007034157
9456000  -6414.29752877715  6406.1986878369
9457000  -6415.44341795709  6408.42673989189
9458000  -6413.90093338002  6406.87453845732
9459000  -6416.10102478329  6406.53270163583
9460000  -6419.99964964482  6409.41453293292
9461000  -6420.6495539544  6411.39650703476
9462000  -6421.8397566744  6410.56734483041
9463000  -6421.80079824583  6411.54536393034
9464000  -6424.41289236351  6411.6452836856
9465000  -6424.38139022326  6413.31091039625
9466000  -6424.56034549537  6413.5965248354
9467000  -6424.48945003579  6415.12951454968
9468000  -6424.10405752184  6416.61157955125
9469000  -6421.88291628967  6416.783582822
9470000  -6424.93073932611  6416.05850573539
9471000  -6425.39484244311  6420.2054523274
9472000  -6425.77817026746  6417.93585602311
9473000  -6427.37872421201  6419.1202837912
9474000  -6429.53108649097  6421.21773403927
9475000  -6428.79256985441  6423.56691934206
9476000  -6429.90400297964  6422.44621256351
9477000  -6431.83564233566  6427.05640374265
9478000  -6431.82080552476  6425.83483147298
9479000  -6433.59434531742  6427.90904217825
9480000  -6433.30114041576  6429.23104047202
9481000  -6432.91119601629  6428.58729005144
9482000  -6436.72126054307  6428.3615367841
9483000  -6434.90497533854  6430.41784946483
9484000  -6435.0681356187  6433.15401435593
9485000  -6437.54266476165  6431.20239048453
9486000  -6436.9868520734  6432.88773638634
9487000  -6438.47464227397  6432.89649707966
9488000  -6437.62485448019  6432.76828032777
9489000  -6437.82077501577  6434.7157882365
9490000  -6439.43995790296  6435.9650405004
9491000  -6437.91925880298  6436.99585865824
9492000  -6441.65799690947  6437.25226343905
9493000  -6442.45819304982  6438.49867395396
9494000  -6442.60646334481  6440.66617551865
9495000  -6443.82265341987  6439.37125526889
9496000  -6446.45668766643  6441.74964848809
9497000  -6447.30965978639  6443.33864208514
9498000  -6446.97882959683  6446.19544423482
9499000  -6448.84868697433  6445.48330703048
9500000  -6449.36314071595  6444.82523546782
9501000  -6448.32920058058  6447.64535608014
9502000  -6448.92009765831  6449.31769548079
9503000  -6449.32005048185  6448.93627515337
9504000  -6451.9822369236  6451.41848588052
9505000  -6453.51832987835  6450.17636606432
9506000  -6454.1485352054  6451.65681846922
9507000  -6450.83171308317  6449.41685033133
9508000  -6451.98177757241  6452.08918638073
9509000  -6454.59110545091  6454.64164121928
9510000  -6454.57663554717  6454.15451896911
9511000  -6456.30431239977  6454.23561085033
9512000  -6455.59328269516  6455.40831644093
9513000  -6457.29724443421  6455.52185650565
9514000  -6457.3078814619  6456.52005870346
9515000  -6456.98327455473  6457.34086749358
9516000  -6456.38868446493  6460.33483733362
9517000  -6459.83501626755  6462.97682865451
9518000  -6459.99273205512  6459.6043638093
9519000  -6461.09759588698  6463.89275879257
9520000  -6462.71169221554  6463.80372864852
9521000  -6461.48305128136  6464.39250805104
9522000  -6464.00460561275  6465.95221571673
9523000  -6463.34386372977  6464.25857780222
9524000  -6463.9379814461  6466.02058436055
9525000  -6463.22235601722  6467.82970765566
9526000  -6465.96037801787  6466.75882057949
9527000  -6467.69250555586  6468.64122395752
9528000  -6470.75536548236  6470.04874293997
9529000  -6470.34527446288  6470.41199632805
9530000  -6472.46836310449  6473.3645433407
9531000  -6472.26484697039  6472.78744417169
9532000  -6473.65815855804  6473.47385717757
9533000  -6474.67810779567  6474.55169211373
9534000  -6477.22806533706  6472.84011039326
9535000  -6476.85039239756  6473.82672367008
9536000  -6478.68403758181  6474.06969237279
9537000  -6477.87216071147  6475.07166696338
9538000  -6479.16305878522  6476.57118750582
9539000  -6480.45592115448  6478.51659735354
9540000  -6483.85066364071  6477.16977529049
9541000  -6483.80987093041  6476.96876285125
9542000  -6484.86933345771  6479.1140466332
9543000  -6486.26417717287  6478.74308428498
9544000  -6484.20905263002  6480.04024488771
9545000  -6485.79009105634  6478.74691504661
9546000  -6487.5668306023  6480.69601212682
9547000  -6490.0254988408  6480.63699553291
9548000  -6490.33222615194  6481.43176505667
9549000  -6491.17023378124  6480.3886941578
9550000  -6490.77230217706  6482.66199971073
9551000  -6492.30667675932  6484.24455112321
9552000  -6492.07040887701  6482.83714294282
9553000  -6495.88711695869  6484.44519076552
9554000  -6493.38357295108  6485.25651361568
9555000  -6495.14141626054  6488.39196192523
9556000  -6493.33518289793  6487.93306112181
9557000  -6493.25349244575  6488.50226353258
9558000  -6493.64884438096  6490.87085616336
9559000  -6495.28926074586  6490.18709309842
9560000  -6495.96188406592  6490.27140489467
9561000  -6497.36223573512  6489.79462915534
9562000  -6500.11958929522  6489.38945532071
9563000  -6499.6325776057  6490.05917961835
9564000  -6498.02441538499  6490.04120857214
9565000  -6499.04595446209  6490.3326426418
9566000  -6501.21983526682  6491.49541198054
9567000  -6500.19540965028  6491.51511850367
9568000  -6503.71874667999  6494.0277809942
9569000  -6505.33879481481  6493.81291756735
9570000  -6504.24590168191  6494.60763079682
9571000  -6505.40276590426  6495.99444953237
9572000  -6503.23808613411  6496.18898226342
9573000  -6504.50714643263  6497.08376278026
9574000  -6504.38777624622  6496.86607754574
9575000  -6504.60386270304  6499.04846095435
9576000  -6504.5638706897  6498.7996410189
9577000  -6505.3764510071  6500.37702603776
9578000  -6506.02949447553  6499.0112518133
9579000  -6506.81498389498  6499.46528376176
9580000  -6509.57338688976  6501.37566473166
9581000  -6509.36667387395  6500.89868638925
9582000  -6508.84104229497  6503.07172827932
9583000  -6509.69517951661  6504.14191885663
9584000  -6509.40354891147  6503.81524944572
9585000  -6510.624825833  6504.41789129102
9586000  -6511.58647741381  6503.79929519154
9587000  -6510.84200857494  6505.49496961178
9588000  -6511.75853088768  6505.42119487103
9589000  -6514.01119452242  6507.15048884685
9590000  -6512.31395106461  6506.64588812351
9591000  -6510.51320877442  6509.36421411253
9592000  -6512.45131694846  6507.81314424553
9593000  -6514.09636548069  6510.86098524624
9594000  -6512.98353087498  6509.41412571805
9595000  -6514.40916894361  6508.91501049327
9596000  -6515.88543440442  6511.87168914988
9597000  -6516.59745861308  6511.71762024173
9598000  -6517.94412762912  6513.08677465894
9599000  -6520.11776264725  6514.13434443065
9600000  -6518.59879035465  6512.88919930663
9601000  -6520.96736650071  6513.57174573843
9602000  -6520.09202904965  6516.60311427044
9603000  -6521.53775368612  6515.69732426989
9604000  -6520.29226327716  6516.96584673908
9605000  -6522.27762193894  6518.20295756722
9606000  -6524.8607765942  6517.09663247562
9607000  -6523.76932926556  6520.42300992202
9608000  -6524.50809262008  6520.35209175038
9609000  -6526.34045636889  6520.52890492715
9610000  -6528.049662732  6520.19184930896
9611000  -6527.3475240604  6522.15649373372
9612000  -6528.78738576202  6522.52883526931
9613000  -6528.34438887891  6521.46391690591
9614000  -6528.09988169891  6522.51097923617
9615000  -6527.3553567017  6521.46350068511
9616000  -6526.49464313943  6523.07599141896
9617000  -6529.34099529292  6522.49758000272
9618000  -6531.70459396744  6523.48147109222
9619000  -6532.36341578331  6524.24082067743
9620000  -6530.93095753052  6524.72493400497
9621000  -6533.37323120196  6524.98961659854
9622000  -6534.48937376996  6527.83636704214
9623000  -6533.2061375079  6529.97809729649
9624000  -6535.40650124805  6529.58502978004
9625000  -6535.66893929601  6529.63529037473
9626000  -6536.5478511353  6530.80608891387
9627000  -6537.55695393069  6532.59031166069
9628000  -6536.67737125992  6535.34019905836
9629000  -6537.45406973471  6535.89266435036
9630000  -6537.6922401997  6537.29496607367
9631000  -6538.39238197877  6535.63283060208
9632000  -6537.86764937743  6538.47245607254
9633000  -6541.26877588778  6538.22101395319
9634000  -6545.14026584049  6537.79468525692
9635000  -6544.95641159641  6538.60320388777
9636000  -6544.71323492622  6537.48666835425
9637000  -6545.28632977943  6539.02135843712
9638000  -6544.28437288932  6541.21344408698
9639000  -6545.32915184706  6541.45144343443
9640000  -6544.01124836133  6545.10009600246
9641000  -6545.16680183301  6543.76054392421
9642000  -6548.66065160557  6544.87325658067
9643000  -6548.22500724408  6545.59516334731
9644000  -6550.48342145289  6545.54943970046
9645000  -6551.34837362967  6547.49958395078
9646000  -6551.09375732951  6548.15913748556
9647000  -6549.98381348983  6548.33362301726
9648000  -6549.74674503763  6549.95905911379
9649000  -6551.28477455799  6550.72534609997
9650000  -6551.19478700666  6549.85594203688
9651000  -6552.01701549063  6551.34618746019
9652000  -6554.72250498228  6552.12739555052
9653000  -6554.52059820541  6554.14109318034
9654000  -6554.13567115863  6556.43568930653
9655000  -6554.8284412998  6554.39874201487
9656000  -6555.3110843806  6553.95838048507
9657000  -6554.11827951598  6554.36119234857
9658000  -6554.31817231624  6554.55772285997
9659000  -6557.50488524067  6556.11778825464
9660000  -6557.18179547892  6554.91751661526
9661000  -6558.785533404  6555.98181767708
9662000  -6557.76852464721  6556.12575619326
9663000  -6557.19186492715  6555.60978170592
9664000  -6558.96963737049  6557.1207730848
9665000  -6559.59278346106  6557.24529258974
9666000  -6560.34176275727  6559.30847315123
9667000  -6561.87997737274  6559.5271079856
9668000  -6564.36256697832  6559.87391019917
9669000  -6564.81316784807  6560.97720678097
9670000  -6566.3589908365  6560.94236330428
9671000  -6565.4158689726  6563.24378631233
9672000  -6564.95109077706  6564.87711421617
9673000  -6567.94243949663  6563.64837147158
9674000  -6567.22274821719  6567.141949008
9675000  -6566.71834487645  6566.0372364988
9676000  -6567.44746720656  6567.79270362539
9677000  -6569.69531136634  6569.3117966917
9678000  -6571.55368029576  6572.90142984082
9679000  -6571.73409522599  6571.55580436005
9680000  -6573.0464234379  6571.35594877166
9681000  -6574.34231994992  6572.80230163983
9682000  -6573.5333895016  6571.60448784466
9683000  -6572.47231860123  6573.07453582961
9684000  -6574.22023098285  6572.31180687517
9685000  -6575.33327442721  6572.6918159631
9686000  -6575.75211910843  6573.64250870571
9687000  -6575.55578192751  6575.51041733494
9688000  -6575.91890305385  6576.23707230644
9689000  -6578.77643272984  6576.28887915496
9690000  -6579.29567618276  6577.54578832063
9691000  -6580.81064432381  6579.29099072254
9692000  -6581.9544223269  6577.33575699668
9693000  -6584.00265935134  6580.28774302328
9694000  -6582.49323337239  6582.84727024673
9695000  -6584.22790094363  6582.98366865598
9696000  -6585.35059429191  6583.32583547554
9697000  -6586.40018504554  6583.19374548321
9698000  -6586.49034330789  6583.99829426667
9699000  -6585.99638202391  6583.60313937784
9700000  -6588.08301631513  6584.96144504161
9701000  -6589.37158171984  6585.37085676582
9702000  -6591.51378436331  6584.50700186942
9703000  -6592.95327510759  6587.29591045986
9704000  -6592.74290432735  6586.44828995184
9705000  -6592.83918036616  6587.71261911356
9706000  -6595.1235719084  6588.88620591727
9707000  -6595.91453278084  6588.94574730666
9708000  -6596.50154979326  6589.76415409161
9709000  -6594.58316206151  6589.50445940832
9710000  -6596.43075155942  6590.61897295921
9711000  -6595.51487078424  6591.35566490144
9712000  -6597.69447220354  6591.11150296567
9713000  -6598.09867610183  6592.85002767321
9714000  -6599.40397732281  6591.8130600283
9715000  -6598.2292871068  6592.44984377001
9716000  -6598.81408086856  6592.23187819178
9717000  -6601.35333924299  6593.19906370862
9718000  -6603.05371945243  6594.42905673653
9719000  -6601.86511690851  6594.65151629432
9720000  -6601.05963443495  6597.86391814765
9721000  -6601.90164404304  6599.08730367003
9722000  -6603.0388776479  6598.58788913912
9723000  -6603.77743692593  6601.01155581937
9724000  -6603.06776420302  6599.74651358686
9725000  -6603.36601783491  6601.45661487848
9726000  -6603.77189840152  6603.03432947238
9727000  -6605.07120472436  6602.76946650792
9728000  -6606.27855449079  6603.11961799134
9729000  -6606.60001679263  6605.35866954955
9730000  -6606.4174077368  6604.69137367937
9731000  -6610.00572773946  6605.19700078039
9732000  -6608.33658856261  6608.45760123871
9733000  -6609.3219806596  6606.43876825142
9734000  -6611.06340129767  6608.4018651734
9735000  -6611.23532133854  6609.1300798314
9736000  -6613.89797611448  6608.80401010447
9737000  -6612.56906612466  6608.36900858482
9738000  -6613.87108676544  6610.06552200808
9739000  -6614.49170873028  6609.44842057136
9740000  -6617.43825098462  6608.7714143284
9741000  -6615.92559205996  6610.25332261369
9742000  -6616.83541883555  6611.15297861574
9743000  -6617.88158419099  6609.31872104246
9744000  -6620.30395801363  6613.56650970618
9745000  -6620.78639929654  6615.02660275443
9746000  -6618.71744049451  6615.07661560424
9747000  -6620.63907345852  6613.37798135748
9748000  -6622.97396096758  6612.69818772444
9749000  -6620.85976121503  6616.81190527705
9750000  -6622.77719260738  6618.25223816513
9751000  -6624.45685704362  6617.16744437774
9752000  -6622.52890327434  6618.35237510217
9753000  -6623.05632684095  6620.43773146804
9754000  -6623.87116798446  6620.8871870912
9755000  -6623.7866239403  6621.10898001871
9756000  -6624.48568556719  6621.46323376523
9757000  -6626.86260611531  6621.59645281973
9758000  -6628.08134984496  6622.30728138511
9759000  -6626.95480464614  6622.12781364953
9760000  -6627.86101839092  6622.64092618901
9761000  -6631.77658702377  6622.83842099956
9762000  -6631.34660833257  6624.59601577208
9763000  -6629.37383556246  6624.37237018737
9764000  -6631.86441915155  6624.64797334388
9765000  -6634.26167734792  6627.10889844565
9766000  -6636.51915563388  6625.22984669375
9767000  -6635.33696514823  6625.40268598701
9768000  -6634.09087667892  6626.91760062678
9769000  -6636.8236700812  6629.90766397706
9770000  -6638.75646671812  6625.98057934083
9771000  -6637.3302719343  6628.69126419684
9772000  -6637.66043523031  6625.76057501223
9773000  -6639.10222463289  6629.9617412251
9774000  -6639.53573950335  6631.39758939651
9775000  -6638.30411816783  6631.60391563789
9776000  -6640.57475903711  6634.3570715288
9777000  -6641.89939771802  6634.38303233012
9778000  -6644.12612593281  6636.5024065831
9779000  -6644.12564608854  6634.38760059342
9780000  -6641.84256805498  6636.6417357059
9781000  -6644.25910376852  6636.69873815581
9782000  -6643.71399365568  6638.26115098365
9783000  -6642.74714953477  6639.313829617
9784000  -6643.36892591426  6640.89954381069
9785000  -6643.09810836682  6643.17250564727
9786000  -6641.42402253079  6642.57367747286
9787000  -6645.83604266478  6644.53976082916
9788000  -6644.55712838825  6645.40360912659
9789000  -6645.69797020963  6645.35519805277
9790000  -6646.90506672914  6644.26796617268
9791000  -6648.75240125326  6644.93510719276
9792000  -6649.08402775958  6643.84125799982
9793000  -6649.74159645952  6645.09506549494
9794000  -6652.54716281635  6645.12674693711
9795000  -6656.50780877903  6644.40868324769
9796000  -6655.0567101565  6643.9353887429
9797000  -6655.37154156355  6645.97482779083
9798000  -6658.02011726938  6646.16462427564
9799000  -6658.53400678901  6647.64458786762
9800000  -6657.11708008702  6647.1166052511
9801000  -6659.03469580977  6648.40267722233
9802000  -6657.70388321087  6649.63150402694
9803000  -6658.49411852583  6650.60057335507
9804000  -6656.27075956995  6650.64824913544
9805000  -6654.53891683213  6652.63668714609
9806000  -6656.5986681622  6652.16994810966
9807000  -6655.99251022761  6653.03260500212
9808000  -6659.58408178813  6652.4929121003
9809000  -6661.1448173436  6654.53278981692
9810000  -6661.68714809613  6657.96318809009
9811000  -6659.65965518491  6655.45398086874
9812000  -6658.41567793543  6656.62391684895
9813000  -6660.04294344337  6658.84429957632
9814000  -6660.66007252866  6658.27806429884
9815000  -6659.74916722116  6660.80827708637
9816000  -6660.12818476175  6662.83576936536
9817000  -6663.19741602665  6658.93186682898
9818000  -6664.08327576635  6660.03391007459
9819000  -6664.38769790849  6660.48723940525
9820000  -6662.85530000585  6662.83277428652
9821000  -6662.85449198481  6665.66494566516
9822000  -6665.68087291842  6663.04013557471
9823000  -6667.62963200879  6663.79320683811
9824000  -6665.31363458791  6664.18223328418
9825000  -6667.64689388327  6664.80783361047
9826000  -6666.34333217929  6665.7530152249
9827000  -6669.20645324949  6664.77009806409
9828000  -6668.21719644024  6666.50056375777
9829000  -6668.64796475866  6667.23061249974
9830000  -6670.94744485416  6666.54903799951
9831000  -6671.13046025792  6669.67001748577
9832000  -6671.32564892977  6669.13007257004
9833000  -6672.04480841689  6669.5775779644
9834000  -6674.40623527255  6670.24834836082
9835000  -6674.34568716701  6671.40355489134
9836000  -6675.76807393224  6671.83101528106
9837000  -6676.37332560398  6672.00589804697
9838000  -6675.86547971914  6672.1377570268
9839000  -6675.23126506113  6674.38543934357
9840000  -6675.64116385374  6674.57629291156
9841000  -6678.53083861225  6673.82395330359
9842000  -6677.8424863931  6676.17873217959
9843000  -6678.09700097826  6676.00700092809
9844000  -6678.45958453518  6677.71198843681
9845000  -6678.61512960085  6679.18379708885
9846000  -6678.6222891621  6678.3667492056
9847000  -6680.98744796154  6680.42209591076
9848000  -6682.04442771075  6680.90341357675
9849000  -6684.80522287815  6681.59040495235
9850000  -6684.77857359699  6680.23700581545
9851000  -6684.08199173557  6681.44711260469
9852000  -6683.92517949788  6682.97620298706
9853000  -6685.64441928671  6682.83851139144
9854000  -6687.96783096592  6684.59752072078
9855000  -6686.19271574845  6684.73334796248
9856000  -6688.20229360368  6684.64878669756
9857000  -6689.90960709526  6684.94022901733
9858000  -6690.58291921378  6684.69658516795
9859000  -6691.63758624123  6685.63754469889
9860000  -6690.71068787816  6688.26500290829
9861000  -6693.92748648821  6686.36736942021
9862000  -6693.28521698475  6688.13853855215
9863000  -6692.7349106975  6691.10863433052
9864000  -6691.94545767486  6689.44722578895
9865000  -6692.79752551889  6690.55285703783
9866000  -6695.81041515597  6692.57796153032
9867000  -6694.99933135162  6691.451687793
9868000  -6697.25190969349  6692.72528424933
9869000  -6696.64378027407  6692.60641159211
9870000  -6695.03496644143  6692.34417861612
9871000  -6695.7245824846  6693.38084146382
9872000  -6696.15006342303  6694.03626891136
9873000  -6700.07233854547  6691.55489908853
9874000  -6699.68037766129  6691.46268997731
9875000  -6699.85429618116  6692.77714082423
9876000  -6699.58902639123  6693.81400100719
9877000  -6702.25670974098  6693.65122988121
9878000  -6701.53325912772  6694.29735656422
9879000  -6703.94058336873  6693.81302143533
9880000  -6703.34510421154  6696.36182620098
9881000  -6705.98938114733  6696.75935822954
9882000  -6706.00814300914  6696.35487441912
9883000  -6707.84454700843  6698.84658185584
9884000  -6710.0819441593  6700.62354215541
9885000  -6708.43833455196  6703.15778145319
9886000  -6710.34123999108  6703.7676476669
9887000  -6710.0360193711  6705.19229593953
9888000  -6711.78308969457  6704.77896774552
9889000  -6712.50192346979  6707.49893855642
9890000  -6711.2422119222  6706.85208415733
9891000  -6712.30079078873  6707.82971136704
9892000  -6713.47510970308  6710.27562540892
9893000  -6713.01536712044  6709.22990933265
9894000  -6713.20432726703  6710.09977504579
9895000  -6711.73002927874  6710.42613155369
9896000  -6712.70093264247  6710.87497251771
9897000  -6716.07357403743  6711.84817058168
9898000  -6713.41357592933  6713.52017179836
9899000  -6715.87207400154  6714.92544953456
9900000  -6720.28562555551  6717.67196215215
9901000  -6717.37948604553  6716.65595019376
9902000  -6718.7368026446  6717.65472551583
9903000  -6720.1100537423  6719.76707162313
9904000  -6720.19739641625  6720.97712997402
9905000  -6720.79071006202  6723.94922106666
9906000  -6721.6598255889  6721.75388051565
9907000  -6721.50206242806  6725.63800106507
9908000  -6725.33994271079  6724.42082476
9909000  -6723.44315043983  6724.09174730901
9910000  -6723.78536906729  6726.41564911772
9911000  -6724.2163333287  6726.46072645573
9912000  -6723.41427128442  6726.12928171336
9913000  -6726.13287550041  6726.79217368087
9914000  -6726.31544910581  6726.72776016449
9915000  -6726.10275895274  6728.80465482829
9916000  -6728.04909571374  6727.29506796977
9917000  -6728.97211528901  6727.76642590414
9918000  -6729.37245892169  6731.33491169612
9919000  -6731.08074578949  6731.25118683815
9920000  -6735.74010874839  6730.48853161631
9921000  -6734.02579639024  6731.96133604757
9922000  -6735.21588784594  6733.35244832919
9923000  -6731.56165601262  6731.25337075237
9924000  -6734.92703126959  6732.08010775518
9925000  -6733.4751260596  6733.08348848746
9926000  -6734.67876787348  6735.53939392312
9927000  -6733.70346473091  6736.13775858746
9928000  -6736.36945923089  6737.58954971754
9929000  -6737.56802376755  6737.11942911019
9930000  -6738.51124013881  6738.08503761892
9931000  -6737.78311595949  6737.13730307116
9932000  -6741.67837572727  6736.46290057233
9933000  -6739.63442153443  6737.63060161261
9934000  -6738.75331056213  6737.17252180523
9935000  -6741.27398916098  6739.38189281235
9936000  -6744.46588769193  6741.79575293256
9937000  -6744.53179235119  6742.55899520426
9938000  -6743.78241758343  6742.05879521879
9939000  -6745.58188564424  6741.40676610855
9940000  -6746.1999797139  6741.64640206849
9941000  -6746.79971653286  6742.86085440125
9942000  -6748.20937917233  6746.98161541357
9943000  -6748.72644961101  6746.42580447315
9944000  -6747.60885264297  6746.91900206072
9945000  -6749.65306856754  6747.04750959248
9946000  -6748.91172193401  6747.85575298587
9947000  -6750.17591466689  6750.29664173883
9948000  -6751.18575406674  6752.81240339647
9949000  -6752.11404542823  6752.57888761668
9950000  -6752.48127613094  6753.39790207752
9951000  -6753.05225324108  6751.57054705948
9952000  -6754.87711142463  6754.80697245078
9953000  -6757.14079434864  6753.25646492661
9954000  -6757.05777766368  6754.77040706462
9955000  -6758.5295794831  6756.15257739394
9956000  -6756.81240006393  6755.63298508646
9957000  -6759.85062014545  6756.16648084188
9958000  -6758.94251135085  6757.49273792768
9959000  -6761.50291728849  6758.9358500406
9960000  -6760.49671640613  6759.6855553454
9961000  -6760.56500789928  6761.11174843743
9962000  -6763.466815109  6761.04173245322
9963000  -6762.65175410192  6763.08345989867
9964000  -6765.21229063211  6762.82667233416
9965000  -6767.57786139396  6763.06183118702
9966000  -6765.39765227953  6761.98320111765
9967000  -6765.12947405115  6762.00432726406
9968000  -6766.72173054452  6763.77436832538
9969000  -6768.95095571088  6762.77285949631
9970000  -6768.47510606849  6764.41940530111
9971000  -6769.45034758607  6762.88368683819
9972000  -6769.737047579  6764.87426440342
9973000  -6772.22300755797  6763.36216101739
9974000  -6772.33671659112  6764.7803057536
9975000  -6771.51184714684  6764.10764360631
9976000  -6775.12373995806  6767.70105173106
9977000  -6774.34089162168  6765.76991244001
9978000  -6775.17590881009  6766.91434952779
9979000  -6773.79762604086  6768.24578003009
9980000  -6776.50089693556  6770.93809439936
9981000  -6776.93357291607  6770.37280419531
9982000  -6776.81473820661  6771.41354001819
9983000  -6779.09030118504  6771.86550382958
9984000  -6778.77836375726  6771.77950591379
9985000  -6779.61692764285  6771.39301245635
9986000  -6779.04592217636  6774.90533938892
9987000  -6779.91924037726  6776.77166802168
9988000  -6779.95739378163  6774.08678570418
9989000  -6782.18578957767  6775.62864422221
9990000  -6780.50568790125  6775.49731310768
9991000  -6780.66482202535  6776.45360061145
9992000  -6779.27566662278  6778.75305758767
9993000  -6779.07172341721  6780.65532472415
9994000  -6782.7014047781  6783.79865608849
9995000  -6783.68612450227  6783.46769342057
9996000  -6785.04978385016  6785.4667068146
9997000  -6786.7577748562  6784.28252929667
9998000  -6786.56346060297  6788.68997333149
9999000  -6786.67559800392  6788.31520979147
10000000  -6788.37037749977  6789.26390052303
10001000  -6788.687405682  6787.83675500561
10002000  -6789.30719837327  6790.07417186127
10003000  -6788.80149322365  6792.50864228655
10004000  -6789.58794000476  6790.4338084388
10005000  -6791.95740450459  6792.83544164078
10006000  -6794.9603783328  6792.63397568722
10007000  -6794.4464392026  6792.77178717357
10008000  -6795.85273025124  6793.29945555617
10009000  -6797.80423883069  6793.23372318348
10010000  -6796.76661420518  6794.88693193146
10011000  -6796.36793051174  6796.66102007183
10012000  -6797.55673925157  6795.35259928364
10013000  -6797.53099917369  6797.52617026659
10014000  -6802.49612098522  6797.32408546332
10015000  -6803.94635986623  6799.65255591241
10016000  -6803.9821885522  6797.46665735989
10017000  -6803.8092905395  6796.15577252612
10018000  -6803.40245015028  6797.66060258108
10019000  -6805.21311720629  6801.01680107305
10020000  -6804.78902297766  6799.05835105571
10021000  -6804.70061448062  6800.32694145403
10022000  -6807.59478311813  6799.69081544178
10023000  -6804.89757880375  6802.14631413927
10024000  -6808.57999541129  6802.42394504607
10025000  -6808.74539168719  6802.60944672698
10026000  -6811.25430914783  6803.17689068231
10027000  -6814.89083007791  6805.04333225706
10028000  -6814.28744335142  6803.32250722344
10029000  -6816.0295123819  6806.1727911191
10030000  -6817.06188448743  6806.77063654015
10031000  -6815.56929239555  6808.50652899775
10032000  -6815.61606701267  6807.45432609257
10033000  -6814.87888596349  6810.35111587081
10034000  -6817.69410406024  6810.31737954046
10035000  -6817.95885943891  6811.87417045513
10036000  -6820.03421375912  6811.62570801324
10037000  -6819.11323826522  6811.88441875801
10038000  -6818.41843599574  6814.74122811218
10039000  -6817.7914944142  6816.77816550603
10040000  -6820.9346447503  6814.25056663481
10041000  -6820.11196114944  6816.95941114639
10042000  -6821.85207746311  6818.94498943024
10043000  -6821.91937899715  6818.42874441902
10044000  -6822.84672922632  6818.48629052163
10045000  -6821.47313280138  6818.46787693576
10046000  -6823.1796509442  6821.25756017764
10047000  -6821.64810008549  6820.34136281948
10048000  -6824.96274767578  6821.45362078676
10049000  -6824.6093606358  6823.50427520144
10050000  -6825.80101638896  6825.32131431137
10051000  -6825.41417447064  6823.7429401706
10052000  -6825.47375593494  6825.09166468409
10053000  -6826.4066075399  6825.7012410978
10054000  -6828.93164070319  6826.92813440304
10055000  -6826.13559724955  6826.60307525664
10056000  -6829.96939931496  6827.30447729585
10057000  -6831.31931614132  6828.09729050874
10058000  -6830.13925296112  6829.38190662391
10059000  -6831.08617210227  6829.27856637953
10060000  -6832.41053132162  6829.87368145502
10061000  -6834.93120602274  6830.40093269887
10062000  -6832.72584242054  6831.31387118208
10063000  -6835.77773894322  6834.48320562644
10064000  -6837.48997588807  6834.3951374248
10065000  -6836.64733079859  6834.22709818936
10066000  -6840.30035395077  6835.24259880073
10067000  -6841.48102366632  6837.15160602693
10068000  -6842.75215788404  6835.41065417462
10069000  -6842.96693196682  6836.47401334253
10070000  -6843.20305604566  6839.59514777484
10071000  -6842.78360754225  6839.71589424514
10072000  -6846.00289473314  6839.81490664411
10073000  -6844.51098284402  6840.93433051842
10074000  -6842.8528227475  6841.96508544073
10075000  -6845.74111314323  6842.2188117112
10076000  -6847.4512434468  6843.78114850959
10077000  -6845.97045496277  6845.26795802614
10078000  -6846.38787255961  6845.31565262244
10079000  -6845.99064528359  6843.62832146474
10080000  -6847.58049615057  6845.72953524962
10081000  -6849.4832832566  6845.33889710049
10082000  -6849.29737109428  6846.176233482
10083000  -6850.56600736783  6846.28513217019
10084000  -6849.50470521165  6846.48513191166
10085000  -6850.44944106843  6848.53513846212
10086000  -6852.98568305443  6849.59181286523
10087000  -6850.95622607362  6850.39694177298
10088000  -6850.43546662122  6849.27471984674
10089000  -6851.51851826824  6847.18694680778
10090000  -6852.62719106733  6848.30489739702
10091000  -6852.7194605588  6848.53547241407
10092000  -6853.73755983263  6849.49515366296
10093000  -6855.34429111771  6852.41064332726
10094000  -6853.39135506163  6854.54772385397
10095000  -6853.44508790968  6853.11194545337
10096000  -6855.23911152807  6855.13624675992
10097000  -6854.52815144721  6853.69553629943
10098000  -6856.4893849001  6855.26494367178
10099000  -6856.52715633528  6855.35747963956
10100000  -6857.68537060673  6857.37157128743
10101000  -6859.526057767  6856.00482553691
10102000  -6857.78353629657  6858.29046558036
10103000  -6859.63351753608  6857.66496746359
10104000  -6859.03004917025  6858.45353944327
10105000  -6859.19622227895  6859.6045513428
10106000  -6862.67122932077  6860.15048679785
10107000  -6859.82162332009  6860.39132166605
10108000  -6861.21322159628  6863.27159983525
10109000  -6859.59095088907  6864.41816929774
10110000  -6860.45400200281  6863.47994851947
10111000  -6860.75163447388  6866.24743353565
10112000  -6862.31927021963  6865.39190577652
10113000  -6861.6215857739  6863.83260512085
10114000  -6864.75000674121  6864.17363958996
10115000  -6863.96227484352  6867.45821814456
10116000  -6864.76066310196  6868.56523899654
10117000  -6866.67469349465  6869.46340241352
10118000  -6866.78146550935  6869.81377489642
10119000  -6866.10880104844  6868.53502014524
10120000  -6869.1197375855  6869.91425165595
10121000  -6870.53545471573  6868.89275716427
10122000  -6870.57519881437  6869.67544877494
10123000  -6872.03939626179  6868.69557838552
10124000  -6872.15227443277  6870.53076718893
10125000  -6872.32041971907  6869.45261075221
10126000  -6873.04533714052  6872.0707421382
10127000  -6871.52545363905  6871.82750850148
10128000  -6875.01198152242  6871.34190315614
10129000  -6875.38868027118  6873.87047498703
10130000  -6877.39479147341  6873.95846651826
10131000  -6877.71459069541  6874.91863532442
10132000  -6877.46304013894  6876.49833789252
10133000  -6877.95044375661  6875.56464886782
10134000  -6876.99992630319  6875.40098527113
10135000  -6876.74158377607  6878.01696456676
10136000  -6879.61241195883  6878.66109536248
10137000  -6879.39685182895  6879.96246321965
10138000  -6881.33667049215  6881.72669842512
10139000  -6880.90339260878  6883.94715232689
10140000  -6881.09206783293  6884.11916565574
10141000  -6882.50411224606  6883.13700646684
10142000  -6881.51024711999  6883.70614743125
10143000  -6882.6440129629  6883.26585548775
10144000  -6883.69346074428  6884.47257464784
10145000  -6887.59721560743  6884.35289571629
10146000  -6887.27866002736  6886.13277874543
10147000  -6888.2795382846  6888.59817060048
10148000  -6888.43241079799  6887.75780267571
10149000  -6888.66648405155  6890.79486258654
10150000  -6888.81680826797  6890.96380432832
10151000  -6888.30591171118  6891.56972438759
10152000  -6888.6373507476  6891.0272729594
10153000  -6886.99215178681  6892.50300091143
10154000  -6888.04071213435  6893.20899978232
10155000  -6889.27158134436  6893.83131396844
10156000  -6891.51126550877  6896.3077988132
10157000  -6893.41348979527  6896.77936300609
10158000  -6892.9779742798  6897.06322729437
10159000  -6895.13794086385  6898.84090771106
10160000  -6895.59699051098  6900.35298041576
10161000  -6895.55254529397  6899.06466887945
10162000  -6900.03103258268  6901.74549214569
10163000  -6898.05406415492  6901.45797323667
10164000  -6897.60745875245  6900.19678996094
10165000  -6900.11432219697  6900.99490159992
10166000  -6900.64996928636  6901.06279308527
10167000  -6902.49616291925  6902.84850573559
10168000  -6902.44753883738  6901.76896401491
10169000  -6903.81189211407  6903.52408669976
10170000  -6904.79633556566  6906.4243502278
10171000  -6903.93424892314  6905.91793707746
10172000  -6905.9802835165  6906.48270253334
10173000  -6907.84716442508  6906.3605424059
10174000  -6907.88707613279  6907.17441902459
10175000  -6909.26801937263  6908.70435484979
10176000  -6909.49189814163  6909.41538897194
10177000  -6910.33582100739  6911.90796992256
10178000  -6909.06971584132  6910.22322857895
10179000  -6911.68604744146  6913.68645073041
10180000  -6911.22782795643  6912.80358571859
10181000  -6912.89006183372  6913.58474540882
10182000  -6915.23024128319  6912.59889733154
10183000  -6913.99313739242  6917.3994490368
10184000  -6917.5361857256  6915.74860062455
10185000  -6917.74881431748  6917.05789364842
10186000  -6916.10974072041  6917.44473440274
10187000  -6915.23508474635  6916.85546391375
10188000  -6917.6220193117  6916.32241598829
10189000  -6918.66297941662  6920.16860011684
10190000  -6920.03008418186  6920.28289320008
10191000  -6919.88079273563  6922.49649734659
10192000  -6919.9614645442  6923.48033090627
10193000  -6920.81048122543  6923.050863974
10194000  -6920.76787768255  6926.37430758164
10195000  -6920.7629575323  6928.0158722938
10196000  -6922.28569036992  6927.65748373859
10197000  -6924.75970665655  6926.51863766533
10198000  -6926.54472471688  6928.30936410799
10199000  -6925.98588175918  6929.29939427142
10200000  -6924.99062678571  6930.30977186866
10201000  -6926.51779267916  6927.17075845689
10202000  -6927.78147652672  6928.83722950781
10203000  -6928.32134554364  6930.02770863114
10204000  -6929.16287584038  6931.68597520247
10205000  -6930.89202566204  6930.50877129612
10206000  -6929.47352334042  6931.11968185239
10207000  -6929.9826228424  6931.70932876934
10208000  -6932.69894690297  6932.51158562229
10209000  -6934.89256320839  6931.21603105585
10210000  -6934.83879501684  6934.27707302482
10211000  -6937.03934246413  6934.40075326354
10212000  -6938.10186781629  6934.79496032203
10213000  -6940.11490418524  6934.93512143744
10214000  -6940.78962749111  6937.06180038049
10215000  -6939.92166193705  6936.32557678485
10216000  -6939.20223302064  6936.21608560539
10217000  -6941.43847587706  6937.10872207576
10218000  -6940.65934427307  6937.59029515111
10219000  -6940.88721435501  6939.14155499965
10220000  -6941.97638199876  6938.72653907892
10221000  -6941.27091757675  6939.78597053143
10222000  -6942.92436520379  6941.74778262364
10223000  -6944.37127104287  6940.06522950274
10224000  -6943.64207895131  6941.09451303462
10225000  -6945.31136851348  6943.17893437976
10226000  -6949.42547454391  6942.94681494519
10227000  -6948.74203739837  6943.04036828759
10228000  -6948.69254654557  6942.57151524615
10229000  -6946.99216671597  6943.46697479412
10230000  -6948.09784279642  6944.81091386286
10231000  -6948.45960965877  6944.42068661939
10232000  -6947.77723508097  6946.16024004542
10233000  -6947.54101256642  6946.50771266673
10234000  -6947.70164873209  6945.49285139557
10235000  -6948.43297694782  6947.2407014657
10236000  -6950.99758968324  6945.56347108133
10237000  -6949.72648102954  6949.22782543134
10238000  -6952.02472300328  6949.97054255705
10239000  -6953.37870500119  6948.24690671449
10240000  -6952.14204279971  6949.86503734134
10241000  -6954.34978810453  6949.32511520881
10242000  -6953.60380686354  6951.5870104556
10243000  -6954.75654593316  6953.06941660854
10244000  -6954.86017752526  6950.78618298491
10245000  -6956.72649836693  6951.60401704908
10246000  -6954.34999093199  6952.66612692301
10247000  -6955.45499778993  6950.85830859141
10248000  -6955.3361324473  6953.39615299767
10249000  -6955.67946992479  6954.19383226691
10250000  -6957.20068062121  6954.5692942148
10251000  -6959.23165742315  6955.3992700586
10252000  -6959.45941229662  6958.28693690557
10253000  -6960.81975639313  6958.72965245921
10254000  -6959.70475844  6956.73024865636
10255000  -6957.4870814214  6956.68336620655
10256000  -6959.23661711772  6961.13410821942
10257000  -6959.12927770974  6959.61390084044
10258000  -6960.00449220559  6959.43520767251
10259000  -6961.85432184252  6962.48573052659
10260000  -6962.59497112509  6964.07144497183
10261000  -6964.27667989912  6962.05731375123
10262000  -6965.47803041979  6962.58430827065
10263000  -6967.43328468302  6965.35074483195
10264000  -6969.50118568567  6964.59702150232
10265000  -6970.62639557667  6964.324583484
10266000  -6970.40628984422  6963.91053028699
10267000  -6971.47799346547  6964.9136440142
10268000  -6971.1547759878  6965.97491802947
10269000  -6969.38439901827  6967.62600138653
10270000  -6971.02458141444  6968.57442618103
10271000  -6971.80628301882  6967.66721153957
10272000  -6973.78148575889  6968.55919591324
10273000  -6975.03177170901  6968.62140744281
10274000  -6977.71238004996  6969.75941683694
10275000  -6977.89812550715  6971.25534717003
10276000  -6977.95364619103  6969.48318132123
10277000  -6979.85011191359  6970.88507612989
10278000  -6978.96734873765  6969.92525977736
10279000  -6981.25267532608  6971.45804125633
10280000  -6981.56696556057  6970.85374963975
10281000  -6985.24499731152  6972.5506666602
10282000  -6985.43041820091  6973.28144152499
10283000  -6985.66018517556  6973.6767418457
10284000  -6986.10847057729  6974.79334443934
10285000  -6986.67651905593  6975.03012556932
10286000  -6986.90355247879  6976.9689522799
10287000  -6986.00084385303  6977.32298887078
10288000  -6987.90529150695  6979.55045479946
10289000  -6986.61870680058  6981.72389123017
10290000  -6984.61423112901  6980.81631221053
10291000  -6986.22985156769  6981.60725407961
10292000  -6985.19277130445  6981.88585210286
10293000  -6985.15723461902  6983.33853301865
10294000  -6985.28456282199  6982.57227521548
10295000  -6986.15797130168  6983.85941250704
10296000  -6985.48082898797  6984.08333590588
10297000  -6986.5944058284  6984.84756612272
10298000  -6987.04268985465  6986.71179448624
10299000  -6991.44818986509  6984.39525491343
10300000  -6993.51066922836  6986.97401654632
10301000  -6992.42175247948  6986.26970682995
10302000  -6991.29675681006  6986.7684191869
10303000  -6990.55738279681  6985.46750967515
10304000  -6993.26057590004  6986.26517933914
10305000  -6995.23489778404  6986.37625051181
10306000  -6995.65101505332  6988.17958945949
10307000  -6996.33154413363  6989.26104753218
10308000  -6996.06289224686  6988.40477273784
10309000  -6999.11999600514  6989.89397647633
10310000  -6999.14185142801  6989.63319699494
10311000  -6998.15426986099  6990.58530333927
10312000  -6999.47296190698  6991.9633358155
10313000  -7000.50705480418  6994.3726799223
10314000  -7004.11513776459  6993.33982550469
10315000  -7002.52640019325  6995.51785122599
10316000  -7002.23465917347  6995.25527764647
10317000  -7002.16266775298  6997.0412763102
10318000  -7003.51835427001  6997.29903455426
10319000  -7004.77781817892  6998.12514900075
10320000  -7003.69492515383  6998.77088683121
10321000  -7004.52492232683  6999.75656318189
10322000  -7003.80649468875  6999.73911100451
10323000  -7004.28868849064  7002.56084980333
10324000  -7003.44997588426  7004.66285199013
10325000  -7003.39918146138  7006.00059184336
10326000  -7002.89275106494  7005.0116521267
10327000  -7006.12372529843  7005.69569953382
10328000  -7006.30156458426  7004.75489758454
10329000  -7006.70357769192  7007.51648082041
10330000  -7007.70755051647  7007.86217907521
10331000  -7008.69508659496  7007.01051602511
10332000  -7010.97684936721  7005.50084409522
10333000  -7009.92798594122  7006.24552012136
10334000  -7009.05648291833  7008.02672618535
10335000  -7011.72862498228  7006.74470996573
10336000  -7012.13035246181  7007.23349531601
10337000  -7012.22868483207  7009.07228916455
10338000  -7013.79922657514  7011.99301981999
10339000  -7014.48131843486  7010.87361841634
10340000  -7015.88721224885  7011.09302726111
10341000  -7014.70870038515  7011.62609166888
10342000  -7014.25410095813  7014.3157996763
10343000  -7015.12259296412  7015.76094065295
10344000  -7016.13093015667  7015.4582350823
10345000  -7018.17314300128  7017.36701059045
10346000  -7016.0347545406  7017.48487090424
10347000  -7017.63019140618  7019.44279900594
10348000  -7017.33087092053  7019.80723870101
10349000  -7019.49438090587  7019.97388047623
10350000  -7022.34662526265  7019.94922007264
10351000  -7024.33844639579  7020.44430391573
10352000  -7023.38909756883  7019.35515746985
10353000  -7021.29645618057  7019.70540245143
10354000  -7024.69003688125  7021.11842607126
10355000  -7024.72843978772  7021.46411840373
10356000  -7024.73072902311  7021.75909748872
10357000  -7025.51151711645  7020.76959565884
10358000  -7027.96176644857  7022.01354313325
10359000  -7029.56625060246  7023.60128599439
10360000  -7029.39263381825  7025.2552980491
10361000  -7028.97226157405  7023.59925249886
10362000  -7027.29046285762  7024.34513742593
10363000  -7026.69596753861  7025.82008505794
10364000  -7032.34268111504  7027.94614543836
10365000  -7030.65540514001  7029.31169625247
10366000  -7033.65781807389  7029.90841218408
10367000  -7033.44176592272  7029.07987236931
10368000  -7032.82372850087  7031.61621774111
10369000  -7034.0227247955  7034.10582817589
10370000  -7033.18673467061  7033.63482037035
10371000  -7034.20379310927  7032.28250444084
10372000  -7035.42542427105  7034.79044637347
10373000  -7039.81785265492  7033.5870516653
10374000  -7037.07330114189  7035.370248658
10375000  -7039.41003844163  7035.44909314518
10376000  -7037.55875223809  7036.16824968525
10377000  -7038.85154581247  7036.54338452096
10378000  -7038.64659661182  7036.52468259688
10379000  -7038.30203413947  7037.48433835285
10380000  -7038.52543295942  7038.64812257934
10381000  -7038.36183597618  7039.15177152699
10382000  -7042.80314268797  7040.19488381061
10383000  -7042.03083517481  7039.1597869964
10384000  -7040.71312579839  7040.90847538801
10385000  -7043.44111898101  7039.65352975767
10386000  -7042.7755202317  7039.33921997468
10387000  -7043.05656258451  7040.44486592703
10388000  -7043.44316152613  7041.60473437277
10389000  -7045.06135562114  7042.00365962498
10390000  -7046.70980094159  7044.99778206116
10391000  -7046.59978918451  7045.34072022191
10392000  -7047.67808163686  7045.88530623289
10393000  -7046.78676410468  7047.01912487686
10394000  -7049.07328847982  7047.75019893749
10395000  -7047.87296986286  7047.87729553671
10396000  -7050.54893222232  7049.16922295023
10397000  -7051.95984424709  7050.58466480685
10398000  -7051.33093245163  7051.48242187423
10399000  -7052.8323170888  7052.83149103221
10400000  -7049.9771937615  7053.9866311401
10401000  -7051.59902071901  7053.97209416165
10402000  -7052.12806262728  7054.53816092826
10403000  -7052.84627027567  7056.10163206467
10404000  -7053.2858775333  7054.91009983517
10405000  -7055.21700137521  7056.62431256585
10406000  -7056.27546464666  7057.04686523512
10407000  -7056.6520187395  7058.89083225757
10408000  -7056.16184276877  7060.53277542255
10409000  -7058.88874274837  7061.40380309006
10410000  -7058.20655254075  7061.6593027839
10411000  -7061.42347361272  7061.703195933
10412000  -7060.63329548692  7064.46933507775
10413000  -7060.971212334  7063.7013641617
10414000  -7061.57586137575  7064.03418289551
10415000  -7064.02067146179  7064.3444857107
10416000  -7063.84524396461  7064.10760148326
10417000  -7065.12647659303  7065.17132477863
10418000  -7066.92211270216  7068.61062205364
10419000  -7066.60171310512  7068.60094424624
10420000  -7067.82615655872  7069.44844710177
10421000  -7065.55980254986  7070.56775830226
10422000  -7066.61102840779  7070.94263328658
10423000  -7067.29991825364  7072.09855036082
10424000  -7069.55840002864  7073.73468450344
10425000  -7069.67605219184  7074.70639639754
10426000  -7071.12397515924  7075.82530117486
10427000  -7073.89826667969  7076.72956432351
10428000  -7071.43609819915  7077.02845708607
10429000  -7074.36976567587  7076.9262810822
10430000  -7071.66695190075  7077.31275304509
10431000  -7072.87253242384  7079.35821518202
10432000  -7073.96413758187  7079.23963273458
10433000  -7075.31683987072  7080.86486507523
10434000  -7077.58405568108  7081.17252502769
10435000  -7076.20539801279  7081.06592077
10436000  -7077.78915383982  7082.81818441502
10437000  -7077.02456153259  7084.4287813356
10438000  -7078.80326309734  7083.47058573166
10439000  -7077.91617240471  7084.3090351802
10440000  -7080.66667118545  7084.39834337571
10441000  -7081.96680427718  7085.02650412735
10442000  -7082.60021409004  7086.09807573487
10443000  -7085.36823485024  7088.28095198955
10444000  -7083.5780436086  7089.05711312692
10445000  -7087.45547416219  7087.10826581561
10446000  -7086.87336259437  7089.41953694434
10447000  -7087.60074810543  7089.71193503016
10448000  -7090.62868771775  7090.40604406906
10449000  -7090.96589659649  7092.54642863588
10450000  -7091.00382217937  7093.30082488139
10451000  -7092.53475245921  7092.86592636033
10452000  -7091.96531033909  7094.97001204951
10453000  -7093.61567501727  7095.1999702302
10454000  -7094.54476324568  7097.26160579828
10455000  -7096.94347963908  7096.96142933831
10456000  -7095.34122041578  7099.14893692488
10457000  -7095.80945540276  7099.59553758943
10458000  -7096.53748882156  7098.41110419096
10459000  -7098.92610465704  7099.2261080302
10460000  -7100.25995150994  7101.21277691496
10461000  -7102.33443260037  7101.63162979501
10462000  -7101.61586568701  7103.11008344887
10463000  -7102.91209219986  7104.56695518148
10464000  -7104.31098793531  7105.23063535573
10465000  -7107.03247619022  7105.56125741942
10466000  -7109.97377989318  7103.91134128638
10467000  -7109.89512003304  7105.92554581296
10468000  -7112.52010437087  7106.5624907619
10469000  -7112.01565938807  7108.87349508533
10470000  -7111.55219132862  7107.63580062496
10471000  -7111.65385255688  7109.94089263717
10472000  -7115.17918262723  7109.41856404067
10473000  -7115.76911528168  7109.76936316807
10474000  -7113.33262356884  7111.72510842971
10475000  -7115.56592254579  7111.49204057639
10476000  -7115.82213483507  7111.9523570863
10477000  -7116.94216270984  7112.96607889733
10478000  -7117.76888889526  7115.05680180419
10479000  -7119.8941527247  7116.37639636938
10480000  -7118.31890436488  7115.59447571679
10481000  -7121.28711246598  7116.97532252676
10482000  -7121.85727651496  7117.61568205283
10483000  -7124.18574445708  7119.81579431959
10484000  -7126.96012594552  7118.93776185271
10485000  -7126.83236537487  7119.10264882738
10486000  -7127.74337229426  7120.64423908078
10487000  -7129.07489289744  7119.37121614279
10488000  -7123.80117068878  7119.91634332007
10489000  -7125.29813498605  7120.69686175999
10490000  -7127.05122879499  7123.61837463351
10491000  -7129.0259264273  7124.22612728261
10492000  -7127.94211328696  7122.88090318902
10493000  -7129.80756389819  7126.05988643142
10494000  -7129.85088227319  7125.84350486199
10495000  -7131.32396322134  7127.88854827312
10496000  -7130.58428359136  7125.71756158141
10497000  -7132.65870495632  7125.63088440252
10498000  -7131.12936880022  7125.42365031699
10499000  -7133.61110779299  7128.28469600401
10500000  -7131.77582427708  7131.1975650093
10501000  -7132.66552151368  7131.24881236644
10502000  -7133.49053342723  7132.12480497026
10503000  -7135.47547123605  7132.74744445533
10504000  -7136.35989677883  7134.55039596702
10505000  -7137.97397441286  7134.18126424019
10506000  -7140.77674621329  7135.2782979027
10507000  -7140.99611082513  7137.1933294106
10508000  -7140.56892754337  7136.291199541
10509000  -7140.96502022119  7137.44322498603
10510000  -7142.35400623178  7139.29825230191
10511000  -7142.93106113932  7138.77467506321
10512000  -7142.61678719748  7138.60813477637
10513000  -7141.91643483884  7140.88094387562
10514000  -7143.84480957304  7141.67989037976
10515000  -7144.94068133795  7144.16851026585
10516000  -7144.28422366243  7145.06567163517
10517000  -7146.71457437792  7145.45052645054
10518000  -7143.78994488506  7145.00203361628
10519000  -7146.17091163166  7145.16165744896
10520000  -7145.02924797134  7145.60925310472
10521000  -7144.61513109176  7145.55537453765
10522000  -7145.57469762308  7146.66810539499
10523000  -7146.81500882818  7147.36464644364
10524000  -7145.55844333592  7147.89891975915
10525000  -7147.40037765801  7148.9439920862
10526000  -7149.78756722262  7149.38196557871
10527000  -7150.73145365584  7151.68823438091
10528000  -7150.67657183804  7152.32268027847
10529000  -7151.3807399314  7152.21939549551
10530000  -7153.14511687581  7153.61978394615
10531000  -7152.25937431728  7152.98855495388
10532000  -7154.49854350143  7153.54531076383
10533000  -7155.3602524202  7154.52779019215
10534000  -7157.26752070122  7153.96386318033
10535000  -7158.40487367083  7154.65481985506
10536000  -7158.76261482335  7153.79316286768
10537000  -7158.43413401777  7154.72996082946
10538000  -7159.39440734787  7155.98762695279
10539000  -7160.27808820122  7156.02995848353
10540000  -7161.86162351201  7156.87329878211
10541000  -7161.18866651135  7156.54910200226
10542000  -7162.47823405304  7157.53685840745
10543000  -7164.44598503592  7157.47885287645
10544000  -7162.61937414017  7159.56758011139
10545000  -7162.21741254215  7159.87011292105
10546000  -7164.85960930652  7161.50666843941
10547000  -7165.04482013092  7163.35581725159
10548000  -7167.26818658843  7164.20986748665
10549000  -7168.60252714355  7165.64562732477
10550000  -7168.43759154763  7165.57599072798
10551000  -7170.4314227815  7166.83750980107
10552000  -7172.5034867402  7166.39873510142
10553000  -7171.82440646618  7169.69362647365
10554000  -7173.07543448673  7168.9418241904
10555000  -7171.74513512148  7170.16395466602
10556000  -7174.18747931686  7171.71425959033
10557000  -7173.29765905168  7169.0094620449
10558000  -7175.20510579704  7170.58965421112
10559000  -7173.61468606769  7173.10636864793
10560000  -7175.68451858141  7172.35337780505
10561000  -7176.95030644556  7173.67836871606
10562000  -7179.51765094096  7175.54885725478
10563000  -7181.35882199201  7174.92373385078
10564000  -7180.86376903692  7176.08174674018
10565000  -7180.54219982882  7178.03032939879
10566000  -7181.61832750688  7179.05911785376
10567000  -7184.39348651626  7180.69037223478
10568000  -7181.93099574795  7180.07121020193
10569000  -7181.36974664773  7180.50062982855
10570000  -7181.68424410676  7181.62145069544
10571000  -7184.58952311453  7184.6898489228
10572000  -7185.39470615264  7186.19906880884
10573000  -7185.33491430417  7188.44409417644
10574000  -7185.92610593109  7189.10957589638
10575000  -7189.21579122808  7189.88597316385
10576000  -7189.6612880839  7192.01323239112
10577000  -7189.04219217219  7190.81013272752
10578000  -7191.5569167704  7191.99495011226
10579000  -7190.69887745559  7192.37908117415
10580000  -7190.08232675328  7191.69342644329
10581000  -7192.18616110319  7190.79156797956
10582000  -7192.42707875726  7191.71731130852
10583000  -7193.88074231156  7192.8272971595
10584000  -7196.49420425706  7196.95115833522
10585000  -7196.45150840336  7194.46528043421
10586000  -7196.51388803735  7197.54812030687
10587000  -7196.00719948082  7196.24202712508
10588000  -7195.25377388464  7198.1301189624
10589000  -7195.48457629231  7196.18286962529
10590000  -7196.25950780783  7198.5580889255
10591000  -7195.98998215749  7200.64103132331
10592000  -7197.74639527066  7201.6843661779
10593000  -7197.17703822551  7201.19802012278
10594000  -7199.07443263951  7201.41415691735
10595000  -7199.50421927232  7203.76644963703
10596000  -7199.39072886392  7204.58105874367
10597000  -7201.35154546126  7204.45831497393
10598000  -7202.08106349429  7204.14589296749
10599000  -7202.30031336449  7203.91993898587
10600000  -7203.52456267469  7202.86665221254
10601000  -7204.14253282794  7204.9540917861
10602000  -7205.5455799671  7203.79549384557
10603000  -7205.1609301967  7205.55991383213
10604000  -7207.51617109449  7205.51935840885
10605000  -7207.25317382656  7206.50859955368
10606000  -7205.66485469442  7205.06570489778
10607000  -7206.89532289654  7206.80429497108
10608000  -7209.09845941537  7206.03451650788
10609000  -7207.15758481576  7206.48264855665
10610000  -7210.49318393665  7210.97952295153
10611000  -7208.93103205379  7210.18554169978
10612000  -7211.93243575486  7212.50477248084
10613000  -7212.15056151841  7210.62556933692
10614000  -7216.27413415723  7211.25555649755
10615000  -7214.75375095399  7211.72730122776
10616000  -7216.83314218589  7212.17040227537
10617000  -7218.14363665636  7211.62135205351
10618000  -7218.62811849527  7213.8159436998
10619000  -7217.7514687305  7214.01361555139
10620000  -7216.71424326327  7215.33439489378
10621000  -7218.70029289605  7216.71994708221
10622000  -7217.33902496433  7216.46909108413
10623000  -7219.46194326092  7216.00100395586
10624000  -7221.55527051171  7217.26869405271
10625000  -7223.43206972443  7216.87046635582
10626000  -7223.58625255811  7216.87170991561
10627000  -7224.65509215494  7218.35798044467
10628000  -7222.49827257574  7216.37044070338
10629000  -7225.20018730308  7219.37664980755
10630000  -7224.34088289784  7220.09591801721
10631000  -7227.50145491174  7218.39560192238
10632000  -7229.36795340209  7218.52152823851
10633000  -7227.39474247356  7220.88173821172
10634000  -7227.57055278729  7220.24061801891
10635000  -7229.51422699837  7223.48450951364
10636000  -7227.85250729956  7224.62805833633
10637000  -7229.24327692166  7224.65320740856
10638000  -7229.62924280293  7225.70559498293
10639000  -7230.16965727006  7227.15667699665
10640000  -7231.60441017069  7226.30321153576
10641000  -7233.30262824166  7227.2830381009
10642000  -7233.31526237399  7227.64406170983
10643000  -7231.87269487276  7229.74179298203
10644000  -7234.37208098742  7232.62321335791
10645000  -7236.68791663122  7231.76040515905
10646000  -7236.44377649129  7233.41514398803
10647000  -7238.49961504311  7233.41435348166
10648000  -7238.12282506065  7235.21638473718
10649000  -7237.33130712771  7233.00333629669
10650000  -7238.42268479957  7235.91014825492
10651000  -7237.95038295687  7235.45363855515
10652000  -7237.81247522857  7238.10657160718
10653000  -7239.2925171677  7238.33681959777
10654000  -7242.43042436174  7239.59468974165
10655000  -7244.14504500371  7239.9097404787
10656000  -7242.4463399108  7240.65566802799
10657000  -7246.14956477687  7240.64640439008
10658000  -7243.62734510839  7242.1897829477
10659000  -7245.14394372143  7242.4806905211
10660000  -7246.94005762455  7239.45144293653
10661000  -7247.91826357445  7243.92568277562
10662000  -7249.07418845532  7244.91945038602
10663000  -7251.02323374484  7245.37572680468
10664000  -7249.83514922396  7243.7821056117
10665000  -7251.44196155533  7245.83693241843
10666000  -7253.19709097688  7247.29892158036
10667000  -7252.22211976916  7246.60093976474
10668000  -7253.7363016782  7247.71713120704
10669000  -7254.13988494677  7248.18550163063
10670000  -7254.63720824392  7248.98826177176
10671000  -7252.05436600771  7249.51745303673
10672000  -7254.59193566911  7246.9331086622
10673000  -7253.87463291981  7248.06752987869
10674000  -7251.43017016262  7247.80912133514
10675000  -7252.90978075447  7250.48155011426
10676000  -7254.16013109509  7251.92365102498
10677000  -7255.29441036652  7249.91081716547
10678000  -7256.9196930277  7251.68257480463
10679000  -7256.42707473292  7255.04801347572
10680000  -7255.56919923051  7254.85195165512
10681000  -7258.79868666258  7254.00374791251
10682000  -7257.57174748994  7254.42078046204
10683000  -7260.09625078819  7254.41654481156
10684000  -7261.43140124609  7256.46287307991
10685000  -7261.14072668393  7256.44735386284
10686000  -7260.73457240117  7258.30261719972
10687000  -7261.34905406282  7258.56449159957
10688000  -7262.06114483452  7258.73019542763
10689000  -7263.81857820734  7259.07778466511
10690000  -7266.72273964084  7260.59211001074
10691000  -7263.55675058529  7261.13072732669
10692000  -7267.08247525314  7262.12177367682
10693000  -7268.85785284126  7261.0037467255
10694000  -7272.08204727578  7261.52123588557
10695000  -7269.37552217935  7261.74293077167
10696000  -7267.50005445682  7265.47845832942
10697000  -7269.47733817654  7266.11155052419
10698000  -7268.47839832545  7266.07144787214
10699000  -7270.3484828586  7269.12047444493
10700000  -7272.47236192056  7267.12040493685
10701000  -7270.2777165162  7268.27588675308
10702000  -7273.09792167986  7268.24170397527
10703000  -7273.55472278351  7266.49250626457
10704000  -7274.03058048322  7267.00108112315
10705000  -7272.75634570284  7269.29499177125
10706000  -7274.81842632834  7268.66898697959
10707000  -7276.71463379223  7268.33375134315
10708000  -7274.34216898936  7271.59747348301
10709000  -7276.5443092296  7271.80828346164
10710000  -7276.42039275617  7275.2058298958
10711000  -7276.06424930581  7273.09033167916
10712000  -7277.39383725994  7274.63884381962
10713000  -7278.78137472412  7276.23676477972
10714000  -7278.43828565873  7277.941505036
10715000  -7276.09465551228  7279.01765419819
10716000  -7278.07291869184  7279.4350531788
10717000  -7280.09674163396  7280.91392036042
10718000  -7279.79726349763  7279.08490698413
10719000  -7280.3567899894  7279.62566527375
10720000  -7278.81351033144  7281.00096124522
10721000  -7280.69506168855  7283.26527223544
10722000  -7280.87615506105  7285.1755940662
10723000  -7282.66361242434  7284.28669175497
10724000  -7286.03887069197  7285.4931659797
10725000  -7286.23582752119  7285.90098021875
10726000  -7285.55297373889  7288.4502291427
10727000  -7287.16853390595  7288.52328363051
10728000  -7289.28655587233  7288.49012847706
10729000  -7291.15258646641  7290.06252561198
10730000  -7292.29027420291  7289.69073642233
10731000  -7290.58324761775  7287.20763983703
10732000  -7291.69451032099  7288.48881030015
10733000  -7293.83421359215  7288.26868316674
10734000  -7291.43658606291  7289.64242340624
10735000  -7293.41587357832  7291.51485780105
10736000  -7294.90351112844  7290.73404799872
10737000  -7296.78291108802  7292.35406011382
10738000  -7296.94805302563  7292.83264408769
10739000  -7297.24083277453  7293.97928115809
10740000  -7296.02513581465  7295.72444404031
10741000  -7298.1128590075  7296.13286051681
10742000  -7296.67730364262  7296.8442292777
10743000  -7297.48242729025  7297.62359808845
10744000  -7299.00500726532  7300.34780899516
10745000  -7297.76174012789  7300.52520701704
10746000  -7299.50109606249  7302.44308099346
10747000  -7297.31054330977  7302.22033670591
10748000  -7300.80005687951  7304.58853088272
10749000  -7301.44279774016  7304.81591722029
10750000  -7299.85474556442  7305.22066500154
10751000  -7299.0016147076  7307.33385911115
10752000  -7302.15622629282  7308.33461503016
10753000  -7304.16656312122  7307.61368106706
10754000  -7302.87538666847  7306.20159075536
10755000  -7304.34630749046  7307.82743846942
10756000  -7306.22789910474  7307.8429391591
10757000  -7305.94641981507  7307.96877153929
10758000  -7306.71348193643  7308.48014594183
10759000  -7308.9168052095  7307.36756788636
10760000  -7309.37351792503  7310.20228511528
10761000  -7307.83254140195  7310.49073868194
10762000  -7305.98620146122  7310.43899759922
10763000  -7310.06965767608  7309.70166449765
10764000  -7311.1578164973  7308.63972397331
10765000  -7314.07770811594  7310.75912812479
10766000  -7314.19510722562  7311.32580658344
10767000  -7314.15794553084  7310.80078709298
10768000  -7315.25768053897  7311.2055780912
10769000  -7314.70476132753  7310.89733608873
10770000  -7314.984074898  7311.14138882913
10771000  -7316.908348572  7309.96544422582
10772000  -7318.09402675748  7310.80034939817
10773000  -7321.37808187216  7311.48545639147
10774000  -7320.5669226675  7312.76259540796
10775000  -7320.64534335425  7313.14110538592
10776000  -7320.04329515387  7313.92730007773
10777000  -7319.5744328461  7313.90387847892
10778000  -7320.65769484292  7316.34771584022
10779000  -7323.20894265487  7316.9945647218
10780000  -7323.18241358573  7317.54593953532
10781000  -7323.50725149113  7316.26671744837
10782000  -7321.55980576371  7316.89612776595
10783000  -7324.00991820195  7317.75957524358
10784000  -7325.60932376025  7320.18069334141
10785000  -7324.57960833134  7317.17708424093
10786000  -7323.44651068051  7320.19041390259
10787000  -7327.05380902904  7319.37130370516
10788000  -7326.55251225136  7320.0157525667
10789000  -7326.55499712254  7321.87278879694
10790000  -7328.77732666586  7323.362286669
10791000  -7328.05346432518  7325.13507830495
10792000  -7326.26409255252  7325.36289673409
10793000  -7325.49023697318  7327.87732207086
10794000  -7326.14019329995  7328.09902266563
10795000  -7330.5350272508  7328.85403322924
10796000  -7328.42346387619  7331.12136727907
10797000  -7327.71012870653  7332.52836528897
10798000  -7327.38416868184  7332.9649214208
10799000  -7326.21092858453  7331.85647957342
10800000  -7329.35509415644  7332.33336050118
10801000  -7329.46024906597  7331.31087989902
10802000  -7328.70379129495  7332.53678447963
10803000  -7327.78442781855  7334.79405313669
10804000  -7332.94249044273  7334.25627501136
10805000  -7332.0316229298  7336.20383711771
10806000  -7332.16228580845  7335.2259856721
10807000  -7332.27561833111  7336.46075796781
10808000  -7335.07502689224  7335.332476523
10809000  -7334.37097005675  7334.98067244886
10810000  -7334.73328558716  7336.50400731163
10811000  -7334.52025356848  7337.15430749693
10812000  -7336.39600118768  7338.70090252448
10813000  -7334.32558119557  7338.47327789064
10814000  -7337.84731891795  7338.39375227438
10815000  -7338.12529417855  7338.39148390223
10816000  -7339.37900317947  7339.42906632815
10817000  -7339.31218276569  7339.36858933192
10818000  -7339.47151525042  7341.5488673951
10819000  -7343.12373677846  7340.95223464062
10820000  -7342.27836191456  7341.0864934722
10821000  -7342.11948112024  7340.69443049706
10822000  -7342.85649619747  7341.86833593609
10823000  -7344.95516219341  7344.0373019993
10824000  -7347.10233925381  7342.69899772229
10825000  -7346.56362945352  7340.07637458455
10826000  -7346.05385752822  7342.17697707125
10827000  -7348.44321087858  7340.50287826044
10828000  -7349.02398030382  7340.74380857815
10829000  -7350.38180671017  7343.29742394527
10830000  -7349.81830979229  7346.86867358965
10831000  -7347.50986184234  7347.56989093761
10832000  -7347.38729791129  7349.80114945758
10833000  -7350.01517295199  7350.35444870577
10834000  -7351.63346769307  7353.4281625738
10835000  -7352.09612377106  7352.56259189548
10836000  -7354.53590194741  7353.86664793038
10837000  -7357.38888908239  7353.64545267033
10838000  -7358.51980556444  7353.33433748518
10839000  -7359.71529561541  7352.37859405595
10840000  -7358.61891273373  7354.13294339666
10841000  -7361.87322607002  7355.14338603899
10842000  -7363.08414815255  7354.91273625231
10843000  -7362.33334561692  7356.55038400048
10844000  -7364.41904669766  7357.74875604134
10845000  -7364.0940100833  7358.35189508555
10846000  -7365.45508240722  7359.29487238237
10847000  -7365.37962677711  7361.29599135744
10848000  -7365.51732254717  7361.20811979868
10849000  -7367.84377103683  7361.95629662834
10850000  -7368.55977039192  7364.40265914244
10851000  -7366.19553282693  7364.81068508994
10852000  -7367.06441645065  7365.05077325547
10853000  -7367.14366242004  7368.11013170105
10854000  -7367.01866252891  7366.84875758119
10855000  -7367.87515477522  7367.69567752693
10856000  -7366.90769059787  7368.29938271451
10857000  -7369.26855872659  7371.30280511934
10858000  -7368.42126929569  7372.1296535826
10859000  -7369.37933856722  7373.18203103456
10860000  -7369.41126519203  7371.17848149908
10861000  -7370.40253641275  7372.08835316764
10862000  -7372.68914747423  7373.19956853652
10863000  -7374.11177578316  7374.27267804544
10864000  -7372.0736199742  7373.95296876335
10865000  -7375.71705982911  7374.02123473951
10866000  -7376.8471582608  7375.86477672567
10867000  -7376.4435871974  7376.60569752577
10868000  -7376.48370390806  7376.87297457615
10869000  -7378.77765550203  7378.52020023503
10870000  -7380.65698492658  7378.16548557498
10871000  -7380.65494581205  7380.6971963283
10872000  -7379.5916853045  7380.05816436515
10873000  -7379.31531787191  7382.31338946964
10874000  -7384.12249286325  7381.67823136226
10875000  -7381.24200277968  7383.55093939431
10876000  -7385.48809704216  7384.62125336993
10877000  -7383.59924914033  7383.01073538425
10878000  -7384.02093914408  7383.71411093414
10879000  -7386.57775303898  7380.85968983071
10880000  -7387.99298304683  7383.36893367755
10881000  -7387.98149923392  7381.80286162534
10882000  -7390.35108410789  7382.8092945412
10883000  -7389.28139771499  7386.11903950379
10884000  -7390.96671516939  7384.2988987841
10885000  -7390.4387961666  7386.63350683719
10886000  -7391.36640990314  7387.55126033289
10887000  -7390.89167705906  7387.24447367237
10888000  -7391.51164260459  7388.23729811643
10889000  -7391.88410579223  7387.86262289965
10890000  -7392.50015656806  7388.28616116779
10891000  -7391.99445807821  7388.18192998266
10892000  -7394.34636100552  7389.64529310653
10893000  -7394.88473371099  7389.49675691476
10894000  -7392.74310859202  7388.88527760129
10895000  -7394.47625416664  7389.4635379915
10896000  -7392.67122213951  7390.13066894729
10897000  -7394.41102641287  7389.66532090187
10898000  -7394.57099274277  7389.91366160656
10899000  -7396.06053581622  7389.88795395872
10900000  -7397.8932736968  7388.53830476746
10901000  -7398.78344508101  7390.86331118442
10902000  -7399.91108234357  7394.70354760486
10903000  -7401.84889870179  7395.10344334661
10904000  -7401.87597342755  7398.50456020152
10905000  -7401.86686774549  7399.11348383768
10906000  -7404.13669520525  7400.45630351582
10907000  -7405.8824569695  7401.37184698832
10908000  -7405.32279667208  7400.97677855529
10909000  -7407.94771000622  7401.34202012752
10910000  -7407.98213841804  7401.28917379666
10911000  -7410.53259792697  7401.68692800489
10912000  -7410.49872722112  7401.85075947953
10913000  -7413.76250524299  7401.78665372687
10914000  -7412.41030200016  7403.13053416971
10915000  -7415.39369266645  7401.2155660252
10916000  -7413.48215891277  7401.30367392895
10917000  -7413.17074925725  7402.1212036623
10918000  -7414.59560858427  7403.15676142499
10919000  -7415.19840664004  7404.8648509314
10920000  -7416.5087444667  7406.71065578066
10921000  -7417.70373237507  7408.08140154918
10922000  -7421.48354203066  7408.90657040557
10923000  -7421.70135298337  7409.56420755095
10924000  -7422.63999458235  7410.12808318546
10925000  -7421.05729139923  7412.26184152631
10926000  -7421.83367164566  7413.3203042094
10927000  -7421.94529476643  7413.82316961898
10928000  -7422.56662791742  7413.46251402581
10929000  -7421.14940819462  7417.82326752595
10930000  -7422.73192949243  7416.13292258096
10931000  -7421.94558903719  7419.11839145272
10932000  -7423.23861144415  7419.03980761013
10933000  -7422.10596039844  7421.44200222931
10934000  -7425.34041314871  7419.33521126016
10935000  -7425.27722314523  7420.87159019479
10936000  -7426.19573785778  7421.88634730138
10937000  -7427.54291768074  7423.83029830871
10938000  -7428.71869834226  7423.28256687676
10939000  -7430.44564868394  7421.33879743805
10940000  -7430.90264706964  7421.29870922277
10941000  -7434.3183868042  7422.73168190903
10942000  -7433.46035198152  7424.91497946508
10943000  -7434.19701030016  7426.50085294255
10944000  -7435.85598014318  7425.44851549629
10945000  -7435.82834288672  7426.05416778122
10946000  -7437.44166754109  7426.06654883039
10947000  -7436.93877475695  7425.21317739883
10948000  -7437.45772767219  7425.49698056555
10949000  -7436.04707057338  7427.59580784466
10950000  -7436.01945445783  7429.56885919578
10951000  -7436.62700419896  7428.85435437883
10952000  -7438.11992655236  7429.81156407411
10953000  -7438.39254616712  7431.310095074
10954000  -7438.09868437629  7433.25431642483
10955000  -7438.85820238793  7431.70074361818
10956000  -7441.44147551298  7433.14157958237
10957000  -7442.27920158129  7435.54705869477
10958000  -7441.20795455018  7437.60921137746
10959000  -7441.75518851458  7437.92639760779
10960000  -7441.96027579622  7441.02288258651
10961000  -7445.54244798522  7442.25887717918
10962000  -7444.76809531493  7441.00854564151
10963000  -7444.91842319614  7443.81728258452
10964000  -7447.41015469646  7445.47776485461
10965000  -7450.15768923976  7445.95096539516
10966000  -7450.01041745091  7445.55765962651
10967000  -7449.71664206884  7445.87391347831
10968000  -7452.71039780045  7447.72405593831
10969000  -7451.48288212547  7447.93865891606
10970000  -7452.09398996458  7449.09683184208
10971000  -7453.6182348347  7450.54693735387
10972000  -7452.36093819093  7450.68365741458
10973000  -7452.77862732098  7450.04064039375
10974000  -7455.80846742545  7450.69231316242
10975000  -7456.97807914543  7451.50327325575
10976000  -7457.36621980864  7453.72846345065
10977000  -7459.06959100836  7452.35578889986
10978000  -7458.12262572907  7454.54594399224
10979000  -7458.25415052079  7456.19973133661
10980000  -7460.25751714503  7457.14497291472
10981000  -7460.22046085232  7456.88718220497
10982000  -7462.42161316681  7458.72885799573
10983000  -7462.58092875879  7459.90076996262
10984000  -7465.84429519597  7460.56209100404
10985000  -7464.78416579725  7460.2889247201
10986000  -7463.10162709407  7460.08102590011
10987000  -7464.52209099158  7461.58446485051
10988000  -7465.63198711408  7461.71475150891
10989000  -7464.85183917622  7461.17418616647
10990000  -7466.69113648795  7462.67788417262
10991000  -7466.26056934111  7463.15863465506
10992000  -7466.74908056324  7463.50849298677
10993000  -7468.6927746157  7464.84521147574
10994000  -7469.83922712999  7466.10744948132
10995000  -7469.92111275361  7466.80872025778
10996000  -7470.3772657268  7466.19492167966
10997000  -7469.34938673385  7466.37304919274
10998000  -7469.28639613783  7465.16216000178
10999000  -7469.84563595559  7464.19908932536
11000000  -7469.35439393076  7464.11379656626
11001000  -7469.6657656202  7467.72918756821
11002000  -7468.88114900036  7467.37170416524
11003000  -7468.7919542287  7470.02546483791
11004000  -7473.22408929763  7469.6716626056
11005000  -7472.5649711614  7469.27672590459
11006000  -7474.33288929785  7472.15478658924
11007000  -7472.69856957313  7471.81518275408
11008000  -7473.23721832625  7473.07009959501
11009000  -7473.80756292719  7473.84067633456
11010000  -7473.82393278756  7473.55567602854
11011000  -7474.46007182619  7474.84232315491
11012000  -7475.91000329473  7474.57119207697
11013000  -7475.79851321701  7477.04028389696
11014000  -7475.34203595505  7475.40975485891
11015000  -7475.42919927249  7477.94243746401
11016000  -7476.35024658268  7477.78136957382
11017000  -7476.15495701033  7478.39717622756
11018000  -7478.3436961381  7478.51102814571
11019000  -7478.91324392859  7478.79541875382
11020000  -7483.40293661142  7482.28441287441
11021000  -7482.17655988452  7480.97688911825
11022000  -7485.41931530551  7482.89958946128
11023000  -7485.84502635953  7485.94896578652
11024000  -7488.12956956183  7485.5994615517
11025000  -7489.50426000587  7485.18996762085
11026000  -7490.29657625073  7484.32787824515
11027000  -7490.05959492871  7486.47688905691
11028000  -7488.75307643566  7484.58353608001
11029000  -7491.85913882291  7488.20553623439
11030000  -7493.46662451744  7488.12518000028
11031000  -7494.92704770607  7488.20553144156
11032000  -7494.1120884198  7488.13249094111
11033000  -7495.24263628309  7489.62134171872
11034000  -7496.10488633077  7488.12673400451
11035000  -7499.81643698145  7489.42161256683
11036000  -7499.53352602057  7489.38220684804
11037000  -7499.78642729974  7490.61661169121
11038000  -7500.88962903037  7493.19085674015
11039000  -7501.78751028188  7493.90092406547
11040000  -7501.8459384411  7494.64125503869
11041000  -7504.53998289436  7496.12113784776
11042000  -7503.59351360063  7497.09855954421
11043000  -7504.64910056682  7497.71674342808
11044000  -7505.49013245054  7499.02478641328
11045000  -7506.12417607244  7499.59957563541
11046000  -7508.21198484435  7503.18209561725
11047000  -7508.00724281025  7502.61981153534
11048000  -7508.2249663509  7503.67266036802
11049000  -7510.138139764  7503.34597643513
11050000  -7509.60221929327  7503.76873591478
11051000  -7509.13011266477  7505.07985562456
11052000  -7510.46045347889  7506.31984388155
11053000  -7510.96269702067  7506.18333496427
11054000  -7509.61460839895  7508.59925061601
11055000  -7512.28179096304  7512.1707281558
11056000  -7510.80805467293  7512.26094776889
11057000  -7513.03539592195  7512.66685575111
11058000  -7511.01699777783  7512.26971180953
11059000  -7513.09573201336  7513.42821775782
11060000  -7514.88951597352  7515.2794580176
11061000  -7515.07130792909  7515.56387308451
11062000  -7516.68488810629  7516.22465050058
11063000  -7518.95400765195  7516.73339053786
11064000  -7519.05726246116  7518.64503188458
11065000  -7519.98113623578  7517.65445999799
11066000  -7518.82534009624  7519.02479580663
11067000  -7521.0981236373  7519.08183652045
11068000  -7521.26564537747  7520.74432552666
11069000  -7524.05333359211  7520.33305188569
11070000  -7522.72811547844  7520.96708008224
11071000  -7522.12914590872  7521.36334753884
11072000  -7520.99293364033  7523.02328561803
11073000  -7522.92551944938  7521.85634736889
11074000  -7524.06112866384  7522.75353949276
11075000  -7525.33766299961  7524.31248269953
11076000  -7526.41446053376  7525.31132599628
11077000  -7525.34264064052  7524.21463045497
11078000  -7526.66068674065  7524.12369736716
11079000  -7530.19126643921  7525.87936526214
11080000  -7530.72522083419  7525.79270852408
11081000  -7533.53798231151  7527.15866914226
11082000  -7532.27103520539  7526.67660718073
11083000  -7534.59708436896  7528.12664807772
11084000  -7532.73314714796  7527.22481424811
11085000  -7536.78748709941  7528.24185249332
11086000  -7537.24166395515  7528.71204971167
11087000  -7535.36675777789  7529.66247383541
11088000  -7538.2038130398  7531.5283388739
11089000  -7537.12435524282  7533.62883904766
11090000  -7539.91780509705  7533.42193016318
11091000  -7539.14657005762  7536.13166206411
11092000  -7539.75738784735  7536.66417823894
11093000  -7538.48782925617  7536.77967212139
11094000  -7541.19448666343  7537.47568362734
11095000  -7541.30624585479  7537.84365217312
11096000  -7539.67172382551  7540.86869519795
11097000  -7540.86243462991  7540.69203073591
11098000  -7540.04118585412  7541.79568439299
11099000  -7540.94199241312  7540.69779083356
11100000  -7542.09568640959  7543.71478340399
11101000  -7541.99455966252  7544.55740940219
11102000  -7542.7264783317  7541.47035351877
11103000  -7545.78563150181  7545.09758891373
11104000  -7547.95977854858  7545.86329009589
11105000  -7547.76221876448  7545.68425022294
11106000  -7550.49750860143  7547.54559572085
11107000  -7550.18540563136  7549.13869923084
11108000  -7549.67998767493  7548.7484906189
11109000  -7550.03509860583  7548.2327840192
11110000  -7549.49545886965  7549.37237739152
11111000  -7551.40547921621  7552.26997231381
11112000  -7548.66805863407  7554.08722463653
11113000  -7551.24982838373  7552.40439203406
11114000  -7549.78545627085  7552.35058719933
11115000  -7552.3520947727  7554.01199666008
11116000  -7554.2027657059  7554.96034858081
11117000  -7554.7959205588  7554.88221811292
11118000  -7558.45399234437  7555.42136298263
11119000  -7554.84031174839  7559.03650657009
11120000  -7557.80371835122  7557.98172645943
11121000  -7558.47775424134  7557.19074610001
11122000  -7556.91801869893  7559.98220348887
11123000  -7559.3801678775  7558.97261829957
11124000  -7560.70244946999  7561.4055327031
11125000  -7561.98252510293  7558.71314344847
11126000  -7563.25083202528  7559.3132116871
11127000  -7564.27044355297  7560.38862641666
11128000  -7567.06241815244  7559.65671086823
11129000  -7566.22200653989  7561.60552113269
11130000  -7566.96546125556  7561.38930925716
11131000  -7566.15904390107  7561.42795289259
11132000  -7567.61689530632  7560.26372371323
11133000  -7567.49130390869  7564.09438765475
11134000  -7567.63055732997  7564.05184401816
11135000  -7570.17433261742  7563.08255626846
11136000  -7569.74054167602  7565.01031546519
11137000  -7573.29893071519  7565.92681873962
11138000  -7569.95440697846  7565.42008929582
11139000  -7573.08517836309  7565.82127942704
11140000  -7571.2216405849  7565.88773262976
11141000  -7574.24415796025  7567.62880910002
11142000  -7574.21606213714  7571.22035629372
11143000  -7573.73246501925  7572.63884079804
11144000  -7578.11813335803  7569.24126770995
11145000  -7576.09449756023  7570.4129071766
11146000  -7577.84035514786  7574.90627770793
11147000  -7577.95643517378  7572.96529473681
11148000  -7578.12403461753  7573.94421381885
11149000  -7579.58499991919  7573.02354207284
11150000  -7581.75444730373  7574.67620143389
11151000  -7580.19055004863  7576.37270223972
11152000  -7581.40986273928  7576.57921629608
11153000  -7581.89586974398  7575.28984832572
11154000  -7583.62313455867  7575.79855251991
11155000  -7581.99616612704  7577.90545217746
11156000  -7584.54737530698  7577.95199369358
11157000  -7584.93574978052  7580.15545292091
11158000  -7585.67215654108  7581.84365912303
11159000  -7586.43343397594  7581.32963826103
11160000  -7586.18258315625  7584.54255317173
11161000  -7586.67875388764  7585.4391427071
11162000  -7588.58318731715  7586.18698293636
11163000  -7588.48958222401  7587.56993261276
11164000  -7589.46937732898  7589.16050475254
11165000  -7592.54609761806  7591.2737750976
11166000  -7592.32609470487  7591.83326186211
11167000  -7594.25406257782  7591.28929302995
11168000  -7594.85626806199  7595.17393571152
11169000  -7594.67213927993  7595.74301141556
11170000  -7596.33487672139  7594.64112659686
11171000  -7597.92551574264  7596.76263611276
11172000  -7597.76974596522  7597.71789115535
11173000  -7599.2404612291  7596.88034428632
11174000  -7601.20788223015  7599.02507996847
11175000  -7600.0622495188  7601.46909863902
11176000  -7602.01150990476  7601.29557786864
11177000  -7602.64103415084  7601.73250653956
11178000  -7604.70778533056  7600.95248821271
11179000  -7604.44815288066  7604.80289261064
11180000  -7604.96570477194  7607.47193651866
11181000  -7605.64407493862  7607.84006429159
11182000  -7604.63833235278  7607.09355211183
11183000  -7606.61406166612  7607.11658181749
11184000  -7606.42183850136  7607.75469421758
11185000  -7606.60657967153  7608.90415475031
11186000  -7608.05483441787  7610.18718543984
11187000  -7610.29506835199  7612.59637667396
11188000  -7611.62666051126  7612.81358084773
11189000  -7614.96290011081  7614.40148492586
11190000  -7612.37606211901  7614.14474584049
11191000  -7615.45114497915  7614.29423518144
11192000  -7616.37777494943  7612.87170179918
11193000  -7615.80887955687  7615.19734231398
11194000  -7617.99879443161  7614.9944833479
11195000  -7620.19010469129  7617.44659724511
11196000  -7621.72329175187  7615.03740785674
11197000  -7621.68064656128  7615.07111583534
11198000  -7620.99190276799  7615.51890390969
11199000  -7622.90012282042  7615.91536988669
11200000  -7623.01921930232  7616.14089361622
11201000  -7624.38155406541  7618.23582750202
11202000  -7623.53332536249  7619.86096311706
11203000  -7625.00367240141  7621.31822146884
11204000  -7626.34321610425  7622.97940347809
11205000  -7626.2537241577  7621.74360385362
11206000  -7624.94100787898  7623.09598992475
11207000  -7625.52085978034  7620.86547443204
11208000  -7625.2398788163  7620.80975048849
11209000  -7624.55202745461  7621.36284604827
11210000  -7625.43183013201  7623.74750066297
11211000  -7623.53076292537  7624.69261992364
11212000  -7628.79402846089  7625.51014150172
11213000  -7628.35531249863  7626.7989957617
11214000  -7628.69632193916  7626.10624523319
11215000  -7629.37287720916  7627.19812966936
11216000  -7629.62285961725  7631.02361360092
11217000  -7630.44628749959  7630.26270057213
11218000  -7630.92006658648  7631.53136721612
11219000  -7629.39852147634  7631.47264035383
11220000  -7634.88950987904  7632.17397062987
11221000  -7632.97703388663  7632.98151944898
11222000  -7635.87279044177  7634.18751729905
11223000  -7634.95696382605  7635.7534326018
11224000  -7633.60546663398  7635.59508617944
11225000  -7636.07420031913  7638.15932558139
11226000  -7637.59355980427  7639.52835759319
11227000  -7636.80409844059  7636.96821044171
11228000  -7637.25644711823  7638.2266634427
11229000  -7639.67979362042  7639.73704532476
11230000  -7640.2342796424  7640.68468959891
11231000  -7640.67574368608  7641.26910893081
11232000  -7645.39878000717  7643.17208290669
11233000  -7645.91582713075  7645.21906347475
11234000  -7647.10780324825  7645.86999102133
11235000  -7648.18290212151  7648.38151654803
11236000  -7650.57286693947  7649.85926519587
11237000  -7651.7611166929  7650.35634883052
11238000  -7653.83410542477  7650.88739707212
11239000  -7651.4673722483  7653.57407674425
11240000  -7651.97141999011  7653.00855809424
11241000  -7652.85383974752  7656.52809889672
11242000  -7655.72810286001  7656.04964547996
11243000  -7656.34468692616  7657.67336882414
11244000  -7657.69246784454  7658.37967089913
11245000  -7656.34942050328  7659.61250188746
11246000  -7658.31133016825  7658.52567656092
11247000  -7659.92993709854  7659.49365143531
11248000  -7657.56094390783  7661.14938661668
11249000  -7658.49647548146  7661.67552521433
11250000  -7659.49449218254  7660.7327382906
11251000  -7662.29660345063  7664.5041550944
11252000  -7661.08600072654  7664.75610717524
11253000  -7661.49013320906  7666.15878070956
11254000  -7661.6320609363  7663.72491766277
11255000  -7663.98635969211  7666.72259918888
11256000  -7664.15676876572  7664.65706113158
11257000  -7664.2816112339  7664.94344608201
11258000  -7664.05561775514  7664.94398268186
11259000  -7665.61633125675  7665.94495692264
11260000  -7665.3205106684  7665.98722828937
11261000  -7667.15646374022  7665.44897495014
11262000  -7669.01104161252  7667.04998142362
11263000  -7669.46842465281  7666.58829193847
11264000  -7670.59198417788  7668.91471576946
11265000  -7671.37245208209  7668.53790993976
11266000  -7671.30586151208  7667.15221832932
11267000  -7673.75117188028  7669.36276074347
11268000  -7675.75353780102  7669.89344300739
11269000  -7675.21201295709  7669.51694574284
11270000  -7676.09319009356  7668.73230340939
11271000  -7677.74467808195  7670.15969388363
11272000  -7678.23223729365  7670.52564158056
11273000  -7679.75452507098  7671.4032038407
11274000  -7679.20891041003  7672.01586521289
11275000  -7681.86705751024  7673.77988977276
11276000  -7680.66301917367  7673.70925951618
11277000  -7680.99724557673  7674.91659207635
11278000  -7682.05083102597  7675.11845346414
11279000  -7680.37998607759  7675.66719782569
11280000  -7683.28924549418  7677.50210924601
11281000  -7683.21274685933  7678.38243972034
11282000  -7684.72368144053  7679.04264772732
11283000  -7686.15872373197  7680.69373460921
11284000  -7690.52700988374  7681.42654121546
11285000  -7689.12070685466  7682.14427904819
11286000  -7686.06796761069  7683.0691583812
11287000  -7685.59266490884  7683.3876818462
11288000  -7687.26769786706  7683.37196381173
11289000  -7689.30625004781  7682.0533517727
11290000  -7690.60273542759  7683.03855786984
11291000  -7689.05014536611  7682.52368227899
11292000  -7690.53919426665  7684.04669814199
11293000  -7689.98147709885  7685.28677482352
11294000  -7693.5244234974  7684.78803058733
11295000  -7691.58626549434  7684.36921590342
11296000  -7692.79448602504  7686.01503595465
11297000  -7694.83018360635  7686.82335876423
11298000  -7692.5072922886  7686.91403968171
11299000  -7695.33855236937  7685.78238310245
11300000  -7696.71073891144  7686.65151971683
11301000  -7697.19495832012  7690.29536319265
11302000  -7696.11237824543  7692.24634140308
11303000  -7697.85963551856  7692.13740629287
11304000  -7698.50652917135  7690.46230905336
11305000  -7701.17943574173  7693.70074434467
11306000  -7698.75934174848  7693.9709262209
11307000  -7699.52071294377  7694.25601089575
11308000  -7698.90999843831  7696.29360736105
11309000  -7700.56635981466  7697.57380877927
11310000  -7699.22971836438  7695.52308983836
11311000  -7702.15343116383  7695.87929252961
11312000  -7700.99324099357  7698.14695580312
11313000  -7703.0883007422  7697.09684520875
11314000  -7699.50481422617  7700.64418110559
11315000  -7703.10317226522  7699.80339251036
11316000  -7704.85842129328  7701.12492048964
11317000  -7704.00215468168  7700.29806778305
11318000  -7703.98410813598  7699.22354926022
11319000  -7703.45076845722  7700.7966105488
11320000  -7702.18483642705  7702.8212225822
11321000  -7702.88018787059  7704.24701501795
11322000  -7703.45764516457  7703.84304787286
11323000  -7700.25012738838  7706.47451810768
11324000  -7702.99383404105  7705.00870878879
11325000  -7704.80958913757  7705.00935673726
11326000  -7704.76657276549  7706.48795913812
11327000  -7704.94632960551  7708.14493185719
11328000  -7705.37046364486  7709.7388637643
11329000  -7704.95669567918  7708.0918776573
11330000  -7706.34636207231  7708.40440755946
11331000  -7708.74279443026  7709.61885988684
11332000  -7709.92147077999  7711.11060605571
11333000  -7708.8636818285  7711.26132568132
11334000  -7714.93263948374  7711.81065583982
11335000  -7716.33688466303  7712.66943616546
11336000  -7716.44908829842  7712.77523534613
11337000  -7714.15465678262  7713.5370749295
11338000  -7714.23241364983  7716.3724101769
11339000  -7715.9089179629  7716.3684625602
11340000  -7715.85563854251  7716.59191139281
11341000  -7714.98906028084  7716.70843390526
11342000  -7716.71871852426  7717.90443728
11343000  -7716.08338124187  7717.52736659264
11344000  -7718.16516181368  7717.59339631376
11345000  -7717.42517803763  7717.72881590025
11346000  -7718.35161372617  7719.83553024867
11347000  -7719.68217322415  7717.78077352995
11348000  -7720.70117086288  7720.17647345638
11349000  -7720.25650769104  7723.33483981408
11350000  -7720.79177517931  7723.79790751501
11351000  -7723.74062025228  7724.73437367749
11352000  -7724.32762994017  7724.55810335375
11353000  -7725.24705380869  7727.4526813749
11354000  -7723.47782048938  7728.76309412931
11355000  -7724.27979008247  7728.34018553892
11356000  -7723.28571194075  7726.49992652913
11357000  -7725.73312745071  7727.06936173616
11358000  -7726.98101896062  7726.95435845126
11359000  -7727.47152415725  7728.33546129979
11360000  -7729.8407479647  7731.19750844216
11361000  -7728.80873189675  7731.79215193166
11362000  -7727.83770098588  7732.70897838283
11363000  -7728.02007761978  7731.64311655402
11364000  -7728.65693719598  7733.49599765161
11365000  -7726.78035971763  7732.56787655411
11366000  -7728.35810052783  7731.80518186897
11367000  -7730.08426124597  7732.45214523889
11368000  -7730.01620754765  7734.77817699391
11369000  -7730.8553568913  7733.62218413862
11370000  -7730.72408722559  7735.14552100378
11371000  -7732.60743976763  7737.11517856213
11372000  -7733.7364862298  7737.82320555777
11373000  -7735.45628263741  7736.39134629298
11374000  -7736.35904837747  7737.2276196573
11375000  -7737.15373858827  7736.51510084406
11376000  -7738.70686384992  7736.04503594171
11377000  -7741.00333586984  7738.3322291759
11378000  -7740.7561872458  7737.49414791751
11379000  -7742.11500144553  7740.62314806159
11380000  -7743.93134504543  7740.61624020415
11381000  -7744.11638556825  7740.9922646403
11382000  -7742.31894671298  7741.00752955854
11383000  -7745.00539297986  7739.75797533474
11384000  -7742.21826078791  7742.10795194467
11385000  -7741.58388345405  7741.26622737934
11386000  -7743.32765751762  7743.47277809153
11387000  -7742.82438088419  7742.23033366758
11388000  -7746.56086998613  7745.55441723921
11389000  -7746.46058215087  7746.73276580041
11390000  -7748.75034276149  7746.78919511148
11391000  -7748.69668597889  7748.16779921563
11392000  -7749.25711653529  7747.86544012376
11393000  -7751.61463591196  7749.13150129277
11394000  -7750.65985128631  7749.51562703744
11395000  -7753.61859609395  7748.94601969826
11396000  -7752.22619375103  7752.17917899312
11397000  -7752.78753752243  7750.49905828988
11398000  -7753.71875013152  7748.83608603663
11399000  -7753.32464312636  7750.1751166959
11400000  -7752.56864196125  7750.33492987368
11401000  -7751.22404140875  7752.98067460592
11402000  -7754.40704354564  7752.21740026271
11403000  -7756.50573779955  7752.87669881241
11404000  -7758.65101575725  7754.30740617901
11405000  -7759.20987537848  7754.03274452327
11406000  -7757.04942855558  7753.32285374322
11407000  -7758.38903119971  7755.54887407454
11408000  -7758.50337344922  7756.54912486023
11409000  -7757.77439778742  7755.85524603552
11410000  -7760.13573368706  7754.83578020276
11411000  -7761.44260399487  7756.15067020608
11412000  -7760.72213586911  7756.52820561019
11413000  -7764.45241111671  7756.85678682842
11414000  -7763.86440181637  7757.28468271451
11415000  -7766.74732617777  7758.53535202994
11416000  -7765.85874378642  7759.79185774185
11417000  -7768.02364150716  7759.84135138431
11418000  -7768.20945122274  7761.3135177527
11419000  -7769.53590944053  7761.84821665709
11420000  -7772.49935361059  7760.95213562804
11421000  -7772.02286122788  7763.082890922
11422000  -7772.00397879923  7764.00081401556
11423000  -7772.79223467872  7763.02603985702
11424000  -7773.71997139844  7766.89075799967
11425000  -7772.65496217837  7766.64316483296
11426000  -7772.91951446507  7767.66060248205
11427000  -7775.14812596004  7768.94718690972
11428000  -7774.87201838706  7768.02186073332
11429000  -7776.36015310867  7767.67449417772
11430000  -7777.50664518501  7768.42424352156
11431000  -7779.20773203642  7770.47900446226
11432000  -7781.24346617067  7772.97187862069
11433000  -7780.70053850683  7772.90472847722
11434000  -7780.48161784643  7772.31439376415
11435000  -7780.01031475894  7773.09216761628
11436000  -7781.67067915146  7772.62808524931
11437000  -7779.56652445821  7774.28618366076
11438000  -7785.01682991246  7775.74382623116
11439000  -7781.71272604915  7774.62950266263
11440000  -7783.88526977699  7776.10556851662
11441000  -7786.54908917198  7776.29170271388
11442000  -7784.502066209  7777.1379964601
11443000  -7785.88417263697  7776.24850354571
11444000  -7787.45437203572  7777.59373013997
11445000  -7789.17533939691  7777.58741025693
11446000  -7787.37204136212  7780.55422821173
11447000  -7791.02910776774  7780.9274297091
11448000  -7789.81150840591  7779.57570045767
11449000  -7790.25923862161  7781.06190003087
11450000  -7788.85800406803  7781.77061891542
11451000  -7790.92958454567  7784.23841201651
11452000  -7790.12975728113  7786.55087427502
11453000  -7793.89394809131  7785.66557604613
11454000  -7792.84056748743  7786.50920721742
11455000  -7791.35182579419  7787.99769883678
11456000  -7792.76266427425  7787.00925079204
11457000  -7794.49511410264  7790.38541177284
11458000  -7794.98748854108  7790.91617381895
11459000  -7794.80857751904  7792.61846513651
11460000  -7794.36315255523  7793.3397852074
11461000  -7793.94332165539  7793.48656103556
11462000  -7795.79432171846  7793.42152598417
11463000  -7797.72330501197  7792.39597896296
11464000  -7800.43138330416  7793.95295348083
11465000  -7796.42878132894  7794.18837804436
11466000  -7801.81527383867  7795.69061817328
11467000  -7803.30287028852  7794.03038814569
11468000  -7802.98312996836  7795.51627171569
11469000  -7805.25065703544  7796.55611371784
11470000  -7804.95152363489  7798.67630470088
11471000  -7805.34959731096  7799.9297653226
11472000  -7807.4048888023  7800.76331238127
11473000  -7806.71954033457  7800.42086674919
11474000  -7809.88158006903  7803.37068934982
11475000  -7811.33288414299  7804.01355577871
11476000  -7811.67808869232  7801.8436105347
11477000  -7812.12561951185  7806.27235299244
11478000  -7814.74394180657  7808.67774536255
11479000  -7815.34447920968  7809.54479066179
11480000  -7816.44260151751  7812.50907635447
11481000  -7817.27651139646  7811.7985676772
11482000  -7819.68937167215  7811.83752226183
11483000  -7819.83814862683  7815.17186585052
11484000  -7822.33769164744  7814.78146855841
11485000  -7822.18396842126  7817.19233816626
11486000  -7820.94404479318  7817.58285493317
11487000  -7826.12903604634  7817.80010457568
11488000  -7821.11431726109  7820.76423102646
11489000  -7821.9668953932  7822.00877210983
11490000  -7822.23402662367  7821.59762994399
11491000  -7824.20126631254  7822.73876846284
11492000  -7823.02458695129  7823.32896637605
11493000  -7826.50827394175  7824.2282046091
11494000  -7829.15884720754  7826.25106213602
11495000  -7829.23892210248  7826.426000042
11496000  -7829.63916368228  7826.76649975096
11497000  -7832.15457770963  7828.49002563746
11498000  -7830.92184282856  7828.58487833218
11499000  -7833.07246981247  7829.75657278331
11500000  -7832.85081461391  7831.78643937153
11501000  -7833.79187184646  7831.27960972196
11502000  -7834.71939005586  7832.68782099844
11503000  -7836.40138698539  7833.17646719917
11504000  -7837.09435168179  7833.45561527535
11505000  -7838.52395128156  7833.71389412194
11506000  -7840.7306152129  7835.21407037566
11507000  -7841.35676231704  7836.55962522912
11508000  -7840.84974393127  7837.4982185522
11509000  -7841.99825732725  7838.42579127944
11510000  -7844.60444140118  7838.92783340555
11511000  -7846.03752444199  7841.01619401567
11512000  -7846.3290804491  7841.40290065063
11513000  -7849.43550519785  7844.74883726446
11514000  -7846.96482289108  7844.14597257959
11515000  -7848.35780243035  7842.58381479294
11516000  -7847.76773309556  7845.590503061
11517000  -7849.40079537828  7844.70656603684
11518000  -7850.17180485604  7843.24935208821
11519000  -7849.59079000712  7845.25203625619
11520000  -7850.62512586406  7844.10610175538
11521000  -7852.30681463645  7845.94716975924
11522000  -7852.42341486355  7846.44522081304
11523000  -7850.74531878793  7845.79995643504
11524000  -7850.67206888234  7847.18195418124
11525000  -7851.08556553398  7846.06367100885
11526000  -7852.52374227451  7848.75717155656
11527000  -7854.10914227606  7849.47736407274
11528000  -7851.95817257648  7851.74565146788
11529000  -7852.73978682644  7851.51147702381
11530000  -7853.42473037388  7851.68892416994
11531000  -7854.55152643682  7853.74750041237
11532000  -7854.28940184935  7852.47072061644
11533000  -7856.01590896099  7852.81822865175
11534000  -7856.62901845542  7853.95382666439
11535000  -7858.4097494285  7856.39440933819
11536000  -7857.76032909306  7857.22009476052
11537000  -7858.52427987938  7855.43808145198
11538000  -7859.68589347871  7856.34123778943
11539000  -7862.01254197974  7858.28175376289
11540000  -7859.59566151056  7859.49592178801
11541000  -7861.02597333583  7861.12766204579
11542000  -7863.98697519575  7861.38865621115
11543000  -7861.65380354808  7859.81695447116
11544000  -7861.89677056017  7861.48441716698
11545000  -7862.79459174683  7863.10869739329
11546000  -7863.73258539788  7862.99448918774
11547000  -7866.07611065849  7862.944664617
11548000  -7867.16161105064  7866.51190744562
11549000  -7868.59340146598  7867.15008677891
11550000  -7866.95359952448  7869.06058082655
11551000  -7866.87237424124  7870.71870381923
11552000  -7865.71226188533  7869.28503229515
11553000  -7865.38283306158  7871.07707152082
11554000  -7867.08255143746  7872.95647526968
11555000  -7869.36469008328  7873.65765888109
11556000  -7869.59716800731  7873.85118885927
11557000  -7871.92849785336  7873.87379723985
11558000  -7872.16509192769  7875.31773052774
11559000  -7872.32003942246  7874.92090499562
11560000  -7872.61615659571  7876.65304461477
11561000  -7874.52700262633  7877.53238703392
11562000  -7873.23329989169  7876.90296917232
11563000  -7874.14258899637  7877.31542101348
11564000  -7877.8684866233  7878.9271299149
11565000  -7878.38158887098  7880.64676374811
11566000  -7878.93110526467  7880.47272679925
11567000  -7879.13348823172  7880.63416262358
11568000  -7880.20091766768  7880.36686294248
11569000  -7883.77761754179  7879.88599225226
11570000  -7882.35026335307  7878.93211988437
11571000  -7881.56323288284  7881.68882160579
11572000  -7882.73856233577  7881.82179858218
11573000  -7883.64461709904  7882.1846931642
11574000  -7882.79587271228  7879.95987010874
11575000  -7886.36255607533  7881.1751230184
11576000  -7883.84399892872  7882.75134643792
11577000  -7886.19381271689  7881.07197584026
11578000  -7884.63161870589  7882.18372066617
11579000  -7885.79392738596  7882.84240792976
11580000  -7887.15168682446  7884.01425139517
11581000  -7885.83488262866  7884.11009155026
11582000  -7887.84795011329  7885.576814485
11583000  -7887.83914786981  7886.94599999916
11584000  -7888.0043375933  7889.27803708355
11585000  -7890.26528084079  7888.78308236523
11586000  -7891.1962806213  7888.24825927562
11587000  -7890.81784092822  7890.38033582913
11588000  -7890.81830742719  7891.6835173737
11589000  -7891.20351287608  7894.65547828363
11590000  -7890.15858148512  7893.13857204381
11591000  -7892.52849161259  7894.37508333864
11592000  -7893.70659709292  7893.89887993083
11593000  -7894.37525621808  7894.92824610343
11594000  -7891.4138753226  7893.25383791151
11595000  -7894.44635908279  7894.17154553571
11596000  -7893.95208760042  7895.5321973022
11597000  -7897.35202391863  7895.77058701297
11598000  -7898.51698331588  7897.34040705772
11599000  -7898.50319125868  7899.14747700585
11600000  -7896.79527075913  7897.94955499428
11601000  -7899.17536460204  7899.4488343584
11602000  -7899.13353879185  7900.1773456169
11603000  -7899.06954508625  7898.17602673142
11604000  -7900.0302382677  7901.20184116676
11605000  -7901.14447653543  7900.21134460602
11606000  -7902.25848916138  7901.02754974902
11607000  -7901.98285417071  7900.6699119897
11608000  -7901.70593634611  7901.45161074597
11609000  -7902.83836481802  7902.9641311316
11610000  -7903.94565248691  7901.80848600855
11611000  -7904.6190242314  7903.46421505099
11612000  -7903.60630664002  7902.31448855444
11613000  -7907.27093498872  7903.24395511477
11614000  -7906.71907189914  7904.66407582025
11615000  -7906.08268677086  7907.09498349969
11616000  -7906.92981865247  7907.18466577875
11617000  -7908.74828813431  7908.19654820853
11618000  -7909.12636571787  7911.1697613177
11619000  -7908.97208431897  7909.36509467973
11620000  -7909.9514921199  7909.35273327828
11621000  -7911.55858146793  7912.01014212969
11622000  -7910.27931108532  7913.3332753302
11623000  -7908.61746380082  7915.15200490463
11624000  -7911.437909549  7915.20660118172
11625000  -7912.85064864751  7916.29485764209
11626000  -7915.06600562783  7915.59695796219
11627000  -7916.20109072964  7916.48534779694
11628000  -7919.30834471417  7918.65903095102
11629000  -7921.04757322379  7919.73447383727
11630000  -7920.38306474119  7917.43295321369
11631000  -7920.15460285836  7919.37032571663
11632000  -7921.26661926459  7919.62008901959
11633000  -7923.39559456142  7919.1026042663
11634000  -7920.96978858344  7920.86742729554
11635000  -7923.49004087345  7922.43485833558
11636000  -7924.69000931473  7922.52490222496
11637000  -7925.94721206353  7924.07947264139
11638000  -7926.26919268087  7924.96263175274
11639000  -7926.75622741949  7925.95688691234
11640000  -7928.06512283046  7925.40348661939
11641000  -7927.13826392036  7924.73202204601
11642000  -7928.19672757641  7925.60900602903
11643000  -7928.06660001427  7926.33662678437
11644000  -7925.24555667268  7927.31261118878
11645000  -7926.41620717481  7927.8869256319
11646000  -7926.41193410797  7928.47750512074
11647000  -7927.60322568813  7930.46277116886
11648000  -7930.40614844462  7928.82573421925
11649000  -7929.27500577174  7928.20573109407
11650000  -7930.78119341981  7930.45663978863
11651000  -7928.50333546974  7933.25505495661
11652000  -7930.71514504058  7933.446954974
11653000  -7930.03148604655  7931.86747747705
11654000  -7929.92781532453  7932.30739860817
11655000  -7931.50608801257  7932.57504868763
11656000  -7930.31664191091  7936.13080710563
11657000  -7932.17304866351  7937.20430763151
11658000  -7933.29944456008  7935.76356909113
11659000  -7932.84503729622  7935.15106673569
11660000  -7931.59438556041  7936.68365713484
11661000  -7932.21852726986  7937.40128031168
11662000  -7935.08034086338  7936.4302419412
11663000  -7933.15768427399  7935.12866242854
11664000  -7936.30900328621  7935.70308689782
11665000  -7937.92263545503  7936.10818607154
11666000  -7939.28693584465  7936.82773582811
11667000  -7938.36933514691  7938.99950786823
11668000  -7938.27894508308  7941.77453714528
11669000  -7939.43976472262  7941.41566316287
11670000  -7939.67628824578  7942.11396854548
11671000  -7942.12336830253  7940.61787205803
11672000  -7944.95146367241  7942.33338293319
11673000  -7944.82339515766  7943.10616868613
11674000  -7945.20898350397  7942.0837228192
11675000  -7945.6217265608  7943.25057730602
11676000  -7946.88850658256  7944.4061454483
11677000  -7946.64450896365  7945.9807918312
11678000  -7945.31678801  7945.21142341145
11679000  -7946.36285869449  7946.70837791615
11680000  -7947.26855447132  7945.16576832174
11681000  -7946.71478505558  7944.92964999125
11682000  -7948.88050524554  7945.81088868077
11683000  -7949.72646260961  7947.82829046933
11684000  -7948.44673618355  7948.38046984626
11685000  -7952.48259131556  7949.85341974257
11686000  -7949.88649041874  7948.8633132394
11687000  -7953.08459615388  7947.9632233291
11688000  -7951.70813237784  7949.31306700055
11689000  -7952.21283923649  7951.13186133134
11690000  -7953.76210459742  7950.2053781484
11691000  -7954.94250508446  7951.61692973855
11692000  -7957.30110277905  7950.41889116826
11693000  -7958.71953598252  7949.74434363635
11694000  -7958.64787297875  7949.63204510307
11695000  -7959.89897546485  7951.68848010967
11696000  -7960.6964321051  7952.75094205546
11697000  -7960.22333481636  7955.1786439296
11698000  -7962.76903868745  7955.2109538767
11699000  -7963.81857938515  7958.21015018562
11700000  -7964.81671295052  7957.84324621247
11701000  -7964.32665362802  7957.9003911036
11702000  -7965.48561412896  7958.27999367245
11703000  -7964.1749896725  7960.16506390287
11704000  -7965.23189245201  7959.86910837757
11705000  -7966.39585715047  7960.51803534952
11706000  -7967.70227302205  7958.70786329587
11707000  -7966.18669847941  7960.49944914778
11708000  -7967.41466359774  7960.60118643073
11709000  -7968.14373580136  7960.22682464407
11710000  -7969.43506713992  7963.85272849881
11711000  -7970.60320216716  7966.76622559958
11712000  -7971.35759253792  7966.29122049828
11713000  -7971.33747728533  7966.9245890742
11714000  -7971.91962403753  7967.8856219269
11715000  -7973.49024049034  7969.2100995688
11716000  -7975.33339203137  7970.57642843507
11717000  -7977.09596245322  7969.06607723271
11718000  -7977.44171502797  7972.56880146976
11719000  -7975.83491813607  7970.40790306407
11720000  -7978.94555725058  7971.31787508088
11721000  -7980.0833659378  7973.04393769956
11722000  -7980.13961162827  7974.22160905055
11723000  -7980.74148306802  7975.25309885222
11724000  -7983.20483578583  7976.67197628837
11725000  -7984.39541240214  7974.58024646375
11726000  -7988.61725611602  7978.73032399962
11727000  -7987.31511772895  7979.63184767264
11728000  -7987.86779032922  7978.89671074624
11729000  -7988.45276178026  7980.64215606223
11730000  -7986.30586156591  7981.60195281671
11731000  -7988.68905436086  7980.79494396907
11732000  -7990.02947704932  7980.04962066695
11733000  -7988.44592751919  7982.71953636704
11734000  -7993.00978729565  7985.64242116382
11735000  -7993.06242756666  7983.70172320427
11736000  -7990.44434786654  7984.70989188308
11737000  -7994.64427429732  7984.22194892571
11738000  -7995.86756499085  7988.18788721378
11739000  -7994.02278404071  7988.71051162553
11740000  -7995.90176576454  7989.21483245264
11741000  -7997.85914825049  7989.82360938415
11742000  -7996.93437023498  7991.335328309
11743000  -7998.51168165973  7992.08907342089
11744000  -7998.99135016166  7992.06475022611
11745000  -8000.69305140149  7994.57251929943
11746000  -8001.68641423654  7992.49929434375
11747000  -8002.67917902059  7994.47428215752
11748000  -8000.88293116983  7992.46046041872
11749000  -8001.08306261678  7995.52410287178
11750000  -8001.73454692633  7994.79547915671
11751000  -8004.79909944314  7995.49926067016
11752000  -8004.22435572005  7996.28042382055
11753000  -8004.1432901793  7996.1596958729
11754000  -8003.14933854074  7996.36272814976
11755000  -8004.35534864175  7995.13496902282
11756000  -8003.09344325656  7995.8447353402
11757000  -8002.50485434748  7995.87555843502
11758000  -8005.54503795086  7998.13884833399
11759000  -8003.71777219563  7999.59023569378
11760000  -8004.716697134  7999.54637356215
11761000  -8004.05821732722  8001.82439954689
11762000  -8004.70131309401  8002.7927282707
11763000  -8003.41565579499  8002.33975730742
11764000  -8002.9754204957  8004.00525867561
11765000  -8004.24774482804  8003.34828580159
11766000  -8003.19800829438  8005.99493976035
11767000  -8005.35619947519  8003.97752682216
11768000  -8007.02113772113  8004.54812433166
11769000  -8008.04840899219  8003.47683675067
11770000  -8007.05248532392  8002.36528514523
11771000  -8006.43551658753  8004.69248612958
11772000  -8008.4499577367  8005.02028014983
11773000  -8006.82700186517  8005.19054478967
11774000  -8009.61336764001  8006.08901757343
11775000  -8010.15724808946  8007.16864227647
11776000  -8012.35971122298  8007.8854403462
11777000  -8011.32987844965  8008.98384701171
11778000  -8010.31450445545  8010.18358076781
11779000  -8013.78438038119  8010.60112058486
11780000  -8013.42863119482  8007.72457639307
11781000  -8016.10349665793  8011.23528783018
11782000  -8017.06026265937  8011.32797932908
11783000  -8019.14122375734  8011.06650913435
11784000  -8017.61233280843  8009.64154019522
11785000  -8017.80381020596  8011.87852909276
11786000  -8020.12871980251  8012.41993284246
11787000  -8021.81689423085  8011.40169313687
11788000  -8022.83846281305  8015.0321339465
11789000  -8024.50083420801  8015.84168273806
11790000  -8022.90019498159  8015.53165069949
11791000  -8025.29699185998  8016.13942437661
11792000  -8025.02452709118  8018.52071309774
11793000  -8025.47713745648  8019.05205173754
11794000  -8025.25250581966  8020.19119098626
11795000  -8028.13924063443  8020.03726379965
11796000  -8027.71900552305  8020.33104084621
11797000  -8029.29854752242  8020.59326435306
11798000  -8031.09223819528  8022.05870541835
11799000  -8032.77973219084  8024.62999597734
11800000  -8032.63752767099  8023.82079251955
11801000  -8033.15292044649  8025.91163660733
11802000  -8033.64886978843  8027.60180193828
11803000  -8034.13623352322  8028.30803028186
11804000  -8034.07719052713  8028.62732345763
11805000  -8037.08717820563  8031.7877673535
11806000  -8035.99440450405  8031.91628680178
11807000  -8038.79496873833  8034.02138576969
11808000  -8039.27286552572  8033.57876264278
11809000  -8038.82179351664  8035.65667980299
11810000  -8040.15027037807  8038.02528474009
11811000  -8041.17247948881  8037.63030108522
11812000  -8040.34448421279  8039.09265135076
11813000  -8041.0517171531  8037.53780315169
11814000  -8042.69470096358  8040.10065069418
11815000  -8044.53209177779  8039.98199488882
11816000  -8045.8239760496  8041.89491387918
11817000  -8044.30917499981  8040.15466319452
11818000  -8045.60289947036  8042.28263779606
11819000  -8046.5847519768  8043.10343152762
11820000  -8046.42956823234  8043.31189457242
11821000  -8045.62220679616  8043.99395305478
11822000  -8046.59069323541  8045.57112121075
11823000  -8046.42510865462  8047.87924810261
11824000  -8047.41203932589  8047.91065792067
11825000  -8048.20249401137  8049.00158852638
11826000  -8047.26091354042  8049.16542187296
11827000  -8048.62433296367  8049.98614642945
11828000  -8051.76566076528  8048.93870913206
11829000  -8050.6661525981  8047.70208026674
11830000  -8051.27184089635  8051.53048937553
11831000  -8054.01294768742  8049.11269903875
11832000  -8053.58206769819  8050.64462416049
11833000  -8054.88727206169  8054.24054480578
11834000  -8054.55674582311  8053.96482434522
11835000  -8054.0968575413  8053.80462717568
11836000  -8055.19004760865  8055.62537611001
11837000  -8055.37272812636  8055.48596795222
11838000  -8058.57121821354  8054.72853839194
11839000  -8057.54926371502  8054.42867110045
11840000  -8058.07963958697  8055.27026912203
11841000  -8060.93910162888  8055.4753823482
11842000  -8062.83427974241  8056.77497037831
11843000  -8060.2410515141  8056.93475205142
11844000  -8062.02767871529  8055.26564095566
11845000  -8063.38202356292  8057.64261088008
11846000  -8060.92190370275  8057.31454480528
11847000  -8063.37212472832  8060.38908573092
11848000  -8062.41232619843  8059.18894866791
11849000  -8063.69305878349  8060.73327534627
11850000  -8065.14211998512  8061.46635400003
11851000  -8066.29178834388  8063.0067573
11852000  -8065.55103728422  8062.83740370758
11853000  -8067.90312120024  8063.03767325764
11854000  -8068.09535101079  8062.83712974058
11855000  -8070.61177961025  8064.82170182964
11856000  -8069.21119504091  8065.34291508111
11857000  -8068.77329856631  8063.5126129581
11858000  -8071.55880900112  8065.29177582142
11859000  -8070.36262971389  8064.89809300552
11860000  -8070.638543224  8065.41113149708
11861000  -8069.78339869482  8065.33827554201
11862000  -8070.69906544029  8068.53399578584
11863000  -8070.72741269463  8069.47552603678
11864000  -8070.35731532154  8070.5789619949
11865000  -8069.53416475803  8069.62782356808
11866000  -8069.77083150631  8069.88082473963
11867000  -8069.92779418249  8070.48395333832
11868000  -8071.51437021773  8070.06311208533
11869000  -8071.8001235102  8073.62564726519
11870000  -8072.77698040598  8070.32673761605
11871000  -8071.01001264699  8073.13044694645
11872000  -8075.41984353925  8074.06416411647
11873000  -8075.60866519501  8073.68463519792
11874000  -8079.98936983166  8074.16116411796
11875000  -8079.2152454999  8075.7929646566
11876000  -8080.08858702991  8077.48553405254
11877000  -8081.34632711532  8074.76612864024
11878000  -8080.46389635339  8073.50765608293
11879000  -8080.19454116796  8076.07685369253
11880000  -8080.03303174893  8076.1344013249
11881000  -8082.33758064957  8078.37852602691
11882000  -8079.96790605659  8078.59913150735
11883000  -8082.95658753566  8079.79514955431
11884000  -8082.60017944629  8080.02550450734
11885000  -8083.69361167009  8080.47207270252
11886000  -8083.30941329465  8082.69759983537
11887000  -8085.36852091813  8081.58647120381
11888000  -8084.9775833895  8082.42945856467
11889000  -8086.42416844396  8083.22712612188
11890000  -8086.02706427406  8081.98881219832
11891000  -8083.6993043625  8082.46447832739
11892000  -8087.47934616644  8083.56220449186
11893000  -8086.63461064195  8083.46902362746
11894000  -8088.12992801409  8085.80673350093
11895000  -8090.37178495505  8085.59620077259
11896000  -8090.37289775695  8088.16765510453
11897000  -8089.31722990913  8086.93152771583
11898000  -8088.79944829772  8087.93177513442
11899000  -8089.85319924049  8087.02131191358
11900000  -8091.29536435811  8087.25782347319
11901000  -8091.57980399398  8087.91614920477
11902000  -8092.55222074645  8088.06036364074
11903000  -8093.3204961452  8088.05680172594
11904000  -8094.37960019939  8091.05796579379
11905000  -8094.88794099172  8092.86837560344
11906000  -8095.97713142978  8094.23390614921
11907000  -8095.11955691512  8092.31786255835
11908000  -8097.64771725342  8093.59058773591
11909000  -8100.84888095392  8094.75891264072
11910000  -8102.41755890081  8096.31433220354
11911000  -8100.1528129129  8095.16963371594
11912000  -8104.00012795717  8097.03423019883
11913000  -8102.75367159488  8096.43180978279
11914000  -8102.64721165261  8097.81962453649
11915000  -8104.14248831848  8100.35632609759
11916000  -8106.76036892348  8099.44178577554
11917000  -8108.34855300852  8100.55895980494
11918000  -8107.47363557393  8102.56654212
11919000  -8109.1591968733  8102.64488863164
11920000  -8109.74190647996  8101.31141953859
11921000  -8108.47301129758  8102.15249296124
11922000  -8111.22365889914  8104.54383875406
11923000  -8109.65612216329  8104.56378686753
11924000  -8110.22012145902  8105.42558875605
11925000  -8113.87944259395  8105.50541778955
11926000  -8112.8003933482  8107.22990063204
11927000  -8114.06352279377  8109.68963446135
11928000  -8113.52701481281  8109.09103165918
11929000  -8114.66845143193  8111.34873266962
11930000  -8117.57312076544  8111.21876902686
11931000  -8116.45024489292  8113.58172158556
11932000  -8116.34389435456  8115.78079450493
11933000  -8116.8149307802  8117.2741479052
11934000  -8116.65228540032  8116.72751103401
11935000  -8117.91854279661  8115.58101669549
11936000  -8118.4350631333  8115.40810370958
11937000  -8118.77139865016  8116.54323228971
11938000  -8121.59538519769  8116.72465063009
11939000  -8121.36867770483  8117.3973285162
11940000  -8118.69109096953  8119.83368091196
11941000  -8120.10101684282  8120.31159296984
11942000  -8120.49943121598  8121.13279275381
11943000  -8121.92334094969  8123.54965993651
11944000  -8121.48485427308  8122.04494277933
11945000  -8124.94899014653  8124.86946783331
11946000  -8126.49102919933  8125.27184929173
11947000  -8128.41004884124  8126.10508778666
11948000  -8129.14617247298  8125.31485201613
11949000  -8128.79479419429  8128.76207941597
11950000  -8128.14157377465  8129.24363428618
11951000  -8129.49760646704  8128.12393575723
11952000  -8130.61982521878  8129.15641864696
11953000  -8130.21474703346  8129.59952524775
11954000  -8131.08973414899  8131.66030402871
11955000  -8132.15747197901  8129.21983841092
11956000  -8133.35122341693  8131.26479550174
11957000  -8134.00119999776  8132.95444422575
11958000  -8133.52507025585  8132.74588177311
11959000  -8134.92004029073  8134.90923402645
11960000  -8134.27155307045  8133.13783514478
11961000  -8135.64780697661  8133.29025953258
11962000  -8137.53518509293  8134.37809191383
11963000  -8135.63026683258  8133.63219738349
11964000  -8136.33071824883  8134.44825443515
11965000  -8137.22752483215  8136.65040125981
11966000  -8140.02103663456  8136.71376560649
11967000  -8139.04267224742  8135.84546156209
11968000  -8140.03939563889  8137.98957130558
11969000  -8140.1880882553  8138.05598481623
11970000  -8142.05867909878  8139.13806877886
11971000  -8141.44281274201  8137.15299725537
11972000  -8143.69929644533  8136.98310389259
11973000  -8144.52708692541  8137.05006277591
11974000  -8144.98325897369  8137.29969914302
11975000  -8147.49777525671  8139.34522231938
11976000  -8143.61930578132  8136.99252396885
11977000  -8146.13761521333  8139.92735630465
11978000  -8147.44017772107  8141.64570885116
11979000  -8147.82005588037  8144.54461450991
11980000  -8148.94818039765  8145.64965187187
11981000  -8151.13989945138  8145.44976128719
11982000  -8149.83254904913  8145.97800030951
11983000  -8151.45581904179  8147.85500337303
11984000  -8150.85362233314  8146.67784883122
11985000  -8150.94492254597  8148.9221754036
11986000  -8151.61591600496  8147.53535808399
11987000  -8149.40143937308  8147.68588644177
11988000  -8149.86089296879  8148.9815727312
11989000  -8152.72697151253  8149.55947745082
11990000  -8153.37487416769  8149.20591523589
11991000  -8155.25607406437  8151.97558237002
11992000  -8154.35630588144  8150.49581632478
11993000  -8154.57033918127  8152.90235650062
11994000  -8154.95806925378  8152.32403875331
11995000  -8155.39995450264  8155.44318614658
11996000  -8155.72711098389  8154.826197656
11997000  -8157.96521429142  8155.33070321479
11998000  -8159.49144600272  8157.95609245475
11999000  -8158.33662052019  8155.74806808181
12000000  -8160.5782595023  8155.89110494679
12001000  -8160.32901305725  8157.75301099822
12002000  -8159.99556537424  8158.87496927188
12003000  -8163.86307813493  8160.15772663996
12004000  -8166.34612984963  8160.15351642701
12005000  -8163.48226071497  8159.92888624876
12006000  -8163.89072684669  8162.63857669294
12007000  -8163.6320719415  8162.34117007204
12008000  -8163.7109147241  8165.31225953519
12009000  -8164.09694297977  8165.37214490543
12010000  -8167.09358766662  8166.87234194998
12011000  -8168.0623276609  8167.71297026793
12012000  -8169.0944100407  8167.92863792587
12013000  -8168.38373726721  8168.11032364153
12014000  -8168.89996491846  8168.55143267405
12015000  -8169.90315726473  8167.71033383546
12016000  -8170.70520180909  8169.68864349458
12017000  -8168.50205585156  8169.60645351731
12018000  -8172.98445486031  8171.95395160334
12019000  -8172.59449329993  8174.16896609009
12020000  -8175.56326681992  8176.0683777898
12021000  -8176.31139667024  8176.8169860638
12022000  -8175.63850655066  8176.94110923658
12023000  -8179.15396620367  8177.71526288848
12024000  -8177.15587845337  8178.27972241628
12025000  -8180.14547931839  8178.24812150068
12026000  -8178.34827883015  8178.50670937202
12027000  -8180.08985033911  8180.02763944384
12028000  -8180.32420767467  8180.69384634975
12029000  -8182.36993900416  8181.39227351291
12030000  -8181.2165870138  8182.19953082905
12031000  -8181.88267758131  8183.72341622027
12032000  -8183.53002412072  8184.67145011175
12033000  -8184.57712310925  8185.33218329019
12034000  -8186.66036284271  8184.12052060625
12035000  -8187.65969783898  8185.93030928465
12036000  -8183.9185855076  8188.76869186877
12037000  -8184.25031653702  8187.9924676841
12038000  -8185.30055012867  8188.00738943718
12039000  -8185.14860550046  8187.45800833867
12040000  -8184.66704588641  8188.04096051543
12041000  -8186.04783947888  8187.84499759915
12042000  -8185.30766137202  8188.43234036413
12043000  -8187.5730713755  8190.08281237253
12044000  -8187.58518221686  8190.72089135584
12045000  -8188.04269367071  8190.21119612061
12046000  -8188.96365252639  8191.97065366534
12047000  -8192.47876835969  8192.38313209264
12048000  -8195.26767212126  8194.00467570953
12049000  -8194.83262916816  8196.5992717471
12050000  -8197.39284633368  8194.82435698524
12051000  -8199.21007976544  8194.91369605417
12052000  -8197.03301684683  8196.68763304873
12053000  -8197.19929609765  8194.12393261884
12054000  -8199.69892260033  8192.75237646179
12055000  -8196.84576604881  8195.21509624794
12056000  -8198.69782635709  8193.14718964964
12057000  -8198.70978873528  8195.55605220559
12058000  -8200.26411480497  8194.91251691727
12059000  -8200.72635477895  8196.055619435
12060000  -8202.38536379043  8195.93060131688
12061000  -8203.00310896555  8196.74810124609
12062000  -8200.29515672637  8198.6658191772
12063000  -8200.63008407767  8198.96588530197
12064000  -8200.06297763081  8198.77094083343
12065000  -8200.73213222337  8201.20412998902
12066000  -8202.49548974737  8202.38677162035
12067000  -8202.38135977468  8202.46262207157
12068000  -8205.18107693288  8204.61026884733
12069000  -8206.76450168935  8202.36769015742
12070000  -8204.2928035831  8202.88624802407
12071000  -8204.50073554952  8203.96423185006
12072000  -8203.36414087795  8205.50146529959
12073000  -8203.13578770459  8205.00804939052
12074000  -8205.77269946746  8204.39095883257
12075000  -8205.22392409237  8204.22360452521
12076000  -8208.68175300821  8205.07524234392
12077000  -8207.41839569897  8206.00722151456
12078000  -8210.78249067351  8208.25767805447
12079000  -8212.277718012  8209.55095381316
12080000  -8213.46695002336  8210.42465571219
12081000  -8214.95889753549  8212.61096744749
12082000  -8215.58285513789  8211.22566829938
12083000  -8212.99736308429  8213.78784503539
12084000  -8217.10864946695  8214.86161010847
12085000  -8218.009669926  8214.46242667011
12086000  -8218.05424975996  8215.29738480337
12087000  -8219.09938702192  8213.52317567118
12088000  -8220.50070199162  8215.92107005771
12089000  -8219.41999592921  8218.59826853276
12090000  -8222.93200323665  8219.0896022492
12091000  -8222.24340945193  8220.7491026813
12092000  -8223.59992317394  8221.08040601061
12093000  -8222.83212078046  8223.91138673229
12094000  -8223.36187977767  8221.96449947905
12095000  -8228.35921628519  8222.73249714894
12096000  -8225.72067260218  8223.54647285084
12097000  -8227.83132343283  8226.05436144929
12098000  -8226.48595566004  8227.26663456693
12099000  -8230.13616809945  8228.02509735891
12100000  -8228.86527562026  8228.36981012694
12101000  -8228.22378930802  8227.49039646472
12102000  -8231.44701758478  8228.12550932603
12103000  -8234.58860348295  8228.00490302876
12104000  -8232.56767222367  8229.50843404243
12105000  -8234.29881396771  8229.48133965794
12106000  -8236.42641411968  8230.51510634794
12107000  -8235.94309520571  8229.76043326442
12108000  -8235.35919924508  8230.02087855156
12109000  -8236.29211282746  8229.03510344881
12110000  -8236.99491829295  8229.35582249091
12111000  -8235.7891232905  8231.26834655336
12112000  -8235.68342545728  8232.17179591381
12113000  -8236.59504607436  8234.44100753683
12114000  -8237.62151205427  8235.99500041943
12115000  -8239.48920911022  8235.68636359881
12116000  -8238.69913681804  8237.81602122632
12117000  -8239.24948268418  8236.3427029116
12118000  -8238.65041307689  8238.45203368462
12119000  -8240.0764086106  8238.55942094568
12120000  -8241.8369437102  8237.59722296764
12121000  -8240.75899263113  8238.84223264757
12122000  -8242.05057719414  8239.55272375088
12123000  -8243.72620901303  8237.71131668999
12124000  -8243.27522036786  8239.91417447385
12125000  -8243.49812305638  8241.09123945334
12126000  -8244.43987068883  8243.38755329169
12127000  -8243.59333709425  8243.97974301974
12128000  -8246.73275760611  8245.91334351235
12129000  -8245.15142290476  8245.81204929737
12130000  -8246.33638512153  8246.07393992631
12131000  -8245.06170982255  8245.7875609451
12132000  -8247.53791077021  8247.28829828626
12133000  -8248.47748018322  8247.73285644581
12134000  -8248.04667652536  8247.36616601562
12135000  -8246.82485324116  8248.79600539848
12136000  -8247.19520350051  8250.72814405943
12137000  -8250.76037685747  8250.71916152514
12138000  -8251.22145539346  8248.16037942845
12139000  -8252.19333713544  8251.49783695926
12140000  -8253.79811786344  8251.90110011608
12141000  -8253.26357948303  8252.03139494673
12142000  -8254.87116760121  8252.65226933663
12143000  -8256.60090779998  8252.92536879574
12144000  -8259.40067992001  8253.47329777464
12145000  -8257.99015247204  8253.37705519027
12146000  -8258.72624076545  8253.55007764446
12147000  -8257.72373242295  8254.07845767551
12148000  -8260.72390914676  8254.10619853801
12149000  -8261.44044775468  8255.7302483232
12150000  -8260.00366458347  8255.98696280511
12151000  -8262.22071568867  8257.63384986471
12152000  -8261.37101774014  8257.58278438056
12153000  -8262.44130102455  8257.87851407374
12154000  -8262.03582871598  8259.80735732524
12155000  -8264.46119294666  8256.77358345921
12156000  -8264.97462808393  8258.18555990274
12157000  -8263.35367464465  8258.94893572274
12158000  -8264.40954448862  8259.83384423848
12159000  -8262.28731379407  8260.55609500063
12160000  -8262.88748172563  8262.16284081134
12161000  -8263.84015954467  8262.46586655292
12162000  -8265.61522963403  8262.03906278685
12163000  -8267.28371827908  8262.27078740563
12164000  -8265.7859002169  8264.97355190575
12165000  -8266.46165112029  8265.50360708246
12166000  -8267.49007930827  8267.16235469617
12167000  -8268.61414513615  8268.94909221122
12168000  -8268.23314638503  8265.50578151746
12169000  -8269.95475405696  8267.82533772389
12170000  -8271.08794913293  8269.02746647653
12171000  -8270.26451784012  8266.78589502039
12172000  -8272.32728905446  8268.94893934938
12173000  -8271.35538193936  8267.26768420609
12174000  -8272.7620893717  8269.11349063262
12175000  -8274.3635736963  8268.9246248942
12176000  -8273.69508301909  8270.91809473311
12177000  -8274.79121285046  8272.21913055438
12178000  -8275.60489925988  8271.5987663117
12179000  -8275.77469181685  8269.20742864831
12180000  -8277.35306129663  8272.27113973049
12181000  -8276.97190260477  8273.36364899594
12182000  -8279.39133794167  8273.80298254152
12183000  -8280.35345858483  8274.65803875164
12184000  -8280.28462877895  8274.74511489195
12185000  -8280.14388048853  8275.55211458199
12186000  -8280.98956739501  8273.54273766129
12187000  -8279.90742000153  8275.15840361134
12188000  -8280.38468857079  8276.00178315098
12189000  -8284.89440728753  8275.27717075771
12190000  -8284.53790319276  8276.53418819095
12191000  -8285.50508379125  8279.00906120756
12192000  -8283.97780883747  8278.05358834411
12193000  -8284.14729147989  8279.46120053003
12194000  -8284.31728460387  8278.40013333012
12195000  -8285.25151176112  8279.43216977316
12196000  -8283.02332586242  8280.03962454254
12197000  -8282.95473590425  8280.70576276742
12198000  -8286.82876705794  8281.71251276734
12199000  -8285.38949975543  8282.91100591057
12200000  -8286.20611536738  8284.65369947233
12201000  -8286.44318854062  8284.63824539594
12202000  -8288.80927536092  8283.64126051835
12203000  -8290.1881426064  8283.49948799205
12204000  -8288.52751506623  8286.80831335712
12205000  -8288.03952599309  8285.92190206157
12206000  -8288.68450902773  8286.38398439122
12207000  -8287.80592368705  8288.7220950504
12208000  -8287.57292913718  8287.09194780207
12209000  -8289.76086066399  8289.59793045551
12210000  -8291.50467367318  8289.42065265354
12211000  -8291.04755117485  8288.86630180462
12212000  -8291.5718243052  8289.65198154663
12213000  -8293.46912687832  8293.81466334269
12214000  -8292.06981360189  8292.4668974566
12215000  -8290.19982767455  8293.81918266455
12216000  -8290.90463565301  8292.53072074364
12217000  -8291.24163678879  8295.47554505059
12218000  -8292.95449445246  8295.02263331986
12219000  -8294.37162060222  8297.52420423112
12220000  -8292.01251052147  8296.35328135662
12221000  -8292.7628910702  8295.70943111219
12222000  -8294.13941369615  8294.34974673307
12223000  -8296.17318855772  8295.71001449705
12224000  -8296.73451741165  8295.12876960331
12225000  -8296.7412324479  8296.14168396498
12226000  -8293.91747954243  8297.68408539992
12227000  -8296.89081874281  8295.60748517825
12228000  -8297.09097901296  8296.05289489163
12229000  -8297.56936460296  8297.06125656902
12230000  -8301.01743400691  8298.35160340174
12231000  -8301.25717014036  8298.62149216057
12232000  -8302.62200334826  8296.74852700148
12233000  -8302.84140368641  8296.59143693411
12234000  -8302.06049778137  8298.57047730252
12235000  -8301.17969342098  8299.77047412591
12236000  -8305.35575077375  8299.79756437937
12237000  -8304.61710019233  8300.12137697088
12238000  -8304.94283828611  8301.0611878103
12239000  -8305.00696068227  8302.2341730427
12240000  -8305.80788556831  8302.17051801681
12241000  -8303.91393970731  8303.68893850953
12242000  -8304.23617404699  8304.99695143425
12243000  -8305.42516716596  8303.73447813668
12244000  -8308.21466041122  8305.65064194351
12245000  -8309.68757764178  8307.55055857253
12246000  -8308.53739263465  8309.46511894384
12247000  -8312.14813916982  8308.48460923175
12248000  -8309.5301513233  8309.08849604776
12249000  -8311.41173733238  8310.35450030977
12250000  -8311.34682116181  8310.20181238266
12251000  -8310.77360768131  8313.1567899388
12252000  -8311.4305091807  8312.09313890983
12253000  -8314.86081817186  8310.36849617417
12254000  -8314.98680307809  8311.45014351228
12255000  -8317.21780016761  8311.14231900731
12256000  -8317.44753977966  8309.70152746833
12257000  -8317.20651275476  8311.00118982265
12258000  -8318.20155377776  8312.27926165302
12259000  -8316.68848205883  8314.05340875477
12260000  -8316.32162194198  8312.95437924291
12261000  -8316.40957304322  8317.09306206472
12262000  -8319.33138899752  8312.91579997839
12263000  -8320.96877507129  8314.693828994
12264000  -8322.74506344748  8318.27596651569
12265000  -8324.55251455307  8318.35345246575
12266000  -8321.58681771337  8317.43103775645
12267000  -8321.77673674414  8318.58851543796
12268000  -8323.7252194954  8318.15866988812
12269000  -8322.547605843  8319.12904921125
12270000  -8322.37747167192  8320.16658452138
12271000  -8323.84066005825  8321.7773869703
12272000  -8326.06164525651  8322.89995644874
12273000  -8325.08872831386  8322.08136482096
12274000  -8324.8024732972  8323.78250617912
12275000  -8324.26058724351  8324.56292558462
12276000  -8324.88633737338  8326.72209590961
12277000  -8327.46436425064  8327.00809260464
12278000  -8327.48570647712  8326.88722948656
12279000  -8329.93149684983  8327.37065844874
12280000  -8329.45796552884  8329.59703604346
12281000  -8330.6637249061  8328.22393643183
12282000  -8329.77445518836  8330.25208248361
12283000  -8330.22295845699  8332.68076499719
12284000  -8331.86562424624  8330.51685343513
12285000  -8330.82531233761  8331.28532193689
12286000  -8331.41297372227  8333.46865123047
12287000  -8332.31530006477  8332.09370164644
12288000  -8332.63390266813  8331.68115262785
12289000  -8334.29280639362  8333.5409810054
12290000  -8335.00533755691  8334.48727702458
12291000  -8335.26256416483  8336.28462780356
12292000  -8336.78342376391  8336.73071477198
12293000  -8334.79604139997  8338.8306927598
12294000  -8337.72786383279  8337.39299196798
12295000  -8334.35287207616  8340.12785477195
12296000  -8335.73012550286  8340.77175925963
12297000  -8336.21535414218  8341.77451806603
12298000  -8339.36719962524  8342.67623131383
12299000  -8337.06872275563  8341.1510362223
12300000  -8341.23682687589  8341.38377641324
12301000  -8344.20886097002  8341.92103539428
12302000  -8341.34072478799  8341.90847267338
12303000  -8344.23731419217  8343.8905445315
12304000  -8343.77580128541  8345.18514146108
12305000  -8344.61286749614  8344.16659795075
12306000  -8345.14243663477  8344.69611549555
12307000  -8345.25495361079  8346.59702724725
12308000  -8349.07447788598  8342.9599801248
12309000  -8345.23672987883  8345.32584068754
12310000  -8348.86001231242  8346.58497541952
12311000  -8349.20876338176  8345.95657825203
12312000  -8348.35280404131  8346.34666107297
12313000  -8351.7639368129  8347.04827026601
12314000  -8351.17774786386  8348.17506400621
12315000  -8352.90680575301  8347.08907990023
12316000  -8353.08854276234  8348.82028479528
12317000  -8352.83128250197  8352.07334260293
12318000  -8353.59402973475  8351.80192385459
12319000  -8353.62905024934  8350.19756778034
12320000  -8354.77474648747  8351.7099544974
12321000  -8356.93217199776  8352.34882368337
12322000  -8357.84051793305  8352.08617441811
12323000  -8356.77870810641  8353.11958112431
12324000  -8357.74904479714  8353.21776700728
12325000  -8359.1751832801  8354.2929642127
12326000  -8361.24524802122  8357.11013094965
12327000  -8360.23505176118  8359.73074769984
12328000  -8363.14038541967  8361.03563887329
12329000  -8364.8808829193  8358.46540110948
12330000  -8366.51661680203  8361.53403638344
12331000  -8365.86728347024  8360.32922988425
12332000  -8364.62388946189  8361.91395910206
12333000  -8365.79947072114  8363.08645056682
12334000  -8369.73088620898  8364.96333195976
12335000  -8368.3864167988  8364.03730206549
12336000  -8368.71477426565  8365.47539344233
12337000  -8368.20439795606  8364.45407542368
12338000  -8369.25476185962  8366.50201786286
12339000  -8370.91118692939  8365.30208751665
12340000  -8371.6340944356  8365.99298494271
12341000  -8370.90222420688  8365.31795218908
12342000  -8371.63022266785  8365.94572521336
12343000  -8369.95126095595  8368.40434813334
12344000  -8372.63065544  8366.72563756469
12345000  -8373.06045430805  8365.88044273312
12346000  -8370.68816046963  8368.32666647616
12347000  -8369.57897034556  8369.26622524753
12348000  -8371.32528832172  8371.09488532601
12349000  -8370.20240500487  8371.58328647822
12350000  -8374.43110970389  8371.67729392236
12351000  -8373.49086378598  8373.068189753
12352000  -8374.05209933864  8373.77992076256
12353000  -8373.85420031615  8375.25505263035
12354000  -8375.81094530251  8374.98677713108
12355000  -8375.86437802571  8376.03280098816
12356000  -8380.74589937922  8377.70068076581
12357000  -8380.74278069152  8378.93184514632
12358000  -8381.11621127014  8379.30534974101
12359000  -8382.38891893741  8378.28398238089
12360000  -8383.00693819901  8378.33511466954
12361000  -8382.73009402652  8380.59170129117
12362000  -8384.36873000215  8379.52561653776
12363000  -8384.9034107517  8379.94135470446
12364000  -8385.93083300119  8382.95920508381
12365000  -8387.82384829409  8382.56263666612
12366000  -8387.28759678462  8382.3599589535
12367000  -8388.08486433185  8385.12212073221
12368000  -8388.22482927337  8386.30178035904
12369000  -8387.8824629204  8385.29570068353
12370000  -8389.80384637548  8385.75468291834
12371000  -8389.95690075678  8387.21182831355
12372000  -8393.79624897844  8389.75037005489
12373000  -8392.86449750558  8384.54452599832
12374000  -8390.79560438486  8388.93606339792
12375000  -8393.55897835825  8389.46206590687
12376000  -8392.46303103542  8389.31126761225
12377000  -8395.51128137335  8389.44098366245
12378000  -8395.86537788323  8390.1349674741
12379000  -8395.26554537593  8392.85158057386
12380000  -8397.71908724632  8391.51109908543
12381000  -8397.60365537621  8395.30737994691
12382000  -8400.32817743335  8395.84082744161
12383000  -8401.62370405005  8396.96526427361
12384000  -8403.03127618932  8396.72397288927
12385000  -8403.51953793425  8399.3749321019
12386000  -8402.50723817876  8401.71173165361
12387000  -8403.15094543476  8402.66304350035
12388000  -8405.59466610508  8402.74434286073
12389000  -8406.19353750605  8403.87315330602
12390000  -8407.15169486169  8403.94650139173
12391000  -8405.99596233707  8406.29367633115
12392000  -8407.71607788075  8405.78354082362
12393000  -8409.16342026053  8404.92598748496
12394000  -8408.30097582989  8405.86505095817
12395000  -8409.39982919361  8405.56755773793
12396000  -8410.70686410116  8405.21925819258
12397000  -8410.35617349521  8405.93771299995
12398000  -8410.23317628776  8408.57386965819
12399000  -8410.00647276178  8409.66211804469
12400000  -8410.88684079211  8410.05532981665
12401000  -8411.62552061947  8412.47832404388
12402000  -8411.72884658288  8412.86265443315
12403000  -8414.46073919021  8414.40058311996
12404000  -8414.8140141487  8413.63469818074
12405000  -8416.36208174376  8414.41314135056
12406000  -8416.59779033421  8415.2298553888
12407000  -8419.92514548201  8416.35100698359
12408000  -8420.20198826054  8415.17644199058
12409000  -8417.99319058264  8418.38478870942
12410000  -8420.83217453904  8419.05404253764
12411000  -8420.29033398956  8419.98841132049
12412000  -8422.40006010687  8421.13086795923
12413000  -8421.6992979241  8420.14298012373
12414000  -8422.81677855187  8420.81827150718
12415000  -8424.09136739398  8422.92442846322
12416000  -8426.33231083416  8421.60588184503
12417000  -8426.40862017015  8421.93922549062
12418000  -8427.22027838209  8423.07420837962
12419000  -8427.18156529864  8425.05883354247
12420000  -8425.89225524372  8424.1076024759
12421000  -8426.76925309287  8423.72233992577
12422000  -8426.11792361488  8425.61805075675
12423000  -8425.30915606177  8426.99693910487
12424000  -8427.82385572103  8425.60218712988
12425000  -8427.36263462228  8428.25222266821
12426000  -8429.127159144  8426.63852907088
12427000  -8429.61710740553  8427.21670094467
12428000  -8429.6361179684  8429.7830227901
12429000  -8430.39585265626  8428.05130028708
12430000  -8430.8472797967  8429.02746686951
12431000  -8432.68775404334  8432.5550903932
12432000  -8433.4854585292  8432.76047621335
12433000  -8432.45737228644  8429.39871082549
12434000  -8432.85547881376  8431.61847497897
12435000  -8434.78123223573  8432.844013953
12436000  -8436.59114991064  8433.48973175222
12437000  -8436.73181597649  8434.42621723942
12438000  -8438.48801813023  8435.86616201854
12439000  -8441.1541080807  8437.17103932307
12440000  -8442.53068818376  8436.71562288232
12441000  -8444.67210965799  8438.94462138456
12442000  -8445.68227738155  8438.69271461589
12443000  -8447.69516077038  8437.07411430329
12444000  -8446.23780459762  8438.45276434354
12445000  -8448.64291062772  8439.60638712031
12446000  -8447.29790384996  8439.98550460212
12447000  -8448.4952346562  8444.80280972514
12448000  -8448.63983816207  8443.29118414422
12449000  -8450.32295066439  8443.07510402767
12450000  -8451.03276603876  8442.81251981523
12451000  -8452.49243176136  8443.63933440555
12452000  -8453.75551525337  8445.70155496889
12453000  -8454.51383806308  8448.23280203262
12454000  -8452.58456747014  8449.97619689036
12455000  -8452.92469084659  8451.47069872956
12456000  -8453.12081356239  8451.48085169875
12457000  -8453.85976128496  8452.79389052396
12458000  -8455.02479463571  8452.9068595415
12459000  -8455.24095213513  8455.68820445564
12460000  -8454.97119084958  8456.69266756871
12461000  -8457.8355781109  8458.62171555117
12462000  -8457.636580992  8456.92430880575
12463000  -8457.89862523314  8457.36483189771
12464000  -8458.23443676322  8458.30141124016
12465000  -8457.22752105156  8460.38850174776
12466000  -8457.73639081443  8461.92686883061
12467000  -8460.23205877183  8462.78697697403
12468000  -8459.63556392293  8461.95622938292
12469000  -8461.87907490228  8463.27853341549
12470000  -8463.20508585929  8464.28617449525
12471000  -8461.76909700135  8463.27773760355
12472000  -8464.92386058415  8465.66452684608
12473000  -8466.13780998678  8466.72673962828
12474000  -8466.7769846213  8469.50566848524
12475000  -8468.07518531865  8469.51377265179
12476000  -8466.81076845675  8469.67171104051
12477000  -8470.954274036  8470.08917352047
12478000  -8471.10095853517  8469.0676989814
12479000  -8471.95373107033  8469.56454988623
12480000  -8471.58043954395  8469.86251152874
12481000  -8473.32435069484  8470.1517433421
12482000  -8472.26876939991  8470.28483631415
12483000  -8468.84967645315  8470.3548983312
12484000  -8471.52121063313  8470.3968321051
12485000  -8471.5599700215  8472.6678642685
12486000  -8473.09381105492  8473.50603732254
12487000  -8474.7557563497  8474.78283499076
12488000  -8476.39365848345  8474.12323265736
12489000  -8475.23072931237  8473.55491293924
12490000  -8475.75105850502  8476.19225629867
12491000  -8475.13604566514  8474.2925284999
12492000  -8475.85724915343  8474.24254699193
12493000  -8477.79703128009  8474.54097059069
12494000  -8476.95792996973  8474.87307069654
12495000  -8477.07600304568  8475.52377299098
12496000  -8478.69279061855  8478.42847411924
12497000  -8478.97773759262  8477.59341838632
12498000  -8478.98200003406  8479.67173222731
12499000  -8479.02270949759  8480.37600226948
12500000  -8479.81354318285  8482.63910610476
12501000  -8479.49129966236  8480.94976055846
12502000  -8480.17866631867  8482.90523557225
12503000  -8483.61479709263  8484.4509541418
12504000  -8482.61089977388  8485.65202336614
12505000  -8485.75886837442  8483.92881693982
12506000  -8485.93357484162  8483.93851014505
12507000  -8486.65463421728  8484.36148885353
12508000  -8487.9170869766  8483.93025893481
12509000  -8488.26551531216  8485.14721261285
12510000  -8490.4811286662  8486.05813742556
12511000  -8490.9329398369  8489.64845594418
12512000  -8490.70114285636  8488.92131116449
12513000  -8492.38040437112  8488.7161637126
12514000  -8494.60641503713  8488.80071232348
12515000  -8494.56058807443  8490.10043226674
12516000  -8496.6902055685  8489.44672714813
12517000  -8497.22668546238  8489.33700059849
12518000  -8498.28391252336  8491.73504837663
12519000  -8497.57317642434  8490.70566339922
12520000  -8497.84652260155  8490.75421905441
12521000  -8498.11465655349  8493.49912795004
12522000  -8498.83712562145  8494.72282590857
12523000  -8500.44074390624  8493.81469552689
12524000  -8501.57454127857  8493.48898886677
12525000  -8503.22843225463  8495.16549302378
12526000  -8503.95196000962  8495.57894437894
12527000  -8505.17486782676  8496.52871781217
12528000  -8503.08216755015  8498.51748936414
12529000  -8502.75608643221  8497.61173191517
12530000  -8502.73396935554  8499.34184530599
12531000  -8503.98376641072  8499.2192340076
12532000  -8505.64918661514  8499.26610480604
12533000  -8506.43210365994  8501.62502465592
12534000  -8506.74644769717  8503.68087540745
12535000  -8509.2800393259  8504.45370817742
12536000  -8510.43216033193  8503.44568873398
12537000  -8509.18569070935  8502.14289292413
12538000  -8512.75572732173  8504.70483835315
12539000  -8510.84620209694  8506.08404486547
12540000  -8514.13577865097  8505.30355107179
12541000  -8515.01123552019  8507.03339912164
12542000  -8516.07122953248  8509.38225438182
12543000  -8519.03519607048  8509.70183715226
12544000  -8518.20298318002  8511.34257112075
12545000  -8520.21891829697  8510.7095718799
12546000  -8520.59567868275  8512.27141104884
12547000  -8520.06968956115  8512.72176037137
12548000  -8519.4663516325  8512.9656224942
12549000  -8520.89831394902  8511.45792000523
12550000  -8518.91974091025  8511.22992701716
12551000  -8521.24445608567  8512.6425963647
12552000  -8522.94347411198  8515.44464857046
12553000  -8524.02612950935  8515.04287512453
12554000  -8524.7164982247  8514.11704262499
12555000  -8524.91316150077  8515.67761136038
12556000  -8527.25936557306  8515.87345014775
12557000  -8527.56101319986  8515.48004050566
12558000  -8528.61949359227  8514.97865211182
12559000  -8530.14812502373  8516.9809401765
12560000  -8528.13014704074  8515.48211516081
12561000  -8528.94378011585  8518.46414983618
12562000  -8530.44803510995  8518.88920855906
12563000  -8531.71125210139  8520.95248487705
12564000  -8530.24827329741  8521.17946832395
12565000  -8532.02460579607  8521.01453192206
12566000  -8532.29456271251  8522.88369312615
12567000  -8531.93974124003  8523.10732115151
12568000  -8531.61698333735  8525.31498639333
12569000  -8533.52417395312  8528.17692517258
12570000  -8534.59134801734  8529.29219795579
12571000  -8536.59888443203  8528.22417319652
12572000  -8536.70478152156  8531.63704882596
12573000  -8538.36988785618  8533.07819325348
12574000  -8537.97068648092  8534.62108514893
12575000  -8536.90525641521  8534.14413793859
12576000  -8538.21224093704  8535.62260461036
12577000  -8537.73459799423  8535.96678339261
12578000  -8536.96545011601  8537.87932221548
12579000  -8538.70772554285  8537.63760045025
12580000  -8539.21382073245  8538.18781530269
12581000  -8537.70514801465  8537.60397902997
12582000  -8539.73944365395  8538.18411459997
12583000  -8540.61087929902  8538.91390402275
12584000  -8543.43378162163  8540.87559383607
12585000  -8543.6327058435  8541.36514096203
12586000  -8546.92649034901  8544.30674348167
12587000  -8545.98478119154  8543.1005977186
12588000  -8546.41638020439  8545.56512882361
12589000  -8546.84513112291  8545.03404303188
12590000  -8549.57857421894  8545.54419614223
12591000  -8547.12987442948  8548.74935941225
12592000  -8547.87572204902  8546.96442819169
12593000  -8549.61445770548  8548.35818117291
12594000  -8550.46320678679  8546.62328097365
12595000  -8551.15657125659  8548.49456383689
12596000  -8550.42697171247  8551.52832555914
12597000  -8554.23570297183  8549.33876027025
12598000  -8553.72498256324  8551.7144845105
12599000  -8554.35699875201  8553.0793046089
12600000  -8555.36040717648  8553.51014105933
12601000  -8558.69938449213  8555.51690335366
12602000  -8558.56001305209  8556.49824442511
12603000  -8560.04682900247  8557.04160378841
12604000  -8559.36146865363  8555.01799112166
12605000  -8561.06432138103  8556.57773106627
12606000  -8562.71477488005  8559.13614631522
12607000  -8564.94600369792  8559.43420569431
12608000  -8563.53910023761  8561.51735136942
12609000  -8565.57145082665  8560.30899765162
12610000  -8566.09023386373  8560.10705609198
12611000  -8566.90059252  8560.89875438035
12612000  -8565.09298115856  8563.39880103264
12613000  -8564.42731157369  8562.41577266314
12614000  -8565.45324654277  8562.9208339318
12615000  -8566.77649244192  8565.0141730324
12616000  -8568.17423007844  8564.03251494315
12617000  -8566.0438991484  8567.33233428274
12618000  -8568.31870110639  8567.28704297022
12619000  -8569.88129328541  8566.74426857004
12620000  -8570.35164675742  8567.59458694623
12621000  -8570.71676569289  8568.01620469639
12622000  -8568.6203462605  8571.24100327175
12623000  -8570.35992399551  8570.84650955795
12624000  -8571.22102838611  8569.42070422597
12625000  -8573.65210499251  8570.66572625245
12626000  -8573.59304180494  8570.32105395409
12627000  -8575.13705726408  8571.98619907539
12628000  -8578.27380496425  8572.93904390626
12629000  -8578.65987967293  8573.55599418195
12630000  -8580.25195552014  8574.89705038291
12631000  -8580.61144737455  8576.08807815391
12632000  -8580.5051589268  8576.61934982624
12633000  -8580.9266947634  8577.52121303118
12634000  -8578.83684243744  8578.50260910598
12635000  -8579.8046696632  8580.52488381134
12636000  -8582.57881219611  8580.23709444235
12637000  -8580.62725515889  8581.76828802214
12638000  -8581.55443613579  8581.76771401493
12639000  -8582.60888443039  8581.70128006261
12640000  -8583.1430009798  8581.11158885009
12641000  -8587.26610568342  8582.79948713563
12642000  -8586.55900181373  8583.53837253499
12643000  -8588.91555646344  8585.35839414788
12644000  -8588.02164137788  8586.56703097683
12645000  -8591.27607677597  8583.6268869026
12646000  -8591.12161321433  8587.06841632968
12647000  -8590.73042123739  8586.18771899345
12648000  -8588.7872612382  8588.7523770642
12649000  -8591.14367237479  8590.77000731183
12650000  -8591.1701540037  8591.42174276065
12651000  -8590.46573430633  8590.0036466835
12652000  -8592.7766057252  8591.55585780482
12653000  -8593.54507772151  8592.51445014297
12654000  -8593.75964830478  8593.97495359063
12655000  -8590.90607386238  8593.49576027604
12656000  -8592.53443319939  8594.6152252846
12657000  -8592.05616427925  8596.37397312878
12658000  -8594.7738852313  8598.22474851638
12659000  -8593.20131079393  8598.77248482752
12660000  -8596.8849387209  8598.30029745005
12661000  -8596.80175506815  8601.42530518864
12662000  -8596.41890752983  8601.86017910942
12663000  -8596.14360129349  8603.70588488223
12664000  -8600.78563911634  8602.70441059317
12665000  -8601.53034854737  8603.40710350617
12666000  -8601.41595526154  8604.10395244647
12667000  -8603.16460706846  8604.83215511389
12668000  -8600.98862402681  8607.66947315177
12669000  -8601.4553176727  8606.98821307855
12670000  -8603.07270998789  8606.95879854472
12671000  -8604.14319213038  8608.35451311905
12672000  -8604.90109080981  8610.14863302307
12673000  -8605.7618605337  8611.57893141739
12674000  -8606.26650264904  8612.09193659946
12675000  -8606.6490270396  8610.81036325194
12676000  -8608.94076739754  8612.04311488241
12677000  -8606.22348535923  8609.92935309181
12678000  -8608.44032155058  8613.26362725946
12679000  -8609.80882350408  8613.2108106003
12680000  -8611.95764942407  8612.15722197378
12681000  -8612.36661164758  8613.53697432676
12682000  -8615.35647231989  8613.41901384453
12683000  -8613.29472340836  8613.19833678783
12684000  -8615.52551027901  8613.15152173899
12685000  -8612.90158248625  8613.86239274855
12686000  -8614.98340860084  8615.31066193977
12687000  -8615.95383359422  8616.1858829576
12688000  -8614.97623927071  8617.49954610746
12689000  -8617.1557962721  8617.25077214248
12690000  -8615.7032522693  8619.11315301708
12691000  -8618.14306842917  8620.66054251701
12692000  -8619.65825331317  8618.92800228126
12693000  -8620.76288425861  8622.40378285084
12694000  -8619.31800624208  8622.58178341135
12695000  -8620.99550098895  8621.71379683433
12696000  -8620.55982723537  8621.91522660811
12697000  -8622.72497124681  8623.07628146556
12698000  -8623.00794965941  8624.87154628198
12699000  -8622.33796585527  8625.27501816793
12700000  -8623.10284027263  8626.34232730046
12701000  -8623.14450986203  8626.80904424273
12702000  -8626.04750992635  8625.7439175011
12703000  -8626.49762649229  8626.18228074424
12704000  -8626.99588541511  8627.30800728865
12705000  -8627.70406729349  8626.93796555234
12706000  -8629.65422921  8629.06667091296
12707000  -8630.34592719917  8629.77322644188
12708000  -8634.07446408713  8629.41549711732
12709000  -8632.87958846281  8627.38785027154
12710000  -8630.94867947763  8630.25207007259
12711000  -8631.84228578799  8630.68175770609
12712000  -8633.50591002294  8631.30058236678
12713000  -8632.23427815474  8631.01714873366
12714000  -8633.33812182068  8633.74519175414
12715000  -8632.70385864319  8633.0970168595
12716000  -8631.8881902538  8634.50580087326
12717000  -8634.7266951743  8635.18276678953
12718000  -8632.28591815614  8634.42093069328
12719000  -8635.69840935046  8634.59145461088
12720000  -8635.870273356  8636.33406412689
12721000  -8638.00616628348  8635.34836477923
12722000  -8635.93122537685  8636.58224853162
12723000  -8635.24470510499  8635.50169124091
12724000  -8639.8146484898  8638.9350901046
12725000  -8641.82025823421  8638.10579378135
12726000  -8640.95831883218  8636.56979497286
12727000  -8640.15248864894  8637.15960590244
12728000  -8640.33154211257  8639.80169852817
12729000  -8640.54949350735  8638.64113087124
12730000  -8642.29952665417  8638.87582595948
12731000  -8643.27874196614  8638.57577752596
12732000  -8643.31305149699  8639.55901339061
12733000  -8641.51437503728  8639.25352050404
12734000  -8643.37187388898  8639.39904681475
12735000  -8646.03273613731  8639.84122446111
12736000  -8646.20420391186  8643.13151313431
12737000  -8647.27492155936  8641.80978797446
12738000  -8645.75173376478  8643.83257773182
12739000  -8646.71600772427  8643.7477195684
12740000  -8647.738337659  8642.96690229206
12741000  -8648.7558812428  8643.2330648967
12742000  -8647.92427990944  8645.40802018831
12743000  -8647.87233026475  8647.30749720832
12744000  -8648.36906179125  8646.11141351536
12745000  -8650.84875156666  8646.40356479013
12746000  -8652.25892250763  8646.39570151995
12747000  -8651.96274764042  8648.17391002743
12748000  -8651.32739197666  8648.02889615107
12749000  -8651.85892680637  8646.0555849319
12750000  -8653.71485738081  8649.11649556077
12751000  -8653.7868317079  8651.3925369797
12752000  -8654.43245301568  8653.15670261802
12753000  -8656.46726688718  8653.69339897398
12754000  -8655.53072432113  8653.47948331962
12755000  -8656.24161591173  8654.23494151447
12756000  -8656.69581522542  8655.5242128562
12757000  -8659.45975765762  8656.50995162508
12758000  -8658.49047816296  8655.22949307536
12759000  -8658.66740968175  8655.72827385705
12760000  -8658.38504258412  8657.59468432502
12761000  -8659.48327133865  8659.8411729751
12762000  -8657.00090150945  8657.46873946734
12763000  -8662.18956493797  8658.24905628
12764000  -8659.40545179297  8660.39276644507
12765000  -8659.31972812321  8661.5297777036
12766000  -8660.26256231737  8663.25429110765
12767000  -8661.67623305424  8662.85714131221
12768000  -8661.85679588198  8662.8921592649
12769000  -8660.56600044799  8665.15604203481
12770000  -8661.43104909912  8665.40550407319
12771000  -8663.10529866728  8664.75639284422
12772000  -8664.6342700607  8666.44020695813
12773000  -8664.21830851089  8666.43054721585
12774000  -8664.89500749519  8668.22630149314
12775000  -8664.55924155793  8667.70313373204
12776000  -8664.62346093654  8668.76733892838
12777000  -8664.19538762722  8667.94019871034
12778000  -8666.60330391804  8667.3264098973
12779000  -8665.59429874421  8669.8211011714
12780000  -8666.97118752002  8669.63775940476
12781000  -8669.7079629388  8669.93337687052
12782000  -8668.35991502225  8671.2953941931
12783000  -8670.34808449293  8671.26670551838
12784000  -8673.4250585579  8672.22635482533
12785000  -8671.19029391173  8672.97138886757
12786000  -8671.35615598136  8674.14241064905
12787000  -8670.87155530956  8675.66399170826
12788000  -8672.01784954943  8673.51715773908
12789000  -8672.62051297365  8675.18262896744
12790000  -8674.50265051921  8678.66096852998
12791000  -8677.35776015658  8679.68147967396
12792000  -8677.61443975245  8678.79291940189
12793000  -8680.7632052268  8680.7889368044
12794000  -8679.30426923628  8681.10254697644
12795000  -8678.58233827936  8681.93790122191
12796000  -8678.5899857626  8681.97571477061
12797000  -8680.8672066639  8681.00990642509
12798000  -8682.52072117887  8680.94114432865
12799000  -8680.44490789976  8682.41201032526
12800000  -8682.76861929186  8683.54827569215
12801000  -8683.39302369153  8683.59703658288
12802000  -8685.10637858739  8685.35342496402
12803000  -8684.66454560083  8685.3526836009
12804000  -8687.01069650906  8686.02667210321
12805000  -8687.54792238376  8686.85034772326
12806000  -8686.39112840342  8687.57690982895
12807000  -8687.62460333519  8687.33903619837
12808000  -8688.1906140578  8689.18006902575
12809000  -8689.71229167277  8690.41649727287
12810000  -8691.58832864285  8690.91941529287
12811000  -8688.98314189149  8691.95591728829
12812000  -8690.75229742117  8690.95671950311
12813000  -8692.50572461799  8692.7495854694
12814000  -8692.15867038044  8693.77852469297
12815000  -8693.33403204011  8694.15096250546
12816000  -8695.23194409359  8695.24713291099
12817000  -8695.81740596334  8695.33548340278
12818000  -8696.72801275122  8695.90015659894
12819000  -8697.00608978981  8696.77366722931
12820000  -8697.60830342007  8696.42444892662
12821000  -8698.4092396639  8699.47159869077
12822000  -8698.22448488909  8700.03214212469
12823000  -8699.32577198024  8697.14464485263
12824000  -8701.18086773603  8699.52339627173
12825000  -8701.08380368649  8701.26107580028
12826000  -8704.47252184511  8701.5565712624
12827000  -8701.73413975479  8702.43505047657
12828000  -8701.48423289269  8701.94741343427
12829000  -8703.82246406614  8701.99165771926
12830000  -8702.03493844502  8704.26096282498
12831000  -8702.24084727673  8705.29845972165
12832000  -8704.96325655957  8705.33261607058
12833000  -8704.96615642553  8707.28989774682
12834000  -8705.66605067861  8707.25218052609
12835000  -8706.59865733335  8709.32258696901
12836000  -8706.55073032481  8709.17050338224
12837000  -8705.96844349207  8710.03856957885
12838000  -8706.30856224517  8709.17520973652
12839000  -8707.58705715253  8709.40700937389
12840000  -8708.19335974048  8709.39553647975
12841000  -8706.23857140909  8712.36566839685
12842000  -8711.47216171731  8713.08432819002
12843000  -8712.05024319083  8712.50955983843
12844000  -8712.09675140658  8712.50310849051
12845000  -8713.99112554108  8714.78362055787
12846000  -8716.31504939167  8715.62286125983
12847000  -8717.07629774114  8715.97758918288
12848000  -8716.5607195453  8716.56644769031
12849000  -8718.00994624575  8715.8870085438
12850000  -8717.592683373  8716.26328221725
12851000  -8720.38177539224  8716.94111723943
12852000  -8720.06307566009  8719.47117321446
12853000  -8718.55103932224  8718.72163471718
12854000  -8721.062170384  8721.04855414766
12855000  -8721.33193802424  8722.15886410276
12856000  -8724.78266821829  8722.50801111754
12857000  -8724.38253484735  8723.77823015481
12858000  -8724.21371966488  8725.14706393172
12859000  -8724.61111981273  8726.63878325291
12860000  -8725.76365199471  8724.45814881504
12861000  -8728.58417399895  8723.90674203881
12862000  -8727.73381080061  8724.55300571452
12863000  -8730.84814435442  8727.56761058027
12864000  -8731.81750470263  8725.2962901048
12865000  -8733.47490719734  8727.76328153592
12866000  -8733.82890798883  8729.65373056307
12867000  -8734.79521339578  8729.37974799389
12868000  -8733.57464052614  8731.20083792594
12869000  -8734.95016286546  8732.38971281474
12870000  -8737.04067219566  8732.73033840229
12871000  -8737.52186921739  8734.93920075551
12872000  -8738.23408208771  8736.16223018622
12873000  -8738.95839227516  8736.82185943252
12874000  -8740.54803202702  8737.93127485529
12875000  -8739.27919108635  8737.62237847035
12876000  -8739.81968971264  8737.9493854372
12877000  -8741.77593845891  8740.63987989849
12878000  -8741.18117960523  8743.5179675938
12879000  -8743.74957837713  8743.71059174607
12880000  -8744.44269503417  8742.6179137999
12881000  -8743.62633816156  8745.35744735788
12882000  -8745.73334957308  8745.23820387148
12883000  -8747.62893747223  8748.42509326958
12884000  -8746.92730430674  8751.30407866831
12885000  -8748.5956841041  8750.16708055526
12886000  -8749.26406380425  8750.63147098446
12887000  -8750.7126186238  8751.57722394976
12888000  -8751.02551880276  8751.82980504997
12889000  -8750.79400512494  8752.20104148342
12890000  -8750.41036688438  8753.86906623616
12891000  -8752.12221521624  8753.98539919404
12892000  -8753.13483936013  8752.77113260006
12893000  -8756.81461781815  8753.61048273301
12894000  -8756.84563259896  8755.19584636814
12895000  -8758.64907626829  8756.08236897454
12896000  -8757.22946045922  8755.70549982859
12897000  -8759.27138058904  8755.13624808656
12898000  -8759.37906967041  8755.27575328961
12899000  -8760.39635389864  8756.6682657537
12900000  -8761.24576059255  8757.10208214279
12901000  -8759.91414531889  8760.50207660215
12902000  -8759.60944362006  8760.64545245153
12903000  -8763.16504765263  8762.33128817455
12904000  -8762.99342383627  8762.29952469456
12905000  -8760.54335261847  8760.93614230267
12906000  -8763.57707696987  8760.17664548886
12907000  -8763.93202817409  8761.42785804155
12908000  -8762.07850221924  8763.03434058742
12909000  -8765.81391818319  8764.82920904581
12910000  -8764.79467248657  8764.84692009136
12911000  -8765.96147063712  8764.40022155264
12912000  -8765.80101550275  8764.78445777839
12913000  -8766.28083632725  8765.20584745598
12914000  -8766.40272313053  8764.9190240668
12915000  -8769.48678538951  8765.86827433513
12916000  -8769.83451107797  8766.36497306036
12917000  -8771.4492671234  8766.60331516214
12918000  -8770.81016735889  8769.00768999185
12919000  -8771.30867608991  8770.58613106029
12920000  -8773.9001692545  8772.71935572503
12921000  -8774.35753002512  8773.06542376816
12922000  -8774.10702538448  8773.20407744586
12923000  -8776.73582305189  8772.00973620123
12924000  -8775.03596683344  8773.27740968229
12925000  -8775.09421527595  8772.3612763515
12926000  -8778.13052566275  8775.5293326802
12927000  -8777.04067825065  8776.27075687702
12928000  -8777.87725054925  8777.33391655059
12929000  -8777.66007219152  8776.1313053138
12930000  -8778.3144051806  8776.68528288984
12931000  -8779.85577527366  8778.67210018052
12932000  -8779.89085343598  8780.39714686349
12933000  -8780.18338896361  8780.83121993067
12934000  -8779.897450997  8782.09458446903
12935000  -8781.07202582941  8783.04055367136
12936000  -8784.81617909039  8783.79049598093
12937000  -8787.79359584553  8782.56152855363
12938000  -8785.07763043258  8784.7182872288
12939000  -8787.17391786525  8784.42814884607
12940000  -8787.92513320618  8786.95670218934
12941000  -8787.44283895718  8785.80597004639
12942000  -8790.01898919733  8787.08882211303
12943000  -8789.79439222125  8788.77082737547
12944000  -8790.97110349913  8789.34915541774
12945000  -8791.30832978794  8789.22715039212
12946000  -8792.46050427846  8790.34658828601
12947000  -8793.75118671775  8791.34170369
12948000  -8793.47095107206  8793.60449944705
12949000  -8794.72995767573  8792.70129476532
12950000  -8794.0694507422  8793.9018454083
12951000  -8793.61900778375  8795.7007349851
12952000  -8798.9745852489  8796.53716566628
12953000  -8800.16738312584  8796.085325616
12954000  -8801.20852494699  8797.12685067068
12955000  -8803.35961917906  8798.63078178821
12956000  -8803.20759086773  8800.51915272992
12957000  -8802.54902651693  8803.65851024292
12958000  -8805.21793534158  8803.23594984432
12959000  -8806.01834209197  8804.37140236384
12960000  -8806.37783702934  8804.58567267059
12961000  -8806.46512509914  8802.80844559455
12962000  -8805.99075484438  8805.61623344285
12963000  -8806.21675292336  8806.22443267871
12964000  -8806.56911156411  8809.6967150919
12965000  -8806.54672684148  8809.06428778798
12966000  -8809.26504903611  8809.42781822233
12967000  -8811.26828559772  8809.60625916952
12968000  -8810.94776312715  8809.22953362476
12969000  -8811.66726595357  8812.11221011108
12970000  -8812.20866235561  8812.65980244168
12971000  -8811.89963591217  8812.45518303808
12972000  -8813.00655516611  8812.10568848528
12973000  -8812.12910845211  8813.2921186271
12974000  -8814.88839333374  8816.24879335909
12975000  -8812.85961505482  8814.66918121337
12976000  -8816.22038407993  8816.1564989645
12977000  -8816.48553540723  8815.37053982282
12978000  -8817.266361341  8817.82205332439
12979000  -8819.59099709162  8817.22775975371
12980000  -8818.59382244786  8818.77603026552
12981000  -8822.14990679614  8818.22477083802
12982000  -8821.10998329713  8821.39918331339
12983000  -8820.48336716775  8820.80547754264
12984000  -8822.24514711472  8821.85554714323
12985000  -8823.03284534311  8823.279188119
12986000  -8824.76633778153  8823.39111594907
12987000  -8825.93490003125  8822.04202773383
12988000  -8826.12353285176  8824.41846015845
12989000  -8824.16639471438  8825.76882369195
12990000  -8825.14506716443  8825.79110024273
12991000  -8826.99008595856  8829.50418708313
12992000  -8828.05303644128  8830.52217484814
12993000  -8829.31042634079  8830.08552355524
12994000  -8829.29355459327  8832.42330304651
12995000  -8833.27408822324  8834.30952446921
12996000  -8831.12020271529  8837.28900228009
12997000  -8831.89554350191  8835.03076858328
12998000  -8833.02341365769  8833.064625993
12999000  -8833.03426741163  8836.56218235842
13000000  -8834.92828289998  8838.61201206181
