Time  E_hot  E_cold
0  0  0
1000  -1.38414285587863  -0.864130300207675
2000  -0.547585829286899  0.345884310995705
3000  -1.30155963259402  1.41863958454416
4000  -0.956525822704278  0.449480290423535
5000  -5.01434128286495  0.0979891682386509
6000  -4.5296488190806  -1.96043663328015
7000  -3.43319026431519  0.350373450884144
8000  -5.64224855633604  1.67317138802774
9000  -8.62462144542349  2.19034123292426
10000  -7.79349719879579  5.27476650779149
11000  -8.72366355111893  4.24711485418301
12000  -11.9177752431804  5.96644191795226
13000  -10.2444838721966  7.23259158625906
14000  -8.05043992812054  8.52391749048501
15000  -10.25965104788  8.43119922474958
16000  -12.0830364089256  7.36596508816267
17000  -12.680270816048  8.9256535228286
18000  -11.7777767992898  10.1740647492332
19000  -13.5183419935454  8.08170242837368
20000  -11.1261489216235  8.10126402664795
21000  -12.9108391929503  10.4672992477048
22000  -12.4205443419894  11.7937952307041
23000  -12.6479541042108  11.8325717888254
24000  -14.7744581374198  10.1528189872892
25000  -15.7237438530694  12.917235817354
26000  -16.5003010844515  11.2583588717968
27000  -17.8233996695161  14.1553038824316
28000  -18.0070193039993  14.0370247132512
29000  -17.161801438405  12.013984664622
30000  -18.4433367404794  14.3815971570303
31000  -19.7217593126431  14.1923069374806
32000  -18.1071592376758  16.6328855484346
33000  -19.2196179394155  15.961485019561
34000  -19.4411852636613  18.1181682864662
35000  -20.4558976549485  17.4471239226356
36000  -23.5318466615751  18.599728120362
37000  -24.1623683861478  20.0693098972319
38000  -26.3675738891679  20.6241576167945
39000  -27.6240551375199  22.7607359718866
40000  -25.8687289522901  22.0077792451767
41000  -28.0256842106447  22.4230371957398
42000  -25.1687558776337  22.9266859223042
43000  -28.2952052691663  22.0014562479299
44000  -27.4382950328741  23.7981417806499
45000  -29.7768771586272  23.5994530375413
46000  -28.3544574498689  25.726956602712
47000  -28.8698575300441  24.2309782759211
48000  -29.4922386812632  25.9694150500156
49000  -31.3584214756605  26.6128319612694
50000  -32.2441643729626  27.0350365772564
51000  -32.8238101390655  27.2510913898536
52000  -33.318965861713  28.7973697190454
53000  -35.1285323497886  27.2942915652339
54000  -34.7263536876551  28.0849934784807
55000  -35.3666252883238  30.6021923220176
56000  -36.4861011693339  29.8305662537531
57000  -34.6562804988179  32.181766977357
58000  -36.8857096302007  32.2008386118658
59000  -37.1655205325104  32.5122434444348
60000  -38.0509415623358  33.3373896496851
61000  -39.855983571667  35.9697291296169
62000  -39.4741779877757  34.1825270475235
63000  -42.2037520827539  35.9283679267463
64000  -42.3695955025193  37.4202808742174
65000  -45.3315055986522  37.5983837895765
66000  -45.6624254238164  36.8450779302477
67000  -45.1397793429315  38.9759339651458
68000  -46.7368497343854  38.363631096918
69000  -46.9939414149767  38.824618304735
70000  -47.874363459992  39.4575874728521
71000  -46.6591576854319  41.063215570641
72000  -44.9058533735963  41.3697851593391
73000  -47.261189253338  43.059883322593
74000  -49.0170468296212  42.4629701359805
75000  -46.3734465462605  44.12383883581
76000  -49.0349492406015  45.3280668797967
77000  -49.3168052248328  46.2270285265868
78000  -48.7208245867201  43.0788078223729
79000  -52.8911661788718  46.5135030831834
80000  -52.8604661385192  46.358984738642
81000  -51.7607474713671  44.9941741311315
82000  -55.7772650921405  44.833408702286
83000  -53.8831500249398  44.5281819825292
84000  -55.6660343747423  47.4994654005324
85000  -54.8326288643598  49.7529433117777
86000  -57.0998990881691  50.5898011561556
87000  -57.8096717749136  49.6884154268683
88000  -58.6979016697283  51.2463021511951
89000  -60.4311397996244  51.5882010282679
90000  -59.4251011544495  52.7498731794934
91000  -61.4448489844866  52.286098861304
92000  -62.1077933977768  54.3133461079181
93000  -59.8940702540268  53.1690729119651
94000  -59.8092572165362  54.5649254015468
95000  -59.455621438123  54.2204822833935
96000  -58.7019295228888  54.2028592824652
97000  -62.3692986320389  54.2977956603875
98000  -59.2839295922158  55.273077934386
99000  -60.2042470604799  56.8425995241268
100000  -58.7059511563351  58.6445163442147
101000  -57.9723349498978  60.4566109143552
102000  -61.0609893024347  59.8554902899118
103000  -62.3530939480301  60.138352694389
104000  -63.5729212424429  62.701757628925
105000  -64.9200613252562  63.4010046646987
106000  -63.4422494160938  62.9318775336489
107000  -61.0226661602138  65.172109873427
108000  -61.7670908659442  64.860072539519
109000  -66.6252576323224  63.1825521114275
110000  -63.0828180217907  65.0039481374535
111000  -63.6171551337294  64.7566266862164
112000  -63.4374705096547  62.8956706646815
113000  -64.3260473634342  65.6089831193943
114000  -65.5663322963609  64.8116228712669
115000  -67.7033484443226  63.4356865666232
116000  -65.8915706342142  64.5775831113352
117000  -67.2667890072063  66.3194182839475
118000  -67.25832983704  68.2677982954322
119000  -69.4227983142871  66.6755224257465
120000  -69.6579418094106  69.9240231028013
121000  -69.0928974259813  70.7600655500865
122000  -69.0968574178475  71.3360282119089
123000  -69.5604080618097  70.9427574831251
124000  -70.1861168146942  71.4727956657636
125000  -71.9116497864492  71.4994873444189
126000  -69.530326022817  73.7036917866367
127000  -68.6313249663652  72.9490645751918
128000  -71.0715782870655  74.8553308895293
129000  -75.2609216579484  75.1192979654896
130000  -74.7168462069759  74.9005637126982
131000  -75.7229842915116  73.2883873527029
132000  -76.4713154122507  72.3778178922943
133000  -76.5045276666116  75.9409962631018
134000  -75.8057468207889  78.7922873009003
135000  -79.2569027005184  78.36267618594
136000  -79.5123912653591  79.14614037256
137000  -77.1990844247541  81.0970311886595
138000  -78.3830834628051  81.5181316458792
139000  -77.3149612199984  81.8757585810769
140000  -80.5233761503202  81.4664652071344
141000  -79.6140065953875  80.8037612279555
142000  -81.9348836587844  83.420074419362
143000  -80.7181796086092  84.1044991918528
144000  -81.6671100603848  84.2062969177904
145000  -83.1533315792694  86.5174965145677
146000  -83.20536174798  82.4139408491585
147000  -84.4243660400595  84.1607923923987
148000  -85.0473064899263  84.9458283860443
149000  -86.4740197103958  85.4150585589065
150000  -86.2187244063891  86.3300877365473
151000  -86.8590717143127  85.5060345513257
152000  -87.2250003682275  87.1900046276494
153000  -89.508443727755  89.0819664591307
154000  -89.4388150877187  90.3690325792005
155000  -91.4716799607463  89.7928457058248
156000  -92.073131920499  90.7099361072491
157000  -91.7883224301678  91.472141904571
158000  -91.8696636984613  92.6836991524498
159000  -93.8286929621891  92.7471735996746
160000  -92.4244308812571  93.2532252062067
161000  -94.3592324948395  91.4632139165663
162000  -95.8091317314507  91.6258884685055
163000  -97.7060207703494  91.4274636218558
164000  -96.6310765659717  93.3788797383156
165000  -97.4414063461231  94.1991023038735
166000  -96.7978605644584  94.3143741780095
167000  -99.2195480454698  94.7758558277261
168000  -96.4554488202776  95.6963333823122
169000  -96.3954693304142  97.0796766604512
170000  -99.7585000499843  97.4009835903948
171000  -98.7681814098404  99.258537700457
172000  -98.5157078952009  100.164633283929
173000  -99.0085617827666  98.9978835596484
174000  -99.474107725364  100.463408663216
175000  -100.246931166264  102.421496851568
176000  -101.158779344144  101.137169396482
177000  -99.9656012933482  100.586072754139
178000  -100.172453604353  102.533664561266
179000  -100.144846380429  103.032159724959
180000  -98.2905405569926  103.889076071158
181000  -100.262691995213  104.188533814504
182000  -100.59901055341  104.978343801432
183000  -104.029115474899  106.483193887502
184000  -102.203531347344  107.694853223102
185000  -105.694816868806  107.846859921206
186000  -106.15892624612  108.60874074926
187000  -105.90022424154  108.371411753193
188000  -108.217938166322  109.217244169367
189000  -109.794420108044  108.84600529678
190000  -110.184894317636  109.170919689073
191000  -110.654271455305  110.449407108676
192000  -109.703875200095  108.48137799419
193000  -111.126041464044  109.293403846309
194000  -112.654008945834  107.118191217375
195000  -112.096328302258  108.766461720452
196000  -114.881712860469  110.181499128448
197000  -111.007861793056  111.026982253041
198000  -113.961396124058  110.735657420039
199000  -112.727563033346  111.877381009831
200000  -115.203175750222  112.319708436558
201000  -114.187252641737  111.939604631276
202000  -114.785095047477  112.68699085169
203000  -113.727102348431  117.440590031453
204000  -116.486632175512  115.573382674443
205000  -115.142297340378  117.662402166669
206000  -116.940981949306  119.81515839326
207000  -116.913370143679  119.870325695864
208000  -118.466642477218  118.734283728563
209000  -119.589785526776  116.598227821101
210000  -120.53214256781  117.519010423084
211000  -122.276318044585  118.585353207195
212000  -122.522799951716  118.611332626712
213000  -123.412728055079  120.358127798534
214000  -121.315649246064  119.24369397579
215000  -123.710013047991  123.227558287981
216000  -124.240634277963  122.22335823704
217000  -125.867949415304  122.533601396241
218000  -124.643381153236  120.980443584873
219000  -125.388378643518  123.353846032836
220000  -126.037389900297  124.642365342671
221000  -126.944282657603  126.647860848345
222000  -126.577544064593  125.648600165049
223000  -126.461796268043  126.965410037889
224000  -128.956957703865  127.546182911318
225000  -129.99060161234  128.369426998022
226000  -132.128464669839  128.552184374167
227000  -132.680261972791  132.309801004946
228000  -131.333947958839  129.385134940359
229000  -132.820521761131  130.418918743033
230000  -134.783342909846  129.959661704845
231000  -132.851201557715  130.220548305669
232000  -134.852986362644  130.173056083594
233000  -135.457588437389  130.301775358827
234000  -136.111073221867  130.315728174007
235000  -136.480202695514  130.078990150693
236000  -137.509135449244  128.951171776489
237000  -137.495951247021  132.102155987923
238000  -139.726809036954  131.328522276773
239000  -139.161613660259  132.7115772264
240000  -140.131501131671  134.451393501212
241000  -139.278707362694  132.284064706276
242000  -141.655838692024  134.017905646325
243000  -141.896135446738  133.693425464623
244000  -142.548972944955  134.508843700538
245000  -143.405773808212  134.623631735073
246000  -147.535373354786  134.189712474969
247000  -145.910479550685  137.260207955469
248000  -142.371070541019  139.529088045532
249000  -143.975508375825  140.23845673012
250000  -144.62058322171  139.41705542989
251000  -147.139052588653  139.232048963706
252000  -147.742860038871  140.476676186059
253000  -147.426517081631  139.28205664013
254000  -149.584417725109  141.150918092432
255000  -149.99982333615  141.143364062777
256000  -150.91145932507  143.113851522666
257000  -147.448064693704  142.783153617363
258000  -150.841155205967  143.458417645024
259000  -153.989983103368  141.914420311343
260000  -153.274552588046  142.888498293912
261000  -153.65330453771  142.891888002841
262000  -154.676289344585  143.95796188895
263000  -155.173203335987  145.72221419626
264000  -155.069619134383  146.503418141625
265000  -156.85662835844  146.711152098155
266000  -157.593883555823  147.125918951743
267000  -157.757392932266  147.11982049213
268000  -155.177138026961  148.367277869831
269000  -155.942398168387  150.175757187807
270000  -159.658579666189  148.807890770881
271000  -158.023765089585  150.149538189465
272000  -159.481541670512  151.620137680541
273000  -159.045821945303  150.575609825439
274000  -158.374146254173  152.123722953522
275000  -159.541326466088  150.733413499194
276000  -158.048711182803  150.589527059169
277000  -159.538474179326  149.695755465881
278000  -159.81698624027  150.41401773886
279000  -160.661509610135  148.899992039888
280000  -164.213282103318  148.963732771525
281000  -163.659937406242  151.813680020297
282000  -164.692547099272  151.026922373502
283000  -163.143225181616  154.838623341522
284000  -164.313028998978  153.353334459477
285000  -166.770839557996  156.343372840725
286000  -164.816564291258  157.443323231491
287000  -164.288449380161  159.270285031062
288000  -166.455287563849  160.029849084867
289000  -166.403257288892  160.647231851228
290000  -166.099793364235  160.783985239034
291000  -167.064632909023  161.096353821961
292000  -167.182565951143  161.166273884246
293000  -168.207925815151  161.057250960339
294000  -168.530897274393  160.669629226867
295000  -168.14283826775  159.682011784837
296000  -170.488343376714  161.22445279155
297000  -171.922787092296  160.200187310741
298000  -171.414574909514  162.812355886678
299000  -173.692340472428  163.313340737803
300000  -174.269920638741  164.632087671786
301000  -173.008203269574  164.948668142394
302000  -175.230870373048  166.093577833681
303000  -176.159032321454  166.367692909067
304000  -174.778035473049  167.909001068856
305000  -174.815868834683  165.956188619644
306000  -174.805667815566  164.149993815392
307000  -175.716059474384  164.94573747375
308000  -174.781005801744  165.843997526021
309000  -177.778066928232  168.708478066602
310000  -180.280290295204  168.596323190511
311000  -178.236087609852  170.11636540661
312000  -180.078541299901  168.495750117429
313000  -179.438752052851  170.63588968082
314000  -177.908610892787  168.890634907145
315000  -178.622592288411  169.00680508129
316000  -177.365010366122  170.4051572712
317000  -178.339997031655  172.427621748251
318000  -181.395241185468  172.031844491172
319000  -178.423621711766  171.605014689904
320000  -181.552135064378  171.332695061145
321000  -179.239140667524  170.958481162731
322000  -181.687382667312  171.301332567962
323000  -180.633688191704  171.145340174545
324000  -182.808051428187  171.359526260454
325000  -183.757220751388  170.832517771742
326000  -182.28592268419  174.592548818168
327000  -182.386446162611  173.582964077437
328000  -184.944994206905  175.532069335791
329000  -181.98135045096  176.861929802813
330000  -185.604708180888  178.931873104039
331000  -184.748597018046  179.008483179516
332000  -184.989707817109  178.272227853592
333000  -186.830115274346  179.69367529895
334000  -184.38578472133  180.483807829928
335000  -186.802864274912  179.85394558938
336000  -184.589119138333  178.734509171211
337000  -184.689949461189  181.997271742807
338000  -184.057108493572  182.482853689505
339000  -185.895362260414  182.101310424479
340000  -182.518707803172  183.382392776162
341000  -185.480189535653  181.997600365232
342000  -185.807626053655  182.629014424128
343000  -183.651643841632  186.771478182075
344000  -186.161229136959  182.380409916798
345000  -186.075069551063  185.272845843921
346000  -186.687220680232  185.393789958791
347000  -188.1940191666  187.005587856851
348000  -187.304562589313  186.579429750813
349000  -185.700429971239  187.50883972774
350000  -184.97116107219  186.180805972013
351000  -187.679992616815  187.611711513789
352000  -187.845681496591  188.414741240214
353000  -185.299737935921  187.354687718368
354000  -186.862838852768  189.519738629833
355000  -187.297864573518  190.593963869605
356000  -187.655360327262  191.068507506208
357000  -189.814295390888  190.606513628372
358000  -189.544846826039  190.865335678271
359000  -188.773904651615  191.853846519132
360000  -189.935301281626  192.919614911593
361000  -189.590524129686  192.024041472459
362000  -190.969319509129  191.541527920635
363000  -189.855345020825  192.911008028925
364000  -189.194141302604  194.151487266816
365000  -192.736926275842  194.990691505181
366000  -191.85286613435  195.068133330814
367000  -193.567112503823  195.589075666746
368000  -191.363515711024  195.780256389163
369000  -191.656256614891  196.380242822547
370000  -192.772673058909  196.324584058916
371000  -193.892215391498  197.406929676944
372000  -192.606131130336  198.781017403719
373000  -194.367433166215  200.350753350975
374000  -195.992246675059  201.711790387298
375000  -195.457113429464  201.180195302496
376000  -195.506419308815  199.939691235377
377000  -197.579586254732  202.588215159689
378000  -195.856131680743  201.714637998446
379000  -199.124777736809  200.392737607907
380000  -200.013802245031  200.773903497263
381000  -198.24364322684  200.25416262235
382000  -200.433726839372  201.811702065309
383000  -202.926339949006  204.098474774934
384000  -202.917475234847  204.118201420754
385000  -203.242498934877  206.186864823392
386000  -206.076095194995  206.700858739452
387000  -207.593400070534  206.844832165087
388000  -204.757563526608  206.584213277143
389000  -205.137416322702  207.930548670027
390000  -204.412867751883  205.964149356039
391000  -207.529278449315  205.859789699471
392000  -207.529900218221  206.064796413383
393000  -208.489168446029  206.444403158756
394000  -208.916361007833  207.369675466052
395000  -209.126932519182  207.678671931277
396000  -210.554089968307  209.319592133753
397000  -211.296221432569  209.236634481448
398000  -212.893582232507  208.941081918392
399000  -215.011554642023  210.34258463955
400000  -216.531734750329  214.225985217794
401000  -214.51251508849  211.766895802128
402000  -213.669788651588  215.223680149307
403000  -215.161008535381  212.424400773911
404000  -216.712512770421  212.83813935392
405000  -216.283451445826  213.885320191566
406000  -219.347918199566  213.790826512579
407000  -217.618562529571  214.445521328156
408000  -218.784242153658  214.165645573913
409000  -215.752740569532  214.07666534677
410000  -219.715315740304  216.295795217666
411000  -221.873881552602  217.011509012264
412000  -222.866464333949  216.125489106933
413000  -221.135616993705  217.269975406189
414000  -224.39931210584  220.306398365637
415000  -224.526549593659  221.294840552784
416000  -224.834324122836  220.56988549813
417000  -224.125624268056  220.884285448315
418000  -228.875315140888  221.63055930303
419000  -225.880838010665  221.356416643184
420000  -227.084346576752  221.973102117335
421000  -228.890520383996  223.528646313284
422000  -227.193952464352  224.39034777827
423000  -227.99821932255  225.880018898854
424000  -228.020895853722  225.770423968275
425000  -227.737169239343  225.827424223096
426000  -227.734247872345  225.636054104199
427000  -227.759592201503  225.022651004744
428000  -227.942405294913  225.612890927515
429000  -229.563070411739  224.321469837148
430000  -231.78185728257  223.714996934964
431000  -230.983212353914  228.818704062461
432000  -229.685729486525  225.746876925122
433000  -231.703195839187  224.903082786227
434000  -233.823775702608  226.350523635915
435000  -233.189618559707  227.67166036439
436000  -232.571980625973  227.284649461292
437000  -234.22653181234  229.119691580803
438000  -234.533814818267  229.532223275051
439000  -235.149609209872  230.902184143704
440000  -235.661729697775  231.973932760804
441000  -234.630671146878  233.368854043658
442000  -236.188514406677  230.615648436764
443000  -235.213772942354  230.805140334741
444000  -236.900896626416  232.974125924389
445000  -237.820319236172  233.255243287291
446000  -240.706677636076  233.420953461324
447000  -236.990812655882  233.45000328013
448000  -241.369559089409  231.675550054873
449000  -238.427475040887  235.708634915987
450000  -239.597067277013  235.590929344599
451000  -240.660661375102  235.803362938561
452000  -238.788121389675  237.394980539146
453000  -239.260458411032  234.947859380968
454000  -240.052153947422  236.120573582334
455000  -238.921362360839  236.237798938581
456000  -240.565825473717  236.995835117695
457000  -241.216108972599  236.866405885682
458000  -239.894383651542  237.912481098454
459000  -239.522402919227  239.307739445559
460000  -242.634019062165  239.249019864803
461000  -245.35685606307  240.395109174488
462000  -245.034272643166  240.582563440448
463000  -246.810086302129  241.229698091316
464000  -246.948201795922  241.930202882066
465000  -248.479871810056  243.710455949749
466000  -249.812506801798  243.800570383457
467000  -251.03143154185  243.477056547198
468000  -250.620382778554  243.645269345589
469000  -250.925171073347  244.994345701122
470000  -248.629819590869  244.613407125867
471000  -249.433683649935  245.216278432469
472000  -248.575989538529  247.969082045362
473000  -250.288452757471  248.562744891517
474000  -251.777507135971  248.443338204921
475000  -251.739109728203  251.479492040337
476000  -253.298791105121  251.387459495574
477000  -255.810790750532  250.930466628476
478000  -254.133032530284  251.639749338943
479000  -254.784718782838  252.577482861372
480000  -254.1856028305  252.21693864961
481000  -254.45642194183  253.043654627835
482000  -256.530593801345  254.809730320068
483000  -256.513384863531  255.768431726857
484000  -257.249378133412  256.211118050763
485000  -260.615527929121  258.453953542466
486000  -257.150335264889  257.655497527933
487000  -258.471170707876  257.960012508888
488000  -259.136625510243  258.555133493071
489000  -259.485588157541  259.786278868416
490000  -259.39665992577  259.351521934201
491000  -258.68297898529  261.020922148798
492000  -260.075904153664  262.135251290808
493000  -261.583258640805  262.560494087296
494000  -261.619082270693  263.422602536662
495000  -261.729775124784  262.729907060826
496000  -265.094909891543  263.334842449415
497000  -261.594939201118  262.522427297673
498000  -263.013989537697  262.816277698448
499000  -260.992911635244  263.551659160418
500000  -263.14886234195  262.663150988627
501000  -262.559848162978  266.135094262768
502000  -264.444347362157  266.264381947235
503000  -263.747268080982  266.344721986869
504000  -263.295713825894  265.680663969235
505000  -264.848032629116  266.906341111322
506000  -265.912706473347  267.398739758818
507000  -266.71479762595  267.076284086198
508000  -264.812409432776  267.26442502672
509000  -265.079390931339  268.726334655807
510000  -265.386974970474  269.745396985501
511000  -267.574403714056  270.220826705821
512000  -266.495479094196  271.015528873334
513000  -266.466528998005  268.734022047377
514000  -268.767392665982  270.827066588347
515000  -266.432805171988  270.263845470903
516000  -271.566433013698  270.460279247854
517000  -270.909318059809  271.10181450282
518000  -271.499629306595  272.895310686933
519000  -269.663959034935  271.14022114103
520000  -270.803063547219  274.055769339573
521000  -270.545482459294  273.86861128713
522000  -270.615799431348  272.448379037977
523000  -273.284495255959  273.715044028888
524000  -272.107649458755  273.60745418122
525000  -271.473928152273  274.487255136696
526000  -271.813682051158  275.666334244555
527000  -274.494029140531  275.42348970888
528000  -274.738607324899  276.451520993592
529000  -275.457500583377  275.412508300943
530000  -274.748765973111  276.495110728539
531000  -275.562931270902  275.905397876962
532000  -277.731517434899  279.133857984571
533000  -280.779494320013  279.241031859575
534000  -281.232337166755  277.529306568781
535000  -281.535409536169  277.640465321242
536000  -282.778753587975  280.282742293269
537000  -283.426943173062  279.29292413869
538000  -284.06048616985  280.726801605421
539000  -283.003238258912  283.87860570622
540000  -283.950309561282  283.166362978552
541000  -283.921410552918  282.651394018443
542000  -286.25055428141  284.075217037304
543000  -287.544810281644  283.067996322993
544000  -287.262258705702  284.819297889667
545000  -290.784540331081  283.542012473474
546000  -291.461649903548  285.120203487375
547000  -292.278009429626  286.300803950451
548000  -295.055865901621  286.601085768745
549000  -291.59317273787  286.833046597816
550000  -293.660997362989  286.002099105227
551000  -294.719711244847  285.670647209509
552000  -295.758820590938  288.758417246716
553000  -296.270171446696  288.74929151021
554000  -299.10501246793  289.026069951721
555000  -298.081992396111  290.161025450567
556000  -299.469193668348  290.833729828819
557000  -299.730732489205  290.468408136496
558000  -298.983982251255  290.442157204456
559000  -298.256823967965  291.643475920642
560000  -297.77267966202  292.317040572374
561000  -298.758496083803  294.463102759029
562000  -297.588255393486  294.564835577074
563000  -297.552876646157  293.983578809231
564000  -296.115863224574  295.341671628591
565000  -298.493165432324  294.314384167703
566000  -301.54947229795  293.488478567936
567000  -301.150398721811  292.985820994801
568000  -302.874497282051  294.890635193133
569000  -302.044246718836  295.010499629239
570000  -303.245517573171  296.28444992906
571000  -301.805398631067  299.088707205085
572000  -304.295916216448  300.245215010046
573000  -304.542928917108  301.154313574383
574000  -305.893099446325  300.997273199411
575000  -305.679827178125  301.119189777429
576000  -304.890217708648  302.82998598497
577000  -305.096508051545  301.117077277364
578000  -305.736545629773  304.246693695979
579000  -308.804545071895  303.254746087844
580000  -306.973380828301  305.573686836337
581000  -310.044272781282  306.564192434041
582000  -309.84078582477  306.574131135886
583000  -310.018797961741  307.981013492992
584000  -309.484538257968  307.175619882511
585000  -311.63856958552  307.492131572041
586000  -311.388959424171  308.964245586497
587000  -311.146098120654  310.22905616041
588000  -312.771773597869  309.153919823764
589000  -313.376406344997  309.469843330995
590000  -314.515621743197  312.68167732701
591000  -314.653648766103  312.267351996583
592000  -314.529067945217  311.171012132409
593000  -315.337905780079  311.88817266414
594000  -315.827769351916  311.765392108852
595000  -316.762361554735  313.54515833723
596000  -316.178624279329  312.991974693099
597000  -318.134698969678  315.082473240821
598000  -314.26530498696  318.570897564745
599000  -318.266212370657  317.161193075505
600000  -316.355983666719  316.839243054401
601000  -318.331914317893  316.972227390569
602000  -318.825339355066  318.711727231642
603000  -320.119898192001  318.331968422647
604000  -318.251721080726  318.907318095924
605000  -320.400482893062  317.189934850958
606000  -321.066020981668  318.308498449043
607000  -323.040433285291  318.800742403409
608000  -321.368400017819  318.734218880966
609000  -320.491909240357  318.941414102979
610000  -323.730322783277  319.688149411173
611000  -322.832232347737  319.523361020812
612000  -323.078225007154  320.84598124574
613000  -326.989689906255  321.313352656212
614000  -326.344331687638  319.473571300356
615000  -328.70664246532  322.718224784085
616000  -330.171129699081  323.415233330671
617000  -330.808105818145  324.141958565532
618000  -331.395484557149  325.438378833155
619000  -331.239346661548  327.184785709439
620000  -332.722943132509  326.302149822516
621000  -333.718610910055  325.416940610491
622000  -332.953624160064  329.190320557524
623000  -334.856059869826  330.31047687476
624000  -335.215471801765  329.536579565544
625000  -336.369193868976  330.669622776328
626000  -337.270759007038  330.845342887618
627000  -338.062143551647  330.659282155774
628000  -336.500549605994  330.220465394438
629000  -335.137538176908  331.42048208039
630000  -335.474996721621  334.447660403736
631000  -334.828954100576  333.337740368914
632000  -338.37564900509  335.508202319592
633000  -338.627898227092  336.769975498096
634000  -337.886342736751  339.460860962722
635000  -337.949531557442  339.532039460565
636000  -340.405146708298  341.697172350768
637000  -340.311413375376  342.178646676475
638000  -340.546663409386  343.490919628493
639000  -341.563927998142  342.983812927434
640000  -339.792456918308  342.35530094065
641000  -342.818084037433  343.431736851456
642000  -344.22112032228  346.414516227859
643000  -342.232294043428  346.206348504308
644000  -341.896030209081  346.758533494482
645000  -342.827449168226  346.374071715384
646000  -341.627849794226  344.980821627422
647000  -345.499041497462  348.161287036423
648000  -347.812008544133  349.485804508135
649000  -349.499077599133  351.44620829475
650000  -349.206427332713  351.726354918016
651000  -350.334097275003  351.782796913718
652000  -351.61648280061  354.368699337738
653000  -351.332660069265  354.667994519819
654000  -350.0966476139  352.57579588207
655000  -352.596960076106  355.023030779173
656000  -353.028050442388  354.275342394611
657000  -351.472702521846  353.713819875129
658000  -352.605792758928  353.132042264282
659000  -353.83875465976  353.742564855099
660000  -355.869255754952  353.597410281582
661000  -355.670597337808  356.442184936323
662000  -356.306452977592  356.094109360251
663000  -357.454336446673  356.68515764451
664000  -359.220615454024  358.332500072976
665000  -357.583861434124  359.760806148191
666000  -363.687844578355  361.672430381799
667000  -364.094424391811  361.097756381734
668000  -364.919684705784  362.518001084673
669000  -364.799388304719  360.148931641111
670000  -365.624283047219  361.652726264753
671000  -366.304222626108  361.504983683759
672000  -365.810128581718  364.14782332765
673000  -369.350091763123  364.178804592066
674000  -369.425844669739  365.560849450941
675000  -370.173326170713  368.052905661193
676000  -369.625156370371  368.796636715919
677000  -372.342115196421  369.334811333627
678000  -373.186187616143  368.64188725177
679000  -372.501155767877  368.491891205658
680000  -373.051781382745  368.449591231162
681000  -372.493931532722  366.749420800159
682000  -373.329207862333  368.296139760438
683000  -373.821820513953  369.994236956036
684000  -376.858366374755  370.914107486588
685000  -374.739667006257  369.800583720318
686000  -376.273511011683  372.076284808545
687000  -376.175265079057  372.084772597079
688000  -377.779043686108  372.791843727645
689000  -375.524933597065  372.867488378088
690000  -377.053840916504  375.313573635148
691000  -376.974179031968  377.021530786325
692000  -376.440301857949  374.768843059008
693000  -380.442789266393  376.807201156695
694000  -378.205614395963  377.357601725991
695000  -378.998329246962  378.407632344194
696000  -380.640175245676  380.77124526676
697000  -381.800618822781  381.078704291078
698000  -383.272767982896  380.257906607357
699000  -380.211592005542  381.280829059744
700000  -381.938854031336  381.825134290274
701000  -383.602002417076  382.362092362786
702000  -385.16274093674  381.95362661371
703000  -384.613770326422  382.757944004383
704000  -387.021744517122  382.778969825012
705000  -386.901774638169  381.290468431548
706000  -384.551407474446  383.489466406616
707000  -387.167871044558  383.487676659931
708000  -386.204453603711  383.190879855526
709000  -388.676095892747  382.676692014214
710000  -387.455147220169  385.256749482893
711000  -389.378302160373  386.649917547379
712000  -388.364225063724  387.500685269108
713000  -391.161994768154  387.909883986938
714000  -391.533169899686  388.968764421728
715000  -393.224812294316  390.554237835046
716000  -393.61886949488  389.792663541472
717000  -395.138576803677  389.233704396431
718000  -393.682907830272  390.518516463467
719000  -396.078388234283  390.511557519473
720000  -395.860383959593  393.338039187338
721000  -396.984942701985  392.673977707404
722000  -395.550365102488  393.787386323777
723000  -396.87463468033  394.162920618903
724000  -399.656333241853  393.952735259502
725000  -400.741140346346  395.782294637767
726000  -399.263136301374  396.94163188594
727000  -398.644345710066  399.948355783689
728000  -398.788115703613  397.509331015932
729000  -398.638341009032  397.458363610932
730000  -400.24103743587  397.446362108384
731000  -401.4057963253  399.976960658787
732000  -402.014598155871  399.402072250302
733000  -402.09353509846  400.822158951852
734000  -403.915329080394  400.072080214753
735000  -403.549061887059  401.493838404323
736000  -404.784154506078  401.365485428886
737000  -403.371296328056  402.441195982619
738000  -405.995258219576  401.953930345507
739000  -407.767822400721  401.065666651352
740000  -407.220566543592  401.902300509661
741000  -407.957265273673  402.338453047564
742000  -408.182593300679  401.20094801385
743000  -408.246788008862  403.129889526628
744000  -406.851517375418  405.321341004196
745000  -409.051937956542  402.999734659151
746000  -410.429509230372  406.006997280889
747000  -411.001248230804  404.710307780858
748000  -409.844459582488  406.035926869499
749000  -411.589101346668  407.10222229761
750000  -411.474821877354  404.853726062818
751000  -410.384979529608  407.166798705053
752000  -413.153326560033  408.338640543295
753000  -411.018537231147  407.903611593074
754000  -412.303127225488  406.538666252509
755000  -411.043384334438  408.417187725535
756000  -411.080526224655  409.953959899718
757000  -412.007239328505  409.606922779247
758000  -412.498591094334  411.188699746889
759000  -413.958311145523  411.61235573541
760000  -414.147914241503  412.399969113471
761000  -414.416612839689  414.366740996287
762000  -415.975447279473  414.047465949415
763000  -414.11647615206  415.300343231339
764000  -414.276371247612  415.941937917636
765000  -414.880213045768  418.228224251624
766000  -414.994697862563  419.986432786692
767000  -416.50919161079  419.901799188726
768000  -418.336233382153  421.428685975609
769000  -417.484495796318  420.215859685319
770000  -418.407209821366  422.22467206256
771000  -416.932883792016  420.050687753074
772000  -418.673482722684  420.451395206049
773000  -420.698567118969  420.943520673711
774000  -418.171964928938  420.75496030764
775000  -419.9066827254  420.53089864179
776000  -421.219939868533  421.386880397115
777000  -422.360143164406  423.476046320783
778000  -422.197686218962  421.632684815817
779000  -423.473181480339  421.761657624595
780000  -424.148071396628  422.400868884081
781000  -423.55514732104  422.58247828551
782000  -423.686165849772  424.52089601869
783000  -422.925477774355  426.537117643382
784000  -423.913462970452  426.674082315329
785000  -423.92540740373  425.928412096869
786000  -425.275113605553  427.41971416252
787000  -425.937921996832  427.178349654811
788000  -427.009456978829  427.263597567901
789000  -427.844496773064  427.336342461159
790000  -426.211398790997  426.26380453594
791000  -430.018872921068  426.610578754966
792000  -429.183840253781  428.869226375836
793000  -430.683428777902  431.341584668948
794000  -431.187623577503  430.349957248579
795000  -432.235290033915  430.516270847202
796000  -433.218924916895  432.004974384923
797000  -432.501079020686  429.065563277017
798000  -431.475390837055  431.440629007768
799000  -430.606871466297  431.922443797957
800000  -433.415723311334  431.448599556838
801000  -433.801570482388  433.461285394405
802000  -434.86414795525  435.513038754677
803000  -432.877551374913  435.432008414338
804000  -436.224740768314  435.233384831721
805000  -435.414585692549  436.789701800222
806000  -435.115710252781  436.794159293113
807000  -434.233807587495  436.729944665891
808000  -437.523125431123  437.879056455572
809000  -436.972708749562  437.339049291859
810000  -438.512957323324  436.779725146659
811000  -440.539870757793  437.848423527201
812000  -442.008991700216  439.741792626381
813000  -442.40303181663  440.454142565656
814000  -444.352629069588  439.429221216145
815000  -443.130213807628  439.820325310318
816000  -445.747147514521  441.439087313062
817000  -445.990927518368  442.119688986708
818000  -444.562496201768  443.266195979196
819000  -444.348715688858  443.692752864509
820000  -444.365466674927  444.10522965564
821000  -445.800626262615  443.625917395306
822000  -447.092127902256  444.508636113321
823000  -446.356758025129  446.626049818575
824000  -445.990041834414  447.545667240997
825000  -449.081320493889  450.829305948255
826000  -450.736569220268  450.697952939386
827000  -450.888358280579  451.448477670076
828000  -451.082758618305  449.27046423481
829000  -452.73266983258  451.203865539467
830000  -452.970383932718  453.406660848695
831000  -453.60754516034  451.148206631051
832000  -450.926458046955  451.654638034688
833000  -455.566912794143  451.72852481788
834000  -455.051971624906  453.08331699564
835000  -456.647899861816  452.32318058277
836000  -454.822993327247  451.788725862905
837000  -457.748391887995  455.228221199037
838000  -454.181733855294  455.916419098027
839000  -455.19702576759  456.561651285971
840000  -455.834831437509  457.147418621453
841000  -456.72394207798  455.213802863059
842000  -456.846923679065  457.005047940796
843000  -457.835271888609  459.023460175092
844000  -458.748050923613  458.891175529092
845000  -458.523786582973  458.663732817047
846000  -459.563372521276  458.92712688264
847000  -458.6489783655  460.422736448307
848000  -458.930722637733  460.954647328953
849000  -460.685448730598  463.569250142779
850000  -460.842896342315  459.697582224089
851000  -459.420769129761  461.397161943127
852000  -463.437074125812  461.516759164823
853000  -463.542097946315  462.10186288491
854000  -462.933790170431  461.847868264993
855000  -462.223861741148  463.290811746142
856000  -463.240431203192  464.309779872374
857000  -464.08804288467  464.627101136659
858000  -464.725540966434  464.619805607867
859000  -467.876010862699  467.004542382923
860000  -466.354986636469  467.052222952143
861000  -470.030704046092  465.434134296198
862000  -468.870609631995  465.647372479802
863000  -470.520080605437  465.895336947077
864000  -468.40954451589  468.514187782144
865000  -470.432265322158  468.254550035719
866000  -472.654177313959  469.012410187811
867000  -470.856377124028  468.879658463844
868000  -471.703659672124  468.761626994351
869000  -470.552396313114  470.136026919815
870000  -469.056584610598  471.307150853338
871000  -471.69470585505  473.080192641728
872000  -470.460101714201  472.090253102944
873000  -472.915127176158  473.87270018987
874000  -473.134607404219  473.64871519159
875000  -474.49395803558  474.837409592197
876000  -474.12506431849  475.800475155848
877000  -473.608336774035  475.859642300274
878000  -475.223961083647  475.42547106716
879000  -477.159614827673  478.189266945884
880000  -475.477375987922  477.860688855342
881000  -475.922266483619  478.298792010575
882000  -475.447898897764  478.034769190328
883000  -477.079300871685  478.873661088865
884000  -475.7250768689  479.950511090317
885000  -477.379085752131  479.921701398906
886000  -478.966103159309  480.174431592113
887000  -476.034679205911  480.773505609504
888000  -479.429017954211  482.779661197496
889000  -481.012665163423  481.617812156623
890000  -479.957789933521  480.112031213222
891000  -482.740642096954  482.488355067894
892000  -482.54281017993  484.518201448958
893000  -482.220007132434  481.631690404747
894000  -479.725650798639  483.3336456747
895000  -480.974584032589  484.977716829564
896000  -483.105372268939  484.162302470196
897000  -484.61222285638  483.737455260347
898000  -482.559558541351  484.199627735974
899000  -484.612830796419  482.488668580934
900000  -484.513866995659  484.143955370314
901000  -486.05869856251  485.908831227622
902000  -487.193919228335  484.51508693341
903000  -488.429848399251  488.919567491176
904000  -488.784983471501  487.022377246128
905000  -489.566071111664  488.876943945861
906000  -489.561382790969  488.665144041348
907000  -489.795332601355  490.844264943109
908000  -487.466452792933  490.633018249976
909000  -487.85752622808  490.37475372846
910000  -489.245169141568  490.887042799861
911000  -490.661192529497  493.280493032251
912000  -492.262618383133  494.396498008118
913000  -493.161742803627  493.289584436468
914000  -490.938275216887  493.289991502837
915000  -493.098734802271  492.979359275907
916000  -491.703936650134  495.538925047825
917000  -492.29332388752  494.794153640021
918000  -493.604010700575  497.349426118803
919000  -493.318684952186  497.896460504302
920000  -496.514706660904  498.681744410079
921000  -495.28561562072  498.376715306377
922000  -495.793457566798  499.933015043168
923000  -497.036606698568  500.830232512608
924000  -498.38959364607  500.291124911451
925000  -500.333586923019  498.442748696529
926000  -502.022824880283  501.143363886766
927000  -499.600302298421  501.876860845784
928000  -501.158767262109  501.816833223936
929000  -500.042738242768  500.540953904427
930000  -501.147194079706  499.886850523116
931000  -504.128176221154  502.065507767385
932000  -504.896398048119  502.296718395795
933000  -506.179956873276  501.686746884102
934000  -506.854735233151  500.657528710605
935000  -506.348286157876  502.81074457634
936000  -506.716368139849  504.04779066488
937000  -507.612867222301  503.858592013222
938000  -507.233626763091  504.158582665026
939000  -506.889412963303  504.833858789895
940000  -508.157648138122  506.15874223958
941000  -510.300715437003  506.53752369016
942000  -512.717170033473  506.322702499907
943000  -512.164016677856  507.443345300705
944000  -513.378198967779  508.577569601844
945000  -511.539920380939  506.296255767983
946000  -514.178490793209  507.667119904681
947000  -513.428445891372  509.063833854569
948000  -511.13431973994  507.017352003325
949000  -514.591262997119  509.493823607635
950000  -513.245210569091  510.575914450257
951000  -514.903424585671  510.110816199365
952000  -517.231287797061  513.178359148311
953000  -518.844009137414  512.25169853589
954000  -517.830301407454  513.277961427748
955000  -517.839500853386  514.124426406055
956000  -518.636480495561  514.721152216054
957000  -519.036490896474  513.597902519006
958000  -518.506061949854  514.909076295605
959000  -519.812949809039  515.77568228113
960000  -519.023505111257  512.983473514722
961000  -521.143537026343  516.255289800965
962000  -523.932928199679  516.514075013183
963000  -521.675722399444  517.452632401277
964000  -524.054950159687  519.984904977886
965000  -525.048617677419  520.108348246225
966000  -525.413779406011  520.854711541269
967000  -524.437981885094  519.079154082363
968000  -525.919156099993  521.324539507975
969000  -522.886860654873  522.494673976996
970000  -526.134245079229  520.42918367752
971000  -526.559926998812  522.54273877214
972000  -526.25289225524  522.090188508444
973000  -528.220112750055  522.363626283349
974000  -528.067612136915  522.913764475289
975000  -528.581986058562  524.643623759299
976000  -527.50402716012  524.782632218378
977000  -530.237251737539  526.274708703658
978000  -527.856386456566  526.664903430898
979000  -530.418477607549  528.500886589492
980000  -529.212451602433  530.568081235121
981000  -530.525365904398  530.797183339204
982000  -532.045684091924  531.506439852929
983000  -531.547832952664  530.435859264253
984000  -532.784598087392  531.738427355539
985000  -531.708417573227  530.153790049046
986000  -531.561573189203  532.260246044893
987000  -531.952864885151  533.03746297165
988000  -530.187593266677  535.091969311194
989000  -530.734476617128  535.795368943415
990000  -532.068392185983  535.409095133681
991000  -533.021291771367  536.824224453555
992000  -532.419978412637  536.282449323408
993000  -533.559790468248  537.458572077127
994000  -531.877563201114  537.919267259518
995000  -532.736042917199  537.868589381465
996000  -534.21258939026  537.233167975833
997000  -536.494154931122  537.248849310367
998000  -537.743990465001  538.135975980885
999000  -537.344176937267  537.908550652509
1000000  -538.000333703065  539.050792827553
1001000  -539.695924879582  539.437264584519
1002000  -536.514916164497  538.784734182315
1003000  -536.729541522349  539.869824915311
1004000  -540.208467920799  541.006071682251
1005000  -538.725206676923  541.217674143961
1006000  -540.364678501304  539.723498265893
1007000  -539.38156034841  540.393065229363
1008000  -536.70832284462  541.035251565381
1009000  -538.164921193376  540.864166007526
1010000  -539.340525001072  541.412109254611
1011000  -538.400628720894  541.505732855151
1012000  -539.467106585043  543.457128514163
1013000  -539.487534352677  543.750601568335
1014000  -541.052029685665  543.184719188601
1015000  -540.648564782884  544.459005156283
1016000  -541.398614036323  543.041237224213
1017000  -540.986486967603  546.008869007336
1018000  -541.443510977276  544.101991068206
1019000  -542.593333205764  544.036591579618
1020000  -544.697758574359  546.9293217894
1021000  -543.142050837496  545.411104385718
1022000  -545.214418299085  547.078562858592
1023000  -545.432000625004  547.467362005936
1024000  -544.564851738715  547.512006470071
1025000  -544.632734596441  549.533762947171
1026000  -547.484016585709  550.2317944221
1027000  -544.919726320862  551.643266551852
1028000  -546.15446692031  551.956205746566
1029000  -547.536241379813  550.747488841377
1030000  -548.471968530563  550.003980030836
1031000  -548.32168784014  552.739921678528
1032000  -548.486695796833  553.909762184285
1033000  -550.646936233322  552.27205435143
1034000  -550.780332651122  552.31967788853
1035000  -551.537178512178  554.255596018894
1036000  -550.784934268576  554.951982726513
1037000  -553.747932947913  554.480787854958
1038000  -555.298870374368  554.879297456185
1039000  -555.983354120064  556.660462519163
1040000  -557.453422486677  556.389485064167
1041000  -557.497923535101  556.638100716189
1042000  -555.725369245001  558.982930900537
1043000  -557.114042670992  558.167789989632
1044000  -557.194586213498  559.29761616529
1045000  -558.971117224459  557.496621444022
1046000  -561.570793288663  558.424915044758
1047000  -561.482561825019  558.860684552101
1048000  -564.018913297524  558.845200577038
1049000  -563.866673929134  557.621873022723
1050000  -566.516643923001  559.363442667059
1051000  -564.499299993674  558.567818663213
1052000  -568.222255201268  556.997343007473
1053000  -568.66376601905  558.477870223444
1054000  -570.61550762526  558.667019896149
1055000  -567.221369045385  559.942864795269
1056000  -569.304814053661  558.999375435807
1057000  -568.645977425955  557.608672901513
1058000  -569.715355138252  558.476940952023
1059000  -567.706993751073  558.881873973403
1060000  -567.964407633224  560.744494263988
1061000  -568.438090807187  560.422486845699
1062000  -568.743857324302  562.656703280513
1063000  -569.932417772975  561.248274569975
1064000  -570.270976688501  563.087441791274
1065000  -571.186247599706  563.002053264072
1066000  -572.076901933061  565.148743363961
1067000  -571.306530719269  565.01622485297
1068000  -573.113824426982  566.324148379759
1069000  -571.820765832927  565.633944746962
1070000  -570.839851251079  566.705199389938
1071000  -573.842263382949  565.691100893172
1072000  -573.468314220121  566.809283079854
1073000  -571.903536325732  566.089472863627
1074000  -572.974865827431  567.038102625934
1075000  -572.314749280987  568.67980666569
1076000  -572.946975406008  568.095055761155
1077000  -573.40035239077  567.947068049045
1078000  -574.691837755062  567.510842938897
1079000  -573.113638347741  570.450329140661
1080000  -575.66440516386  572.56553634921
1081000  -576.047685485529  570.679918200513
1082000  -575.743108651062  573.408441026978
1083000  -576.521906544595  574.789325742116
1084000  -576.236959432699  572.563450581545
1085000  -580.042199649993  574.11951143003
1086000  -580.02504351091  575.545508076815
1087000  -580.256423411134  576.880587332856
1088000  -581.158102440672  575.80666963598
1089000  -581.974623523907  577.373679184748
1090000  -583.860288646115  577.012109946776
1091000  -584.721772519098  576.700620732934
1092000  -586.621845386299  577.556995510206
1093000  -584.260539116361  579.081111920444
1094000  -583.276464398451  580.166159667537
1095000  -584.204089528695  580.917174010577
1096000  -584.809795569437  581.1541625947
1097000  -586.296856280084  583.043104772547
1098000  -587.473578382437  582.385403715646
1099000  -587.026073614924  582.6407934725
1100000  -586.377001394173  584.652252699818
1101000  -586.39972819425  584.423614442296
1102000  -587.324061719613  586.542826495987
1103000  -587.167071060964  584.963819599981
1104000  -588.169343395875  586.864322376169
1105000  -590.352114248274  588.132132379766
1106000  -589.142311466882  589.416994669448
1107000  -587.965737791574  590.746793429807
1108000  -591.03869003338  591.313677467057
1109000  -590.142569864617  589.980894700552
1110000  -590.549239212296  590.528491828682
1111000  -591.644410483268  589.201955861037
1112000  -591.223319203527  591.630569036249
1113000  -592.552428142015  593.026785815451
1114000  -592.175803708675  596.050590586002
1115000  -592.921847862596  593.7097714228
1116000  -593.312995256659  594.690994403096
1117000  -594.257615312473  594.923691512548
1118000  -592.850277554593  597.935038436168
1119000  -596.563332939403  599.261762754331
1120000  -594.341360686143  599.458213708876
1121000  -594.254304769645  599.072938671819
1122000  -596.210892102689  600.581619521122
1123000  -596.411335294093  600.823185819283
1124000  -594.942084374651  603.541472810022
1125000  -597.749325697283  601.555710785993
1126000  -596.22923428927  601.95472261939
1127000  -595.955685989284  602.962179348059
1128000  -595.152813342395  603.037773879292
1129000  -595.208932208585  602.459061917487
1130000  -596.332624790518  603.435419878937
1131000  -597.833883681994  603.805806898524
1132000  -599.923318868563  605.489382979316
1133000  -601.674409885764  605.138692324876
1134000  -600.93853656956  605.834392547789
1135000  -602.922572574681  607.518559082712
1136000  -604.349427269051  604.500942576169
1137000  -604.613862913049  608.667194016669
1138000  -603.68180587428  608.250169989738
1139000  -609.275120620328  609.26176347651
1140000  -608.623672049154  607.982135789054
1141000  -606.763436777567  608.75337361631
1142000  -608.260539334007  608.422479144241
1143000  -609.135146428148  612.331591239956
1144000  -609.704831042812  611.319613373086
1145000  -611.3798383902  612.088235398793
1146000  -609.900924594465  610.298221487517
1147000  -613.015054560449  614.148027149465
1148000  -611.48707229259  614.129260004583
1149000  -615.828985561273  616.097302460801
1150000  -618.68922221875  616.264560371783
1151000  -618.802666099801  615.040040789955
1152000  -619.472055446506  616.267017217371
1153000  -620.680621641981  614.840581994489
1154000  -620.921053880046  615.574627675391
1155000  -620.021596811694  614.819955413842
1156000  -619.02905444658  617.001180901437
1157000  -618.742340943186  620.400150381368
1158000  -618.261292305441  619.350854889934
1159000  -617.567011585664  620.248848866947
1160000  -620.012124984623  620.545393129628
1161000  -621.32604465813  622.208022531202
1162000  -620.597044631708  622.883420980704
1163000  -620.978969926809  623.133827666858
1164000  -620.893195160833  623.926663076812
1165000  -621.846317266119  622.945732377006
1166000  -624.956364209285  624.814081043515
1167000  -625.700035210313  626.349250950503
1168000  -625.105085857284  627.577954155389
1169000  -628.562088254376  626.833742448102
1170000  -626.357637806329  626.48303303
1171000  -627.086435210437  627.580448956554
1172000  -628.478479677856  629.474438122091
1173000  -629.533250872678  629.392829498189
1174000  -628.166055609432  630.053066742437
1175000  -630.007805910555  630.682432658412
1176000  -629.22184989865  632.765994741748
1177000  -632.578490640173  630.485245679954
1178000  -634.90316338583  631.704982433395
1179000  -631.984141008454  633.148715536756
1180000  -634.194214005106  633.346855469341
1181000  -635.008163852508  633.614033044526
1182000  -634.739718930859  632.816316906973
1183000  -636.056399805175  633.22372177834
1184000  -638.492570644274  632.845800184929
1185000  -637.405575446038  632.432588533955
1186000  -636.125931909255  631.947830404574
1187000  -637.32962950631  632.080335780418
1188000  -635.740656529233  635.196372886346
1189000  -638.254151935733  634.942802148497
1190000  -639.386557890994  635.194051332293
1191000  -638.151434437718  634.769591299181
1192000  -641.699454462591  636.30312396148
1193000  -639.776293801116  636.533857088001
1194000  -639.798447694807  638.065224735928
1195000  -639.960941716849  637.342051480215
1196000  -641.493427794098  638.244153939156
1197000  -640.684807959459  641.529602503471
1198000  -641.549055543583  641.533122048279
1199000  -641.587733488088  640.652277865182
1200000  -644.191860452052  642.800778279815
1201000  -642.39333905887  641.823536174812
1202000  -641.961731708354  641.773207215558
1203000  -643.966249749716  642.2488710021
1204000  -643.070883987079  644.193406679268
1205000  -644.218366970605  644.732434014859
1206000  -644.953404325252  645.352942762585
1207000  -644.349008860267  644.720725275608
1208000  -644.515474823574  646.719202835646
1209000  -646.218911606504  648.035651022669
1210000  -646.845246346263  647.717321554496
1211000  -646.827456468677  647.126291052114
1212000  -648.611151388339  649.825170605292
1213000  -651.073744097197  648.329674207808
1214000  -652.195887536304  647.94323716182
1215000  -652.517275485781  649.857149112219
1216000  -652.464976616815  648.187428152712
1217000  -653.666220888803  648.40844372124
1218000  -653.702654886694  651.018349533188
1219000  -656.587503821558  649.16731303743
1220000  -655.096088414622  650.458360144095
1221000  -655.553659687424  654.774440648144
1222000  -657.891309355068  653.898369304378
1223000  -656.58490153336  655.602920897468
1224000  -656.026768186084  656.467816906295
1225000  -657.488201442656  656.801359488886
1226000  -656.037478663521  658.692498197028
1227000  -655.731464760633  657.48644804305
1228000  -658.258042402416  659.169682816091
1229000  -658.73917397844  659.890632527511
1230000  -661.293107705745  660.118400500116
1231000  -660.248765246318  660.460237342092
1232000  -661.82089228013  659.297188715509
1233000  -661.967004790088  661.708693312759
1234000  -663.303950749147  663.377871102142
1235000  -661.323377673471  661.326346165761
1236000  -663.115324449777  662.412137929982
1237000  -664.182803495476  661.093673188355
1238000  -665.150858913578  663.013465045912
1239000  -667.418970675159  661.827104096049
1240000  -666.405594147323  663.096676172676
1241000  -665.850573119564  663.721672405034
1242000  -667.739011634981  663.845390647129
1243000  -669.326241936996  663.582308439452
1244000  -669.945905225262  663.301254586913
1245000  -668.277767104495  665.019405020313
1246000  -669.691088791943  665.74634202345
1247000  -668.680566794093  667.958289040528
1248000  -670.433989468897  670.058387179027
1249000  -672.589480490356  669.060819996588
1250000  -669.937991631323  669.740073472014
1251000  -672.431951530759  670.133192312879
1252000  -670.270723557995  669.960708324129
1253000  -672.544500349722  668.583296417203
1254000  -673.972538407425  670.69697508592
1255000  -674.237662824191  670.45951477302
1256000  -673.403068440633  672.698588426287
1257000  -675.025253407948  670.275355357421
1258000  -674.599017192126  670.782811406696
1259000  -677.981317370013  674.375235396572
1260000  -677.372417010247  674.097123238652
1261000  -676.99981923142  676.259014298559
1262000  -680.068126890068  675.991160819531
1263000  -681.614695874766  677.730173082817
1264000  -681.281506130896  677.890231907804
1265000  -683.226298091658  679.06405355274
1266000  -682.85294806227  678.084555538255
1267000  -682.820941236236  677.761054273885
1268000  -683.426553384112  678.920841928687
1269000  -683.702601902391  678.394125888097
1270000  -684.706116068814  676.956471662095
1271000  -685.240706636896  678.872835944514
1272000  -685.952523773095  680.244919268175
1273000  -686.501135323122  680.862588662873
1274000  -687.539333855119  682.158864966502
1275000  -688.431209730562  682.5564370571
1276000  -691.177018341111  682.355686985988
1277000  -688.870506798056  683.558096659886
1278000  -686.692927912787  683.737684509814
1279000  -689.381318333159  683.376913936448
1280000  -691.143242654506  684.611651202918
1281000  -692.013140555761  684.612434273257
1282000  -692.97498240695  684.872184791499
1283000  -691.961691036088  687.154535055935
1284000  -692.911761426911  686.810168529883
1285000  -693.732062954558  685.034326278456
1286000  -691.328053874338  684.922212446689
1287000  -695.484302979499  687.971919953429
1288000  -693.404401322478  687.209022682582
1289000  -693.960053384322  687.699946784099
1290000  -695.235978590426  690.877336715602
1291000  -693.952898001746  691.878763295139
1292000  -697.287273897007  692.659277071121
1293000  -696.483419094777  691.637170081675
1294000  -698.47562184462  692.589814634165
1295000  -699.540620301399  692.041385664115
1296000  -698.075637443411  697.069928653355
1297000  -699.956772072456  694.472247879889
1298000  -700.733848005714  693.921782239411
1299000  -701.328439434149  695.165923656715
1300000  -700.67460030431  698.548738181854
1301000  -701.602169516208  699.882002349275
1302000  -703.462104079973  697.684702762338
1303000  -703.29218597965  699.128279378265
1304000  -706.079226090125  698.131910549299
1305000  -706.154303884469  700.860337350359
1306000  -707.172029579956  702.236099464505
1307000  -707.517107016168  701.384454279887
1308000  -706.68873386363  701.994443106042
1309000  -708.686214186803  701.64164192129
1310000  -707.323390351028  701.514802608308
1311000  -709.911178674925  700.984513842493
1312000  -709.406590168895  702.439169078353
1313000  -710.085270077927  702.792954969772
1314000  -709.891106251307  703.430928563759
1315000  -708.953660541824  704.754186621088
1316000  -711.612041385199  706.959046535806
1317000  -711.017035139521  706.499472109899
1318000  -711.968517444536  707.713623547144
1319000  -713.18232347366  708.77665671931
1320000  -712.155629265351  709.709247913044
1321000  -714.696563783382  708.917219858398
1322000  -714.090387514604  707.941106966189
1323000  -715.403075502764  708.46723209386
1324000  -714.712452339544  710.139460414444
1325000  -716.358663266471  712.34623054109
1326000  -715.140774219427  713.063188267241
1327000  -717.097064994614  713.98749012921
1328000  -718.14247952396  712.74488392904
1329000  -717.917141382682  714.353223536894
1330000  -720.131975845971  715.445123266166
1331000  -720.621326539055  714.512601138133
1332000  -722.275303856085  714.880559197596
1333000  -719.778510148858  714.585650009734
1334000  -722.220653088627  714.644758401967
1335000  -722.191579663982  716.070130432131
1336000  -723.48915352455  714.85644104829
1337000  -722.726725104362  716.5315548863
1338000  -721.838566289175  718.269604143053
1339000  -722.761938058075  718.083784274282
1340000  -725.104005656846  718.87601901967
1341000  -724.530409849714  718.751639087634
1342000  -723.531081051452  718.506257734565
1343000  -725.154229029674  719.820017538506
1344000  -724.178015942535  721.47930571181
1345000  -725.393600312945  721.579866030259
1346000  -726.260899987584  721.952017674112
1347000  -725.826468979131  723.433649591869
1348000  -726.275838273274  722.491312953503
1349000  -725.599674431539  725.23936245749
1350000  -727.022876690738  724.77414790773
1351000  -727.720793820132  724.545471095308
1352000  -729.303279515366  725.520553855029
1353000  -728.916360854466  726.615747884108
1354000  -730.340355539457  725.322664034944
1355000  -729.832959658397  726.149132772758
1356000  -729.079416076134  728.362274465238
1357000  -729.533624756014  728.021119375916
1358000  -732.480515897811  729.612535298809
1359000  -730.354893068433  730.342982748495
1360000  -734.387181007043  730.139578796046
1361000  -736.466577033532  729.521553294668
1362000  -733.586666120895  732.203373493232
1363000  -734.572531141447  732.231452894063
1364000  -734.8032101211  730.72269588745
1365000  -734.853799910112  731.957553291363
1366000  -736.688128082293  732.22401943734
1367000  -736.539101580009  733.490764299495
1368000  -738.878963925582  734.254062686604
1369000  -736.378324470517  734.073622743821
1370000  -738.70124559726  733.771810292618
1371000  -738.261307298103  734.671593549453
1372000  -738.103711472389  734.939032001758
1373000  -738.73097380451  735.862972967817
1374000  -737.344345751374  738.253865707695
1375000  -738.28993174933  738.127902099072
1376000  -740.379775778027  737.242472425058
1377000  -740.202494243483  735.794971524856
1378000  -740.835556990528  737.198080887062
1379000  -742.732629740641  740.789081163709
1380000  -744.761670875244  741.307762758178
1381000  -744.248958647641  741.219905119304
1382000  -742.982087402409  740.83176928397
1383000  -746.713993621613  741.610904164321
1384000  -744.214955205227  743.914299376382
1385000  -746.73309072009  741.99176779507
1386000  -748.024372280354  744.14260014076
1387000  -748.308647585333  743.352328182023
1388000  -747.930243826866  742.581933408524
1389000  -750.649933462332  746.315154623527
1390000  -751.486116171606  747.040561935961
1391000  -751.201284346426  745.551983479261
1392000  -747.724269843881  746.504191986938
1393000  -752.251904473976  748.001722043101
1394000  -750.506033344812  747.273412321026
1395000  -750.48195360131  749.328653012402
1396000  -751.186551146827  749.870602039446
1397000  -751.436951728823  751.66707506514
1398000  -753.875338045324  750.218180919733
1399000  -752.478991507779  750.994698990346
1400000  -754.590668015148  751.451744675646
1401000  -754.030098838829  751.868009179983
1402000  -755.316513730404  751.295336372496
1403000  -756.095596221193  752.405722589326
1404000  -756.81614294272  754.718346971661
1405000  -755.646848397896  754.827264014537
1406000  -758.402212289647  753.496909013337
1407000  -759.259034984565  755.972117971664
1408000  -759.434874841124  755.652289873796
1409000  -759.001825964237  755.179595105373
1410000  -762.414983940582  756.621459035408
1411000  -762.824951205677  757.751225896253
1412000  -764.757377218061  758.826859825864
1413000  -763.443717103759  759.41678130705
1414000  -764.149931806797  760.08393065016
1415000  -764.85782276107  758.935127984
1416000  -764.648438060162  757.436492120417
1417000  -765.908852796516  761.427273426527
1418000  -766.282141575903  762.484499228706
1419000  -765.402273212267  761.569176790662
1420000  -769.527958838215  762.789456639006
1421000  -769.784532298783  765.273141822629
1422000  -769.6211869728  765.602352086225
1423000  -769.805000087143  768.714587661239
1424000  -770.964106545271  768.164232239293
1425000  -770.349262592192  767.240424217521
1426000  -770.857562423374  767.952313155929
1427000  -773.996119870035  767.670732987134
1428000  -775.795633557354  767.354470154067
1429000  -776.554039023244  769.374411798664
1430000  -777.417857659099  768.129355106596
1431000  -777.211315581178  770.216855719259
1432000  -775.33514176701  770.921725853707
1433000  -777.968091374406  771.682337117215
1434000  -778.412124209303  773.215505928875
1435000  -777.576461427794  772.328660388911
1436000  -780.890165798749  772.425172569353
1437000  -780.824122045255  774.311283661852
1438000  -778.850936552124  774.255221289605
1439000  -779.176968001494  773.976527924462
1440000  -780.704472640949  773.61741267711
1441000  -778.608444402615  774.768495514228
1442000  -780.078399619174  773.180873125079
1443000  -780.366655409764  774.347862162506
1444000  -780.963040637748  775.190910728346
1445000  -781.447342934678  776.807116543469
1446000  -780.271945000323  777.85937843063
1447000  -783.789165168294  779.545049636749
1448000  -782.919179896569  778.029939481207
1449000  -785.50577790087  779.667060734558
1450000  -788.560940874263  778.145358272239
1451000  -786.708759280109  781.163349032305
1452000  -788.032639771081  783.336728771991
1453000  -786.853546099825  783.246689026529
1454000  -788.037265972619  784.195115104086
1455000  -789.177436106575  785.981571245268
1456000  -788.643759345877  786.394979962644
1457000  -792.415537607141  787.476458878497
1458000  -792.160158656659  788.111912041461
1459000  -791.434300405577  788.418328057113
1460000  -792.250232504567  789.456981238608
1461000  -792.331208591744  788.82862948973
1462000  -793.260737184461  787.098668541114
1463000  -794.922086151272  788.700218583141
1464000  -796.979789707322  790.985753535972
1465000  -797.24501897531  790.144976547597
1466000  -797.539154963843  790.055827981015
1467000  -797.044570571691  791.25493832121
1468000  -799.13144192099  791.942040572612
1469000  -800.867917868554  792.043640839259
1470000  -799.331257367204  794.299435966998
1471000  -802.356939828399  795.629332794615
1472000  -803.18736919838  795.094890818636
1473000  -804.477718487972  797.492777088027
1474000  -804.131095872374  797.329841818851
1475000  -804.757152271628  797.323079517505
1476000  -803.488638216186  797.654674458434
1477000  -802.83909023631  800.159697887287
1478000  -803.176406870439  800.772903089628
1479000  -803.744669329686  802.78748488981
1480000  -803.185572537559  802.74609539973
1481000  -803.47557004817  804.490063922364
1482000  -802.381325459222  804.45610391177
1483000  -803.677467201463  803.960259506839
1484000  -803.347476484109  804.855210494531
1485000  -805.494991695047  806.96773951634
1486000  -803.225286154511  807.298318039494
1487000  -802.830549204016  805.512187976669
1488000  -804.715448984132  805.439880112525
1489000  -804.872239998873  807.636618469963
1490000  -805.861096366207  807.626189860781
1491000  -805.216968659793  809.950792817862
1492000  -807.491633062987  809.505430206681
1493000  -807.689073768334  809.302558019197
1494000  -808.047916559708  811.135324061283
1495000  -809.475926423402  811.454327079106
1496000  -808.443847092758  811.335076189689
1497000  -811.160079746425  811.052553557976
1498000  -810.780274086155  811.334135347253
1499000  -810.49815925663  811.3959048649
1500000  -811.682322290321  813.517088755478
1501000  -811.279854549502  814.969095311849
1502000  -813.101217639705  813.133527311608
1503000  -812.315390293639  815.094017433035
1504000  -814.064557921944  816.317449833333
1505000  -815.726611241806  816.506532533971
1506000  -813.378795618997  817.462328044729
1507000  -815.091623292813  818.567106676182
1508000  -818.003563127569  820.153578230707
1509000  -820.299195971243  819.078797281195
1510000  -823.526987249855  821.344780350127
1511000  -823.110620569004  822.319853328802
1512000  -822.644310937898  824.657332375798
1513000  -824.310478569168  822.694229308486
1514000  -822.510840243747  823.756917433293
1515000  -825.127362510395  825.820573852215
1516000  -822.679558882918  826.807286167864
1517000  -823.947753298414  825.235387459539
1518000  -824.974331520832  828.877111042096
1519000  -827.664380172354  827.831405837083
1520000  -830.039739539394  829.772256463416
1521000  -830.071475703945  832.206512319859
1522000  -831.689221218079  831.959278193668
1523000  -829.72498253036  828.91873731387
1524000  -832.514007988316  833.657860456867
1525000  -831.672534374941  832.881188382055
1526000  -831.350948060025  834.15671459732
1527000  -834.865655741883  834.361850200193
1528000  -835.486541614384  834.518539903241
1529000  -833.857415318673  836.028499213914
1530000  -835.382589998806  836.043998539331
1531000  -835.798039630379  835.046065071113
1532000  -837.262620371213  834.708735591857
1533000  -837.104313166082  839.109865607422
1534000  -837.322320643665  838.684290703195
1535000  -838.481468450575  839.279653781116
1536000  -839.770465066207  839.837717820295
1537000  -838.594427642018  840.299940855299
1538000  -841.360558923733  840.596038096422
1539000  -840.865175194041  840.589230617363
1540000  -841.848568965193  842.844032546685
1541000  -841.74458719006  843.077177405739
1542000  -842.576974765997  843.233205661192
1543000  -844.130433515901  843.646499583664
1544000  -842.736369888274  845.106507551102
1545000  -844.473861802156  847.320575965811
1546000  -844.471841839674  847.39025978462
1547000  -846.268351315694  846.471983267008
1548000  -848.746497123846  848.199205706311
1549000  -848.416672010475  847.191639340445
1550000  -849.05191147849  846.773547870086
1551000  -849.111466388934  848.489614800843
1552000  -850.438927241032  848.55809777996
1553000  -848.403697272065  849.029780192138
1554000  -850.418035000473  849.016174139485
1555000  -853.535162924762  850.878085936529
1556000  -852.315024138921  851.357567339973
1557000  -850.26102274174  851.3346052262
1558000  -854.003973156824  851.954188029727
1559000  -853.468128458024  851.57300627121
1560000  -851.797586416053  852.41575399054
1561000  -854.082999754321  855.255399601591
1562000  -853.558392980283  852.924103863461
1563000  -853.908972335881  853.40755663444
1564000  -855.28325146394  855.979973290949
1565000  -857.446489755865  857.12495459837
1566000  -859.509479464743  857.30005565293
1567000  -857.352186000775  857.776760717009
1568000  -859.571314641053  859.520960555743
1569000  -857.505724091774  856.894667492125
1570000  -859.792356643242  860.440709990923
1571000  -862.891227499338  860.102762528034
1572000  -863.065541310461  862.365946467331
1573000  -863.082343699372  864.012286544949
1574000  -861.358108119519  864.239475959025
1575000  -865.050984450137  862.512871911388
1576000  -865.77112493615  863.594278828097
1577000  -866.387843645627  863.955489924987
1578000  -865.98990823375  867.102693180755
1579000  -864.98196505044  867.245722805468
1580000  -866.991232461454  867.803701246969
1581000  -869.648157991982  868.91683388797
1582000  -866.750756799468  870.012461625378
1583000  -867.130325569852  871.464264988522
1584000  -867.08029615206  872.027508379377
1585000  -868.522649335184  874.144338118981
1586000  -867.401425199487  874.837378383863
1587000  -870.91987089277  874.256402791055
1588000  -870.981165784584  875.326344450038
1589000  -872.673561437727  875.129490958273
1590000  -871.435965444392  876.836324264177
1591000  -872.791520486378  876.616990318818
1592000  -873.957451814682  876.967758702067
1593000  -875.42407160646  880.421144326701
1594000  -874.493309952108  878.271736447467
1595000  -875.544279151943  878.509324262319
1596000  -874.797415919531  880.181711170478
1597000  -876.342158463455  879.95042323307
1598000  -877.266073902494  883.157062544042
1599000  -877.855034443144  882.877908800191
1600000  -878.898410722616  883.524806677509
1601000  -880.302298875107  883.603649474045
1602000  -881.112174199868  885.540497516072
1603000  -882.508654112612  883.717753737585
1604000  -883.025946902168  884.510456047066
1605000  -883.347773766606  886.736114393801
1606000  -885.986598849189  886.800685608552
1607000  -887.115724019465  889.092635253648
1608000  -888.68139594124  889.911249095859
1609000  -886.642457335604  890.425014692214
1610000  -887.409220183973  890.262196659147
1611000  -888.433585146083  891.38307994877
1612000  -891.16199986445  892.534221070786
1613000  -892.028972002444  893.909440662157
1614000  -892.69051442315  894.493514929403
1615000  -891.24185885795  896.263221894525
1616000  -895.495846130356  897.493807342321
1617000  -893.947047853068  896.925257204021
1618000  -892.759403346428  896.383877301023
1619000  -894.121301578906  896.150496436474
1620000  -894.166113445596  898.063096140134
1621000  -892.013486886346  898.100144391668
1622000  -893.617826486652  901.10856022344
1623000  -894.609089181936  898.487131297621
1624000  -896.100544159494  898.058182877128
1625000  -897.76188604457  899.766764135884
1626000  -898.811904997944  901.007336459179
1627000  -897.683726047646  901.281399712488
1628000  -899.408988227849  900.92765708264
1629000  -901.199096062449  900.755078335826
1630000  -901.027845562031  901.864470883506
1631000  -903.651192716095  902.641739605702
1632000  -903.837618884776  902.630446610479
1633000  -904.691625169853  903.635317124129
1634000  -906.0620870562  903.906846159117
1635000  -906.671109392427  905.098340857824
1636000  -906.921071289536  906.970946009955
1637000  -906.135366768529  908.070960683287
1638000  -907.952678108928  906.628164482417
1639000  -907.018526487853  906.991074928167
1640000  -908.738547882712  908.36642698083
1641000  -910.251042269223  907.485898101842
1642000  -910.379128109674  907.329979258245
1643000  -913.081850505672  910.454934621672
1644000  -911.817639226072  911.06988807539
1645000  -909.304027971565  912.543911112617
1646000  -910.876795465769  913.193807864203
1647000  -912.359370635879  915.342770954063
1648000  -913.298299257523  914.259991512925
1649000  -911.947824972632  914.379343192959
1650000  -911.909546747523  915.729101770922
1651000  -911.848912619326  915.059244532024
1652000  -910.951553170935  913.848052946087
1653000  -912.329533248141  916.727063837268
1654000  -915.235286529081  918.657627406909
1655000  -914.543761720195  920.02901864758
1656000  -916.523852514982  921.032290126357
1657000  -917.141992692526  919.163123349675
1658000  -915.237125685739  921.100726154298
1659000  -917.185748568574  922.93354574685
1660000  -918.999326349399  922.10002184459
1661000  -918.938425497693  921.715744196551
1662000  -919.92517097003  922.620272055638
1663000  -919.209163877074  925.178410477028
1664000  -920.079647509881  926.250098582939
1665000  -921.827024676918  925.142083875331
1666000  -925.336715193921  926.691261446686
1667000  -922.196129878498  923.113628063653
1668000  -922.759290025391  923.125777456177
1669000  -922.215167219904  923.709782602594
1670000  -923.830506150608  924.428693816613
1671000  -924.502272804674  923.167134274727
1672000  -925.318015640333  924.817406686963
1673000  -925.657166285926  923.565121380275
1674000  -929.020178656878  924.151054211446
1675000  -928.408071178982  925.107421953283
1676000  -929.302405805503  927.112174470529
1677000  -929.282633491689  927.685684693787
1678000  -929.151187807007  927.598926845773
1679000  -928.380669138693  929.336755330455
1680000  -928.50121614857  930.679964204089
1681000  -931.106077777601  931.745660716197
1682000  -930.056599558572  931.423662506174
1683000  -932.36695055932  930.57176144472
1684000  -931.79084870125  930.59158916165
1685000  -933.386793599301  931.22179433261
1686000  -933.635269202753  930.464608558689
1687000  -935.094680857308  930.316212973415
1688000  -936.391866012058  931.455050657501
1689000  -937.934616329029  932.033785740757
1690000  -938.671496154834  931.297133896061
1691000  -940.398330390964  932.946173182817
1692000  -938.899243504519  935.546686195255
1693000  -940.113527927996  937.221175171495
1694000  -938.42575059825  936.870436679872
1695000  -941.516248487774  937.602708409192
1696000  -938.450504225134  935.786085299817
1697000  -940.154633622874  936.754787229581
1698000  -938.811021310996  938.699460229756
1699000  -938.374644540591  938.784926262658
1700000  -938.030605155526  939.418751590065
1701000  -938.548162089557  940.991979312659
1702000  -939.133848060776  939.128669476171
1703000  -939.891597509044  941.375079478864
1704000  -941.116120448038  940.85654083447
1705000  -942.352258439752  942.435960858245
1706000  -942.412580175246  941.417722406477
1707000  -942.016424817183  939.727543082793
1708000  -942.244427620057  940.540717464507
1709000  -940.541789398544  941.802360009109
1710000  -938.880951298053  942.255665461515
1711000  -939.269028645694  943.23511586592
1712000  -938.222024250797  942.186429242913
1713000  -937.972303246355  941.968639853813
1714000  -942.708383633186  941.2767923444
1715000  -939.772927160019  940.231886110718
1716000  -941.841236804932  941.940623891806
1717000  -943.002416603445  942.421762859808
1718000  -942.299567181089  943.792176380018
1719000  -941.267586766852  943.042535084016
1720000  -943.214451655202  942.86512521798
1721000  -942.500189841774  944.386076107919
1722000  -945.584714356682  944.01238195921
1723000  -945.779235111673  944.535612559794
1724000  -944.722224581853  946.469200327718
1725000  -946.1238926407  946.754785120545
1726000  -947.891949393813  947.342441257276
1727000  -947.059632405183  947.861217801416
1728000  -946.756790035734  948.58220033048
1729000  -948.245545609177  947.390971689854
1730000  -949.516964569293  947.697326333433
1731000  -950.211585211587  949.411363813379
1732000  -949.751149576159  947.77478280336
1733000  -950.371741284367  947.6045678586
1734000  -953.410818711284  948.305508297813
1735000  -951.239427843154  946.850929561915
1736000  -952.053687159914  947.192020517038
1737000  -953.841073436282  946.255241608962
1738000  -956.807245770049  946.198875058296
1739000  -957.152155107937  947.767402572966
1740000  -958.165722989667  949.828311299422
1741000  -957.475298877169  948.148944720265
1742000  -959.553952193285  950.994311110764
1743000  -960.528070497463  952.582802279573
1744000  -960.904598377115  953.02012465473
1745000  -960.169714192002  951.506128132185
1746000  -959.488864202349  954.010226125341
1747000  -962.592839254959  954.642359523982
1748000  -962.562625119508  954.212991802632
1749000  -963.36811247088  955.11700216711
1750000  -965.56610630652  954.862221192205
1751000  -964.865539577592  956.915554848637
1752000  -964.997985367696  957.507699390411
1753000  -965.733431093615  956.380101354352
1754000  -967.15137964978  958.880748957224
1755000  -968.139508035082  958.160483705436
1756000  -967.291150054661  960.105648966156
1757000  -966.800776656715  958.839576879308
1758000  -969.186341469985  959.775377307474
1759000  -967.472306128903  960.54272763333
1760000  -968.662016240373  961.391898217697
1761000  -967.821055552428  962.430178924534
1762000  -967.706810306685  963.92535087989
1763000  -968.78529123962  965.033469834042
1764000  -968.30470030287  965.265238050274
1765000  -969.136031558878  966.286408877043
1766000  -970.123669560009  964.770750737883
1767000  -971.295487414134  964.553176146388
1768000  -972.118708422288  966.159974526428
1769000  -972.119054772494  966.269633086238
1770000  -973.911780047673  965.285374683064
1771000  -971.033888803039  965.849090366771
1772000  -972.064057669418  966.412221635298
1773000  -971.101602167686  969.427631059109
1774000  -973.515088155789  968.862063530651
1775000  -971.932616839698  967.714031412177
1776000  -973.941550458835  969.005039875383
1777000  -971.066326076369  969.918855373272
1778000  -972.80779180646  970.296533802899
1779000  -972.514448139016  970.039545032002
1780000  -972.063211432446  970.273054978447
1781000  -972.086943523848  972.77036541274
1782000  -974.294049613022  972.499216478963
1783000  -972.070022559608  971.827275382186
1784000  -974.947539920153  974.072952165471
1785000  -973.224794295062  973.898842055335
1786000  -974.145188651031  972.698508908203
1787000  -974.878711743823  973.82934013092
1788000  -977.850303853179  975.26520173807
1789000  -976.774595857598  974.204280953137
1790000  -976.161728232522  975.412315015729
1791000  -977.933158797802  974.462311158207
1792000  -978.164477519495  974.640992335499
1793000  -978.048880971149  974.817575198039
1794000  -977.350637106913  977.362724999312
1795000  -978.201306202384  977.957404678343
1796000  -979.041751117884  978.403842499824
1797000  -980.110720287257  977.827507591641
1798000  -982.350408127541  978.386455175827
1799000  -980.758787963433  977.543499312303
1800000  -981.718491431319  978.834721988447
1801000  -981.876120669676  980.558560799905
1802000  -983.090873041663  980.987355450382
1803000  -985.09382698602  982.290016989959
1804000  -986.320565319708  981.992857992324
1805000  -985.174459720198  983.825713515246
1806000  -984.985947892283  984.700585711391
1807000  -983.844323860894  985.965561492293
1808000  -985.187260359814  986.946164812836
1809000  -987.127524666002  984.205245747364
1810000  -985.102446313015  986.974376226971
1811000  -987.832627325888  987.707028836417
1812000  -986.199352780744  988.318556236221
1813000  -986.564571858293  989.141079355871
1814000  -987.211056036688  989.24160859117
1815000  -987.412927327324  987.377555058168
1816000  -986.989793469202  989.922839824648
1817000  -987.6790557728  991.645999258506
1818000  -987.927683512919  989.222296669786
1819000  -991.567375169844  988.386944532736
1820000  -989.500039029818  991.033606432903
1821000  -991.132187976602  993.275007272608
1822000  -991.080018578723  991.875705755511
1823000  -988.333249630935  991.635664384845
1824000  -991.339752356588  993.840505109884
1825000  -990.410680205998  993.915360997658
1826000  -991.347197207556  993.724080009368
1827000  -991.724993550257  995.422634768846
1828000  -992.263007434342  992.687826335831
1829000  -993.563354594855  993.421859273348
1830000  -992.406514781661  991.838930308456
1831000  -991.417097901127  992.787003816733
1832000  -993.128881786884  992.786128159996
1833000  -993.39449041531  992.771794126562
1834000  -993.934190476434  993.660381397216
1835000  -994.16369243744  995.065691851122
1836000  -993.30733143025  995.619712483083
1837000  -994.625909881142  998.3792792398
1838000  -997.165441353475  998.206209022056
1839000  -996.201773608333  997.24528652718
1840000  -996.757804184789  999.840498389237
1841000  -995.608050172915  999.484261079507
1842000  -995.855092075077  999.742097632164
1843000  -997.078182469907  1000.56390125362
1844000  -997.787843983676  998.533223380816
1845000  -996.691130766798  999.923062483418
1846000  -998.947866201211  998.770495197371
1847000  -998.305661035563  998.686512853887
1848000  -998.392993826182  1002.04202606536
1849000  -1000.23024625001  1000.97604793263
1850000  -998.854588038728  1001.62159130864
1851000  -1000.37594852101  1005.01183542741
1852000  -1000.45260453552  1004.54579744021
1853000  -1004.06272162054  1004.61850622625
1854000  -1003.89964366766  1005.67736514706
1855000  -1005.18582695505  1005.8124530337
1856000  -1003.85578454077  1005.14401709152
1857000  -1006.11179923939  1005.64456755465
1858000  -1005.76700069587  1005.64298681223
1859000  -1006.99287542271  1006.66918954182
1860000  -1007.21867985206  1008.41602412438
1861000  -1008.07571447586  1008.92777485941
1862000  -1007.5440796076  1009.50640402883
1863000  -1008.65417145358  1010.01939626345
1864000  -1012.21318976792  1009.76591078173
1865000  -1011.19848855198  1009.90834827292
1866000  -1012.10978035471  1007.16757800745
1867000  -1013.21697111559  1008.62582288881
1868000  -1013.20673916688  1009.77650190532
1869000  -1015.40468781867  1009.86108247947
1870000  -1014.73522690985  1010.49867003809
1871000  -1015.96609004611  1008.60498217706
1872000  -1015.83471920104  1012.30786529824
1873000  -1016.67709699919  1013.3811547846
1874000  -1014.33030690026  1015.49125342064
1875000  -1015.07079046587  1014.81366659462
1876000  -1014.47302427351  1015.70173448051
1877000  -1016.95348948934  1016.65761471895
1878000  -1017.65361606284  1019.46132975327
1879000  -1019.07424028766  1018.03784651738
1880000  -1018.76798360706  1019.86897711478
1881000  -1019.12830994776  1018.94444878318
1882000  -1020.50535246201  1020.44817629919
1883000  -1022.58693635969  1021.1659770595
1884000  -1020.4040288339  1020.28925219033
1885000  -1024.32307680548  1022.10220451123
1886000  -1024.08338843048  1023.31932575686
1887000  -1027.43537540468  1023.00250114386
1888000  -1028.1676444347  1022.55968815074
1889000  -1028.33658603142  1024.77219922495
1890000  -1030.65074674112  1024.96722872467
1891000  -1031.91196508676  1025.00485754982
1892000  -1031.62765314363  1027.35352283442
1893000  -1031.86593396664  1026.5400779174
1894000  -1031.03278655902  1026.90372554291
1895000  -1033.64263648613  1027.15484977003
1896000  -1031.79469200926  1028.87246018525
1897000  -1031.72747801006  1029.27393808971
1898000  -1031.5985588814  1028.29596808434
1899000  -1030.86759542434  1031.25987596258
1900000  -1032.68361643965  1034.01347090361
1901000  -1031.04493256207  1034.07952187354
1902000  -1034.78412045532  1036.05808900102
1903000  -1033.85591637039  1033.52128692546
1904000  -1034.40662637786  1034.31272891721
1905000  -1034.94691688477  1036.1125299665
1906000  -1035.59647108524  1036.6615901057
1907000  -1034.96150034235  1035.84552410163
1908000  -1036.2852705895  1034.83789553101
1909000  -1037.37901894116  1034.89618642661
1910000  -1038.98088380779  1039.18375374257
1911000  -1041.92523155056  1036.81901230479
1912000  -1040.27464738603  1036.95252800523
1913000  -1042.69830186434  1038.76356481476
1914000  -1043.67412713533  1038.72140103312
1915000  -1041.39833253668  1038.83965472064
1916000  -1041.51929788292  1038.05693765188
1917000  -1040.86740241031  1040.53292847037
1918000  -1041.17368340849  1042.52889969494
1919000  -1042.8305552531  1043.05686217988
1920000  -1042.41080112972  1045.89825667169
1921000  -1042.99367309704  1045.22048362447
1922000  -1041.68146538063  1045.69853733722
1923000  -1042.2432245184  1047.10595950912
1924000  -1043.01694973942  1047.41161013543
1925000  -1044.94348246694  1048.79261763639
1926000  -1044.24982325038  1049.83546131947
1927000  -1046.77034351086  1050.29978386384
1928000  -1047.61632729711  1051.62514326723
1929000  -1047.61181635994  1050.7381862215
1930000  -1050.06128432382  1050.33000332985
1931000  -1049.27283771727  1050.66416173237
1932000  -1047.43266380156  1048.02337073184
1933000  -1048.11729662723  1048.4816212105
1934000  -1046.91139523638  1048.09831512937
1935000  -1047.97541202303  1050.96524722535
1936000  -1046.65462155468  1049.48868472153
1937000  -1050.53267276006  1049.96259573468
1938000  -1048.79533553485  1050.87031856498
1939000  -1049.924419629  1051.69725269699
1940000  -1050.29374021248  1051.64461844264
1941000  -1052.571628762  1050.84657039478
1942000  -1052.58862039496  1051.99222466545
1943000  -1052.71769332192  1051.44371835835
1944000  -1054.12383819605  1052.38605566449
1945000  -1054.73517486278  1054.43801025379
1946000  -1054.13360265023  1055.66520823977
1947000  -1055.14296994088  1057.15777055127
1948000  -1055.72386811694  1057.01805555599
1949000  -1055.23564367533  1057.60357545171
1950000  -1056.6052532309  1058.73342010883
1951000  -1056.39499934332  1060.72466250602
1952000  -1055.65871870255  1058.7754778462
1953000  -1059.10002488061  1058.8759426086
1954000  -1058.6807050721  1058.31063723333
1955000  -1060.00117436357  1059.52856109342
1956000  -1057.50028596778  1059.93181357357
1957000  -1058.84892210737  1059.96049022557
1958000  -1057.4954595238  1062.49156453621
1959000  -1058.57312277933  1063.38118855511
1960000  -1057.58285955782  1063.49707723159
1961000  -1062.12616424146  1065.08860584593
1962000  -1060.43745139093  1066.86507064827
1963000  -1062.37934883046  1064.86745446647
1964000  -1064.27516210249  1066.47947309607
1965000  -1065.27902771979  1066.41084257091
1966000  -1063.79895049979  1068.17840057456
1967000  -1064.76546803827  1067.7072846723
1968000  -1066.57855287296  1070.33139773717
1969000  -1063.81523143149  1070.62800636534
1970000  -1066.32594006911  1069.94449919136
1971000  -1064.56755865915  1070.79053684226
1972000  -1068.00759011223  1072.13074680264
1973000  -1067.94339408684  1072.82124339766
1974000  -1072.41093867239  1072.90396851178
1975000  -1072.26832977136  1071.92761423632
1976000  -1074.28806307681  1073.40151944289
1977000  -1077.05908923327  1075.66646649247
1978000  -1076.47253132057  1077.19022281959
1979000  -1076.52434765891  1076.95386571571
1980000  -1075.11612341216  1078.43062177133
1981000  -1075.93163508636  1077.56244996931
1982000  -1073.73084132507  1078.97472700329
1983000  -1076.5028462224  1079.91296208697
1984000  -1077.66421309789  1080.62926862411
1985000  -1076.39199896661  1081.17004085924
1986000  -1076.91117295589  1081.54910502778
1987000  -1076.9648144775  1082.73181300257
1988000  -1078.23532134133  1083.1744164652
1989000  -1080.70735383867  1082.89590430697
1990000  -1080.28236886567  1085.6373997408
1991000  -1080.90989876946  1085.8476351862
1992000  -1081.49262007431  1088.32495396551
1993000  -1084.59466374783  1087.83219103962
1994000  -1084.86172264228  1088.79861517032
1995000  -1086.12327394708  1089.51043500347
1996000  -1088.54545524935  1090.52420429827
1997000  -1087.27320479511  1090.97734686609
1998000  -1086.56992192002  1090.71221299281
1999000  -1087.68753686769  1092.12031753278
2000000  -1088.71197049943  1092.14537922991
2001000  -1089.9088801175  1090.44631884163
2002000  -1091.09863745211  1090.79447727767
2003000  -1090.39968695416  1090.41410985911
2004000  -1091.16525409145  1090.30689405176
2005000  -1090.41521880429  1093.9637757785
2006000  -1090.97084760269  1092.74231796817
2007000  -1092.74466480365  1094.07735128999
2008000  -1093.33060616626  1094.6083624021
2009000  -1095.5339106065  1095.00419816565
2010000  -1097.23395827114  1096.61681060603
2011000  -1096.64871366443  1097.59612128098
2012000  -1095.91920925803  1097.2536649209
2013000  -1098.34387052999  1099.05310100105
2014000  -1097.49285236754  1097.9770815374
2015000  -1098.5382444187  1099.05053051775
2016000  -1099.18930703054  1096.6792143408
2017000  -1097.32085999315  1099.23847714214
2018000  -1099.97180224886  1099.05341837777
2019000  -1099.05394005809  1100.13348335682
2020000  -1097.96412164772  1101.31803899735
2021000  -1102.14136847639  1101.74093280159
2022000  -1103.88686746875  1100.66352261173
2023000  -1103.55126761958  1102.99010962471
2024000  -1103.52139860645  1104.10120834875
2025000  -1103.91011744091  1105.06975184633
2026000  -1103.84741982278  1104.91070846281
2027000  -1105.13689969086  1105.89666155029
2028000  -1106.52919198755  1103.96186991145
2029000  -1106.43352704568  1106.97973127592
2030000  -1104.85149076287  1105.81973643432
2031000  -1104.08434245505  1104.27873118548
2032000  -1103.11188244597  1106.86030872173
2033000  -1106.27917311134  1105.14190968334
2034000  -1107.09704155991  1105.59360152433
2035000  -1106.63615762152  1107.07482317421
2036000  -1106.34167218396  1109.26293555844
2037000  -1105.45836237174  1106.95381032563
2038000  -1105.51725381816  1109.17339234106
2039000  -1109.53731231865  1108.32294277824
2040000  -1108.47316044709  1109.8698671327
2041000  -1110.90273404149  1109.44402467953
2042000  -1112.00234266166  1110.24762551952
2043000  -1110.94379659742  1111.52507103129
2044000  -1111.92338128739  1109.48201866997
2045000  -1112.49320639398  1111.1447850688
2046000  -1113.63017077819  1111.19278229149
2047000  -1113.69284442019  1110.41020044565
2048000  -1114.64609947936  1112.32903792995
2049000  -1114.49099070703  1112.07996905033
2050000  -1114.04949695212  1112.63724202974
2051000  -1114.92921616009  1115.71882593022
2052000  -1115.69000913401  1112.83940896626
2053000  -1118.08716134721  1116.34118414275
2054000  -1116.43493526889  1119.47041376014
2055000  -1119.04000078657  1118.79177838565
2056000  -1119.49250451133  1120.55794611837
2057000  -1119.40634003405  1120.57589511208
2058000  -1121.98805087198  1121.887607905
2059000  -1119.7950251874  1122.15201069493
2060000  -1123.84356381699  1121.13140447537
2061000  -1122.91834489824  1123.13124529982
2062000  -1125.40251073945  1123.14257857708
2063000  -1124.320773988  1123.77650556205
2064000  -1125.35967705361  1125.76968654885
2065000  -1124.41311033472  1124.43385075176
2066000  -1127.65334057752  1126.0556981385
2067000  -1128.293324876  1127.18627408879
2068000  -1129.74141906789  1128.30153596888
2069000  -1132.42443924603  1128.36852666997
2070000  -1132.62114216079  1129.87273979602
2071000  -1131.22178407543  1131.09483937746
2072000  -1131.99011100569  1130.03407139489
2073000  -1133.35713270244  1131.77194323112
2074000  -1131.78176303675  1133.25796940594
2075000  -1133.03317822831  1134.22129247123
2076000  -1134.54633349495  1131.36932425087
2077000  -1132.05949006871  1131.08653479761
2078000  -1135.40949128106  1132.55242459336
2079000  -1135.3213210415  1134.55838338107
2080000  -1136.47981717111  1134.94506384678
2081000  -1135.03940106817  1134.81352106265
2082000  -1136.9476517736  1137.43087759086
2083000  -1137.77747437049  1135.89314795031
2084000  -1137.30594503119  1135.77175508663
2085000  -1137.21353678935  1137.00882478073
2086000  -1139.22394287055  1137.78031898583
2087000  -1138.2349894454  1138.26737659651
2088000  -1139.13171270874  1139.44792885555
2089000  -1140.81443341073  1138.17302979848
2090000  -1142.6710046628  1140.15532836371
2091000  -1141.99882265223  1140.08405055937
2092000  -1141.23333590248  1139.57925119057
2093000  -1139.97579898276  1140.973737099
2094000  -1142.04357563465  1142.93993729375
2095000  -1141.88466839192  1142.15091830248
2096000  -1142.38357453873  1141.3605075177
2097000  -1143.73963685456  1141.05623652291
2098000  -1144.00462436779  1142.12209643868
2099000  -1143.8198477485  1143.09192624795
2100000  -1143.21816051151  1145.45408164491
2101000  -1145.37604492511  1146.30158576696
2102000  -1147.22657312764  1147.45265197971
2103000  -1145.66145341018  1146.57223658099
2104000  -1147.40032120564  1144.77768063961
2105000  -1148.8115730071  1144.73334562023
2106000  -1147.68046759673  1147.0603806445
2107000  -1149.12752622399  1149.62087744633
2108000  -1149.51619183523  1150.61101810618
2109000  -1147.63200872218  1151.20518332456
2110000  -1147.57564697021  1152.34831775999
2111000  -1149.38009390034  1151.15696517694
2112000  -1151.29060211703  1152.32615357373
2113000  -1153.70796663279  1151.76172233042
2114000  -1153.39147177902  1155.18788954421
2115000  -1153.30686032337  1155.98598518931
2116000  -1152.74322119847  1156.87080207837
2117000  -1153.45622567626  1157.14736187532
2118000  -1155.57045519368  1155.08149449032
2119000  -1155.88097774584  1154.94609565738
2120000  -1157.26721775131  1155.32949693854
2121000  -1159.49123061149  1156.34902640952
2122000  -1159.29921424263  1157.56699892294
2123000  -1159.52174647329  1157.34224799671
2124000  -1160.26343240048  1159.30452464059
2125000  -1161.5511242012  1158.51031705628
2126000  -1161.65175113259  1160.36755116498
2127000  -1162.19985914004  1159.91664485086
2128000  -1163.28292828553  1163.40140809296
2129000  -1164.68595679343  1162.83192724351
2130000  -1166.83818438271  1162.34283053233
2131000  -1165.29575287428  1162.695905588
2132000  -1165.98226927124  1164.8237942004
2133000  -1167.90216377741  1165.38704940545
2134000  -1168.6158189736  1167.95022908506
2135000  -1169.66493362144  1167.32505070687
2136000  -1173.39814346203  1165.86493642789
2137000  -1171.84377104462  1167.73481734017
2138000  -1175.9290235071  1168.14959005054
2139000  -1176.00210591764  1169.4865917231
2140000  -1175.64833151495  1168.93483904388
2141000  -1176.21556023609  1170.44191744484
2142000  -1177.11249415264  1171.44543506781
2143000  -1176.48391824617  1173.50647895555
2144000  -1176.28703167521  1175.4365782426
2145000  -1178.33969435419  1174.97484832212
2146000  -1177.68488577933  1174.43283155354
2147000  -1178.36641499439  1175.48878237622
2148000  -1180.92187356084  1175.79601328042
2149000  -1184.43586362034  1176.98682922216
2150000  -1184.42249301225  1174.82805811517
2151000  -1184.66809787462  1176.70452673647
2152000  -1186.42136723617  1176.48430699527
2153000  -1186.13679253308  1176.48438798571
2154000  -1188.80848505313  1178.03025581003
2155000  -1189.76158999464  1178.83778342851
2156000  -1186.88374855523  1179.59643023181
2157000  -1188.16179917999  1181.71661659112
2158000  -1187.20857490154  1181.22310046207
2159000  -1190.0432955052  1181.02857176699
2160000  -1191.29485748333  1183.56960202225
2161000  -1193.15925617258  1185.69349249586
2162000  -1193.08794921201  1187.90242950255
2163000  -1195.0993565448  1185.66664567073
2164000  -1192.0365466485  1186.85168803092
2165000  -1192.98825292487  1186.13551912056
2166000  -1195.68164873747  1188.21738056724
2167000  -1195.18777117672  1186.16161966148
2168000  -1193.50428259199  1187.22766166283
2169000  -1194.52363955753  1189.47170908627
2170000  -1195.81723636398  1188.88024305026
2171000  -1197.03633823627  1189.25416897733
2172000  -1199.54097159241  1189.99695353661
2173000  -1199.40543521613  1189.69242728935
2174000  -1199.72743555074  1190.13442620652
2175000  -1200.84098731615  1193.40347364838
2176000  -1199.80929486553  1194.00958209182
2177000  -1199.8691813211  1193.64979600303
2178000  -1202.06819944513  1194.55516800389
2179000  -1200.37312397575  1194.82158452546
2180000  -1200.69781046364  1195.83432381407
2181000  -1199.10786349886  1195.17571832541
2182000  -1200.97457830561  1196.10621597881
2183000  -1201.56411829258  1198.95311526389
2184000  -1200.42300476714  1200.17827976035
2185000  -1201.62044238366  1200.78610754189
2186000  -1203.78155460474  1201.40599518342
2187000  -1204.16214492333  1201.55256462496
2188000  -1203.65370054997  1203.36306436211
2189000  -1201.4283904546  1200.9772995462
2190000  -1202.89311602049  1203.46780018659
2191000  -1205.44775506103  1203.93277844255
2192000  -1204.38091821788  1204.1262690023
2193000  -1207.07416208476  1203.27807801999
2194000  -1204.79656860109  1204.33564717538
2195000  -1205.71070479404  1204.28232818482
2196000  -1205.39379240881  1204.61859261165
2197000  -1209.87541933432  1206.5749167933
2198000  -1209.59730276508  1206.63507000453
2199000  -1212.08446573214  1207.00573418775
2200000  -1213.63656627738  1206.81248851924
2201000  -1214.63026368384  1207.62656437361
2202000  -1214.68828022222  1207.16212042911
2203000  -1215.92464529287  1209.56844864498
2204000  -1213.70420185664  1209.15754048847
2205000  -1215.65092435276  1209.17929485257
2206000  -1215.91918514517  1207.28165579155
2207000  -1215.2324912514  1209.09178839878
2208000  -1216.77244380605  1208.84112721221
2209000  -1220.42156631251  1210.9690525556
2210000  -1217.70498988795  1210.06515848758
2211000  -1218.05686347737  1209.59669811907
2212000  -1219.10597559996  1209.92875079912
2213000  -1219.2846584227  1214.01363781588
2214000  -1223.65993547191  1215.09108645111
2215000  -1221.13297163374  1214.06459328454
2216000  -1225.00351869972  1215.24688931976
2217000  -1221.58305884913  1216.83072553121
2218000  -1222.32534025052  1215.88763209273
2219000  -1224.32892238438  1215.44277203277
2220000  -1224.55264848099  1216.26940065088
2221000  -1226.77131948664  1217.16920956878
2222000  -1223.98883057503  1219.01776493207
2223000  -1223.15470095967  1219.1472566853
2224000  -1224.45395448632  1218.71524437125
2225000  -1223.73175288545  1219.22463723386
2226000  -1225.50505353319  1221.0356785684
2227000  -1222.76668080673  1221.82057184742
2228000  -1225.00297641767  1220.68530535857
2229000  -1227.28620030502  1225.3608875197
2230000  -1228.19047224757  1226.05451298712
2231000  -1225.95876745322  1225.0631918032
2232000  -1227.12431183672  1225.33332812918
2233000  -1227.26423656472  1226.0991048961
2234000  -1228.96926028461  1226.10511673348
2235000  -1229.75728855977  1225.80274220012
2236000  -1232.12699160142  1226.07079257206
2237000  -1230.80196262461  1227.06947282734
2238000  -1230.92160166689  1225.62221348186
2239000  -1232.81351187155  1226.92346535099
2240000  -1233.46327760742  1227.41620692825
2241000  -1232.25091127609  1227.35013786098
2242000  -1230.11393646259  1227.39596861449
2243000  -1232.26569691743  1227.12693863466
2244000  -1236.14293022761  1230.30464128307
2245000  -1232.8239802548  1231.17850297701
2246000  -1234.55051559707  1230.33413183712
2247000  -1234.08102415838  1232.35940956228
2248000  -1233.26669237644  1231.27591219165
2249000  -1235.14741569096  1232.0220814759
2250000  -1233.76639800046  1232.82693189899
2251000  -1234.51519787331  1234.51885646341
2252000  -1234.04097662205  1233.49780746317
2253000  -1235.01350475013  1234.75715991928
2254000  -1234.74519351792  1233.99495567705
2255000  -1237.69044181432  1233.55306121107
2256000  -1237.62713016879  1235.0685229196
2257000  -1239.16571308718  1234.85440503559
2258000  -1239.2387863905  1233.00005803142
2259000  -1239.84664161934  1233.92334258299
2260000  -1240.05822955972  1233.97952381201
2261000  -1241.67974429134  1232.21282901042
2262000  -1240.63172570355  1233.13191703849
2263000  -1240.00557568948  1234.34642792724
2264000  -1241.85038062706  1235.62517461995
2265000  -1240.76047661732  1237.01905436318
2266000  -1241.19926613944  1238.95817995468
2267000  -1241.24700326308  1240.63619057895
2268000  -1241.71544895869  1240.49892874797
2269000  -1241.03574552463  1239.02160002053
2270000  -1239.66554193885  1240.43605682449
2271000  -1241.76726463021  1241.05557357642
2272000  -1241.63293536777  1242.58547035789
2273000  -1241.12463802116  1241.97339243548
2274000  -1241.12582489369  1242.57192786645
2275000  -1243.68638416454  1241.85118371828
2276000  -1242.85071386068  1244.54779813355
2277000  -1243.23888766673  1244.7214726166
2278000  -1243.63987164684  1242.58413602837
2279000  -1245.06294072797  1243.51451269443
2280000  -1246.60715221765  1243.6033240037
2281000  -1247.29487227644  1243.55739960069
2282000  -1247.14241330176  1243.23834789224
2283000  -1246.30900936969  1242.97098463583
2284000  -1248.04636320047  1243.49218671039
2285000  -1250.77621726077  1244.30790772102
2286000  -1248.47872475664  1244.72963678859
2287000  -1247.94859496361  1244.52865358749
2288000  -1248.81173580107  1245.42591696134
2289000  -1250.34438612019  1246.81673463336
2290000  -1249.7573876586  1249.64349422406
2291000  -1248.24746632593  1247.43344686688
2292000  -1248.18270695402  1248.32669112692
2293000  -1249.10034862375  1249.19230791098
2294000  -1250.47393772191  1251.61490041145
2295000  -1249.53989343247  1252.3059828
2296000  -1251.27564040975  1253.23265181031
2297000  -1251.4996778165  1254.78361509135
2298000  -1252.08958754097  1251.26794111769
2299000  -1253.50152846066  1250.63698403991
2300000  -1252.29211907398  1252.86070078814
2301000  -1253.16001292967  1252.98297324297
2302000  -1255.17252949109  1255.39433266809
2303000  -1256.5559847862  1253.92977558581
2304000  -1258.99888118471  1256.21176469533
2305000  -1258.32730391876  1257.95081040301
2306000  -1258.14325619427  1258.21874116963
2307000  -1258.36848856439  1258.28672692936
2308000  -1260.27812424263  1259.72934973643
2309000  -1260.51889994067  1262.6274865187
2310000  -1261.34915194742  1262.97646437801
2311000  -1263.60347654097  1262.80689679439
2312000  -1265.47694515227  1263.08131203636
2313000  -1263.67314228244  1263.74931650426
2314000  -1265.35572518457  1263.96921121028
2315000  -1263.64169094343  1264.56444505931
2316000  -1264.95687599424  1263.74187260829
2317000  -1262.62071511495  1264.8636154981
2318000  -1266.9674809858  1263.26127008553
2319000  -1266.97448733556  1267.45030416338
2320000  -1269.56551881241  1269.49352715081
2321000  -1268.66304971747  1268.77654138598
2322000  -1265.83830707964  1269.59863294908
2323000  -1269.57946738467  1269.79772389232
2324000  -1271.01118006704  1268.86421390963
2325000  -1271.24352046609  1270.60843411135
2326000  -1270.28517731628  1271.89705176144
2327000  -1273.61233108626  1272.71031040157
2328000  -1271.08231822776  1273.86102655696
2329000  -1272.39741939388  1274.92288996444
2330000  -1272.05747790293  1272.48930695734
2331000  -1274.64809805029  1274.21043015404
2332000  -1272.45423026979  1273.10470917937
2333000  -1274.0097260205  1274.5364922988
2334000  -1272.8654343717  1274.38010750047
2335000  -1272.32641896025  1275.10720416783
2336000  -1274.27167510001  1277.37341427418
2337000  -1273.71748508753  1278.22589241873
2338000  -1274.93235757791  1278.80558177723
2339000  -1275.96808122232  1278.62673433306
2340000  -1274.85335303468  1277.89017410068
2341000  -1275.55184717093  1277.2125764185
2342000  -1277.10557464314  1280.31282216099
2343000  -1278.8389663475  1280.7664479476
2344000  -1278.28740707729  1279.29547550374
2345000  -1280.70354850204  1279.2852815406
2346000  -1283.61302641034  1281.56875050438
2347000  -1284.20094541727  1281.89503400913
2348000  -1284.30187915738  1280.24413293182
2349000  -1285.20413898483  1282.63474931261
2350000  -1284.36676777309  1282.57138791782
2351000  -1284.35277613974  1281.6214627973
2352000  -1285.2390907721  1284.18863209945
2353000  -1284.03664263314  1284.84366379651
2354000  -1286.33308982762  1284.06446250548
2355000  -1286.10409350375  1283.61383082999
2356000  -1285.81696604645  1285.78836477345
2357000  -1285.26580138025  1286.43283433745
2358000  -1286.57474734808  1285.68635771769
2359000  -1287.7611493867  1288.43147988584
2360000  -1287.62537860167  1288.204518636
2361000  -1289.65176101955  1289.87871936685
2362000  -1289.49017913818  1289.54098268326
2363000  -1289.14055805147  1289.90662739647
2364000  -1291.28457089202  1290.73504828053
2365000  -1290.55492860738  1290.05464314114
2366000  -1291.67579534304  1290.50223522168
2367000  -1291.63741981387  1290.69116071984
2368000  -1295.10076823444  1290.47345632615
2369000  -1296.01532011924  1291.85722641654
2370000  -1295.31237260256  1292.90928704264
2371000  -1296.13801816415  1294.1301905083
2372000  -1296.96155608517  1294.14563621912
2373000  -1297.60445082664  1294.59144315767
2374000  -1297.88018932579  1297.29366337241
2375000  -1299.59346395428  1297.78855751045
2376000  -1299.15566260148  1298.86796812463
2377000  -1299.76099120352  1300.65053273393
2378000  -1300.0733318212  1300.12022670263
2379000  -1298.93133153385  1299.58115565394
2380000  -1300.27619220973  1300.38556367883
2381000  -1301.59329091105  1301.57280554855
2382000  -1301.93739524984  1301.31761774097
2383000  -1305.12232258068  1301.63730440349
2384000  -1304.38471381253  1302.78013947932
2385000  -1306.461271016  1304.02416737885
2386000  -1304.85963770835  1304.49756526919
2387000  -1304.47940418716  1305.15974790429
2388000  -1306.53597014352  1307.29636770701
2389000  -1304.77656110308  1307.18596861811
2390000  -1307.40489790392  1310.56355234345
2391000  -1308.34875419158  1308.48047160863
2392000  -1309.71732122562  1308.27355905895
2393000  -1310.33108781172  1309.09870345945
2394000  -1310.6927177779  1309.08442105907
2395000  -1312.76900450382  1311.02448313701
2396000  -1312.27237771654  1311.83648355685
2397000  -1315.28800541634  1313.39588874533
2398000  -1315.67014459741  1314.43473226116
2399000  -1317.9757220867  1314.71725454917
2400000  -1319.25135441618  1315.89535234687
2401000  -1317.41621392435  1313.90157117614
2402000  -1319.69015951526  1317.41662371325
2403000  -1318.95855685909  1314.49378457537
2404000  -1321.67158148517  1313.51047969031
2405000  -1320.60237453493  1317.54244334781
2406000  -1320.68116924665  1316.55782704506
2407000  -1321.80970898635  1318.27343272531
2408000  -1323.33010989705  1319.52713432812
2409000  -1324.438012461  1319.89252429448
2410000  -1324.33615640115  1320.56318397083
2411000  -1322.45486626337  1320.23886378398
2412000  -1324.85271245749  1318.66794908204
2413000  -1323.7409835762  1320.41659314233
2414000  -1324.83848564014  1321.32703513502
2415000  -1324.11639809862  1322.80435044826
2416000  -1324.27061209705  1321.91369827574
2417000  -1326.06950769897  1322.65369202732
2418000  -1326.79821448533  1325.1927911256
2419000  -1325.57756555851  1325.01263402143
2420000  -1327.46924553825  1325.15305361992
2421000  -1329.18134102788  1326.05023050288
2422000  -1330.54839635576  1329.10910502595
2423000  -1331.99910595425  1330.1997563518
2424000  -1329.74850352861  1330.46622133001
2425000  -1331.68250689222  1331.58005105012
2426000  -1332.69361967613  1332.33319626363
2427000  -1331.06142747777  1331.84368310411
2428000  -1334.39022253141  1332.47430786954
2429000  -1333.14302193269  1333.3556384207
2430000  -1332.72826987787  1333.6596238522
2431000  -1334.55900903602  1332.57248832571
2432000  -1334.38117972427  1331.89742270315
2433000  -1334.22239106794  1334.036302579
2434000  -1334.23283725333  1334.906725206
2435000  -1335.40328070536  1337.39514726019
2436000  -1336.81819907645  1337.59497695601
2437000  -1336.35452892686  1338.91207737401
2438000  -1338.08614392472  1338.29152849784
2439000  -1338.8997310322  1337.38240390975
2440000  -1340.00790634355  1340.42996432489
2441000  -1340.60804369292  1338.81504290636
2442000  -1341.05202623112  1340.97937916706
2443000  -1341.46058935923  1341.49829598343
2444000  -1343.3429890953  1340.56142580623
2445000  -1345.0028632035  1342.85379550623
2446000  -1346.65055058712  1344.63148142725
2447000  -1344.30343904955  1344.60004196428
2448000  -1344.08502621845  1344.96789534209
2449000  -1345.65751965697  1347.04069565723
2450000  -1346.30645814825  1346.23547889993
2451000  -1347.06975037896  1347.38050235343
2452000  -1346.42985546188  1347.19512067705
2453000  -1348.11670479494  1348.21357672104
2454000  -1348.89523703633  1347.04964391209
2455000  -1348.90421340667  1348.57372816004
2456000  -1350.83353344025  1349.98505240594
2457000  -1352.14779022931  1350.51600498072
2458000  -1351.79741427729  1349.22192294176
2459000  -1350.55419988018  1350.38792126836
2460000  -1351.49383333705  1352.57796288817
2461000  -1352.30341381676  1350.53897400682
2462000  -1354.07612531642  1351.43887742399
2463000  -1351.87195155151  1349.47510935422
2464000  -1351.20799627309  1351.24011860307
2465000  -1351.47726979754  1352.45763428963
2466000  -1353.73787413253  1351.99089084721
2467000  -1356.16717435151  1351.41876256331
2468000  -1355.82610732485  1351.82384641691
2469000  -1357.48648441623  1353.74851908465
2470000  -1356.53768528482  1353.86471111599
2471000  -1358.20639583841  1356.27760557691
2472000  -1355.83894178697  1354.04363108791
2473000  -1358.36585296998  1356.15309765303
2474000  -1357.9363415307  1354.94358360823
2475000  -1359.28158755563  1355.43785973498
2476000  -1358.07270924465  1358.1911347836
2477000  -1357.02841702917  1357.53185671132
2478000  -1357.06112077959  1358.38491478007
2479000  -1355.18818441754  1360.38419961658
2480000  -1358.94481813718  1360.73195272714
2481000  -1357.56148355189  1363.13429219406
2482000  -1358.77891952136  1363.79855691473
2483000  -1359.01043232464  1362.91715292845
2484000  -1359.35811142836  1362.06828025014
2485000  -1360.93666044765  1364.00686729751
2486000  -1361.73715565245  1364.56376501821
2487000  -1361.37961324122  1363.8458054241
2488000  -1360.01062800991  1365.65692487657
2489000  -1361.77921747437  1365.00939323703
2490000  -1362.79504822177  1362.37762765898
2491000  -1365.42861510693  1363.56364760662
2492000  -1366.73414966328  1365.09029612183
2493000  -1365.67543485971  1365.01899818116
2494000  -1369.0763310202  1365.56271677506
2495000  -1368.94728396864  1365.92713752389
2496000  -1369.63545268301  1367.80580625683
2497000  -1371.66195465531  1366.47162843409
2498000  -1370.10085502572  1367.34330585377
2499000  -1370.99780394621  1369.30425646453
2500000  -1369.96739888029  1369.60645686204
2501000  -1372.89585658955  1370.5166169019
2502000  -1371.47203609681  1370.20559951887
2503000  -1370.89367925284  1369.86245653484
2504000  -1370.93411670455  1368.86341955673
2505000  -1372.34778606249  1369.68254643502
2506000  -1372.51964477988  1371.07253816659
2507000  -1372.13758434369  1371.37469458303
2508000  -1370.57779386531  1374.11779030279
2509000  -1375.98011971753  1373.46784687581
2510000  -1376.07800318688  1374.51816696969
2511000  -1373.89394478812  1374.95409582638
2512000  -1375.51004831898  1374.75404719087
2513000  -1376.19842052863  1376.80811291493
2514000  -1378.74120576178  1377.85824128266
2515000  -1380.33414247521  1376.40244586677
2516000  -1381.50948844028  1378.11011457741
2517000  -1380.60462143597  1379.53401423685
2518000  -1381.84049932375  1378.57050726733
2519000  -1382.99710438947  1378.22203479222
2520000  -1382.65401231442  1380.00167755204
2521000  -1384.79071251019  1380.03514335387
2522000  -1384.19405749125  1379.34558310719
2523000  -1384.10252299912  1382.30330893604
2524000  -1385.31639136538  1381.92105844355
2525000  -1384.76934427872  1382.36725863592
2526000  -1383.61803969658  1382.03233280057
2527000  -1384.66639572096  1379.98289094016
2528000  -1386.2202562667  1382.09142798478
2529000  -1384.14149646486  1382.99433752135
2530000  -1385.5140714166  1383.28998897621
2531000  -1387.44403230054  1386.46212443654
2532000  -1387.26443045892  1384.70898772854
2533000  -1387.69465168826  1386.30184870119
2534000  -1388.89722543189  1385.13078218357
2535000  -1389.5457385935  1383.90381644439
2536000  -1389.56500610274  1386.5018160834
2537000  -1389.78663189819  1387.58171573986
2538000  -1389.12738965036  1387.91507042155
2539000  -1391.49413614511  1387.01636721176
2540000  -1389.75783758935  1390.01145418292
2541000  -1390.90835191759  1390.11340481787
2542000  -1390.76199538595  1389.6890570505
2543000  -1390.746712224  1389.75616659912
2544000  -1393.28327508815  1390.18413113424
2545000  -1395.51043970491  1389.80069646379
2546000  -1395.76071097178  1391.78682752812
2547000  -1394.79874414972  1390.56569598398
2548000  -1395.74518221483  1391.8894351764
2549000  -1395.56216653198  1390.89877579921
2550000  -1398.49649434807  1390.98103977496
2551000  -1396.50194362503  1391.36939141916
2552000  -1396.93354366436  1392.2674154083
2553000  -1398.57841874006  1391.5507016261
2554000  -1397.10708559864  1391.57540346793
2555000  -1398.01707589496  1392.14197829958
2556000  -1400.62754360092  1392.21384791903
2557000  -1397.86369839551  1393.58099783571
2558000  -1395.72500753247  1394.85591512407
2559000  -1396.08744860388  1395.35682623384
2560000  -1397.1695186152  1394.76167342832
2561000  -1398.44220788134  1394.89320021088
2562000  -1397.34904894335  1397.38252648608
2563000  -1398.15752228495  1396.360547121
2564000  -1400.04633477676  1397.77331027005
2565000  -1398.73214380951  1399.27606705955
2566000  -1399.30049788533  1399.4998520956
2567000  -1400.93842765901  1399.09491329127
2568000  -1400.72897576865  1398.70355057543
2569000  -1400.26446115033  1400.45047127412
2570000  -1402.18511030959  1401.61163129426
2571000  -1403.65373496477  1402.06193325464
2572000  -1404.73658170493  1401.01697431758
2573000  -1404.57407792211  1403.74145772425
2574000  -1405.65574711191  1403.77218710669
2575000  -1405.72823703542  1403.96329367218
2576000  -1405.54267718043  1405.18772699395
2577000  -1403.046924481  1405.19947388058
2578000  -1407.21095443821  1406.09845792988
2579000  -1405.87639131967  1408.25800233633
2580000  -1406.11561518964  1407.33611013467
2581000  -1404.98841086442  1410.17067967916
2582000  -1406.25699150582  1407.08154034202
2583000  -1407.55231413493  1408.13854032636
2584000  -1408.07152712775  1408.38947903384
2585000  -1407.23856823866  1407.92053903061
2586000  -1409.38434886884  1408.61199039517
2587000  -1409.50421080759  1408.49242022238
2588000  -1410.81374843751  1408.91167377033
2589000  -1411.90815361647  1411.15245370107
2590000  -1412.57088939413  1411.8966666697
2591000  -1412.5750956399  1411.80134624596
2592000  -1413.11428640951  1411.82083899266
2593000  -1416.8631375809  1412.48562377045
2594000  -1415.80124883373  1414.59346347278
2595000  -1417.99575909967  1414.07220511926
2596000  -1421.43713780182  1415.50182296894
2597000  -1418.13736594584  1417.25905751631
2598000  -1419.01012372098  1418.85998213304
2599000  -1419.64568668993  1417.59159542519
2600000  -1421.15280246746  1417.71629896915
2601000  -1422.10213740405  1419.4210937662
2602000  -1421.72756552076  1422.74239093888
2603000  -1418.79345607399  1423.08118213927
2604000  -1423.71174583508  1422.71159124418
2605000  -1423.36945382993  1423.00185536709
2606000  -1423.68843979872  1424.26783152913
2607000  -1427.06075900219  1424.73161152883
2608000  -1425.94004909906  1424.38820991412
2609000  -1425.76761989669  1424.27769104086
2610000  -1425.23958275252  1426.67083455599
2611000  -1426.28473326017  1428.96585046414
2612000  -1425.76896025095  1427.8484882352
2613000  -1428.16717114043  1429.63401109242
2614000  -1428.16679774682  1428.74504119378
2615000  -1429.65663064241  1430.13389241315
2616000  -1430.06157941462  1430.3291958506
2617000  -1431.02331210218  1431.47082156814
2618000  -1430.65264807441  1432.81677596524
2619000  -1433.12540084496  1434.92886708461
2620000  -1433.51820849072  1433.64330119411
2621000  -1433.24007120677  1435.28626820855
2622000  -1432.32750088809  1435.12184067569
2623000  -1433.22213444226  1435.57193883228
2624000  -1433.6582648736  1433.12170186072
2625000  -1434.42158018247  1435.22371330438
2626000  -1434.44436861907  1436.66457947927
2627000  -1436.03580660393  1437.89030305828
2628000  -1435.42874247118  1435.71259089094
2629000  -1436.15611100083  1439.73376230316
2630000  -1437.30477322609  1438.30227825245
2631000  -1437.82950172571  1438.61289012209
2632000  -1438.58005879995  1441.17756904465
2633000  -1439.44435659507  1440.6342871708
2634000  -1440.20790779984  1438.0773108891
2635000  -1441.38384882324  1439.11369042062
2636000  -1442.67277950082  1440.90639864689
2637000  -1444.52659805388  1442.12906119892
2638000  -1445.76738256198  1442.66986933743
2639000  -1445.16643036006  1443.33798293396
2640000  -1447.07357535397  1443.88188454455
2641000  -1447.66465909719  1443.92860203506
2642000  -1448.11098975473  1445.94378296213
2643000  -1448.83096499518  1445.59755982776
2644000  -1449.46713932523  1447.93158035528
2645000  -1450.0802329435  1447.98116820634
2646000  -1448.35153611318  1448.81271871049
2647000  -1448.7593068612  1449.8802399513
2648000  -1449.94787668431  1448.76976575493
2649000  -1451.5339894544  1449.22566334358
2650000  -1452.16750188466  1449.24597384175
2651000  -1452.52220206819  1449.51932547978
2652000  -1452.8322845809  1450.78749568278
2653000  -1451.49496020365  1452.03926538003
2654000  -1452.41149006339  1450.69191895322
2655000  -1452.61478011122  1451.35257982676
2656000  -1454.0938169303  1450.1611870226
2657000  -1454.72326242226  1450.5616366299
2658000  -1454.22136806961  1452.99583944874
2659000  -1456.51824659414  1454.59753354437
2660000  -1458.3216295003  1452.70500734079
2661000  -1456.95418340609  1455.91311927536
2662000  -1457.07331586763  1454.50968829715
2663000  -1456.09810711703  1454.10275908241
2664000  -1456.08346508839  1456.38164094745
2665000  -1459.59144564969  1454.71821437218
2666000  -1459.87409269028  1458.14627351466
2667000  -1458.98739956886  1459.27186786357
2668000  -1461.39472261219  1458.45687101303
2669000  -1461.42851071515  1458.90599057794
2670000  -1461.41372723802  1459.13396385582
2671000  -1465.48925162114  1460.62117176733
2672000  -1464.45020116589  1460.60062623021
2673000  -1464.30761040946  1461.80139819924
2674000  -1464.47632624355  1460.88779940428
2675000  -1465.68971130838  1461.39283768529
2676000  -1465.84672323309  1463.83707645531
2677000  -1465.95846197392  1465.3601095622
2678000  -1465.76335961049  1464.72703970768
2679000  -1463.84647600015  1463.52011076908
2680000  -1465.18804337892  1465.44109466806
2681000  -1468.9643868303  1466.35134710367
2682000  -1466.32739191678  1466.1236847597
2683000  -1466.02810682756  1466.82510990539
2684000  -1466.16661753614  1465.22941813137
2685000  -1467.48795647933  1467.27570889459
2686000  -1467.67915524015  1467.69899813048
2687000  -1467.18013241114  1468.76407867884
2688000  -1468.40854158948  1469.16960124574
2689000  -1469.78224170483  1469.23077270465
2690000  -1469.72698337505  1470.88991385078
2691000  -1470.40103240375  1471.01697367618
2692000  -1474.23016802987  1471.38958398389
2693000  -1471.54891399955  1471.12999775999
2694000  -1473.93974240442  1473.6375558103
2695000  -1471.79245100873  1475.2579719532
2696000  -1470.53011899439  1474.49350246804
2697000  -1472.55511093358  1474.36120109313
2698000  -1475.39342735227  1476.52392395105
2699000  -1475.98191701497  1477.46707657673
2700000  -1476.5091889509  1478.30774861862
2701000  -1476.40421677381  1478.40004147291
2702000  -1478.28026029767  1478.41190517177
2703000  -1478.80317453668  1480.00494996547
2704000  -1478.53220034593  1478.42983410037
2705000  -1477.10538273877  1482.19588433223
2706000  -1479.87971955692  1481.43727203969
2707000  -1478.92585138708  1482.7950912996
2708000  -1481.35599467558  1482.27872089396
2709000  -1481.95033613375  1483.91409781166
2710000  -1482.8265996673  1484.65363776024
2711000  -1483.93521555429  1484.70140759358
2712000  -1485.09602120435  1486.38239075374
2713000  -1483.14710211801  1487.36618454302
2714000  -1486.92054581465  1487.01237679163
2715000  -1486.51443566837  1486.33693730159
2716000  -1489.52353410146  1486.48103133875
2717000  -1488.97108464763  1487.57972136152
2718000  -1490.80771511499  1488.48153737779
2719000  -1490.43864019281  1487.94828033818
2720000  -1492.26461962162  1489.46228549269
2721000  -1493.17489779804  1490.39005206562
2722000  -1493.21937277931  1488.86071699876
2723000  -1491.57416276018  1490.83812370104
2724000  -1494.58309882221  1491.36843540413
2725000  -1495.62619559318  1492.28593262484
2726000  -1493.6498640705  1491.2505784008
2727000  -1497.59809511854  1492.14508861654
2728000  -1497.41770884038  1493.88831135468
2729000  -1499.18680703888  1495.26064504882
2730000  -1500.72255004448  1496.07706743664
2731000  -1500.72718918453  1496.54005766238
2732000  -1501.38220086589  1497.82328009442
2733000  -1502.37745984121  1498.45919723472
2734000  -1502.68177431657  1499.13073533185
2735000  -1505.32918127799  1501.11799949789
2736000  -1505.24934256321  1502.0106189153
2737000  -1506.42774638226  1502.80337702237
2738000  -1505.00212526233  1502.74268261069
2739000  -1505.10242697946  1503.83636840044
2740000  -1507.70449948196  1502.6015351605
2741000  -1508.8902864534  1507.08834247381
2742000  -1510.83636863143  1506.39590766419
2743000  -1507.71873732142  1506.73365682835
2744000  -1508.70783139549  1508.79079382022
2745000  -1510.00720142282  1508.70249931682
2746000  -1509.3803863002  1507.3486672556
2747000  -1507.58789319059  1508.3531822873
2748000  -1507.90892250272  1508.02255044964
2749000  -1510.08427453769  1509.51634234865
2750000  -1511.64337908793  1509.70777102054
2751000  -1510.01695779634  1512.34441679412
2752000  -1510.29877802377  1509.52609272207
2753000  -1511.30755017985  1510.61410609183
2754000  -1512.55324314664  1508.56543053343
2755000  -1513.08085984747  1511.25333309073
2756000  -1516.03968951755  1509.98042855604
2757000  -1516.34056493751  1514.61693496319
2758000  -1518.57051453601  1514.27486146648
2759000  -1520.86308702601  1513.66380025812
2760000  -1519.53098099328  1515.16612163839
2761000  -1518.27085950102  1516.61750022007
2762000  -1519.43155201702  1515.81937035676
2763000  -1519.92894935983  1517.08003955071
2764000  -1523.22020961408  1516.22207254781
2765000  -1522.10667778072  1519.09230190462
2766000  -1523.67529063139  1519.74291690973
2767000  -1524.36221740459  1519.9601995613
2768000  -1523.55969170176  1520.41324570528
2769000  -1523.51500204846  1519.78595881976
2770000  -1526.86606659898  1521.81992322358
2771000  -1528.16833950417  1521.90186424036
2772000  -1529.5261000679  1520.47180464206
2773000  -1529.85639608556  1522.70934029978
2774000  -1530.79228816713  1522.23507270131
2775000  -1532.74147843326  1522.43561527494
2776000  -1532.82808955413  1524.20298770323
2777000  -1533.13568867807  1523.12004339823
2778000  -1534.16808379294  1526.336840993
2779000  -1533.78182890404  1524.57960440061
2780000  -1534.64307671674  1525.21600317591
2781000  -1532.56607595699  1527.19574723159
2782000  -1537.16656552506  1526.84807932153
2783000  -1537.38433442142  1527.04238532011
2784000  -1535.65299555381  1529.09428705024
2785000  -1536.93964082354  1531.17320728354
2786000  -1538.75302684536  1530.39571166633
2787000  -1538.40491385933  1534.71640575563
2788000  -1539.4756596582  1533.10380001623
2789000  -1540.48395518827  1533.34915892106
2790000  -1542.09926229983  1531.78505656853
2791000  -1542.5387820123  1531.46251636028
2792000  -1545.04351162752  1532.66922784461
2793000  -1543.12629846924  1531.26944823205
2794000  -1544.51862848503  1531.38394959632
2795000  -1545.36084133954  1533.17818108398
2796000  -1544.57346545075  1532.06790207681
2797000  -1545.96906259483  1535.14819492113
2798000  -1546.0369864268  1534.36657531185
2799000  -1547.58257063511  1535.12399814045
2800000  -1549.09383208681  1536.86066817245
2801000  -1549.20608961842  1536.1853013454
2802000  -1550.19833449539  1538.42307361197
2803000  -1549.40941255458  1539.87618306488
2804000  -1551.08063299816  1540.06475168922
2805000  -1551.57981992247  1537.89609455007
2806000  -1552.78116791569  1538.68312393116
2807000  -1552.18278092693  1542.72472261494
2808000  -1551.77468457748  1543.1275576802
2809000  -1549.92263835634  1543.2393554277
2810000  -1551.39881254235  1544.34608709833
2811000  -1554.0460238783  1544.21747360454
2812000  -1552.37564444512  1545.28934190199
2813000  -1556.86762346035  1546.02449682056
2814000  -1555.06137840287  1545.9457863566
2815000  -1557.49848436124  1546.86480654348
2816000  -1557.61060148098  1548.02433557456
2817000  -1560.32793041261  1550.31483379096
2818000  -1557.05917150811  1549.5146611987
2819000  -1556.45554727145  1550.25406692019
2820000  -1556.26891837913  1550.35267618976
2821000  -1557.23003418543  1551.78888620476
2822000  -1560.3410107653  1552.1429409386
2823000  -1560.60573570628  1551.60890755365
2824000  -1561.19399297143  1553.01028611941
2825000  -1561.72034506153  1551.75922591362
2826000  -1563.29671177571  1553.90348127763
2827000  -1563.46921440349  1552.61907577415
2828000  -1563.31038694187  1555.36420417018
2829000  -1564.70551419368  1554.4132897584
2830000  -1565.43799727282  1555.99996819682
2831000  -1566.58988730625  1557.90610911031
2832000  -1564.23792980682  1557.41351892199
2833000  -1565.37794582018  1558.35345206404
2834000  -1565.95824459037  1556.90734756941
2835000  -1564.7100472824  1557.96056850499
2836000  -1567.12926241938  1558.99108075058
2837000  -1567.97661059582  1559.52117726076
2838000  -1567.64888268319  1560.01422926201
2839000  -1569.24316819757  1561.93738026172
2840000  -1566.77854856141  1565.0507111225
2841000  -1568.39447399806  1564.39058705477
2842000  -1568.31443259695  1565.72778147868
2843000  -1569.54861157607  1564.70571616321
2844000  -1569.90189763795  1565.63130864338
2845000  -1573.23243160831  1566.48996839438
2846000  -1573.03518111497  1565.99711104392
2847000  -1573.21053397344  1567.21065507079
2848000  -1573.26150540074  1566.65349589747
2849000  -1573.05066387184  1568.6679156803
2850000  -1574.43299325507  1568.6291992182
2851000  -1574.10721281525  1568.85442398667
2852000  -1574.59592965339  1570.7071100902
2853000  -1574.88348850509  1571.10007691296
2854000  -1574.73052561387  1571.56946660508
2855000  -1574.69821000406  1572.08102636943
2856000  -1576.32530352011  1570.41546740588
2857000  -1573.27473739619  1573.57000046895
2858000  -1575.51008667069  1571.73271837498
2859000  -1577.49865794678  1574.00207023611
2860000  -1577.90637781422  1575.1772575669
2861000  -1576.7854549356  1575.38869905357
2862000  -1578.66658422165  1576.62370197194
2863000  -1577.80594356929  1576.93606153061
2864000  -1577.4003525873  1576.21288837071
2865000  -1577.70700303829  1578.55709835136
2866000  -1579.27538501915  1578.97990103897
2867000  -1578.55252741352  1580.96026831228
2868000  -1580.28163396846  1580.26562857902
2869000  -1583.02185702646  1582.64032848627
2870000  -1581.56749900332  1584.11035249715
2871000  -1583.07113756915  1582.31764625423
2872000  -1581.89928343692  1584.5398366173
2873000  -1584.10076036025  1585.27006890007
2874000  -1584.35975459198  1586.58355970894
2875000  -1585.45427803795  1586.08378785054
2876000  -1586.35364895383  1586.55021401344
2877000  -1585.13559731985  1588.66163379278
2878000  -1583.78879257635  1587.19701640676
2879000  -1585.07176075007  1588.03793445694
2880000  -1587.03754149694  1588.90613164076
2881000  -1588.73091151467  1591.28044154684
2882000  -1590.06770249208  1589.41325147319
2883000  -1592.04275094012  1590.05004844066
2884000  -1592.9101545086  1588.85047143784
2885000  -1592.7321528425  1590.51868505621
2886000  -1592.21490632263  1591.89915279322
2887000  -1591.98396920764  1590.16891579167
2888000  -1592.4900854483  1591.08124821528
2889000  -1592.89815290645  1592.4768153559
2890000  -1596.09661586148  1592.29964504012
2891000  -1595.5760462875  1592.97530661576
2892000  -1595.64900575214  1593.84287980982
2893000  -1595.42467029919  1594.92486643044
2894000  -1596.92783759153  1596.94887337082
2895000  -1597.75633071442  1596.77237955952
2896000  -1594.64194800244  1597.97761778922
2897000  -1596.73776196329  1598.7269277947
2898000  -1596.47253309652  1598.5280771469
2899000  -1600.65863979711  1600.09663692496
2900000  -1598.6261919396  1597.97841519598
2901000  -1601.19470517593  1600.55303128652
2902000  -1600.32403459964  1603.70801543595
2903000  -1602.04690375256  1602.27091240669
2904000  -1602.8466637953  1604.74004633778
2905000  -1604.99077231033  1601.75107586173
2906000  -1603.60815883994  1603.78063058737
2907000  -1604.26611953338  1604.20210605719
2908000  -1607.25482120676  1603.16483949751
2909000  -1607.31350981201  1606.67703501957
2910000  -1607.43429397338  1606.86632388891
2911000  -1608.8235274933  1607.49984602821
2912000  -1609.80552761391  1606.98771642969
2913000  -1607.6797073779  1609.42793187479
2914000  -1609.10688459078  1608.60943010835
2915000  -1610.44376835893  1608.55573553362
2916000  -1610.16220349367  1607.71512686001
2917000  -1610.08110441884  1609.16991957226
2918000  -1610.49192605946  1608.08922573449
2919000  -1612.52367751074  1609.63962428167
2920000  -1614.27691351789  1608.68233150697
2921000  -1612.88789676281  1611.45864113364
2922000  -1615.05376946102  1612.26031623691
2923000  -1614.29904734119  1611.87981502816
2924000  -1617.40044295405  1613.26875506267
2925000  -1615.40585895416  1615.94831628135
2926000  -1616.90932764644  1615.47438338529
2927000  -1617.20777793044  1615.14396463566
2928000  -1618.6109555985  1616.28035759536
2929000  -1618.7908112146  1615.67166573446
2930000  -1618.68869880072  1615.83935399153
2931000  -1619.49155737922  1619.64165601292
2932000  -1616.96681123499  1619.73189757252
2933000  -1617.69510319598  1621.58267048396
2934000  -1620.82309132731  1621.4852232205
2935000  -1621.71543164657  1621.62593860931
2936000  -1621.80460838371  1620.7347213383
2937000  -1622.43966752294  1622.08260364976
2938000  -1623.47711339865  1624.54297426892
2939000  -1623.31860571509  1623.58466699512
2940000  -1622.78530983826  1625.49539337975
2941000  -1622.36445464447  1625.12941564681
2942000  -1624.75276078901  1626.35807820425
2943000  -1624.92505770898  1625.17217365383
2944000  -1627.4617514577  1628.74512414361
2945000  -1626.93634203967  1630.91687616199
2946000  -1628.14745187161  1629.71766818601
2947000  -1628.89950180334  1630.02989276124
2948000  -1630.03930584423  1631.4820605544
2949000  -1632.70648405597  1632.69590393637
2950000  -1632.39380636741  1631.78826330712
2951000  -1633.57800014465  1632.81278930962
2952000  -1633.56682591773  1633.49290851266
2953000  -1634.68297793971  1634.09194452769
2954000  -1635.59175938484  1635.56672583401
2955000  -1636.33062585689  1636.98351217805
2956000  -1637.30975080722  1637.03858971315
2957000  -1639.3085335981  1639.30904241629
2958000  -1639.00576861638  1639.73049356002
2959000  -1638.71105380126  1639.2346885617
2960000  -1640.10321852713  1640.85751395247
2961000  -1638.94585102955  1642.84253416129
2962000  -1640.12321745369  1639.40125745779
2963000  -1640.62669241215  1641.57649537923
2964000  -1642.3404890085  1643.25763686522
2965000  -1643.82734188449  1645.08233680083
2966000  -1646.5907131538  1644.85092647729
2967000  -1647.39233523678  1645.78495487248
2968000  -1646.90879294863  1646.76665624825
2969000  -1646.70728023452  1647.2742929485
2970000  -1646.90768811985  1646.08072023178
2971000  -1648.91509103612  1648.67611030831
2972000  -1653.02629144774  1650.41623513642
2973000  -1652.17263219675  1649.2334175762
2974000  -1652.89358942193  1650.99713650251
2975000  -1653.09645349666  1651.34483738305
2976000  -1653.82392283614  1653.34165918906
2977000  -1650.6995151812  1654.14738741054
2978000  -1651.07141900294  1655.6003876096
2979000  -1652.54673845915  1653.88023046244
2980000  -1656.48325049696  1655.18465467459
2981000  -1654.88509373729  1654.8450742312
2982000  -1658.19034633989  1655.81278148057
2983000  -1656.4892894238  1656.71882522108
2984000  -1658.80868258917  1658.34792623608
2985000  -1660.11919232603  1659.50689169278
2986000  -1658.84931790465  1661.00375588592
2987000  -1660.75275215066  1662.72882864245
2988000  -1660.14693136939  1663.12942082145
2989000  -1659.47623198919  1664.75295406466
2990000  -1659.12435602163  1664.15403552387
2991000  -1660.90365946238  1664.23507018708
2992000  -1659.48154593531  1665.40634211857
2993000  -1662.4953285239  1667.7247005747
2994000  -1661.25590445133  1665.78291164989
2995000  -1662.74914072993  1665.03644991541
2996000  -1662.81388714037  1664.67335539042
2997000  -1662.48256085678  1667.66115033868
2998000  -1662.02850768633  1668.39536030605
2999000  -1665.41894189463  1666.47660153169
3000000  -1665.72583494451  1665.31417338213
3001000  -1663.30690853924  1663.50191614368
3002000  -1662.77758337434  1664.67128967381
3003000  -1665.57622781483  1665.65598985876
3004000  -1665.83912488538  1665.81114394398
3005000  -1666.74820748121  1665.26280743956
3006000  -1665.3165496065  1663.13262153916
3007000  -1666.43186963657  1665.91811194711
3008000  -1666.96872007722  1663.25824909036
3009000  -1667.99823885946  1665.43138361778
3010000  -1668.84925789661  1665.11472031362
3011000  -1668.93357680921  1665.06509115933
3012000  -1669.51379590348  1667.89658488567
3013000  -1671.32668233322  1668.07322464176
3014000  -1671.80549015918  1667.80887867205
3015000  -1672.10792674764  1667.59146403583
3016000  -1672.65919891771  1666.61107112578
3017000  -1673.61855736741  1665.19036423494
3018000  -1675.94745391641  1667.05523754555
3019000  -1676.06919333296  1667.66000106055
3020000  -1675.24006533727  1668.14115410258
3021000  -1674.03724643788  1668.65238720881
3022000  -1673.94692331748  1670.38428921839
3023000  -1673.21798692963  1669.01330297119
3024000  -1674.18161559217  1671.34365395236
3025000  -1675.79646010837  1672.77716041882
3026000  -1675.51454080573  1672.59322082277
3027000  -1675.45348149121  1676.25711880434
3028000  -1675.34246969928  1676.37934632959
3029000  -1675.22715647528  1675.49236011009
3030000  -1677.21340633412  1675.85083786169
3031000  -1677.6707818786  1677.79171298355
3032000  -1677.95309511339  1678.17848724504
3033000  -1677.99811703478  1678.13596589569
3034000  -1676.71497373404  1679.17926347463
3035000  -1679.91570218849  1680.64872354165
3036000  -1679.88963418224  1679.46791692791
3037000  -1677.89739878484  1679.96196903077
3038000  -1678.86203980258  1678.57649462543
3039000  -1681.36477810291  1680.15230247027
3040000  -1680.94837103799  1681.48307766663
3041000  -1682.03484162789  1682.07375635221
3042000  -1685.04914374521  1683.17071753164
3043000  -1682.69125718885  1683.07353829973
3044000  -1685.66176848564  1682.41804519405
3045000  -1686.98685782212  1682.93748492737
3046000  -1688.11192292915  1684.18138912264
3047000  -1686.41987948827  1683.84230255325
3048000  -1685.51435283769  1684.72394361756
3049000  -1688.05066179744  1685.13033334268
3050000  -1688.84206785837  1684.92117108643
3051000  -1687.32209677183  1685.80982404701
3052000  -1687.99303754294  1686.36532924146
3053000  -1690.72450978838  1686.69006619843
3054000  -1689.96474256232  1688.81564965876
3055000  -1690.70109449598  1686.98393255164
3056000  -1693.43230977271  1688.11599825522
3057000  -1692.20423749034  1690.89950212147
3058000  -1693.42331799481  1690.69237934617
3059000  -1693.04615124023  1692.93577389655
3060000  -1695.59258468801  1695.2884822185
3061000  -1696.28933508802  1695.65834861711
3062000  -1698.17042899172  1695.26853874104
3063000  -1696.31696336852  1694.69075963406
3064000  -1696.89094592012  1694.72927750786
3065000  -1698.65336873628  1698.78502907386
3066000  -1699.14857577642  1696.96165815759
3067000  -1701.04446535162  1698.71331551484
3068000  -1697.83313925537  1699.57538508276
3069000  -1701.17907889623  1700.42637317735
3070000  -1699.9440394003  1700.18158699213
3071000  -1699.5866542925  1702.6808570207
3072000  -1699.9468906378  1701.56675822998
3073000  -1699.5274931089  1700.56551092384
3074000  -1700.57120148376  1698.92781226526
3075000  -1700.63879744054  1701.66913906418
3076000  -1701.32499163807  1700.78251179902
3077000  -1700.47487836947  1704.57800910571
3078000  -1700.18160820074  1703.76777014899
3079000  -1702.15483191765  1702.88938718719
3080000  -1699.85256925244  1704.99634164788
3081000  -1703.33224879011  1704.9832725532
3082000  -1704.30602904624  1703.7245006798
3083000  -1704.4232108364  1704.52708880353
3084000  -1706.23641924981  1705.58406244724
3085000  -1707.43942372319  1705.38922569463
3086000  -1707.70882286234  1707.23996215808
3087000  -1709.92583294083  1706.35574428783
3088000  -1710.27185961858  1708.02183969334
3089000  -1709.05251810566  1710.0930157744
3090000  -1712.44045144933  1710.23475293948
3091000  -1711.96789772127  1709.95354513294
3092000  -1708.47449917827  1711.67444036598
3093000  -1709.05744717638  1711.34834935962
3094000  -1709.06911121475  1713.61205771424
3095000  -1709.13476848575  1716.23056254624
3096000  -1710.71819002746  1713.40442992501
3097000  -1710.74992238744  1714.88795211487
3098000  -1711.21269083193  1715.39033014307
3099000  -1712.50908337514  1714.64794164825
3100000  -1712.65410875673  1717.93400606109
3101000  -1714.09795917576  1719.52693975037
3102000  -1715.27959462085  1717.42789194683
3103000  -1716.33341961168  1718.52015818848
3104000  -1716.94322835006  1719.18197038298
3105000  -1716.41054295234  1719.53587740486
3106000  -1720.15028015719  1720.54638594703
3107000  -1718.20481455067  1722.23071694362
3108000  -1721.44060425911  1723.53520328373
3109000  -1720.7471449196  1721.372198181
3110000  -1722.60901340104  1723.51271888136
3111000  -1722.5661680142  1725.84421422931
3112000  -1723.68560044544  1724.59864939226
3113000  -1724.70695006887  1724.27397722081
3114000  -1724.72643700696  1725.17441429725
3115000  -1727.80712232938  1725.87195332973
3116000  -1727.21579709912  1726.56568748837
3117000  -1728.91463844189  1725.58755858955
3118000  -1727.22812099207  1727.22394651167
3119000  -1728.10574507091  1725.77554116306
3120000  -1728.79958077281  1727.71321023895
3121000  -1731.14123812467  1727.7128813307
3122000  -1731.20493498306  1729.14058854316
3123000  -1732.75085447039  1727.95813223787
3124000  -1732.98065156948  1729.45933834515
3125000  -1733.72403456249  1728.7846011692
3126000  -1734.48971124137  1729.76353597591
3127000  -1735.34963783714  1730.66550124469
3128000  -1735.86492539376  1728.34725854051
3129000  -1735.82811875464  1730.42602427935
3130000  -1737.10351635583  1731.10126548493
3131000  -1739.52940486073  1732.64793631746
3132000  -1737.59143566088  1732.73739534138
3133000  -1739.19285389976  1734.24295113015
3134000  -1738.13724569695  1733.46051368119
3135000  -1740.91989060637  1733.2591722914
3136000  -1741.93738476205  1734.02391169694
3137000  -1740.08366949358  1735.19131890296
3138000  -1742.53331346906  1736.51468158768
3139000  -1742.10286065994  1737.7203955873
3140000  -1740.17044148171  1739.25426311324
3141000  -1741.03248382791  1738.52049629275
3142000  -1744.83853865876  1739.05671116245
3143000  -1744.39490971646  1740.56891444782
3144000  -1742.68409166926  1740.44663526284
3145000  -1744.25971518266  1740.52816100633
3146000  -1743.58131121245  1743.00841838033
3147000  -1745.1962843408  1743.96413626785
3148000  -1744.87005210057  1743.27774093161
3149000  -1745.64465539661  1745.99947403662
3150000  -1747.6947897765  1743.20289612777
3151000  -1747.45087986991  1744.38551879871
3152000  -1746.66554476513  1746.06574892154
3153000  -1749.91650111681  1746.74713446284
3154000  -1749.39613415622  1746.43106896235
3155000  -1751.3488843107  1747.32738815901
3156000  -1752.00654661216  1747.73047400667
3157000  -1751.02019043339  1749.49989910157
3158000  -1754.12878011897  1747.35983428981
3159000  -1754.7558269211  1751.51468390126
3160000  -1756.13174794175  1752.33680228293
3161000  -1756.57560893674  1752.36527109665
3162000  -1757.25089648162  1752.21356984195
3163000  -1757.13505802366  1755.56364100006
3164000  -1758.71111633918  1755.54270424768
3165000  -1759.34340642864  1758.59396247215
3166000  -1760.03243053502  1758.66944660293
3167000  -1761.26635828545  1756.3369373408
3168000  -1760.82797232405  1758.52773873161
3169000  -1761.11277773968  1757.5771566382
3170000  -1762.57479523824  1757.73726085357
3171000  -1765.64987496287  1758.53158038856
3172000  -1766.63180074839  1760.01360784728
3173000  -1766.12997632039  1762.32626497474
3174000  -1765.54251444684  1763.34131328359
3175000  -1767.62088097617  1765.26224651151
3176000  -1767.84917060875  1764.78893715331
3177000  -1766.26720300979  1768.53339053336
3178000  -1769.55196082996  1767.38928548129
3179000  -1768.53911739457  1770.10433099737
3180000  -1770.11258345605  1767.54373139285
3181000  -1769.51177156106  1769.03320388881
3182000  -1771.49096666257  1768.10634291753
3183000  -1772.05962261688  1772.33913780226
3184000  -1774.36126502514  1771.34239694224
3185000  -1775.27413330239  1773.04224908096
3186000  -1774.20141868016  1771.63263468727
3187000  -1775.12644771516  1773.99380856513
3188000  -1775.10795360201  1775.0417581198
3189000  -1775.81645197791  1777.73969429571
3190000  -1775.81308682492  1776.87280478679
3191000  -1777.94867671338  1776.21773996034
3192000  -1777.94351478939  1778.08850285161
3193000  -1777.0756690744  1778.50929904565
3194000  -1777.9446776144  1778.22276434595
3195000  -1779.83862443825  1779.11186429018
3196000  -1778.14587547602  1780.04333999784
3197000  -1778.7766509138  1782.46466112734
3198000  -1780.70171011168  1783.10633201365
3199000  -1782.8564308475  1781.98539702868
3200000  -1782.70413895728  1781.36402396313
3201000  -1785.48132325206  1781.09857875735
3202000  -1785.34871693093  1781.91466113409
3203000  -1786.64037671488  1785.29538193046
3204000  -1785.37629550998  1784.290432312
3205000  -1786.38880076846  1784.67598900269
3206000  -1786.78200412422  1784.09728911559
3207000  -1786.43009805829  1785.86985023271
3208000  -1787.13002415065  1786.0307450984
3209000  -1787.26292442669  1786.05039609988
3210000  -1788.06828027935  1787.94926000437
3211000  -1789.21185331683  1787.1577103395
3212000  -1787.34605259618  1787.75722311967
3213000  -1789.78272016227  1788.77070203883
3214000  -1790.77660826117  1789.3228039555
3215000  -1791.41686953644  1789.94866942545
3216000  -1794.04706768185  1791.57956375352
3217000  -1793.08916573184  1791.58126560329
3218000  -1794.11228002223  1790.08323658626
3219000  -1791.31450425945  1794.505452982
3220000  -1790.40908026631  1793.95755806297
3221000  -1791.47996595906  1795.60737383159
3222000  -1793.83762014748  1795.60076988258
3223000  -1796.45472076677  1795.61239134292
3224000  -1795.51700245316  1795.93093525511
3225000  -1794.80937697715  1796.31697534597
3226000  -1796.1437393164  1796.54883047917
3227000  -1797.90153784993  1798.11456371392
3228000  -1798.91514046872  1798.32778175606
3229000  -1800.84314752672  1799.73517159065
3230000  -1801.10632818863  1798.95736283739
3231000  -1802.25027568789  1800.44260570503
3232000  -1801.60095441044  1801.95572225029
3233000  -1801.65264555103  1801.3117835882
3234000  -1802.67416873776  1801.92605310139
3235000  -1802.95243804332  1802.57679285061
3236000  -1802.59766775414  1800.03080812433
3237000  -1803.62982758766  1803.11019510893
3238000  -1803.78555312896  1803.0749166818
3239000  -1806.97205116154  1805.33613755296
3240000  -1804.86000034407  1805.28542911249
3241000  -1806.03620536855  1806.01554384044
3242000  -1805.44174632796  1806.78168527535
3243000  -1803.73410621987  1808.8500639503
3244000  -1804.7550239779  1808.64588485277
3245000  -1808.22598551632  1807.85369734364
3246000  -1808.5066316482  1808.04174547663
3247000  -1807.9840443391  1809.19965464391
3248000  -1807.15935141297  1809.03305885982
3249000  -1807.46763233907  1808.92619701291
3250000  -1810.89241259777  1810.22756813889
3251000  -1810.24830833248  1811.64682934967
3252000  -1808.52631919707  1813.77855471393
3253000  -1809.51898120576  1813.26697876407
3254000  -1812.03336994568  1814.74330020257
3255000  -1810.77377303889  1815.24104737936
3256000  -1809.08784244856  1814.81459772827
3257000  -1810.61458220837  1814.32743781131
3258000  -1813.15222136471  1816.01568137754
3259000  -1815.02250268695  1816.91225693073
3260000  -1816.381055156  1817.0676782688
3261000  -1815.79783011423  1817.10798934477
3262000  -1814.44524800639  1816.18112443882
3263000  -1814.51614555023  1816.77518959305
3264000  -1815.90408623954  1818.29729873831
3265000  -1817.42505275953  1817.33660216352
3266000  -1816.61102993626  1817.45339906001
3267000  -1817.96022437706  1818.22151486491
3268000  -1820.1445380187  1818.28740888554
3269000  -1818.76869253177  1819.83053507904
3270000  -1818.86501632621  1819.22399018406
3271000  -1818.57643880083  1820.41189309895
3272000  -1821.58175322468  1820.96079041399
3273000  -1821.43448733068  1823.38599413691
3274000  -1822.59205703605  1824.77224603269
3275000  -1823.40118495964  1825.48532027688
3276000  -1826.12481384855  1826.89928174181
3277000  -1825.1964531946  1826.58427801682
3278000  -1828.3516367703  1826.8135461704
3279000  -1829.01851793533  1826.93624092322
3280000  -1827.61701277126  1827.74832804729
3281000  -1825.82802822912  1827.58804628665
3282000  -1826.60571776455  1829.03947464324
3283000  -1827.34804256268  1828.66601400105
3284000  -1828.90633529394  1830.43442107687
3285000  -1829.09230848693  1829.76991149986
3286000  -1831.60615145319  1833.18530303724
3287000  -1832.40697525347  1833.91531628378
3288000  -1831.74250777776  1833.63363207891
3289000  -1832.63931217736  1835.75003443928
3290000  -1834.44107080181  1835.65964780154
3291000  -1834.358720817  1838.06783918838
3292000  -1833.88104466498  1838.96769638397
3293000  -1836.0734658572  1840.01691603513
3294000  -1833.49805330546  1840.79165819569
3295000  -1835.13227415236  1840.35973443658
3296000  -1835.75622211083  1840.34324585626
3297000  -1837.00689760431  1842.74340972188
3298000  -1838.21351733221  1839.97160471512
3299000  -1838.66168992051  1841.89568713639
3300000  -1839.45964906916  1841.28976073691
3301000  -1841.50020742127  1840.54160839172
3302000  -1842.32722242879  1841.20760825331
3303000  -1846.84592253322  1843.03010960805
3304000  -1845.55266886184  1841.4048956012
3305000  -1846.98241799212  1843.57741380584
3306000  -1847.77699252989  1844.19126246951
3307000  -1848.20457732853  1844.06535153911
3308000  -1846.24990406371  1843.29002494517
3309000  -1846.42331979362  1845.15717211209
3310000  -1848.82855180607  1846.74707613851
3311000  -1849.93230342623  1846.44214343491
3312000  -1850.95370982321  1845.43056547562
3313000  -1850.49390828604  1846.582969312
3314000  -1851.77669981152  1846.80928591752
3315000  -1853.90998236319  1848.00919100144
3316000  -1854.77790214862  1847.43586480679
3317000  -1855.13346688119  1848.5214899096
3318000  -1856.88031670482  1847.2903992611
3319000  -1855.5175004171  1850.12328838452
3320000  -1854.03562857195  1847.76597303824
3321000  -1853.37786265436  1850.35399640422
3322000  -1854.9937789454  1850.81136448031
3323000  -1859.00014604201  1850.55467256169
3324000  -1858.75994829308  1850.77461650304
3325000  -1858.64234726428  1852.42633739521
3326000  -1859.35624739032  1853.09806983445
3327000  -1859.63573268445  1852.36616425555
3328000  -1859.68854574037  1853.33202456122
3329000  -1861.24962800558  1851.94791147124
3330000  -1859.79162305824  1852.9966875468
3331000  -1859.8508608351  1853.86179483603
3332000  -1862.07914385316  1854.29213903014
3333000  -1861.57843140705  1854.85094470764
3334000  -1861.54975468476  1856.40045642697
3335000  -1861.28902843021  1857.82711638497
3336000  -1862.37376449011  1856.10135223554
3337000  -1862.79106606983  1857.9888434934
3338000  -1861.58734759676  1859.05680970383
3339000  -1865.17243438241  1858.05788512369
3340000  -1867.04609596979  1859.32998591563
3341000  -1865.09013253591  1860.96999314861
3342000  -1864.32513237405  1860.67924867705
3343000  -1865.44555549946  1862.42663314617
3344000  -1865.76508375829  1862.86866313492
3345000  -1867.79474400952  1863.47343107705
3346000  -1868.82661547612  1862.79356376752
3347000  -1868.74277946624  1863.19618003543
3348000  -1871.02509743781  1864.37312047465
3349000  -1870.17769957395  1866.59003628506
3350000  -1868.8524078879  1865.81724834757
3351000  -1869.83235568589  1865.68892340527
3352000  -1870.23298216484  1865.95613765571
3353000  -1870.33527927437  1865.99072995918
3354000  -1872.20553667148  1866.48110824538
3355000  -1868.55867732376  1866.53731663438
3356000  -1870.81894996265  1867.51329177115
3357000  -1871.32922162257  1869.80916068898
3358000  -1873.25265226731  1870.82097089269
3359000  -1871.48132925105  1873.14291525429
3360000  -1873.80509559769  1872.04836507072
3361000  -1872.89805557501  1875.10669652757
3362000  -1871.89051129193  1872.92014493566
3363000  -1873.65711201132  1872.85752458638
3364000  -1872.56146697692  1874.09849568173
3365000  -1873.48202980319  1875.30392881306
3366000  -1872.91695731773  1875.39746880547
3367000  -1873.02747772546  1873.62263849327
3368000  -1872.47086422455  1875.25492973384
3369000  -1873.60384251965  1877.51429331286
3370000  -1874.74537564718  1878.72428876513
3371000  -1877.20590039619  1878.13983335536
3372000  -1879.31090083315  1879.72043044539
3373000  -1877.0605530611  1879.4530452656
3374000  -1877.86631737295  1881.27226069606
3375000  -1878.04710824471  1880.07505485589
3376000  -1878.13888892432  1881.31798516618
3377000  -1880.00529031337  1881.8168351446
3378000  -1881.2528283149  1882.21391284822
3379000  -1880.95066934494  1879.21685644629
3380000  -1879.80327417687  1882.0953425191
3381000  -1881.49358510885  1882.96063366201
3382000  -1880.70191335826  1882.79045627389
3383000  -1881.40613193809  1885.22781085486
3384000  -1882.79311498968  1885.69942281571
3385000  -1882.74856518916  1887.03287657835
3386000  -1886.38915219614  1887.78207322798
3387000  -1887.5743825811  1888.03053804629
3388000  -1889.01230732178  1887.28568130088
3389000  -1888.88163455614  1890.13125698263
3390000  -1888.96855779742  1892.07135933508
3391000  -1889.38888100543  1893.0892911758
3392000  -1893.20601720049  1892.02391944171
3393000  -1892.27525514958  1894.27506673333
3394000  -1891.1422978581  1894.86892052096
3395000  -1892.47128090002  1893.96955506089
3396000  -1892.45142922346  1895.92619830212
3397000  -1890.45565962658  1894.33758280798
3398000  -1893.44180046615  1894.06703592901
3399000  -1894.0069047981  1895.94662653444
3400000  -1894.74190344656  1895.79116107475
3401000  -1895.95944887967  1897.74120985855
3402000  -1899.33233807381  1897.8881980006
3403000  -1897.85247780592  1898.50730403654
3404000  -1900.08941088178  1899.55725387742
3405000  -1898.75980279138  1899.30141082739
3406000  -1899.30874989789  1901.56624781015
3407000  -1901.20347826134  1902.84126408741
3408000  -1901.60508966438  1903.89417742237
3409000  -1904.8410089295  1904.62599722441
3410000  -1905.77616201736  1907.01954657576
3411000  -1906.90966798391  1905.18442539644
3412000  -1909.61511597961  1907.63307907886
3413000  -1909.44922438705  1909.13455277769
3414000  -1908.53619343938  1910.14585350034
3415000  -1908.63704280079  1910.12632803374
3416000  -1910.12884157616  1910.36202823625
3417000  -1910.40073198715  1911.88483378231
3418000  -1908.65249091375  1910.91587416163
3419000  -1909.92722982735  1911.16169516167
3420000  -1910.01967410936  1912.60092595948
3421000  -1912.06187235516  1910.92842216275
3422000  -1912.81675740209  1912.86992394504
3423000  -1914.78933533802  1914.05915124246
3424000  -1914.21467463468  1914.02326834869
3425000  -1913.9204308329  1915.5376959245
3426000  -1913.79486122453  1916.8815428394
3427000  -1913.42628540418  1915.86309591089
3428000  -1913.36931168897  1917.56001245291
3429000  -1914.46398702319  1918.57023582526
3430000  -1917.08090180063  1915.94341482342
3431000  -1915.92468513427  1918.84978208542
3432000  -1915.6615297937  1917.38109676651
3433000  -1916.44660172263  1919.29197123975
3434000  -1918.98443367473  1918.75854908497
3435000  -1917.48390662526  1918.73754194956
3436000  -1918.92642754291  1920.774970122
3437000  -1920.79070736682  1920.43271768374
3438000  -1921.10359440695  1920.21985121328
3439000  -1921.96697943771  1921.09168855437
3440000  -1922.74241670389  1921.51519949004
3441000  -1924.05404818843  1923.4220686548
3442000  -1924.25683970501  1924.92184552235
3443000  -1923.03478758115  1924.15012923815
3444000  -1923.17969551972  1926.52787212249
3445000  -1925.53619245272  1927.25167093869
3446000  -1926.89567280035  1927.10512811179
3447000  -1927.50432490467  1926.43573613676
3448000  -1926.14247504314  1926.94366003822
3449000  -1930.0908744923  1926.71800704554
3450000  -1930.8540978507  1926.93479043812
3451000  -1931.95141988555  1926.72492219133
3452000  -1933.49833345238  1927.40446289759
3453000  -1931.90680701755  1928.3262620259
3454000  -1931.91706565313  1931.08185890893
3455000  -1935.40753772889  1932.88009937462
3456000  -1935.95888541828  1931.15298032818
3457000  -1934.90713643075  1931.39879849136
3458000  -1934.73385080597  1931.94985719957
3459000  -1936.52889017763  1933.70696453147
3460000  -1936.93703435036  1934.53777656693
3461000  -1936.44249617551  1937.13243327754
3462000  -1937.092762866  1934.71532527278
3463000  -1938.67706893144  1935.76494368352
3464000  -1936.51606777516  1938.4856819043
3465000  -1938.00831223621  1938.60076248834
3466000  -1939.39261571047  1939.63820808065
3467000  -1941.60899429775  1940.1561905272
3468000  -1938.53637151228  1939.66736596859
3469000  -1939.41445235093  1941.38735199258
3470000  -1938.80954769015  1941.39589679521
3471000  -1940.71718083338  1941.80569981807
3472000  -1942.10473038878  1941.69424142475
3473000  -1942.82541666942  1941.34698846714
3474000  -1944.81568149274  1942.57449789292
3475000  -1942.88610050772  1943.42954574514
3476000  -1944.1751251793  1942.70047531292
3477000  -1944.77270445292  1944.54475782334
3478000  -1945.96951790816  1943.74039244976
3479000  -1946.22731357116  1943.65150527108
3480000  -1946.26955021998  1946.0423689095
3481000  -1948.80035779713  1946.18025347281
3482000  -1950.09843189204  1945.8084992193
3483000  -1949.55483096526  1947.38879328287
3484000  -1950.04475432184  1949.5284058506
3485000  -1951.45574132001  1950.40500044173
3486000  -1952.85352602315  1951.4367458092
3487000  -1955.63108767505  1951.04126864799
3488000  -1956.10262124475  1952.8674035824
3489000  -1956.16373921877  1951.07302348955
3490000  -1957.57606338187  1950.31637626944
3491000  -1956.62580264902  1953.20488536722
3492000  -1955.69091004346  1953.64787755878
3493000  -1958.47133018119  1956.68298743118
3494000  -1958.26653993228  1955.956364144
3495000  -1958.15851856995  1955.99094120501
3496000  -1958.07424756157  1957.18428817665
3497000  -1961.20579290812  1959.04230074945
3498000  -1961.51036837742  1958.94346938782
3499000  -1961.55903509732  1959.01789712039
3500000  -1960.17959025506  1960.27063771323
3501000  -1961.12373522391  1960.80250500865
3502000  -1960.69285618286  1960.82188697552
3503000  -1961.94314588706  1958.94743706495
3504000  -1961.96522319212  1959.02288784233
3505000  -1963.73495974144  1958.97139445708
3506000  -1962.00428215546  1960.62025241723
3507000  -1963.91335548448  1959.86957753755
3508000  -1964.04235788979  1961.84160229013
3509000  -1964.09771702447  1962.19720316986
3510000  -1966.1366975175  1963.50818549101
3511000  -1967.72792267484  1963.05182663691
3512000  -1968.33735986163  1962.20027615437
3513000  -1967.65582725717  1965.35559693376
3514000  -1967.32601957033  1966.39287986122
3515000  -1968.23074949697  1966.06662394294
3516000  -1968.62552784022  1967.11012331243
3517000  -1969.94811766447  1967.4711261119
3518000  -1970.22346827622  1966.86669054785
3519000  -1971.28147592673  1968.622354145
3520000  -1971.56489153423  1970.10746572345
3521000  -1971.76490432755  1971.05886696251
3522000  -1972.46810505129  1968.47887184323
3523000  -1972.91171746994  1971.60905333161
3524000  -1970.7185824088  1973.56421435036
3525000  -1973.52928171512  1971.94368052461
3526000  -1972.66766596769  1970.92256749139
3527000  -1975.59499641436  1974.92798440358
3528000  -1972.00570210121  1975.03133942809
3529000  -1973.59885196792  1974.82711129257
3530000  -1974.43048180488  1975.96010769794
3531000  -1975.22559315137  1977.07625012573
3532000  -1978.36031893865  1979.33379451803
3533000  -1977.99607235844  1979.11587413825
3534000  -1977.50566568818  1979.62771115165
3535000  -1979.67694366265  1979.87751506758
3536000  -1981.90782311084  1980.41621054354
3537000  -1982.64214616224  1979.33267469168
3538000  -1983.67861287135  1982.25146539451
3539000  -1986.29609116499  1981.96969877848
3540000  -1982.87600411743  1983.44597511626
3541000  -1984.06952051145  1983.49278683655
3542000  -1986.09112618864  1983.35329223549
3543000  -1985.55826498416  1983.64302951405
3544000  -1988.16055475075  1983.11774458306
3545000  -1988.33138183458  1984.5312827306
3546000  -1990.26299184478  1986.59337176329
3547000  -1990.82842238035  1986.51986678057
3548000  -1992.53152193017  1986.79002961049
3549000  -1993.53827304125  1986.44968247102
3550000  -1995.7495180139  1989.76307257095
3551000  -1994.89158864343  1988.74797980432
3552000  -1996.74382860956  1988.57950184385
3553000  -1995.14670822876  1990.34826337499
3554000  -1995.23759543394  1991.04357963954
3555000  -1997.23559844378  1990.68303712038
3556000  -1998.21977670606  1991.70137029845
3557000  -1998.83999151656  1994.04043368994
3558000  -1998.4348958306  1994.11008590904
3559000  -1998.52875251031  1995.8522231393
3560000  -1999.87406022851  1998.3531692569
3561000  -2000.31913570567  1995.78597108718
3562000  -2005.34596834834  1998.0548273166
3563000  -2003.59030762312  1999.68063886376
3564000  -2002.94158953855  1999.699263021
3565000  -2003.2348662171  2001.06576491097
3566000  -2003.83318959942  2001.75376082733
3567000  -2004.82831951835  2002.5610627298
3568000  -2005.38515695595  2006.01375168317
3569000  -2006.43800122183  2002.82658406908
3570000  -2005.39012634492  2005.37150216452
3571000  -2006.1880115807  2002.73799659621
3572000  -2006.23010937568  2002.29294578755
3573000  -2008.2113821419  2003.65652353552
3574000  -2008.24951645559  2003.13229460748
3575000  -2011.92184553225  2003.54177742996
3576000  -2012.16753526359  2003.35853724198
3577000  -2014.89700316303  2006.3515483532
3578000  -2014.21975094114  2007.30630705453
3579000  -2015.03732044046  2006.889106386
3580000  -2014.03470069852  2007.78732862646
3581000  -2017.22023442454  2008.64067411491
3582000  -2017.12180814541  2006.86389106563
3583000  -2015.20498537788  2007.6124678358
3584000  -2017.24139356014  2007.67370168847
3585000  -2018.04877761149  2009.27396569557
3586000  -2018.57631646278  2009.77859399993
3587000  -2016.92550896195  2010.40288257596
3588000  -2018.40811365511  2012.66522489658
3589000  -2018.01468417778  2011.67989440639
3590000  -2015.9622048645  2012.71623284907
3591000  -2017.00167050468  2013.61854489794
3592000  -2018.88789235277  2014.67938378376
3593000  -2018.63526396519  2016.33519473386
3594000  -2021.11331073796  2018.05523445505
3595000  -2021.34068886101  2017.55305678717
3596000  -2021.87786694553  2018.51394306833
3597000  -2022.55185020203  2017.0943672231
3598000  -2025.03850888236  2019.93721235456
3599000  -2022.66043849073  2019.68001820602
3600000  -2025.87398869394  2020.05923546945
3601000  -2024.74966862848  2018.55717683263
3602000  -2021.58221517065  2019.57673356815
3603000  -2025.2910769859  2021.77258847029
3604000  -2023.47655419005  2022.50798184848
3605000  -2026.32706250867  2021.15820769812
3606000  -2029.61473232125  2022.374671647
3607000  -2029.98416259207  2024.19046337438
3608000  -2028.10443041442  2025.90505891305
3609000  -2028.92694155319  2026.26610209102
3610000  -2029.73418376105  2027.48874529678
3611000  -2030.64979944191  2027.09216661302
3612000  -2030.89788567035  2029.32673119855
3613000  -2031.13090332456  2030.70439491792
3614000  -2034.21492075683  2029.1886719837
3615000  -2032.35252625534  2030.99406155124
3616000  -2032.8759404402  2030.98902695816
3617000  -2032.60117678796  2031.93631087403
3618000  -2033.29139743788  2032.37308608648
3619000  -2034.61527394281  2033.09146473364
3620000  -2033.80097489969  2033.8730626331
3621000  -2034.53260028743  2034.94613549247
3622000  -2036.02527642431  2034.35022051005
3623000  -2034.47379400735  2034.90041022895
3624000  -2036.65459220825  2036.06569227688
3625000  -2035.10400711127  2035.42813507141
3626000  -2035.97926492222  2037.17283798037
3627000  -2037.01682121267  2036.06221855237
3628000  -2038.59616320177  2035.7433526335
3629000  -2039.55910407938  2035.69957211493
3630000  -2039.68761993866  2036.53842341568
3631000  -2042.4483656572  2036.58466289474
3632000  -2042.7327145038  2036.58879174488
3633000  -2044.10381320031  2038.50956629467
3634000  -2044.4616056213  2039.35562126024
3635000  -2044.20517691525  2039.0984192843
3636000  -2044.15682739294  2037.91182397284
3637000  -2045.41996891973  2037.68931413452
3638000  -2044.94968843649  2041.1563931063
3639000  -2044.90944205371  2040.95406453579
3640000  -2045.44316127736  2040.12713281422
3641000  -2045.80323497776  2041.28555046046
3642000  -2046.68147746318  2041.65252583271
3643000  -2047.23466456937  2041.94832143636
3644000  -2047.45995522717  2040.08925003043
3645000  -2049.06676852831  2040.76138053149
3646000  -2046.52627291775  2041.44859382653
3647000  -2047.09189817793  2043.20665824844
3648000  -2048.37477889479  2045.00941784887
3649000  -2050.96851049699  2046.27867581488
3650000  -2051.48516419384  2045.81536449466
3651000  -2051.79137150992  2046.20320170165
3652000  -2054.05697797615  2050.08786931688
3653000  -2052.14724787528  2050.38923102394
3654000  -2053.91872231215  2049.91628526865
3655000  -2053.5667241925  2052.11211885659
3656000  -2054.68298734176  2051.58021390653
3657000  -2052.58308314653  2051.90158456855
3658000  -2053.8287933113  2052.26632647781
3659000  -2054.55471293763  2052.32059003237
3660000  -2055.81637259289  2055.31161974004
3661000  -2057.89805227937  2054.34197870008
3662000  -2058.19052802731  2057.60283325449
3663000  -2058.27022547336  2057.50661596573
3664000  -2057.6069641873  2059.52447820456
3665000  -2060.43688746196  2060.15440357949
3666000  -2059.14319080449  2060.01691321351
3667000  -2062.44175052216  2063.1352668237
3668000  -2059.77080905099  2061.27152628478
3669000  -2061.34734205851  2060.58566199502
3670000  -2064.46677389087  2060.79372909188
3671000  -2065.76083797466  2062.15983797238
3672000  -2067.2562130281  2063.81538522469
3673000  -2067.49228853542  2063.2621636685
3674000  -2067.07929008445  2064.00989569204
3675000  -2066.46800922014  2063.62509911568
3676000  -2068.2820149102  2061.59887910124
3677000  -2067.6012945817  2061.17032495289
3678000  -2068.28112900166  2062.38639418299
3679000  -2070.18102189651  2062.7030846265
3680000  -2070.00153919348  2063.07946538376
3681000  -2070.40340968345  2063.88179056749
3682000  -2069.95495769811  2062.84272855173
3683000  -2070.14191985963  2064.1224841119
3684000  -2071.67114925594  2063.54785929071
3685000  -2071.96765381643  2065.03645660917
3686000  -2072.13641707625  2064.51822389799
3687000  -2071.80207861679  2065.20128461143
3688000  -2072.6121525741  2065.29780362354
3689000  -2073.10185065943  2066.75352931424
3690000  -2074.89704211178  2065.5331898905
3691000  -2075.77202604835  2066.77047431501
3692000  -2074.96316961221  2067.22483202659
3693000  -2074.30308871052  2067.7265878817
3694000  -2075.81104537375  2067.24006263479
3695000  -2075.34444593819  2068.29581394672
3696000  -2078.12857261873  2069.09901129442
3697000  -2078.23397816165  2070.59565284668
3698000  -2081.25744709546  2069.4606508728
3699000  -2080.20016049484  2071.24396974462
3700000  -2082.4743788926  2071.51863116149
3701000  -2082.40229331542  2073.08854688354
3702000  -2083.42932178964  2072.53682020874
3703000  -2082.38995281002  2074.08712952116
3704000  -2080.57333867468  2073.85718340926
3705000  -2081.46418687526  2074.76840935755
3706000  -2081.7303287561  2074.10727605828
3707000  -2082.20673327231  2075.90166856406
3708000  -2084.87222758837  2075.02831438873
3709000  -2082.60287960267  2075.5871072507
3710000  -2086.54495450385  2075.863834647
3711000  -2085.99220020314  2075.54934834984
3712000  -2086.55959381041  2078.4185079975
3713000  -2085.5696754317  2076.52435167502
3714000  -2085.88727698478  2078.26323023377
3715000  -2087.0167610312  2078.1110996919
3716000  -2087.68193587048  2079.70672697922
3717000  -2089.99622956917  2083.01435637451
3718000  -2090.17392734483  2080.31731653341
3719000  -2092.65183081235  2082.0213378132
3720000  -2091.23005522624  2082.57506413749
3721000  -2092.03588697542  2083.71761697844
3722000  -2092.98111519913  2085.928927168
3723000  -2092.45667290192  2086.01911710051
3724000  -2094.54754540424  2085.66539331977
3725000  -2094.69737187552  2087.06384314614
3726000  -2098.85294286024  2089.83072180996
3727000  -2097.24429422355  2088.16686738655
3728000  -2100.4591682629  2090.07368440063
3729000  -2097.61608356587  2089.99400848105
3730000  -2100.13364511878  2089.32911020353
3731000  -2098.30921101013  2090.66044161933
3732000  -2100.6283162347  2090.82289091767
3733000  -2101.69871976841  2091.23452857265
3734000  -2104.21000207008  2091.40874823549
3735000  -2101.84208473391  2090.71580713594
3736000  -2103.26682780734  2092.39567248391
3737000  -2102.61411690031  2092.00056879184
3738000  -2104.46304895109  2093.76870433926
3739000  -2103.74931810954  2094.5882475918
3740000  -2102.87496565784  2096.14819078984
3741000  -2105.91424423362  2095.49832452418
3742000  -2104.93638880988  2097.10708384054
3743000  -2103.84546812321  2097.70850145446
3744000  -2107.15178481111  2098.78106822209
3745000  -2105.88967065788  2097.80708025789
3746000  -2107.59802947852  2098.77463935662
3747000  -2108.13064653296  2100.67287127743
3748000  -2108.61380049087  2099.98918204245
3749000  -2109.36014766742  2099.41494407887
3750000  -2110.15869637025  2102.93818342421
3751000  -2110.39868344311  2103.29648146895
3752000  -2111.08508514438  2104.12227069843
3753000  -2110.60174561561  2105.7927771099
3754000  -2114.05819023941  2104.92414336753
3755000  -2113.079799673  2106.11706354585
3756000  -2114.01072546556  2108.2065335427
3757000  -2115.22687081154  2108.49920620582
3758000  -2116.36333970622  2109.2304193894
3759000  -2117.16902019789  2109.12540611295
3760000  -2115.98494711856  2109.90516881935
3761000  -2118.95237561799  2110.1844559209
3762000  -2120.46564149599  2110.8676966131
3763000  -2118.41361289975  2113.06516074224
3764000  -2120.03093689365  2111.3803318706
3765000  -2122.21450041364  2111.4905814953
3766000  -2124.82803398586  2114.44231495828
3767000  -2124.72802770368  2116.09438890031
3768000  -2123.44641772755  2116.32563373174
3769000  -2126.10855449454  2118.34300292324
3770000  -2126.62843942202  2118.73251422351
3771000  -2126.38216706382  2119.13410902079
3772000  -2126.1309052007  2121.57816789159
3773000  -2128.93634096037  2121.52414698757
3774000  -2126.36887654376  2121.83637575484
3775000  -2128.49798677935  2123.16869879858
3776000  -2126.84041476347  2124.52832916287
3777000  -2129.29669043512  2123.97291708777
3778000  -2127.13811074612  2124.60814442387
3779000  -2127.48901317839  2127.58545089709
3780000  -2127.82485034317  2127.85255960667
3781000  -2127.21059647133  2128.11567052604
3782000  -2128.24754094985  2130.30626708185
3783000  -2129.59543561871  2130.68904178379
3784000  -2129.45207752288  2128.45628435583
3785000  -2130.95167260933  2128.67853986198
3786000  -2131.69961169139  2130.94743163254
3787000  -2133.59850456047  2130.99118878032
3788000  -2134.05310650664  2129.98183841488
3789000  -2133.1434619181  2132.61451605223
3790000  -2135.1713158408  2133.18087926992
3791000  -2136.4346667021  2132.0011555193
3792000  -2136.10528776536  2133.51959612231
3793000  -2138.8727697843  2135.05324531334
3794000  -2138.25757914306  2134.73940177
3795000  -2138.88406206316  2133.45573450308
3796000  -2138.77336560645  2133.55864499871
3797000  -2137.72702782028  2136.21388414958
3798000  -2140.33054092143  2135.83494573475
3799000  -2142.1519976715  2134.78202575099
3800000  -2139.95620027355  2135.39692803977
3801000  -2140.55875788749  2137.17272856632
3802000  -2138.78117901707  2137.05347916664
3803000  -2143.1895391776  2138.52024334164
3804000  -2143.21597279468  2139.15607224721
3805000  -2144.47892590052  2138.65466327837
3806000  -2142.03719155222  2139.93606803994
3807000  -2145.62331767457  2141.34310631635
3808000  -2146.44310791485  2143.17232454301
3809000  -2144.07484040448  2144.2715541417
3810000  -2145.52317805517  2144.98892503219
3811000  -2146.26451376816  2145.29732508524
3812000  -2146.72234687782  2146.77317808858
3813000  -2147.98000105415  2147.50392055086
3814000  -2146.2212136264  2147.79147218995
3815000  -2148.68577739764  2148.38109852588
3816000  -2148.41328236336  2149.23348798659
3817000  -2149.35279035971  2148.27495677349
3818000  -2150.97309002594  2148.04333975189
3819000  -2150.25267162226  2149.74001331375
3820000  -2152.22999446318  2150.1519419825
3821000  -2152.64766882363  2152.26383946043
3822000  -2155.46362091815  2150.27946819995
3823000  -2155.77558180029  2151.37543371327
3824000  -2156.01357948161  2152.51263079583
3825000  -2153.16621806746  2150.34758329553
3826000  -2152.71802963492  2151.62100732953
3827000  -2157.22121757312  2152.89959234207
3828000  -2158.10606796489  2152.72717058487
3829000  -2159.54168578325  2154.24362864322
3830000  -2160.08666778768  2152.05975224066
3831000  -2160.06193110563  2150.25027605832
3832000  -2157.67921605049  2152.5016222614
3833000  -2158.07784463983  2155.53534618552
3834000  -2157.86864046883  2156.41905125766
3835000  -2157.40149057953  2155.57789532241
3836000  -2160.05053616241  2157.19750594398
3837000  -2158.92745882054  2156.93126384132
3838000  -2159.59349608913  2157.97958643672
3839000  -2159.25902287227  2157.678987151
3840000  -2161.45418205168  2157.4533013365
3841000  -2163.86134677652  2158.99119749322
3842000  -2161.71238805782  2157.86683063618
3843000  -2160.99612677072  2161.10451093426
3844000  -2163.70076337657  2162.39186611624
3845000  -2163.08085837203  2162.54431302778
3846000  -2164.74843377001  2163.11756792288
3847000  -2166.23952238311  2164.96378040235
3848000  -2168.45033141169  2165.94285338171
3849000  -2168.61646748024  2166.92683381093
3850000  -2168.90111992159  2168.5632433136
3851000  -2170.62537494905  2166.11495804013
3852000  -2170.97515637366  2167.87882924525
3853000  -2171.38780134097  2170.62406783912
3854000  -2170.9629591517  2171.09363940367
3855000  -2173.09575645289  2171.96910980386
3856000  -2173.36947782134  2170.74413418535
3857000  -2172.46273579497  2172.8075161967
3858000  -2175.39451273132  2172.81032764055
3859000  -2174.50697860368  2172.57014622867
3860000  -2176.43344532938  2173.8339585073
3861000  -2176.99047553056  2174.16800382291
3862000  -2177.12382073277  2177.56281507257
3863000  -2177.68476775636  2177.3517326642
3864000  -2178.49072276838  2176.73298075347
3865000  -2177.50573206672  2176.11850716571
3866000  -2176.79810516621  2177.47681137464
3867000  -2178.15150098401  2179.36162572336
3868000  -2178.04891088967  2180.60928136355
3869000  -2177.27074304425  2179.71914022455
3870000  -2178.63749242562  2179.92249637131
3871000  -2178.61952498716  2180.11648317222
3872000  -2179.94957347101  2182.93544973041
3873000  -2180.00219260329  2182.01783227587
3874000  -2181.60868564904  2182.40497144247
3875000  -2181.32105907738  2180.91428642878
3876000  -2183.54679430188  2182.50097966805
3877000  -2183.79499113809  2181.92825713631
3878000  -2185.31399530919  2183.36935263641
3879000  -2185.57633443079  2185.28537322703
3880000  -2185.65340791322  2185.50686390065
3881000  -2186.52568170398  2186.4220925276
3882000  -2187.80191901473  2186.64773503489
3883000  -2188.20468683612  2187.72954036249
3884000  -2188.55339780125  2187.29638553943
3885000  -2189.13259677689  2189.78319053896
3886000  -2190.02658304334  2187.53557172961
3887000  -2191.57312831059  2188.78079425815
3888000  -2191.04219148623  2190.29132645171
3889000  -2190.99320379679  2190.23283557104
3890000  -2191.22244419238  2190.91606243717
3891000  -2192.43610811104  2192.47861210252
3892000  -2192.88271705513  2193.93896059883
3893000  -2191.5519383787  2191.98926113076
3894000  -2193.75863588269  2193.27657460105
3895000  -2193.41580885525  2193.6549136707
3896000  -2196.19069174611  2192.97626281043
3897000  -2194.54600820069  2193.00395396709
3898000  -2196.44073434341  2195.02179368617
3899000  -2196.13153572051  2194.68937888591
3900000  -2195.93144827294  2195.94867229757
3901000  -2197.70160781229  2197.42931972609
3902000  -2197.93610757948  2196.61766884111
3903000  -2200.2531988277  2197.83890601524
3904000  -2198.02893484316  2198.70521069071
3905000  -2200.95875983174  2199.17718250543
3906000  -2200.23021338107  2199.65351841776
3907000  -2200.16405615366  2199.11673220636
3908000  -2200.22148599378  2200.34152557927
3909000  -2203.49367353986  2199.60017820286
3910000  -2203.83643876195  2199.26506100145
3911000  -2203.48742111055  2199.48133913104
3912000  -2204.82337752105  2202.24132217155
3913000  -2204.45363701195  2202.34007923423
3914000  -2206.09130052366  2203.06576617541
3915000  -2206.00663055053  2203.19016394498
3916000  -2207.16228358041  2202.17560057576
3917000  -2207.73318916321  2202.31558155622
3918000  -2207.58032628886  2201.93299541407
3919000  -2207.60809067609  2202.30946082614
3920000  -2209.14973822617  2202.66173556576
3921000  -2209.92381120406  2203.80332376159
3922000  -2206.98004966765  2203.98504155087
3923000  -2210.41235112273  2204.24168661724
3924000  -2211.39830866991  2202.57763143002
3925000  -2211.08316241691  2206.09378635663
3926000  -2210.49543190852  2206.69076793726
3927000  -2210.87416904099  2206.79135113917
3928000  -2209.56370901414  2207.76047127225
3929000  -2210.17557820368  2207.88876951958
3930000  -2211.68656535873  2208.761314366
3931000  -2212.39037537097  2210.21262262821
3932000  -2212.18505591499  2212.86182221416
3933000  -2213.40257342746  2212.71571812354
3934000  -2213.39199786276  2212.18655101105
3935000  -2213.19479888163  2214.22532485069
3936000  -2214.6745438889  2213.92922086015
3937000  -2214.45650598318  2213.44404693624
3938000  -2216.77161819201  2213.66140335546
3939000  -2215.02804024294  2217.30518648003
3940000  -2216.41171513628  2217.41619738499
3941000  -2216.58966628264  2217.2407450285
3942000  -2217.80684008755  2215.87169605201
3943000  -2215.75256817577  2215.99080702517
3944000  -2217.78469754535  2216.35210949245
3945000  -2218.56362526473  2218.77951301455
3946000  -2218.23505224213  2220.0285633914
3947000  -2219.95428155079  2218.90163700969
3948000  -2223.22022786593  2219.58648674328
3949000  -2222.09627161188  2223.15474925464
3950000  -2223.17891941818  2223.34806527759
3951000  -2223.20360642003  2223.88390620581
3952000  -2224.52380298021  2225.1484204431
3953000  -2224.97265614116  2226.16447611754
3954000  -2223.88524310387  2227.49198204066
3955000  -2225.86174525183  2230.00757418081
3956000  -2227.09082097962  2228.83422664202
3957000  -2227.49985246307  2231.13333236206
3958000  -2230.79095511023  2228.90368722899
3959000  -2231.4009469523  2230.70526930461
3960000  -2230.92594974979  2229.5874558427
3961000  -2229.5102459253  2232.98369106643
3962000  -2232.85086335804  2233.39059154422
3963000  -2231.78385220384  2233.54800204607
3964000  -2232.57399211467  2235.06367014207
3965000  -2234.64623621828  2235.18604906843
3966000  -2234.20292007763  2235.56194115305
3967000  -2236.85243338693  2236.4907411215
3968000  -2235.64004169747  2237.19136070151
3969000  -2235.00250145973  2236.03321510027
3970000  -2236.59271254436  2236.94770054723
3971000  -2235.84810253633  2238.31188833333
3972000  -2234.36427957886  2238.7095324731
3973000  -2236.25435715321  2238.8290901321
3974000  -2235.49931550154  2241.43115405915
3975000  -2236.98910932738  2240.2021226439
3976000  -2236.31622881378  2242.24071583375
3977000  -2238.43231316124  2242.88148315209
3978000  -2239.19924139078  2242.27056100106
3979000  -2240.25233994823  2243.91294767575
3980000  -2241.09625398295  2244.66638020185
3981000  -2241.07502320049  2246.26171698689
3982000  -2241.41367800949  2247.14885110736
3983000  -2245.05333865153  2246.52224437899
3984000  -2245.62819351152  2249.10465976268
3985000  -2243.68282406681  2247.19361131033
3986000  -2243.39249600045  2249.60273887822
3987000  -2246.75449804833  2247.89991569868
3988000  -2246.59199594749  2249.13915956319
3989000  -2245.83897132455  2246.32181267603
3990000  -2247.75978347489  2249.89416758026
3991000  -2250.84884777879  2248.98912494398
3992000  -2250.24595720626  2248.98565477096
3993000  -2250.48582643189  2250.1265271758
3994000  -2254.5920894743  2250.8487164944
3995000  -2255.86817386588  2251.60618853574
3996000  -2254.52551432973  2255.79765106237
3997000  -2252.999237937  2252.8230689168
3998000  -2252.99138537993  2252.91532448903
3999000  -2254.39852543627  2255.12835635914
4000000  -2253.10743787063  2255.79695910246
4001000  -2252.77272775443  2256.69788766947
4002000  -2255.25253443882  2255.92725786633
4003000  -2252.5918535762  2256.54377266146
4004000  -2254.94696371282  2257.52047989658
4005000  -2254.83233513836  2257.85337794112
4006000  -2255.60128272494  2257.70929813159
4007000  -2256.47007701914  2256.99436939921
4008000  -2259.32130822325  2256.60907338066
4009000  -2260.92145384247  2257.76103667955
4010000  -2259.41134458118  2257.62681298005
4011000  -2259.23873850978  2259.48047719401
4012000  -2261.18993016185  2258.46195646548
4013000  -2258.83306003431  2259.19695808344
4014000  -2259.65535503894  2259.87740707803
4015000  -2262.30342848728  2259.78210288215
4016000  -2259.53504818398  2262.28022841489
4017000  -2263.42103433024  2261.8302692231
4018000  -2263.5275787104  2262.42746275005
4019000  -2262.14767962457  2263.94497443002
4020000  -2263.32725742854  2263.27944512772
4021000  -2264.67046508602  2265.20328625265
4022000  -2267.27393852999  2265.61340581483
4023000  -2264.35433843482  2266.00800666007
4024000  -2265.59959496401  2268.3622007215
4025000  -2265.51852236142  2265.00202366747
4026000  -2267.10292969126  2267.41263341302
4027000  -2267.33764994711  2269.18261136505
4028000  -2267.21901409943  2267.77195210947
4029000  -2269.01536395883  2266.54580732885
4030000  -2270.51383922947  2266.28285480405
4031000  -2270.98236339303  2265.91136393069
4032000  -2272.02832414267  2267.06050065858
4033000  -2271.45514012546  2268.40043986768
4034000  -2269.96816845783  2267.81835333957
4035000  -2272.70946300633  2269.02406893605
4036000  -2272.59676808559  2270.21075687329
4037000  -2271.3058056252  2270.23994469496
4038000  -2271.64513181485  2269.15826993144
4039000  -2274.61952540011  2271.01334544348
4040000  -2274.424940938  2270.83109485702
4041000  -2273.13372903419  2272.89326318994
4042000  -2275.98070725501  2274.82117341103
4043000  -2277.90328824836  2273.53259036207
4044000  -2278.21693486689  2275.8058152056
4045000  -2278.48250866698  2277.46932500289
4046000  -2279.40689795956  2278.3052877005
4047000  -2280.76999127351  2278.04607280632
4048000  -2279.76051060501  2279.81452148002
4049000  -2277.99971608904  2280.59930550298
4050000  -2279.58856924486  2280.28320643436
4051000  -2280.07086024333  2283.53410620697
4052000  -2278.4367904403  2282.98000031737
4053000  -2279.03666777528  2282.2752779096
4054000  -2280.46088914341  2283.1632872631
4055000  -2279.0375177104  2283.04682916349
4056000  -2281.5894159513  2283.68331151811
4057000  -2283.58921642368  2285.31602126289
4058000  -2282.73137987808  2283.90516284865
4059000  -2281.67702579471  2284.4396997953
4060000  -2281.43980498727  2286.53295601255
4061000  -2282.28153053102  2288.21452206013
4062000  -2283.84026505745  2287.81520903739
4063000  -2283.43875558795  2288.78094906213
4064000  -2283.86142660037  2288.16688761068
4065000  -2283.64926378206  2288.29826927845
4066000  -2286.04353995811  2288.85454087461
4067000  -2286.18022760642  2287.70744031595
4068000  -2288.03769762282  2290.71404973348
4069000  -2285.5520968274  2290.3388314694
4070000  -2287.82950179221  2289.48183060287
4071000  -2287.53888209642  2289.28457028121
4072000  -2288.39359577778  2287.8924875272
4073000  -2290.728266191  2290.89951112806
4074000  -2291.71560446245  2291.13098943669
4075000  -2292.6915550226  2291.00281122992
4076000  -2292.58236287103  2290.03380379969
4077000  -2294.75058379401  2291.83507134996
4078000  -2293.26505354566  2292.5022911739
4079000  -2292.11233969615  2293.54116387853
4080000  -2294.51620016053  2290.76665014605
4081000  -2295.03593872006  2292.41327630196
4082000  -2295.36057633032  2292.9182880733
4083000  -2294.08944872654  2294.32079989574
4084000  -2293.06122469279  2293.03400764788
4085000  -2295.33314143395  2296.39441790512
4086000  -2297.7732618284  2295.15964000295
4087000  -2298.24121185123  2296.44558567768
4088000  -2298.29527337788  2297.1726465305
4089000  -2299.59415066039  2298.59003131519
4090000  -2301.63490392835  2298.44292823575
4091000  -2300.77656197367  2299.36927018824
4092000  -2303.81892414121  2297.71947871271
4093000  -2306.39353251345  2296.98712580521
4094000  -2304.46170340221  2300.04386690962
4095000  -2305.87583889826  2301.14283205396
4096000  -2305.95653717828  2304.16349892453
4097000  -2310.08682009  2303.46216484489
4098000  -2310.3126306703  2304.29850768367
4099000  -2311.76290381711  2305.52539771942
4100000  -2312.12123377968  2305.69445069834
4101000  -2312.8663665374  2305.60471226437
4102000  -2314.12021732085  2307.07924675607
4103000  -2311.46315848673  2305.41307662909
4104000  -2311.79300659322  2304.6594228201
4105000  -2312.56004387504  2308.72292187061
4106000  -2315.65737727856  2309.26748310494
4107000  -2316.522668056  2309.03423907366
4108000  -2316.89574977393  2309.80274425493
4109000  -2317.61549960624  2313.13958395273
4110000  -2317.85666975148  2311.53908806721
4111000  -2318.89396119248  2311.76267210937
4112000  -2318.271808639  2313.09389179641
4113000  -2318.71567676188  2310.40054932452
4114000  -2320.70066792863  2311.82736003716
4115000  -2321.0873214494  2313.84089446313
4116000  -2322.08472194663  2313.89146839453
4117000  -2322.21363318799  2313.12824264709
4118000  -2322.68286091833  2313.42734706506
4119000  -2322.9821995649  2313.59161608184
4120000  -2321.91856088511  2314.16295034027
4121000  -2324.15434735161  2315.39600031437
4122000  -2325.28702057302  2316.3072741328
4123000  -2327.21876678138  2316.59406767634
4124000  -2327.50393001824  2317.88370252539
4125000  -2328.10405225019  2318.22131813661
4126000  -2330.62117515327  2319.95591905628
4127000  -2329.69162577821  2323.29771126612
4128000  -2331.1439687935  2322.57030337356
4129000  -2331.36715178543  2323.12774366612
4130000  -2334.81570974252  2324.73672234439
4131000  -2331.98850812944  2325.07309422659
4132000  -2331.78338811594  2325.48687616394
4133000  -2332.13718280002  2324.01682198036
4134000  -2332.57259219108  2325.56812090475
4135000  -2331.25068833052  2325.65386168452
4136000  -2334.25612034995  2328.300694377
4137000  -2333.5381171418  2327.61980463456
4138000  -2333.75563706631  2327.31380620124
4139000  -2337.42704245855  2327.85718758794
4140000  -2334.55967262753  2328.91100114045
4141000  -2335.11482326408  2329.67838243314
4142000  -2335.26179137402  2331.89044040264
4143000  -2336.06630621335  2330.53139950946
4144000  -2337.36514789848  2332.34075924551
4145000  -2339.93152075319  2334.41753679995
4146000  -2337.00146114265  2332.36646595525
4147000  -2337.24795145597  2334.32059861587
4148000  -2337.81646398178  2333.46516439217
4149000  -2337.28617181534  2333.32882351113
4150000  -2338.39612130104  2335.78486723239
4151000  -2338.18755434919  2337.39157636348
4152000  -2339.27918206896  2336.92435184658
4153000  -2340.432137146  2337.65758179226
4154000  -2339.78049685779  2339.49126560286
4155000  -2342.28831278087  2340.99417456935
4156000  -2342.32915698591  2338.75027053594
4157000  -2343.38814368042  2340.89177818685
4158000  -2342.82767049847  2341.55848626344
4159000  -2344.33785638159  2341.64096562427
4160000  -2346.41655568843  2341.99022653208
4161000  -2345.43784333513  2342.7737004172
4162000  -2345.87865412577  2342.44692021247
4163000  -2349.8264100758  2343.5931497429
4164000  -2348.3680819541  2344.8141412315
4165000  -2347.65004379161  2345.17022949517
4166000  -2348.65099373402  2343.97038896486
4167000  -2351.40588579449  2346.32524027365
4168000  -2350.79608831571  2346.88225876072
4169000  -2351.28542893225  2346.50521942725
4170000  -2353.98150360993  2349.29688472609
4171000  -2351.39138946499  2350.19754221005
4172000  -2352.75652768548  2350.61886052693
4173000  -2354.46396588712  2351.72465294913
4174000  -2355.63393383313  2349.6065071903
4175000  -2352.59524688724  2352.35181388367
4176000  -2355.59799835075  2351.59312983858
4177000  -2354.57841504983  2354.15727253864
4178000  -2355.99010654484  2353.04629559184
4179000  -2356.80602739006  2354.59846345769
4180000  -2357.37989392135  2352.47339516943
4181000  -2357.90749681288  2355.04282630231
4182000  -2358.50903161167  2356.40749919911
4183000  -2361.01847917937  2357.59618529162
4184000  -2359.9330789548  2358.76819215381
4185000  -2360.83725184276  2358.24140239557
4186000  -2361.31071547802  2359.5882341169
4187000  -2362.48341856638  2359.10157245144
4188000  -2365.11132888865  2358.84094802328
4189000  -2365.05098554094  2362.09812239701
4190000  -2363.87128313957  2362.76550601749
4191000  -2365.21241106514  2364.57316712313
4192000  -2366.95837124899  2365.01355569233
4193000  -2366.21325175119  2365.0298467942
4194000  -2367.33384962402  2365.81206546038
4195000  -2366.75414911052  2367.19041760144
4196000  -2367.34609191677  2367.56086037354
4197000  -2365.83168494854  2367.70918844352
4198000  -2367.83142463903  2369.46844049883
4199000  -2365.66721928238  2369.11464849961
4200000  -2368.48523407073  2369.83615780014
4201000  -2369.81176199924  2368.35420655015
4202000  -2369.8450094193  2368.7822177009
4203000  -2372.65504352007  2369.87411253425
4204000  -2373.16166380118  2371.87489244746
4205000  -2372.41615312748  2370.41507857511
4206000  -2374.09762252638  2372.86365983019
4207000  -2371.39783197455  2373.69584486994
4208000  -2374.10693047507  2373.58764157413
4209000  -2373.90526041419  2373.93830045716
4210000  -2373.33306240389  2373.58107707249
4211000  -2374.26766494352  2373.7221237121
4212000  -2375.40794114818  2373.47211034078
4213000  -2375.97182075286  2374.36949897702
4214000  -2373.56355245762  2376.39979214352
4215000  -2372.56780216461  2376.68406907481
4216000  -2376.21909722665  2376.96290035144
4217000  -2375.11744639083  2376.82176416186
4218000  -2375.05604450043  2377.66909763696
4219000  -2375.47755651989  2379.99514185633
4220000  -2377.90627344663  2378.76110215184
4221000  -2377.66170818621  2378.37273789119
4222000  -2376.46400941093  2379.29441960118
4223000  -2378.61074502052  2377.37525314155
4224000  -2377.87666216046  2378.95863610196
4225000  -2378.18267759163  2379.54103144827
4226000  -2379.5928103373  2380.70490382371
4227000  -2378.94513049491  2381.16016674618
4228000  -2379.11836381002  2382.52509056658
4229000  -2378.42219930665  2383.51546365088
4230000  -2379.53356038832  2384.11159053953
4231000  -2380.59462435424  2386.48893869153
4232000  -2384.48481056622  2387.042336323
4233000  -2384.26485718685  2389.84982695645
4234000  -2383.93588170947  2389.14186471205
4235000  -2387.2731608067  2390.54593487852
4236000  -2386.20322713797  2391.05838919006
4237000  -2389.00573739377  2392.33880507119
4238000  -2388.64428895144  2394.52102559751
4239000  -2388.43144437681  2392.09622144635
4240000  -2388.48067251125  2393.95148758116
4241000  -2390.25675307007  2393.62545402214
4242000  -2389.96754104847  2393.49685052197
4243000  -2392.33363209138  2393.82346242067
4244000  -2392.09311789734  2395.02030843984
4245000  -2392.7709310094  2395.3806742931
4246000  -2393.67793351827  2394.83283706147
4247000  -2396.03440820663  2397.06646458046
4248000  -2396.31500279881  2397.96397933725
4249000  -2395.25699370318  2398.60362032133
4250000  -2394.87732496003  2398.33576122977
4251000  -2395.88907130375  2398.1468853916
4252000  -2395.4791506476  2397.42474575612
4253000  -2396.94008818509  2398.18497088681
4254000  -2397.68129124762  2399.32237287786
4255000  -2398.28620876245  2400.55502502449
4256000  -2399.70893114665  2399.65036783622
4257000  -2401.82360591522  2401.01810205396
4258000  -2398.69402672972  2403.2763843838
4259000  -2402.00714763411  2404.0148565753
4260000  -2402.75731622744  2402.9666007599
4261000  -2402.97825915347  2404.96265315811
4262000  -2404.38599610298  2406.14136063934
4263000  -2404.65928570543  2406.99355172055
4264000  -2407.37354939696  2406.45890460188
4265000  -2408.62167988455  2407.07629765858
4266000  -2406.80754807314  2405.92379161064
4267000  -2408.58149045993  2407.60975625114
4268000  -2408.23942562749  2409.42432886072
4269000  -2408.27456770366  2408.31032123845
4270000  -2409.71158904356  2409.91719267208
4271000  -2412.32201574952  2411.74849966428
4272000  -2410.08500953987  2412.8151236099
4273000  -2411.15666541571  2412.10603470786
4274000  -2411.17383296492  2414.45555361473
4275000  -2413.39146143537  2413.94159250536
4276000  -2414.54247235707  2412.90708245856
4277000  -2414.5302481893  2414.38613313051
4278000  -2418.12135033386  2412.48922575318
4279000  -2415.35708390022  2414.57248901459
4280000  -2418.6143721001  2415.95368801675
4281000  -2419.61347370413  2417.32471060725
4282000  -2420.00182440886  2414.99525350757
4283000  -2419.43496520124  2416.61425849465
4284000  -2419.97367716032  2418.96647312106
4285000  -2420.87347742992  2418.26252627808
4286000  -2421.52555487137  2419.32082112814
4287000  -2420.94436791163  2421.10560041855
4288000  -2422.13216953117  2421.59419173068
4289000  -2420.06048474029  2422.549030483
4290000  -2424.76636484762  2421.54105731432
4291000  -2422.58506378359  2423.15242574859
4292000  -2424.18004473049  2426.12058243051
4293000  -2424.78645775653  2428.67369922912
4294000  -2424.9353057006  2427.33779662683
4295000  -2426.00797823535  2426.10011181275
4296000  -2425.74998574609  2427.23164725573
4297000  -2426.05861130083  2429.64849601163
4298000  -2427.7604756921  2429.05178485211
4299000  -2426.29337595943  2426.19783921267
4300000  -2429.08122691014  2430.27271939408
4301000  -2428.99835169076  2429.52510848299
4302000  -2429.14261022268  2431.01537813205
4303000  -2432.62342287064  2432.53588621087
4304000  -2433.91176245864  2433.21626450797
4305000  -2433.87762246566  2432.3554814041
4306000  -2434.84190640102  2433.06554097521
4307000  -2433.73125602274  2435.40890864673
4308000  -2433.99745921948  2434.94886956089
4309000  -2436.64075649155  2435.59491102722
4310000  -2437.01652535537  2436.64642204557
4311000  -2437.54959968637  2436.56415628102
4312000  -2437.82146344934  2439.24969558383
4313000  -2440.23909212203  2438.55715742596
4314000  -2439.10228817177  2437.32776717652
4315000  -2439.90255325105  2436.07920631296
4316000  -2439.00521667534  2438.03863442312
4317000  -2440.79502228797  2439.74613613803
4318000  -2442.41740234689  2438.08046678938
4319000  -2443.32422550498  2440.29204506935
4320000  -2442.03485777661  2441.20092847139
4321000  -2441.5077334526  2440.93857920822
4322000  -2444.00232492168  2442.95730991087
4323000  -2442.71582345031  2444.03721875089
4324000  -2442.46285801284  2444.34023029667
4325000  -2445.35443270728  2445.01200598019
4326000  -2443.31362914511  2444.06910127014
4327000  -2445.16244783254  2445.07897774645
4328000  -2444.46019171766  2446.24862005817
4329000  -2447.41653792612  2444.81290955287
4330000  -2446.38867075072  2446.80372672165
4331000  -2446.92934301705  2448.6714959711
4332000  -2445.00345760676  2449.04435034726
4333000  -2449.3365543803  2448.85432239193
4334000  -2450.87466480263  2448.1382322
4335000  -2450.28205997011  2447.867779491
4336000  -2449.27691156992  2448.15142330676
4337000  -2451.65295363615  2447.57008835672
4338000  -2451.40121958321  2450.26382852554
4339000  -2450.0440262421  2451.45245772062
4340000  -2451.31135047628  2450.80799573172
4341000  -2451.01163892549  2450.61954095694
4342000  -2452.79494881255  2451.71649700895
4343000  -2452.60820700952  2450.11295754442
4344000  -2451.53375179613  2448.85053995451
4345000  -2453.23665026624  2451.17588590199
4346000  -2453.05667503923  2452.70745104557
4347000  -2451.86188542299  2451.08987053252
4348000  -2452.5425654592  2451.63724086035
4349000  -2454.22121355653  2453.29976904015
4350000  -2453.50954348333  2451.81319515692
4351000  -2454.10973326314  2453.63419327499
4352000  -2456.62798252107  2453.25360634622
4353000  -2456.44929020365  2454.67148950412
4354000  -2456.00660864951  2456.08695854606
4355000  -2456.20195145469  2455.84182060982
4356000  -2457.99389906371  2455.59722368853
4357000  -2459.23322223442  2457.18057111185
4358000  -2460.79296792086  2457.22249580525
4359000  -2461.39369416104  2458.55528318141
4360000  -2461.96181879557  2457.64610233486
4361000  -2461.27814210898  2457.65478296569
4362000  -2464.59516205451  2457.21986370203
4363000  -2461.98328243241  2457.18680129888
4364000  -2464.30706117254  2456.67317041134
4365000  -2463.26400492055  2459.93752950406
4366000  -2463.8446092425  2460.31596234124
4367000  -2464.10154409684  2460.33184457102
4368000  -2463.12966347332  2462.18768268533
4369000  -2465.1940435294  2462.45891183316
4370000  -2465.45326153037  2463.77156580993
4371000  -2465.16382898405  2463.4955095365
4372000  -2462.89545786481  2464.46039611706
4373000  -2464.93422445914  2465.95675608433
4374000  -2466.84964086801  2465.26251366065
4375000  -2467.71773381635  2465.54515100384
4376000  -2466.86791830884  2465.9369739325
4377000  -2468.66587735108  2467.48838263623
4378000  -2467.36082624404  2469.39731257183
4379000  -2470.52582684511  2468.26060683046
4380000  -2470.28128166696  2469.8891592868
4381000  -2471.6452356442  2470.21061465346
4382000  -2473.29610444463  2471.35834314099
4383000  -2474.54731908892  2472.09147414319
4384000  -2475.46320125876  2472.85959647585
4385000  -2476.96654319552  2474.91948357278
4386000  -2476.30649968093  2472.03633465092
4387000  -2476.64664402143  2475.14595226492
4388000  -2476.68288447452  2473.43788758898
4389000  -2479.67548386083  2476.20602449614
4390000  -2476.17510907382  2476.16052564081
4391000  -2479.68672223416  2476.82441578692
4392000  -2481.25518933639  2476.40297063933
4393000  -2479.38424808958  2478.39309637214
4394000  -2477.46080600549  2479.4104364467
4395000  -2479.60406257916  2478.03618312277
4396000  -2483.11292528048  2477.68555852727
4397000  -2482.55513083729  2479.99434892913
4398000  -2485.20081240523  2478.83682073195
4399000  -2485.43417795418  2479.69326127664
4400000  -2485.34090288367  2478.26003486248
4401000  -2483.72578707527  2480.88989056437
4402000  -2482.49075917295  2482.39668198686
4403000  -2483.31028882777  2479.65373999874
4404000  -2485.78551622562  2482.85071419903
4405000  -2485.63200570615  2483.96254992288
4406000  -2484.9876932327  2483.86871153905
4407000  -2485.88186269741  2484.2253390169
4408000  -2484.60349929766  2484.08080554723
4409000  -2483.87613823682  2485.04423947092
4410000  -2485.30222815805  2486.46185719717
4411000  -2483.80813702989  2485.52773108198
4412000  -2486.06884860975  2485.58624479582
4413000  -2487.14304693923  2486.33697387978
4414000  -2486.50021440582  2485.21353680992
4415000  -2486.92621067001  2485.23053474078
4416000  -2487.15869634678  2486.72211697275
4417000  -2487.31505468147  2486.20847046824
4418000  -2486.5251019153  2486.24172151698
4419000  -2486.75312845567  2486.43363570453
4420000  -2486.95526012885  2484.41240233456
4421000  -2488.09765651433  2486.21544871527
4422000  -2490.46549893859  2486.52052652628
4423000  -2490.33323079552  2487.19670405951
4424000  -2492.51468538862  2487.91496589251
4425000  -2491.68593071775  2488.08691007022
4426000  -2492.43624941865  2488.93400392539
4427000  -2490.56975137988  2489.78878443388
4428000  -2493.61702507076  2488.63098795041
4429000  -2493.52457093  2491.50348848131
4430000  -2496.35052934249  2490.75531901636
4431000  -2494.17389981155  2491.42645893127
4432000  -2496.86991495744  2493.62608814167
4433000  -2496.22271256791  2495.12141605025
4434000  -2496.5777568681  2494.03470075748
4435000  -2497.99300030431  2493.56395795678
4436000  -2498.07586007461  2494.84771020831
4437000  -2495.80421133644  2498.77327132225
4438000  -2497.4160134579  2497.09270325025
4439000  -2497.74622466441  2500.7683730343
4440000  -2497.94821324154  2499.91399497376
4441000  -2499.25417113595  2500.23246715243
4442000  -2499.31143349738  2502.25890132353
4443000  -2499.94968324174  2504.32201654503
4444000  -2500.98851865164  2505.23415677599
4445000  -2501.62149737926  2505.10684645661
4446000  -2499.74626275494  2503.76282063025
4447000  -2500.74106462531  2505.05548035722
4448000  -2500.99500624171  2508.23257517025
4449000  -2502.35385558003  2508.07375903406
4450000  -2503.90730548418  2506.47012951723
4451000  -2501.74735972312  2507.14097524718
4452000  -2501.39634577222  2509.62125758164
4453000  -2502.21220848394  2511.13132340507
4454000  -2502.66560989029  2512.74413478149
4455000  -2503.33299801339  2513.15947101057
4456000  -2505.65991152478  2512.81417070774
4457000  -2505.1674728586  2512.52571844268
4458000  -2507.1804257123  2514.6715811363
4459000  -2508.73762063784  2514.4381583985
4460000  -2507.29158712932  2515.58992509486
4461000  -2508.18236640826  2514.96990237334
4462000  -2505.56059448482  2515.59540725372
4463000  -2506.68390869804  2514.42521563478
4464000  -2507.56856933631  2514.41512677004
4465000  -2508.90718755303  2516.21436511144
4466000  -2512.18784125141  2518.05547199024
4467000  -2510.37611924198  2517.3240886348
4468000  -2511.73715482403  2517.32763711473
4469000  -2512.02187263149  2517.81865429692
4470000  -2510.62334204529  2517.79842244824
4471000  -2510.74464311812  2520.53784969152
4472000  -2511.18210021231  2519.84236729915
4473000  -2512.90098204162  2518.4362391132
4474000  -2513.90197801856  2520.00453637504
4475000  -2518.14274204405  2521.24209178926
4476000  -2518.05259746938  2518.51266049537
4477000  -2518.28033789456  2520.77179999716
4478000  -2517.90047428279  2520.77185758445
4479000  -2519.12355695421  2520.4482944916
4480000  -2520.25138896032  2521.23647548958
4481000  -2521.86034493711  2521.72004190218
4482000  -2523.51914102594  2522.81882081935
4483000  -2522.96263668325  2522.9104357043
4484000  -2522.48488022905  2524.26791761126
4485000  -2523.44895263893  2522.90316579043
4486000  -2524.06369231384  2524.66196066707
4487000  -2525.27512373464  2523.29701050852
4488000  -2524.5941708435  2525.31999514284
4489000  -2526.50024374928  2525.94353947274
4490000  -2526.68139329314  2526.3758143372
4491000  -2527.06787840658  2526.58397890982
4492000  -2527.37891540322  2526.74756723234
4493000  -2530.65832132778  2527.95966820639
4494000  -2529.48965126577  2526.39226898588
4495000  -2529.17660233667  2528.74896088613
4496000  -2529.99048181406  2528.86363219688
4497000  -2530.38409548059  2530.33281946043
4498000  -2532.42786165638  2532.04632033697
4499000  -2531.86663367764  2533.88128420732
4500000  -2533.41197034619  2532.09127718388
4501000  -2533.99525671115  2531.25376893588
4502000  -2533.49332973968  2531.10487778463
4503000  -2535.1367547752  2531.67187549459
4504000  -2537.10198195416  2530.86629648728
4505000  -2537.16303590211  2533.97265343476
4506000  -2538.75668006751  2532.03273001684
4507000  -2537.5759200615  2534.01649905109
4508000  -2537.88665689372  2533.1377756131
4509000  -2541.55910551162  2535.14644321763
4510000  -2541.07668555052  2536.03017235325
4511000  -2539.87933104003  2536.81875375439
4512000  -2542.19216283417  2538.74644101559
4513000  -2544.09434669899  2539.70453805534
4514000  -2544.74742294933  2538.95904616588
4515000  -2543.11863541813  2540.9573373809
4516000  -2543.71141717123  2541.97872753265
4517000  -2543.66020754309  2542.33352601805
4518000  -2544.70655768047  2541.18302442949
4519000  -2545.47482430561  2542.59002926185
4520000  -2546.94768870103  2543.94923657249
4521000  -2544.60468809707  2545.73695077739
4522000  -2544.91668730809  2543.95039249437
4523000  -2546.12626306561  2549.13378537752
4524000  -2543.55827865233  2546.97004054465
4525000  -2546.15792437926  2546.06599157882
4526000  -2546.58711926321  2547.2749613828
4527000  -2543.98808027685  2548.45737077633
4528000  -2545.87616945389  2547.97702184003
4529000  -2546.20622704311  2549.90530193341
4530000  -2547.82496221043  2548.06289295844
4531000  -2548.45121611685  2550.83103357934
4532000  -2549.46122346867  2549.06328692586
4533000  -2550.08336444671  2549.95042945685
4534000  -2551.27608129101  2548.45692092338
4535000  -2552.0218786343  2545.99132971993
4536000  -2553.47476917037  2546.95514671807
4537000  -2555.42998588756  2548.97977833456
4538000  -2554.4136968435  2547.94233171397
4539000  -2557.13488322187  2547.12522379402
4540000  -2556.68386151576  2549.71606750754
4541000  -2557.35850308327  2548.27328535903
4542000  -2558.17976004735  2549.60061862364
4543000  -2557.5623071591  2551.76395833371
4544000  -2558.36345123876  2550.42353282887
4545000  -2557.81150045244  2550.90724933393
4546000  -2559.58848888519  2550.7242164472
4547000  -2562.18073993464  2553.43493755852
4548000  -2560.97537353399  2551.95662023955
4549000  -2563.26397311026  2552.98345967636
4550000  -2563.82791293162  2556.82182389196
4551000  -2562.8031334215  2557.39687053159
4552000  -2563.50090725994  2557.72943338288
4553000  -2563.37583424567  2558.90987410984
4554000  -2565.41568246783  2560.15443333979
4555000  -2565.4931109048  2558.09154476466
4556000  -2566.68254689434  2560.49477188382
4557000  -2566.05523479978  2561.12128611469
4558000  -2566.48691469082  2561.78503727164
4559000  -2569.91094595321  2563.46436581752
4560000  -2571.15876936382  2559.47509081053
4561000  -2574.72545998834  2560.77006352672
4562000  -2573.68123398383  2562.39869742894
4563000  -2574.98481239674  2563.04705943706
4564000  -2572.78374468349  2562.4458795943
4565000  -2572.73582863279  2563.99691433885
4566000  -2572.19223884615  2565.12812330067
4567000  -2573.1058497538  2566.53198917153
4568000  -2574.23283923732  2565.95379248508
4569000  -2573.0494110832  2565.40080114704
4570000  -2571.86870958905  2564.25960688425
4571000  -2575.01381981803  2564.97077300585
4572000  -2575.31435446894  2566.89689711449
4573000  -2577.99979445623  2565.79877163511
4574000  -2575.52351085505  2568.62160153822
4575000  -2577.62790919387  2568.96318846157
4576000  -2578.77735990697  2570.24035063286
4577000  -2578.42542238856  2571.42463978732
4578000  -2579.93512738033  2572.85024908045
4579000  -2580.74416245518  2573.33413878192
4580000  -2580.39466996999  2575.3239860974
4581000  -2581.8170043232  2573.91920827302
4582000  -2579.33368050302  2576.49042075937
4583000  -2579.87355885495  2576.17978864265
4584000  -2579.88471988602  2576.06428943431
4585000  -2581.66451916735  2577.34998016042
4586000  -2580.48959746181  2579.13990234088
4587000  -2581.53698744525  2578.06998176266
4588000  -2582.19374850207  2578.82032052362
4589000  -2582.24401551828  2579.05521193734
4590000  -2582.24790622023  2579.43394689761
4591000  -2582.51593926956  2578.87901460113
4592000  -2582.4888261628  2579.43659273822
4593000  -2582.42433243493  2581.16749903007
4594000  -2582.09606190755  2581.51173629148
4595000  -2581.25739505487  2582.62804728095
4596000  -2581.7646928063  2585.26575361162
4597000  -2582.1656184439  2581.76488266933
4598000  -2586.66121922572  2583.46158915169
4599000  -2588.67628731437  2582.4584918771
4600000  -2585.99612601334  2582.48313952473
4601000  -2588.56373341871  2581.73813117889
4602000  -2589.86636273604  2582.05596879071
4603000  -2590.02313460349  2579.59706692516
4604000  -2589.9251429331  2582.64505077168
4605000  -2591.86849167219  2582.46709630839
4606000  -2590.21011886746  2582.37668894924
4607000  -2591.2779069689  2582.81484414839
4608000  -2592.52186566571  2583.76988328301
4609000  -2593.67130021791  2584.24393184052
4610000  -2594.9692135288  2586.17251475321
4611000  -2593.49475574175  2589.31177913224
4612000  -2590.99963597958  2589.07166262482
4613000  -2593.77724409438  2590.15945400841
4614000  -2594.7230167725  2590.09333439695
4615000  -2593.6686042145  2592.26606869774
4616000  -2596.95200352078  2590.91245135626
4617000  -2597.55344741354  2591.51797936522
4618000  -2598.07195157415  2594.40933189395
4619000  -2597.4269768696  2595.38228403202
4620000  -2595.72666010676  2594.6121698444
4621000  -2598.05724586134  2596.56954333977
4622000  -2598.40437027902  2596.58413905992
4623000  -2599.27719311661  2596.1112315928
4624000  -2598.60654757945  2596.09837506385
4625000  -2599.73603687087  2597.5196955226
4626000  -2601.09342590087  2601.87086393566
4627000  -2601.25481027885  2600.74669073323
4628000  -2601.32375766898  2601.18752282588
4629000  -2601.6715426281  2602.00351306733
4630000  -2601.40391263849  2602.49287989767
4631000  -2603.72495044808  2604.48622229005
4632000  -2604.04192064587  2605.27400155916
4633000  -2605.72718136304  2602.31823499655
4634000  -2606.52970362718  2602.86727036566
4635000  -2607.45537371046  2604.10929071074
4636000  -2605.72278335133  2605.68312013615
4637000  -2606.28492515187  2605.09973072232
4638000  -2607.13744439326  2603.81144712531
4639000  -2608.15288589819  2605.89985110292
4640000  -2606.47638799773  2604.53821240748
4641000  -2607.1335341049  2607.46456056679
4642000  -2608.2731809144  2607.12351024425
4643000  -2609.4686164264  2609.05571661221
4644000  -2610.59959225764  2609.8154057447
4645000  -2609.06497988759  2611.7769808841
4646000  -2611.16166785701  2610.66330928491
4647000  -2611.29118050006  2610.99102931191
4648000  -2609.98282585713  2610.61461291814
4649000  -2610.7149968302  2610.44795319968
4650000  -2611.12622496578  2611.58261138173
4651000  -2610.97047304104  2611.88273769783
4652000  -2611.66742086342  2612.39679020683
4653000  -2609.43932105226  2612.33937871892
4654000  -2608.45460220984  2614.98143088005
4655000  -2612.13936852229  2613.53613299309
4656000  -2612.88729434366  2611.68467997701
4657000  -2613.65093360004  2612.87164321564
4658000  -2613.35344431733  2615.96951482261
4659000  -2615.55180119047  2616.52827953867
4660000  -2616.20892625213  2617.3106488921
4661000  -2615.04752448554  2617.11505534084
4662000  -2615.38479698252  2618.69472270741
4663000  -2616.91406235785  2617.90305734405
4664000  -2615.21479846805  2620.574633511
4665000  -2616.62563418091  2620.56025977027
4666000  -2616.51933759313  2620.19165824785
4667000  -2617.38881432986  2620.54372927348
4668000  -2617.43554590019  2619.7926574277
4669000  -2616.31485561633  2619.92201562774
4670000  -2616.71080902461  2620.05172175756
4671000  -2618.17312496836  2621.55998510358
4672000  -2619.20996394701  2620.7532974266
4673000  -2620.54748602467  2623.6757759103
4674000  -2618.66577805446  2624.58444967117
4675000  -2620.1638479926  2623.50300123903
4676000  -2622.09503700636  2624.14914027788
4677000  -2621.26491921663  2624.78412770559
4678000  -2622.14815085715  2623.95784989212
4679000  -2619.86415889875  2623.76859786454
4680000  -2620.12684364785  2625.45323110114
4681000  -2622.93219674706  2625.57499704322
4682000  -2623.87037315168  2626.21369967339
4683000  -2624.47378396568  2624.70371733912
4684000  -2624.68792935042  2626.40424563868
4685000  -2624.36108047363  2625.82223943735
4686000  -2626.0256677383  2625.86936076758
4687000  -2624.58980447474  2627.16804209983
4688000  -2625.11695223219  2625.45753828888
4689000  -2626.78775202351  2628.00829691017
4690000  -2625.85258809992  2626.13575125769
4691000  -2627.90452744385  2627.71189823984
4692000  -2627.85402198381  2628.2384159136
4693000  -2628.20376827039  2627.27595354192
4694000  -2627.35623812426  2629.23607625725
4695000  -2630.21049852771  2628.39925686541
4696000  -2631.44999218789  2629.74175397413
4697000  -2631.84035818718  2630.69367615681
4698000  -2632.57732725211  2630.92992513802
4699000  -2635.00812835757  2629.95317099642
4700000  -2634.2366106432  2632.19817334847
4701000  -2634.69355934981  2630.88994313821
4702000  -2634.52016758634  2632.75063546482
4703000  -2639.56326587906  2631.46745194335
4704000  -2638.20130338041  2632.87523539484
4705000  -2639.44475219003  2634.71600144269
4706000  -2638.96983814938  2636.55413824288
4707000  -2639.22982389427  2638.54439991292
4708000  -2638.94380175321  2635.10602075266
4709000  -2638.61276688594  2638.79311057126
4710000  -2638.33122312271  2640.55113480346
4711000  -2635.29249301672  2638.09506098161
4712000  -2636.54566275529  2638.2648922559
4713000  -2637.16929940883  2640.74741940539
4714000  -2639.61841201666  2640.71987458761
4715000  -2638.83807578132  2639.81466950788
4716000  -2638.68995966302  2642.19709665885
4717000  -2642.01866955741  2641.56200732384
4718000  -2643.55757386385  2644.39171239143
4719000  -2640.73288468046  2645.78248643046
4720000  -2642.85164976877  2644.5963096814
4721000  -2641.82007050044  2644.87906194142
4722000  -2644.05094386842  2645.55011818712
4723000  -2645.88765955333  2646.34391898311
4724000  -2646.34232932848  2647.2315600467
4725000  -2648.04030358584  2647.46326244481
4726000  -2649.47381275435  2649.16081484261
4727000  -2648.55886589842  2647.65606448033
4728000  -2652.60828030613  2649.75025215826
4729000  -2651.52845961683  2649.63923357431
4730000  -2654.49865623352  2650.77643447955
4731000  -2654.83799517529  2650.5642118062
4732000  -2654.34697213267  2650.59289786333
4733000  -2654.24937596167  2654.44679802334
4734000  -2656.14754980618  2654.18371310064
4735000  -2656.84598785641  2652.23350451808
4736000  -2657.37473868231  2653.77937120092
4737000  -2657.73302108736  2654.05581994749
4738000  -2656.9763204361  2654.25071382158
4739000  -2657.7736466186  2656.03295943295
4740000  -2660.64666458237  2656.4438815002
4741000  -2660.5719619918  2659.09860315087
4742000  -2662.04270616328  2658.10795113955
4743000  -2664.32989215428  2661.0741641769
4744000  -2662.71695530867  2659.23338249517
4745000  -2662.16569609722  2661.05750952813
4746000  -2660.65461227534  2660.6385127038
4747000  -2661.27166676805  2662.4419471845
4748000  -2661.51743912112  2661.93968411077
4749000  -2665.20665557211  2663.70390231712
4750000  -2662.34817166735  2663.90869078207
4751000  -2662.88830418444  2665.23102185173
4752000  -2663.07746351224  2664.51538532008
4753000  -2663.37091690657  2664.71673698756
4754000  -2665.47757443894  2667.91271757268
4755000  -2665.77164727495  2669.29320635674
4756000  -2666.73461752937  2668.90971934551
4757000  -2665.38011301185  2669.13937420789
4758000  -2667.53591323609  2671.23546963104
4759000  -2666.75393602509  2671.26129706926
4760000  -2667.45908891333  2671.55500988628
4761000  -2665.39200953055  2672.97317648746
4762000  -2665.78009244487  2673.29310489555
4763000  -2667.93830948803  2674.62215730347
4764000  -2669.79511107419  2673.87574378224
4765000  -2671.31013208178  2673.41477833895
4766000  -2672.0188019208  2672.90024760355
4767000  -2671.46486426265  2676.64500274274
4768000  -2673.13189190555  2675.60437785286
4769000  -2674.38801971147  2676.28989897088
4770000  -2676.09691667234  2676.78021949904
4771000  -2676.27584821236  2677.04337139475
4772000  -2677.19460837861  2675.73129593303
4773000  -2678.23092603154  2677.50594154128
4774000  -2680.7525496091  2676.25754929394
4775000  -2681.31139197198  2678.68210773985
4776000  -2680.04733050631  2677.1872459705
4777000  -2684.42832800918  2679.20739171194
4778000  -2683.98987132771  2679.33903121689
4779000  -2682.78697733197  2680.96413132175
4780000  -2682.20400289167  2680.6934790756
4781000  -2683.95724449878  2678.8897159189
4782000  -2684.23570715769  2679.8894644874
4783000  -2685.00239109238  2681.48835157021
4784000  -2684.17793650285  2682.81578498861
4785000  -2686.34641260271  2681.72208809685
4786000  -2685.57274098706  2682.6708135031
4787000  -2685.62152476684  2681.69506333628
4788000  -2685.80452995366  2683.30631858611
4789000  -2685.85287246173  2681.55566348255
4790000  -2687.57545218237  2682.78433276853
4791000  -2686.89945037973  2685.15540763557
4792000  -2687.39205380852  2686.46161003882
4793000  -2690.83752248051  2685.69609212873
4794000  -2692.36937088109  2687.27954442958
4795000  -2691.10382292502  2688.70155023246
4796000  -2690.34316359998  2687.93079596049
4797000  -2690.05089428053  2687.8991367453
4798000  -2690.31350268217  2688.62973866
4799000  -2691.21087670012  2690.26342782365
4800000  -2689.08099249353  2691.08509680333
4801000  -2688.29321361459  2693.48720985822
4802000  -2689.39114003862  2692.02829936442
4803000  -2689.05044168449  2691.92321282368
4804000  -2687.608148188  2692.74482143384
4805000  -2690.7377093805  2691.6062402153
4806000  -2691.25361424244  2691.28891606557
4807000  -2692.60545640375  2693.25147127236
4808000  -2692.02166449598  2693.50181771033
4809000  -2694.33559967854  2695.81795610385
4810000  -2693.69691591999  2693.94850702612
4811000  -2699.3893567236  2696.54179435872
4812000  -2695.0999486276  2695.24727336201
4813000  -2699.42900858457  2696.80068850219
4814000  -2698.12533676416  2697.33694501182
4815000  -2698.14251026647  2699.00699782553
4816000  -2701.76658236197  2700.79909384618
4817000  -2702.19630328047  2699.81703048486
4818000  -2702.10467555676  2699.23465494956
4819000  -2702.01072861438  2700.10096399351
4820000  -2702.57800487587  2699.38661913472
4821000  -2702.31572974083  2701.63117361224
4822000  -2701.24401795831  2701.22726942697
4823000  -2703.18209009913  2701.87166820479
4824000  -2703.50547278945  2702.3967963671
4825000  -2703.75626978113  2705.41953782691
4826000  -2706.37833497888  2705.10412042913
4827000  -2706.02441651258  2706.30340192724
4828000  -2704.44265140387  2706.67267880885
4829000  -2707.58770760191  2708.09794589554
4830000  -2705.58695350843  2709.54693468867
4831000  -2706.85046494568  2709.89789275773
4832000  -2709.58539503205  2708.6681465493
4833000  -2711.11585896728  2709.99731815986
4834000  -2713.33469383912  2710.22405979654
4835000  -2714.98447484164  2711.73213141181
4836000  -2713.34175359221  2712.53320676861
4837000  -2713.6326441863  2712.92887662044
4838000  -2717.08242590254  2713.46021636841
4839000  -2716.43047006539  2713.77468028449
4840000  -2719.58755088846  2715.36431331339
4841000  -2718.42443855593  2715.74439739336
4842000  -2720.62180447218  2714.61467077662
4843000  -2721.46250562067  2718.56984636187
4844000  -2720.56813618581  2716.44785768196
4845000  -2719.98451175659  2717.57371585127
4846000  -2721.74358742823  2716.47710302627
4847000  -2723.29502234923  2718.26390796824
4848000  -2721.3822100831  2719.96006467894
4849000  -2721.76929853853  2717.98788258109
4850000  -2720.90126206759  2719.98982313465
4851000  -2721.47985815109  2719.69818974262
4852000  -2723.02509332765  2720.40908553154
4853000  -2722.23286062403  2719.53863699935
4854000  -2724.9659913084  2721.74636711588
4855000  -2724.96867990166  2723.25918478131
4856000  -2725.19898828695  2726.2287344046
4857000  -2725.9981911844  2726.35870315217
4858000  -2727.85878932047  2726.69700436121
4859000  -2726.73359974115  2728.72113701661
4860000  -2724.46028820325  2728.89769693774
4861000  -2725.04476835959  2727.45238220748
4862000  -2726.59794903648  2727.38637681211
4863000  -2726.41136998989  2726.77154350599
4864000  -2725.21334595535  2727.25636953999
4865000  -2727.27291847004  2728.47316244983
4866000  -2726.35094377008  2729.73041437037
4867000  -2729.68160987832  2729.43900545514
4868000  -2729.06717639709  2730.52989591152
4869000  -2730.03636178379  2727.40515800444
4870000  -2731.52436557138  2728.87906441045
4871000  -2732.1448485367  2729.48267292133
4872000  -2729.82755916636  2728.4088083615
4873000  -2730.01152961812  2729.77768329576
4874000  -2731.63377813333  2729.16257778028
4875000  -2732.3561357975  2726.6965680911
4876000  -2732.81657982043  2728.50321107379
4877000  -2734.14277256128  2731.26096186084
4878000  -2734.90048343659  2728.14193356646
4879000  -2733.9570665435  2731.59777461663
4880000  -2734.3491959672  2730.04473378248
4881000  -2735.86830981139  2732.96060577939
4882000  -2735.14187436269  2733.73655708967
4883000  -2735.10155231344  2731.47346883326
4884000  -2735.82473909714  2732.11870534402
4885000  -2736.76335519976  2731.50502765066
4886000  -2737.2330817801  2731.55881617335
4887000  -2738.65618142626  2731.12888623718
4888000  -2738.54434787518  2731.03605944395
4889000  -2740.26448936934  2733.2581028351
4890000  -2740.42008600771  2732.0338647768
4891000  -2740.97721167156  2731.76285147895
4892000  -2744.23931272987  2730.99998672056
4893000  -2744.02755143369  2733.16202712896
4894000  -2742.32319991829  2731.92091060575
4895000  -2742.70734311414  2734.59357496108
4896000  -2743.22507754998  2734.31445981668
4897000  -2742.67985857127  2735.57508475072
4898000  -2749.07292120406  2736.28367165499
4899000  -2747.07374738529  2735.64399408768
4900000  -2748.0893219373  2735.21389560408
4901000  -2748.77370253618  2738.53198138552
4902000  -2748.80144564994  2736.99752380072
4903000  -2749.64758975378  2737.79308859804
4904000  -2750.0585267925  2739.28430276382
4905000  -2750.99533299844  2741.43812237626
4906000  -2750.17918481553  2739.92685560468
4907000  -2751.11952283146  2741.65031631798
4908000  -2751.24147432201  2741.76728419607
4909000  -2749.71484019414  2742.7034819757
4910000  -2752.26370437583  2743.7313337374
4911000  -2751.32029609978  2742.8142590888
4912000  -2752.03899946578  2743.24296129614
4913000  -2753.80155180369  2743.78046617415
4914000  -2755.67545940774  2744.92255707946
4915000  -2754.07658306151  2747.36861843427
4916000  -2753.12553519677  2748.15292249545
4917000  -2753.95395601642  2749.2698672756
4918000  -2755.32486012445  2748.31739295808
4919000  -2755.11965363034  2751.7178093182
4920000  -2754.67535342854  2751.0211801407
4921000  -2754.95488453745  2751.73116201242
4922000  -2754.11936642787  2750.43958936131
4923000  -2756.85821467923  2754.3326806215
4924000  -2757.59789108858  2754.5154053031
4925000  -2757.59768987048  2752.84931512133
4926000  -2755.56035465571  2753.94836631372
4927000  -2759.36729657481  2753.54246597276
4928000  -2756.64734269479  2753.98855811249
4929000  -2758.20326491805  2755.70850393626
4930000  -2759.85625497413  2756.18498593017
4931000  -2759.25714525592  2755.3576718959
4932000  -2758.62909750452  2754.11053323712
4933000  -2760.04375075985  2753.90599034437
4934000  -2759.47866405911  2755.8833738355
4935000  -2758.4074806668  2758.64021841579
4936000  -2760.36684446534  2757.52615427827
4937000  -2759.68732227441  2758.15128709014
4938000  -2762.55129409655  2760.43334995295
4939000  -2762.68633770001  2759.3906507873
4940000  -2764.30461992153  2762.18786930926
4941000  -2763.97559578356  2761.15958343236
4942000  -2763.58033738609  2763.39647650514
4943000  -2765.95634222075  2762.60380501906
4944000  -2766.32506029751  2764.51138065476
4945000  -2767.84649023612  2762.60733769709
4946000  -2768.32716319989  2763.48756519519
4947000  -2771.01167783979  2764.13813053569
4948000  -2769.77696311267  2765.99590413422
4949000  -2770.71434658243  2768.20376944316
4950000  -2771.17818813863  2767.44288415756
4951000  -2773.49455711586  2766.43709351433
4952000  -2772.14764489829  2768.55557091973
4953000  -2772.52256401317  2768.6620430395
4954000  -2774.05604344041  2770.1655036327
4955000  -2773.90666361836  2771.34761392841
4956000  -2774.16322498235  2771.55866249373
4957000  -2776.32772790779  2773.26148682666
4958000  -2775.51680683353  2774.43075614789
4959000  -2777.80778045283  2777.45327958088
4960000  -2776.40050658814  2778.61222732496
4961000  -2778.38247017358  2777.16277925627
4962000  -2778.67957120349  2778.72399424186
4963000  -2778.86575191667  2781.54061085315
4964000  -2780.28514587278  2779.82194015343
4965000  -2781.36359341233  2780.8171989756
4966000  -2783.54645261072  2782.00368413355
4967000  -2785.49376779699  2782.10456964296
4968000  -2782.11260031881  2784.66908393728
4969000  -2785.10828210467  2784.47576700724
4970000  -2785.40676326244  2787.37335235505
4971000  -2783.93000052756  2788.31224028227
4972000  -2785.30274346401  2788.46963194351
4973000  -2789.87663420919  2788.9181194453
4974000  -2790.21965866065  2789.05634772052
4975000  -2788.77016985265  2790.20700827947
4976000  -2789.59924677985  2790.79500081362
4977000  -2791.78013362589  2792.34015422212
4978000  -2791.50342449885  2792.83775857258
4979000  -2791.39044470874  2793.21395212039
4980000  -2796.01916792091  2793.42377099016
4981000  -2794.64410872848  2793.39204197845
4982000  -2796.21531090363  2792.42749758844
4983000  -2796.45506082691  2793.63981921548
4984000  -2797.14279902211  2796.24763871376
4985000  -2795.74127881532  2796.25948002038
4986000  -2797.28285192505  2795.90065035131
4987000  -2799.16640793287  2796.51367176115
4988000  -2800.00710248955  2797.74855596008
4989000  -2799.87976173594  2798.87267800949
4990000  -2798.77544117511  2800.37808314657
4991000  -2801.33075212364  2799.89226963971
4992000  -2801.6686982279  2798.76952386589
4993000  -2802.26809696178  2800.64342526282
4994000  -2805.05654181671  2800.77405711828
4995000  -2804.69553491801  2803.17039130826
4996000  -2805.25646220918  2802.81561066208
4997000  -2804.45611365261  2802.4052790966
4998000  -2803.93524711873  2803.92684836958
4999000  -2806.6715251683  2802.90099804402
5000000  -2808.22047877818  2802.72913327155
5001000  -2807.60829397225  2803.52433904222
5002000  -2809.85547385145  2805.06049326904
5003000  -2811.56508662821  2805.06360591839
5004000  -2809.71401666325  2806.43555883433
5005000  -2810.94776620519  2805.8189515406
5006000  -2810.71238449089  2809.45769116015
5007000  -2810.91051106301  2809.22544722676
5008000  -2812.84156871242  2809.62399869095
5009000  -2813.6608948104  2808.20961358641
5010000  -2813.89979001936  2811.58979607381
5011000  -2813.66626230998  2809.50746059479
5012000  -2814.48886691676  2812.1056851173
5013000  -2814.76346545315  2814.96351454106
5014000  -2814.29652648002  2813.02244246232
5015000  -2816.1511315995  2812.46096981396
5016000  -2817.40543672685  2815.58984343936
5017000  -2817.3321303027  2814.14135926048
5018000  -2818.6783625717  2814.77320411551
5019000  -2820.0303023866  2815.20030901678
5020000  -2819.16750569159  2816.59486894532
5021000  -2819.31723373578  2816.38695255381
5022000  -2821.10674739574  2818.61854425205
5023000  -2820.24029093672  2819.05100374749
5024000  -2821.12061031955  2818.65479628064
5025000  -2820.87376322268  2817.09331864628
5026000  -2820.82055721688  2819.98083158927
5027000  -2821.40837875496  2819.56118425299
5028000  -2820.42123661251  2817.49871807679
5029000  -2823.07887832437  2817.97439350269
5030000  -2821.64352629813  2819.94520534943
5031000  -2821.53036713416  2819.48939304937
5032000  -2823.19811363552  2822.00073793137
5033000  -2825.04842519215  2820.73993457692
5034000  -2824.32382761806  2820.99913670997
5035000  -2822.74976427719  2820.06568267643
5036000  -2823.6217837598  2822.3519355599
5037000  -2826.84199245917  2822.51909587017
5038000  -2828.44640225769  2821.8975296721
5039000  -2829.26574719736  2824.4317981872
5040000  -2829.65845934123  2823.30247923903
5041000  -2830.83233119576  2824.17564468214
5042000  -2830.85102715524  2825.04561490464
5043000  -2830.59106213333  2825.9987273632
5044000  -2827.8331438461  2827.85011764059
5045000  -2830.54262168535  2826.82134396058
5046000  -2829.28470131524  2828.25186128656
5047000  -2828.84741491489  2829.83807779648
5048000  -2830.62675659525  2828.12610615389
5049000  -2830.7946801097  2829.62252579163
5050000  -2832.97488982192  2829.65808455779
5051000  -2833.31280029804  2829.48033398495
5052000  -2834.70129724738  2831.17962450827
5053000  -2837.14940437772  2830.21318504729
5054000  -2837.07852640859  2832.20831794714
5055000  -2839.76550499949  2834.19514337649
5056000  -2839.96693503952  2836.05996625439
5057000  -2841.00277809795  2836.16011274291
5058000  -2841.1972572203  2834.99074672436
5059000  -2841.68097238377  2835.05666040191
5060000  -2840.45447299056  2837.555907964
5061000  -2839.95221336741  2836.5113141196
5062000  -2841.02185574175  2837.03771411663
5063000  -2842.25901209622  2837.88106763376
5064000  -2845.54412384349  2836.52244832121
5065000  -2844.97999456381  2837.02962157718
5066000  -2844.68159291671  2838.08398247723
5067000  -2841.63139265209  2836.74037806685
5068000  -2844.98652938367  2838.89922851233
5069000  -2844.83121011497  2837.10771376506
5070000  -2843.38060450613  2838.84318521935
5071000  -2845.05463112657  2838.68419974721
5072000  -2845.53511807384  2841.20612558481
5073000  -2843.82804135034  2843.33338838097
5074000  -2846.17492419589  2840.88324844883
5075000  -2849.15957781235  2842.53779023971
5076000  -2846.2116237473  2842.75814509784
5077000  -2847.85424652791  2843.98708917397
5078000  -2848.16126627098  2843.77703826069
5079000  -2849.74948703128  2844.10651889874
5080000  -2849.32395298912  2845.62493735457
5081000  -2849.06207151627  2844.46214078179
5082000  -2850.02342477475  2845.53348485891
5083000  -2850.9197722126  2845.70408198628
5084000  -2851.85511637027  2846.14466651586
5085000  -2849.73990655664  2843.60554414117
5086000  -2848.83507904031  2844.8422408923
5087000  -2851.54804670968  2846.87371074306
5088000  -2848.35851670162  2846.17275785462
5089000  -2852.29531097098  2843.65969648303
5090000  -2853.20458224654  2843.73241294443
5091000  -2852.8953937643  2845.85206204223
5092000  -2852.39393718599  2846.16074310064
5093000  -2853.55514315174  2845.89375241599
5094000  -2852.60530749232  2847.9942419586
5095000  -2850.79373739008  2850.1745973408
5096000  -2852.08411651459  2849.48846213763
5097000  -2852.95130746526  2851.24005216781
5098000  -2852.6835288161  2849.45243158952
5099000  -2855.23179927374  2850.58181039253
5100000  -2853.07662359253  2851.74242352745
5101000  -2853.17982083091  2853.56461412307
5102000  -2851.84560406241  2851.46205557914
5103000  -2851.53835856578  2852.97193251498
5104000  -2851.72660086957  2852.404622016
5105000  -2852.99298941939  2851.45325217169
5106000  -2853.85891138527  2852.88809781474
5107000  -2853.15296191781  2855.61988243578
5108000  -2854.85863301474  2855.96679980676
5109000  -2854.26932257102  2856.80092720627
5110000  -2855.18457527559  2857.48298864498
5111000  -2856.2011922307  2858.13689003799
5112000  -2857.97007926379  2856.59074746289
5113000  -2856.30288107862  2857.59241263343
5114000  -2857.57033151427  2857.94205706383
5115000  -2857.82043981732  2857.6750516392
5116000  -2859.41207528873  2860.44920367394
5117000  -2857.527831531  2859.15033671934
5118000  -2859.34927690795  2858.7198310669
5119000  -2859.91469681279  2858.03206217859
5120000  -2860.44752750428  2856.97839215891
5121000  -2859.42653407163  2859.26060392512
5122000  -2861.99081473706  2858.56642012962
5123000  -2862.99772366019  2858.80444272456
5124000  -2863.41943623957  2861.38541808611
5125000  -2863.80141836248  2860.73168560206
5126000  -2864.28114966418  2864.60100632
5127000  -2866.26657632812  2863.82250830947
5128000  -2866.8476678526  2862.96916784593
5129000  -2866.41568034117  2864.15434540027
5130000  -2865.58443689452  2863.98439998285
5131000  -2866.38569579398  2864.74817518476
5132000  -2867.96397739126  2866.80683074581
5133000  -2867.88668541772  2867.10044855472
5134000  -2866.78264560142  2867.18755869898
5135000  -2868.91193670649  2866.084147924
5136000  -2867.04498452017  2868.20497789963
5137000  -2869.27347578975  2867.21018115587
5138000  -2868.61668395998  2869.88549983138
5139000  -2871.82418108684  2870.9259912667
5140000  -2870.81984567878  2871.52726718984
5141000  -2870.03498172363  2870.71948689872
5142000  -2872.44607133325  2870.34570971586
5143000  -2874.17507306191  2870.05272914203
5144000  -2873.85133331748  2870.39709607818
5145000  -2877.68511061434  2870.36544816671
5146000  -2875.33028042621  2870.69174680945
5147000  -2877.6089016735  2872.17166296006
5148000  -2878.03420973173  2872.21881371206
5149000  -2876.49581915423  2872.13590958823
5150000  -2877.22801893591  2871.72057736362
5151000  -2877.92261178443  2873.82104610446
5152000  -2876.15618902608  2873.05370930488
5153000  -2877.84286309143  2873.03461839683
5154000  -2880.15786715725  2875.42176820965
5155000  -2881.11298959386  2876.77745474937
5156000  -2880.03606320648  2876.96632518029
5157000  -2882.56054688305  2875.91488002006
5158000  -2883.47400100224  2877.67459956277
5159000  -2881.97291624096  2879.08312872289
5160000  -2884.48095402922  2877.52060281148
5161000  -2884.00990186088  2877.53124654233
5162000  -2888.28890579647  2877.94359283186
5163000  -2887.62820648741  2878.94181806346
5164000  -2887.81123368556  2880.79071049573
5165000  -2887.12647400604  2879.12289213299
5166000  -2887.99641838456  2878.88229073516
5167000  -2887.29480564714  2879.72376812541
5168000  -2889.46488706938  2880.45726859413
5169000  -2889.20268337536  2880.95443554778
5170000  -2890.63131549696  2880.23215167451
5171000  -2892.4674916126  2881.32873394401
5172000  -2892.11753140411  2881.02541403844
5173000  -2890.65158854653  2881.51355851734
5174000  -2891.9360300439  2881.49208082302
5175000  -2891.69463560855  2883.54316025125
5176000  -2893.04336838851  2884.41117155792
5177000  -2894.19546028637  2885.3262073309
5178000  -2894.79044265193  2887.50305643862
5179000  -2895.41901684804  2889.06941042916
5180000  -2893.9625974217  2890.09588546259
5181000  -2897.39161436819  2890.63276782144
5182000  -2896.78605453822  2890.95629974902
5183000  -2899.03596293991  2892.99364864935
5184000  -2897.46445564762  2891.96446265888
5185000  -2899.31965633309  2893.09007306355
5186000  -2899.57685707755  2894.86016627914
5187000  -2900.81838478252  2892.49643935386
5188000  -2900.85736515527  2892.11886761711
5189000  -2901.27113469857  2895.06275432707
5190000  -2901.85070097377  2895.18761357977
5191000  -2904.23640433429  2893.49013865106
5192000  -2903.81623434044  2895.8752009412
5193000  -2904.86647928606  2895.55824951303
5194000  -2904.81152061318  2895.62488826088
5195000  -2903.35945485404  2897.81007738388
5196000  -2904.84838921304  2895.752060456
5197000  -2904.86259558729  2896.54249660014
5198000  -2903.84644800763  2897.46633085224
5199000  -2906.66008469151  2898.86087458095
5200000  -2906.07656193746  2899.97064665948
5201000  -2905.33310282855  2900.53876793489
5202000  -2908.72647574062  2900.16494610472
5203000  -2908.10256330248  2901.38325487457
5204000  -2907.9002507096  2902.93430185138
5205000  -2908.36436282531  2904.69427953896
5206000  -2908.31241975008  2904.46126859229
5207000  -2909.59486398876  2903.87480627546
5208000  -2908.23711845985  2906.79449525168
5209000  -2906.49906273728  2907.42365077565
5210000  -2907.50265781199  2908.59295210176
5211000  -2906.93268749817  2908.71040592136
5212000  -2909.15304546555  2906.65025015891
5213000  -2909.80017719439  2907.29786306542
5214000  -2909.98964994636  2908.63907442131
5215000  -2912.3275738738  2909.41101859453
5216000  -2912.39354511978  2908.49924596955
5217000  -2910.83705998557  2907.63736579241
5218000  -2910.70442855196  2906.43043124531
5219000  -2908.66930178084  2909.83041906504
5220000  -2911.98313053686  2909.00360236441
5221000  -2910.91296428781  2910.60831410112
5222000  -2912.88563354999  2910.40333663942
5223000  -2913.18922962482  2910.65208977995
5224000  -2913.56295895102  2912.65457867959
5225000  -2916.82098718857  2912.57955939266
5226000  -2917.62997555022  2912.05708649839
5227000  -2917.5659433437  2912.31207807083
5228000  -2918.96296911693  2915.27001702871
5229000  -2918.48782119455  2915.16678070113
5230000  -2919.60623252347  2915.53544232799
5231000  -2921.99956478602  2917.67209904492
5232000  -2922.48999912257  2916.80235616729
5233000  -2923.24237872414  2918.01546392136
5234000  -2925.34527377915  2920.16759680446
5235000  -2924.15118204466  2920.72512323162
5236000  -2924.18004473563  2918.67268621928
5237000  -2926.30584026977  2918.18998979493
5238000  -2925.13275959375  2918.50541151009
5239000  -2926.99670996762  2921.21455873308
5240000  -2927.49516144939  2921.34787827812
5241000  -2926.95904401166  2923.30560917279
5242000  -2929.93700447847  2923.26154696472
5243000  -2929.96972058136  2921.89925330628
5244000  -2930.79492624011  2923.87399263913
5245000  -2931.74569825746  2924.13906223354
5246000  -2931.1082515961  2924.68185822366
5247000  -2933.10510218689  2924.70965095685
5248000  -2935.04630927704  2924.43578150025
5249000  -2934.53184987339  2925.87399561253
5250000  -2936.11465350392  2925.32307624469
5251000  -2933.95875992641  2927.97205165095
5252000  -2933.11972776327  2927.58163803041
5253000  -2934.09881697554  2926.70707737388
5254000  -2937.29161255581  2930.7020639775
5255000  -2933.05902115418  2930.30802289085
5256000  -2934.84583247199  2932.64827164823
5257000  -2933.4737841366  2931.40116350197
5258000  -2935.82772707473  2929.80582260648
5259000  -2936.91604430847  2931.28242387912
5260000  -2938.02999363931  2933.57947167862
5261000  -2937.39054506285  2932.62659827452
5262000  -2937.39407336082  2933.42986273463
5263000  -2938.52995163827  2936.18938929905
5264000  -2940.7276055162  2936.73179217371
5265000  -2939.75877819162  2934.55321021393
5266000  -2940.48868068988  2935.51895366404
5267000  -2943.11052019739  2936.80725748901
5268000  -2941.37211300004  2935.35948068939
5269000  -2942.35898731929  2936.92143337644
5270000  -2943.72223674031  2937.94197144132
5271000  -2943.99707926777  2938.26152080825
5272000  -2945.44594317009  2938.51580518384
5273000  -2946.92483804357  2937.90076672235
5274000  -2949.03407851103  2938.1238889659
5275000  -2949.90166359906  2938.19757041293
5276000  -2951.19506742999  2941.30923477578
5277000  -2951.26949846713  2941.69659326929
5278000  -2949.80434077644  2940.48298057709
5279000  -2951.70733571093  2940.27141031915
5280000  -2954.14320156383  2942.79175993549
5281000  -2954.46571670529  2943.38553758699
5282000  -2955.01189502164  2943.21065626366
5283000  -2958.01545567785  2944.95617650804
5284000  -2954.58541873061  2946.70525350323
5285000  -2955.79590030299  2946.83069573269
5286000  -2955.07621353678  2946.21356580684
5287000  -2954.853890231  2948.02393523122
5288000  -2955.32434367553  2948.79679394583
5289000  -2954.38544076305  2948.73094466148
5290000  -2954.3694414736  2948.09131213176
5291000  -2955.80410537481  2948.6316022224
5292000  -2955.02601770003  2950.14549294508
5293000  -2955.82189934842  2949.80989320282
5294000  -2958.12257073625  2949.51421749752
5295000  -2955.9660312758  2951.88394206035
5296000  -2956.22084526512  2952.34090323671
5297000  -2955.58588712392  2953.9296366974
5298000  -2959.26117140996  2955.95541850997
5299000  -2958.90328882175  2953.10903526335
5300000  -2957.64392828041  2955.55887870224
5301000  -2958.74367917455  2953.84249578973
5302000  -2959.16012964079  2955.40356882074
5303000  -2959.68964024485  2955.48911337117
5304000  -2960.48782240373  2955.84765787455
5305000  -2961.18547347841  2958.40964070165
5306000  -2962.68761031305  2960.15984515149
5307000  -2963.04385608092  2959.43818053522
5308000  -2960.91508823205  2960.41109732357
5309000  -2961.29712939998  2960.61767657092
5310000  -2962.7285241396  2960.28247106972
5311000  -2960.79231770979  2964.61753668081
5312000  -2962.13673847723  2964.42080733634
5313000  -2964.45674529016  2962.76465744703
5314000  -2964.17438250145  2964.41492322553
5315000  -2965.59864324743  2964.01152892299
5316000  -2966.2938823252  2965.81457315569
5317000  -2966.08624187517  2963.86682645649
5318000  -2965.96397560267  2964.49538715646
5319000  -2966.86594672037  2963.99948570972
5320000  -2967.70177526374  2966.96034086404
5321000  -2969.1127249275  2966.62701500691
5322000  -2969.26346000818  2967.94786623307
5323000  -2968.87489656447  2967.08167215679
5324000  -2970.80264485747  2969.64865349723
5325000  -2970.53627575928  2968.52146695535
5326000  -2970.27393819166  2969.00324550557
5327000  -2973.47787498854  2969.48607479161
5328000  -2974.24400805014  2968.74297824638
5329000  -2973.75508679247  2965.38436110749
5330000  -2975.47942288221  2968.24262822562
5331000  -2974.5430936429  2970.67671082663
5332000  -2976.73727508795  2970.70600132244
5333000  -2977.34842647388  2969.82051938931
5334000  -2977.97356538554  2969.3635864413
5335000  -2978.84197525246  2969.9225864701
5336000  -2979.40247165514  2971.25274278721
5337000  -2978.47628462039  2972.01702095885
5338000  -2979.44392868612  2972.18153272067
5339000  -2978.65070738618  2974.69445209453
5340000  -2980.20140382767  2974.80302046564
5341000  -2981.79949278188  2972.82294786227
5342000  -2982.02941590045  2974.36136660307
5343000  -2980.45926430139  2975.2224594501
5344000  -2983.01193953195  2978.35841883395
5345000  -2980.45852543363  2977.98380743946
5346000  -2981.94244969904  2978.73104370133
5347000  -2983.50449480817  2980.32174408362
5348000  -2983.35631869479  2979.25068311066
5349000  -2984.33820795839  2982.51315258727
5350000  -2984.07371879566  2981.62792993983
5351000  -2984.55458224841  2983.31225154274
5352000  -2985.21388692851  2982.97176908618
5353000  -2984.17829658135  2984.08248924064
5354000  -2987.22199204946  2982.63018803196
5355000  -2987.92484922971  2984.15715928895
5356000  -2987.61909876484  2983.80990838792
5357000  -2988.37074113973  2984.53541118169
5358000  -2988.05598103574  2985.44770874539
5359000  -2990.12980582432  2987.71630985142
5360000  -2988.52973247067  2983.96570851419
5361000  -2987.67266211313  2986.41114288291
5362000  -2986.93752367115  2987.21457497678
5363000  -2988.32937291906  2990.38773899086
5364000  -2988.67361934137  2989.5510608343
5365000  -2989.57223945603  2990.09258308451
5366000  -2986.59674115772  2991.40856077936
5367000  -2992.00898453918  2990.62477679392
5368000  -2988.8613765047  2993.4187743548
5369000  -2990.9847356949  2993.20701414956
5370000  -2990.67959096957  2997.17666391337
5371000  -2992.49663605743  2995.46856153309
5372000  -2989.02143945022  2995.31089843158
5373000  -2991.3604299155  2998.0403353638
5374000  -2992.91600741192  2999.06665222547
5375000  -2990.84626787515  2997.38326545913
5376000  -2994.40880657108  3000.50062000469
5377000  -2994.38721610127  2998.68845337747
5378000  -2995.84975504413  2999.55750273425
5379000  -2999.24984491439  2999.69442579983
5380000  -2997.83692419903  3000.51656325884
5381000  -2999.9702559531  3002.11455556762
5382000  -2999.22841527931  3000.70637794888
5383000  -3002.07594567024  3001.70745391915
5384000  -3003.20985690296  3002.61232115741
5385000  -3004.11803564178  2999.81202675436
5386000  -3002.56642754479  3002.96903400199
5387000  -3004.8006621989  3003.22395785527
5388000  -3006.1452952406  3003.38373228628
5389000  -3005.78645420185  3006.55316458112
5390000  -3009.63059315542  3006.42184629322
5391000  -3007.93260867582  3005.32939293546
5392000  -3010.5300858546  3007.62485901553
5393000  -3010.10041057686  3006.82704847533
5394000  -3010.0838063936  3007.20163613236
5395000  -3010.06996632128  3007.79798713845
5396000  -3012.23659470332  3007.41384595091
5397000  -3013.00305570734  3008.22410970491
5398000  -3013.29007592858  3010.18075148351
5399000  -3012.9594814342  3007.56619888561
5400000  -3014.3555425176  3009.36244228188
5401000  -3016.27240949853  3008.82161043661
5402000  -3018.70962521464  3007.90534773582
5403000  -3018.21011639352  3008.14151312521
5404000  -3018.72152618285  3009.94354467784
5405000  -3022.34789854685  3009.69319944493
5406000  -3019.84596952846  3011.45894784937
5407000  -3022.32137146465  3010.31287493061
5408000  -3020.8217047362  3011.04527125642
5409000  -3021.83196809793  3012.27924225776
5410000  -3023.11841833503  3011.25701375069
5411000  -3021.39420042459  3012.0433099529
5412000  -3021.82454031063  3013.26521284233
5413000  -3023.39649171912  3014.85988405974
5414000  -3023.43150032782  3015.93643293445
5415000  -3024.7285247312  3018.11965794807
5416000  -3023.50188775268  3018.34154193063
5417000  -3023.85857538921  3016.97411873967
5418000  -3024.22232807121  3016.3833495884
5419000  -3025.44853343444  3016.46012647862
5420000  -3025.72465943652  3018.76480251292
5421000  -3024.85186789849  3020.58894628359
5422000  -3025.52658102405  3020.91350620304
5423000  -3027.76290775831  3021.96578122953
5424000  -3027.54838594889  3021.57515119436
5425000  -3026.92664580623  3024.47712877232
5426000  -3029.23361885179  3024.08362863418
5427000  -3031.85087649248  3024.90958260167
5428000  -3029.65937835362  3022.76013453628
5429000  -3030.6021110492  3023.8496258489
5430000  -3031.7858157145  3023.78332639211
5431000  -3030.82848756122  3024.36653288609
5432000  -3029.65129939191  3025.36353398599
5433000  -3029.56038215953  3025.05724783518
5434000  -3029.33969836226  3025.30914535877
5435000  -3032.33201533164  3025.31575252782
5436000  -3034.53420428958  3027.22332047354
5437000  -3035.07833573691  3027.72444329219
5438000  -3035.58581322286  3028.99986991458
5439000  -3035.2126578582  3028.41965718854
5440000  -3039.32163509577  3028.51910341117
5441000  -3038.1454617416  3030.29419317199
5442000  -3036.18209990202  3030.9368970801
5443000  -3039.66439104052  3030.99922740358
5444000  -3037.10806583936  3032.5368652333
5445000  -3037.13210682527  3032.95085537355
5446000  -3036.54944360623  3034.77482958933
5447000  -3036.58969922823  3035.37599931238
5448000  -3040.89460821422  3037.82164344404
5449000  -3041.24927486248  3036.668389027
5450000  -3041.06882366594  3037.80456740296
5451000  -3042.2131346763  3037.56696411152
5452000  -3042.75372857802  3038.28602219161
5453000  -3041.12097230091  3037.86547630101
5454000  -3041.96868268709  3038.69535783983
5455000  -3041.25464189223  3041.52832312695
5456000  -3043.21707579237  3041.3322252579
5457000  -3041.82617399338  3042.38116433009
5458000  -3044.0687979206  3042.9382467925
5459000  -3044.10335919528  3044.88133412057
5460000  -3043.67786816955  3045.51416696747
5461000  -3043.73331378136  3045.89195006005
5462000  -3045.48733058512  3045.46170900176
5463000  -3049.25123464785  3046.73659870769
5464000  -3049.02782828977  3049.41041686791
5465000  -3047.03460437425  3049.69478936688
5466000  -3052.25512207926  3053.51952289095
5467000  -3053.55155363433  3054.27798997222
5468000  -3052.63273923371  3054.01698102561
5469000  -3052.96969744185  3054.19062873506
5470000  -3053.70228668076  3054.13747573006
5471000  -3053.22024191033  3056.66285396872
5472000  -3053.53640414236  3055.40133927563
5473000  -3055.10861503187  3056.17878655903
5474000  -3054.7789501539  3059.62115399231
5475000  -3058.00662294533  3057.49976088276
5476000  -3057.31389473312  3056.85835050976
5477000  -3058.71581353568  3055.98002762934
5478000  -3058.15726471604  3057.28985315413
5479000  -3063.2879740954  3059.5387675083
5480000  -3064.41393787091  3060.03410298758
5481000  -3064.48694559513  3059.56102464473
5482000  -3062.84993753187  3058.53121583789
5483000  -3064.89570543441  3059.13658701817
5484000  -3066.17996057904  3059.68349723984
5485000  -3065.53742755617  3061.58339669451
5486000  -3066.71014095624  3058.28945083537
5487000  -3065.3825426662  3061.40853463293
5488000  -3066.58007643971  3061.15244458316
5489000  -3065.86157858168  3063.22990017508
5490000  -3068.03932004173  3065.33345072455
5491000  -3068.25798203262  3065.54508247384
5492000  -3067.21712158573  3067.37457567973
5493000  -3067.75188855445  3067.5071709917
5494000  -3066.52074669896  3066.93674405873
5495000  -3071.51204819005  3068.10306184366
5496000  -3071.51030876998  3070.57626779617
5497000  -3072.20479101992  3070.73366197156
5498000  -3073.40527320371  3071.95533367051
5499000  -3076.26889693717  3069.19433773467
5500000  -3077.51855361619  3071.28462699659
5501000  -3079.17264904855  3072.51220878122
5502000  -3078.60997155229  3074.56407832186
5503000  -3081.36520368396  3073.57309089828
5504000  -3080.74082880433  3072.67824603466
5505000  -3080.36930586825  3073.36864543352
5506000  -3081.5193976374  3075.4749883012
5507000  -3083.21075265486  3073.549653559
5508000  -3082.54667077052  3073.63760853452
5509000  -3084.32533554586  3073.88122036388
5510000  -3085.34814963035  3076.50360993622
5511000  -3085.93194406829  3076.35046392797
5512000  -3085.89793988104  3076.60053586203
5513000  -3085.98209931346  3077.00894927887
5514000  -3085.42009659684  3078.9330026865
5515000  -3085.90373792885  3078.01258934344
5516000  -3085.23034039605  3078.07598878132
5517000  -3087.63946862307  3077.61594583429
5518000  -3084.46134093612  3077.90476675002
5519000  -3086.8900123172  3078.22741660993
5520000  -3085.25970009775  3078.62945069639
5521000  -3086.59401450544  3081.22086979971
5522000  -3087.0225315519  3082.17045448788
5523000  -3087.53142498948  3081.88367879251
5524000  -3089.51513051562  3079.71696357651
5525000  -3088.40343151679  3081.34297012928
5526000  -3090.07331502139  3080.91453875646
5527000  -3089.61819709783  3081.61393636618
5528000  -3087.85170819885  3082.18392360791
5529000  -3088.87198616377  3082.40610340862
5530000  -3087.27193349571  3084.14378886108
5531000  -3088.91003477311  3085.34441303808
5532000  -3090.4665381088  3084.82349380276
5533000  -3089.34524578204  3085.24656994236
5534000  -3088.93000704156  3084.3365932868
5535000  -3088.60988354513  3084.84004505484
5536000  -3090.02946797585  3085.84667727069
5537000  -3092.11700329698  3085.66958089304
5538000  -3090.58576360313  3083.96556128632
5539000  -3090.22541318449  3085.90863018351
5540000  -3092.54467824575  3086.72672053035
5541000  -3090.98135649386  3088.61961876695
5542000  -3090.2564380824  3088.16450610615
5543000  -3090.38702719356  3090.15057143445
5544000  -3093.80154377963  3089.83128653173
5545000  -3092.278857213  3090.70869024052
5546000  -3091.77227302804  3090.91418167354
5547000  -3092.92143113895  3091.70807067812
5548000  -3090.62590824455  3088.7276892756
5549000  -3093.07894703301  3092.9759260129
5550000  -3092.59225209118  3091.35445270206
5551000  -3095.78946247926  3091.11491057036
5552000  -3096.29863207591  3093.8849896851
5553000  -3095.70989370261  3094.42486901219
5554000  -3094.79413355206  3096.7106410853
5555000  -3096.50149517526  3096.42120623191
5556000  -3098.35760720622  3095.8700721593
5557000  -3097.6731601176  3094.6149025234
5558000  -3098.36492975224  3097.08832536875
5559000  -3101.74468924222  3097.85884385132
5560000  -3098.22156540531  3098.90148749965
5561000  -3098.05552548436  3098.24841188031
5562000  -3101.23333366554  3098.59598680404
5563000  -3099.53060887043  3099.18262178168
5564000  -3103.41100621693  3099.2236128584
5565000  -3102.80056572302  3102.38435945322
5566000  -3103.03137523845  3103.49595036075
5567000  -3101.08589255463  3101.57825964691
5568000  -3104.74001093113  3102.12745796711
5569000  -3101.75931481666  3101.35394582286
5570000  -3105.33428086952  3104.07469005376
5571000  -3102.77662670317  3104.9129437654
5572000  -3105.41528713778  3105.89030628088
5573000  -3104.25475676304  3106.10920031519
5574000  -3104.22697513474  3105.06581015344
5575000  -3103.93109744423  3105.4294723531
5576000  -3105.50069758496  3107.34197813763
5577000  -3103.27419652943  3107.82973241699
5578000  -3107.73231798827  3106.61685119234
5579000  -3106.33884180372  3109.83771973366
5580000  -3106.34544867273  3111.25015679128
5581000  -3107.0366505242  3110.67322777167
5582000  -3108.21916419345  3110.69364888056
5583000  -3106.53827302557  3111.68567445132
5584000  -3110.13941809091  3114.03285432369
5585000  -3108.62260476825  3112.37833022071
5586000  -3110.21551372686  3114.16303321388
5587000  -3111.52091660906  3114.93541032856
5588000  -3112.5897807984  3114.22135251946
5589000  -3114.42341517614  3113.99290681555
5590000  -3112.06498793834  3116.6536245804
5591000  -3112.83825126161  3116.63471366017
5592000  -3113.0074464324  3115.71739385762
5593000  -3114.61851694218  3116.10601468297
5594000  -3118.77756763582  3116.32505415977
5595000  -3116.55682137347  3116.94267258911
5596000  -3117.81961453348  3117.23583355978
5597000  -3118.36440278297  3118.37364819142
5598000  -3118.25457946057  3118.30763263481
5599000  -3119.6322559348  3117.17923764598
5600000  -3120.62802126732  3115.42850777194
5601000  -3120.95064403262  3116.71886156051
5602000  -3124.2995831407  3118.4579757882
5603000  -3126.49650040504  3118.2855793026
5604000  -3127.18475157467  3119.67118327799
5605000  -3127.126579091  3119.34597427842
5606000  -3130.81617197282  3120.2078128022
5607000  -3129.15477687318  3122.85892537507
5608000  -3128.28925252648  3122.8362354129
5609000  -3128.38974597212  3122.76147643016
5610000  -3129.82524440759  3123.05251595978
5611000  -3129.64480589104  3123.72742500136
5612000  -3130.12186202317  3123.12925380807
5613000  -3132.8166420138  3124.33590314871
5614000  -3131.74358775692  3124.92280906552
5615000  -3132.44232547937  3125.31112332499
5616000  -3133.49905387473  3127.1515768448
5617000  -3134.04084182529  3125.3821199626
5618000  -3134.81532059602  3129.70892219441
5619000  -3137.13033624262  3132.17056243011
5620000  -3136.75292836445  3130.60826112607
5621000  -3137.31212393776  3130.89807825245
5622000  -3136.80547963101  3130.95060603431
5623000  -3136.22281320053  3132.30987483202
5624000  -3138.53930673101  3133.9442782733
5625000  -3138.22058938015  3136.17078054985
5626000  -3139.04411453847  3134.60845770352
5627000  -3135.89778844219  3135.54267008207
5628000  -3137.49374970913  3134.07467438132
5629000  -3140.68441770134  3137.4171798873
5630000  -3138.27707194866  3137.37048705526
5631000  -3139.54196465605  3136.98783804823
5632000  -3140.91429765359  3137.31844996202
5633000  -3141.36987310004  3138.06631185548
5634000  -3140.00789989359  3137.16914011193
5635000  -3141.73644247064  3137.88854876839
5636000  -3144.0606557273  3137.65725087415
5637000  -3145.31073226529  3139.58517367054
5638000  -3142.96304465654  3138.25355057066
5639000  -3144.89826504094  3137.86173055751
5640000  -3145.63428741812  3138.53336116755
5641000  -3146.14294257199  3138.68593285829
5642000  -3146.12016375239  3141.3620163231
5643000  -3143.8704826496  3139.09586847157
5644000  -3142.54090346621  3139.01649971499
5645000  -3144.29445228643  3137.68391255034
5646000  -3146.25261396313  3139.21372162951
5647000  -3146.91920347902  3139.54340470818
5648000  -3148.71265787692  3140.81180297872
5649000  -3150.8308133067  3141.95904766342
5650000  -3147.57310070165  3143.34900613301
5651000  -3147.85517778875  3145.2814476381
5652000  -3149.2997060726  3145.74824844028
5653000  -3148.04974665019  3147.57773866351
5654000  -3148.35081532165  3148.16381777051
5655000  -3149.5253099596  3146.87042767161
5656000  -3150.69356512099  3146.77529015269
5657000  -3149.52773807873  3149.55483268842
5658000  -3150.06465585168  3150.1956277098
5659000  -3149.41884375249  3151.42526609043
5660000  -3153.16065748154  3151.13541455059
5661000  -3151.51606931138  3153.63465328886
5662000  -3152.13243614434  3152.55394776162
5663000  -3152.69779914442  3151.96802214149
5664000  -3153.37225141006  3153.01428087012
5665000  -3155.45618969945  3153.0393761468
5666000  -3155.77971169988  3154.08145926645
5667000  -3154.61817961992  3151.37006503903
5668000  -3156.41325536437  3153.53219827389
5669000  -3156.56569456445  3155.47009123474
5670000  -3155.68472897824  3155.21245580634
5671000  -3155.20288591083  3154.04193502771
5672000  -3155.33872602041  3153.64626837056
5673000  -3156.51739512798  3155.59518876037
5674000  -3157.04463504809  3156.32578339309
5675000  -3156.09095220993  3156.73026836324
5676000  -3159.11805944797  3158.3853186812
5677000  -3156.14786794941  3160.88539140752
5678000  -3158.4489472198  3160.67205809716
5679000  -3160.63147506504  3162.28925641574
5680000  -3160.47923097789  3160.93541239466
5681000  -3161.89387991498  3161.24008118858
5682000  -3160.96463622308  3160.2742879787
5683000  -3160.73833884076  3161.86718511311
5684000  -3160.5184428778  3163.67419416967
5685000  -3162.44910151316  3162.14378789953
5686000  -3159.98656710702  3163.18940170995
5687000  -3159.94946104918  3164.87452620206
5688000  -3161.99444389259  3166.13241007397
5689000  -3162.72691333086  3165.52466486899
5690000  -3162.71743861617  3166.11644275905
5691000  -3159.5781137476  3165.18086121677
5692000  -3159.44940287353  3166.69035482172
5693000  -3163.06906661776  3166.36606313458
5694000  -3165.51715099823  3169.78761165263
5695000  -3165.24202428784  3169.2228124552
5696000  -3165.68726087964  3169.92647714227
5697000  -3166.3606265519  3170.58077370316
5698000  -3166.47729068344  3167.8461080099
5699000  -3166.62249911931  3170.86612753762
5700000  -3166.15177880343  3171.758673074
5701000  -3167.54597822884  3173.28215352505
5702000  -3169.01284221484  3173.32700428279
5703000  -3167.73396479507  3172.1216674461
5704000  -3167.07826988102  3174.14362616944
5705000  -3168.36707544057  3173.69391543209
5706000  -3170.00923881964  3176.59465920755
5707000  -3169.77754465945  3175.91276066642
5708000  -3171.89391507213  3174.54512959891
5709000  -3172.61418430168  3178.12610419571
5710000  -3172.59870182761  3177.69147717699
5711000  -3173.09740519365  3179.18993187208
5712000  -3174.74587071506  3178.41407157189
5713000  -3174.75389885337  3179.47885117585
5714000  -3176.11657367503  3179.15181820454
5715000  -3175.19711220044  3179.36532404588
5716000  -3174.68677121605  3180.51081662677
5717000  -3178.92486990996  3180.73551310395
5718000  -3177.84823085712  3180.62852953534
5719000  -3177.49069308531  3181.24787825426
5720000  -3177.27758155415  3180.58731721132
5721000  -3179.36030419691  3180.50016118212
5722000  -3180.54764390841  3181.18461029298
5723000  -3182.60070599422  3183.11257424513
5724000  -3184.28254243439  3186.81518167065
5725000  -3183.0027311066  3184.23057428059
5726000  -3184.35306544555  3184.50153927098
5727000  -3187.75468175324  3182.85917702759
5728000  -3186.40703934258  3185.2530784324
5729000  -3185.90742328933  3184.00459997675
5730000  -3187.18718417698  3185.56839404239
5731000  -3187.06432765248  3186.36129444
5732000  -3187.82911382688  3186.71331429442
5733000  -3189.96102736763  3188.22132134244
5734000  -3188.78584893284  3189.57625286417
5735000  -3189.84666017762  3189.97944057945
5736000  -3191.2521806006  3192.99619034587
5737000  -3189.07295160268  3191.12702635858
5738000  -3191.11132764338  3193.864923076
5739000  -3192.11550134377  3193.72247438299
5740000  -3192.35960147015  3194.44202384099
5741000  -3192.49364545197  3195.38835244124
5742000  -3192.59440138534  3194.63039426952
5743000  -3192.14065266219  3195.08308519141
5744000  -3195.60946821255  3194.56974463886
5745000  -3195.26641591779  3195.51400519546
5746000  -3195.39092075402  3195.22894119049
5747000  -3197.73701648514  3195.65014575984
5748000  -3196.77721683572  3195.7306696058
5749000  -3198.86484863145  3197.49345705072
5750000  -3200.96966096055  3198.68275087923
5751000  -3201.84358825574  3197.68509424864
5752000  -3198.53513996983  3198.99230969856
5753000  -3200.61172964049  3200.74955567483
5754000  -3202.60827921946  3199.04628951715
5755000  -3202.40327544154  3199.05058221424
5756000  -3201.71761550352  3201.61867602992
5757000  -3205.36599118748  3200.86412068693
5758000  -3204.52506354072  3200.96278096296
5759000  -3204.56919037185  3201.67194347355
5760000  -3203.10504294419  3201.7566185822
5761000  -3201.03625525108  3202.19321047088
5762000  -3203.44472556082  3204.5116987297
5763000  -3205.99364607919  3201.03344992204
5764000  -3205.35537126996  3202.27236906994
5765000  -3206.67108431523  3201.71874527448
5766000  -3207.81685929834  3202.3856607809
5767000  -3208.83420474144  3204.62129066073
5768000  -3210.01889520648  3205.1182909176
5769000  -3213.19252342952  3205.77990517561
5770000  -3212.67772482447  3205.74763325299
5771000  -3213.92517510232  3207.43796400325
5772000  -3212.29188422978  3207.92067171134
5773000  -3212.98653004396  3209.28424418559
5774000  -3213.11603300784  3207.25116163179
5775000  -3213.22031487978  3210.16258068646
5776000  -3214.68497861224  3212.10377850052
5777000  -3217.85169869946  3211.02151757862
5778000  -3216.28183214258  3211.38205434761
5779000  -3214.82041425666  3211.37106538097
5780000  -3214.5039824305  3212.19875762889
5781000  -3218.30681471472  3212.39524203033
5782000  -3218.20503648446  3213.32856415241
5783000  -3218.52375280739  3212.24095183749
5784000  -3219.11668809839  3212.06179174564
5785000  -3217.33727882342  3215.46344564901
5786000  -3219.57516550046  3215.37637324827
5787000  -3219.77143602908  3216.03428382065
5788000  -3221.44649027763  3215.32960116155
5789000  -3220.43474739027  3218.08079103505
5790000  -3220.57679801672  3216.53494902245
5791000  -3223.12497594786  3216.57432464285
5792000  -3224.84173919152  3219.00578947492
5793000  -3226.46230236694  3219.53292093582
5794000  -3224.77454081045  3219.80960021422
5795000  -3227.24224922154  3218.56246121366
5796000  -3225.00646963383  3219.63037694827
5797000  -3225.5613751293  3219.33704597274
5798000  -3227.78967659299  3220.43764190023
5799000  -3227.81082936875  3218.48346766444
5800000  -3227.11893360317  3222.44987115294
5801000  -3230.05443980527  3223.8550063905
5802000  -3228.97408602792  3222.25288763669
5803000  -3231.44854901101  3222.46837472538
5804000  -3232.11655504827  3222.91014370854
5805000  -3232.04371137633  3222.37600813041
5806000  -3235.81230779431  3223.80450511471
5807000  -3233.59703368363  3225.41449692386
5808000  -3233.94909350783  3225.111665067
5809000  -3232.38334213702  3225.95268685643
5810000  -3233.29828865806  3228.01922451856
5811000  -3234.14169190099  3226.22198297002
5812000  -3234.40959837327  3224.46636279275
5813000  -3234.53722360683  3227.71788014297
5814000  -3235.14347094093  3228.38673855643
5815000  -3238.47972590763  3230.52515983488
5816000  -3238.12469468138  3229.92130903769
5817000  -3238.9188212842  3231.68601854976
5818000  -3237.4241348644  3230.20924358495
5819000  -3236.33648855318  3231.57761872286
5820000  -3238.16437334667  3232.04928054729
5821000  -3238.02491272245  3232.69245849608
5822000  -3239.79145433709  3233.27705459583
5823000  -3238.37001180583  3233.21164530638
5824000  -3237.94303597118  3232.77508439417
5825000  -3236.93640590463  3234.1934927525
5826000  -3238.66761792512  3236.3137003125
5827000  -3238.94837723167  3235.43693363459
5828000  -3240.04851098014  3235.23230096049
5829000  -3238.92553589752  3237.00265393355
5830000  -3238.95846229268  3237.54881691946
5831000  -3238.11708677333  3239.44641608495
5832000  -3241.78478845323  3240.8736098967
5833000  -3240.89958910908  3238.33205487556
5834000  -3242.54186595055  3240.09566466316
5835000  -3239.40895502939  3241.2400988352
5836000  -3242.0711944573  3241.68332411244
5837000  -3242.70997871972  3241.90621222661
5838000  -3245.35899698145  3244.23396637714
5839000  -3246.51156277465  3242.88851312115
5840000  -3246.39901837356  3243.55125731625
5841000  -3245.48273479671  3243.42533125654
5842000  -3245.76252861438  3243.61447597895
5843000  -3247.70390404408  3242.58005219782
5844000  -3249.19299746354  3244.96097243987
5845000  -3252.12882585129  3244.06227492187
5846000  -3251.30643454681  3246.26597416445
5847000  -3251.36676159813  3245.30426686757
5848000  -3252.18439823542  3246.73769923333
5849000  -3252.95949911359  3248.12847023174
5850000  -3250.80570808242  3249.7562525868
5851000  -3254.32614588538  3247.46258656485
5852000  -3253.46933996401  3248.20471558327
5853000  -3252.6258515146  3250.11282549716
5854000  -3253.54398018628  3248.8437058407
5855000  -3253.234014659  3250.73413303405
5856000  -3256.290428591  3252.31210737382
5857000  -3254.71652332476  3252.0025473373
5858000  -3255.68018267743  3254.29374546842
5859000  -3256.423041196  3254.84132363807
5860000  -3255.74997909581  3253.33785766533
5861000  -3257.08200040583  3254.21071680325
5862000  -3252.97681055402  3254.24204282734
5863000  -3255.26890580706  3255.03466399142
5864000  -3255.64301391695  3255.11936516612
5865000  -3254.96893426889  3256.27397178808
5866000  -3257.08685351457  3254.71346401223
5867000  -3256.77416972444  3254.2166861518
5868000  -3254.59762407025  3256.03449396651
5869000  -3257.95133609902  3255.62127501905
5870000  -3258.90723566033  3255.41762989967
5871000  -3257.9721684775  3255.89796351945
5872000  -3258.63509602478  3256.7119855714
5873000  -3258.15624828985  3254.73716155959
5874000  -3259.7199236968  3255.4129567416
5875000  -3261.49763936874  3257.96191706778
5876000  -3262.402620567  3258.25558756089
5877000  -3263.68971285747  3258.74720805087
5878000  -3260.95106783417  3257.39531686686
5879000  -3263.42320480937  3260.14219138205
5880000  -3261.60606665275  3259.7615919442
5881000  -3264.69562789915  3261.95807142493
5882000  -3263.00454439093  3260.33740377394
5883000  -3263.62013789291  3260.95648861994
5884000  -3263.49533547953  3263.04907212089
5885000  -3263.57966090031  3265.4744190753
5886000  -3265.15959919488  3263.92973315291
5887000  -3266.21718115355  3264.45331759385
5888000  -3267.03149915188  3263.70664625303
5889000  -3264.43065161508  3266.22537852185
5890000  -3264.77570422289  3267.85674451659
5891000  -3265.71743727207  3266.83465318949
5892000  -3266.424135846  3266.1149239858
5893000  -3267.39693254437  3267.41756356662
5894000  -3270.81239933039  3266.90235252909
5895000  -3270.76186504022  3267.77958234742
5896000  -3272.26134393291  3268.6803601908
5897000  -3273.5778578935  3267.83566468419
5898000  -3277.43441542831  3268.15091566948
5899000  -3275.92763878681  3269.44924195335
5900000  -3278.69545642549  3268.75327537444
5901000  -3279.98739347428  3268.18429514232
5902000  -3279.01608322352  3271.63087044295
5903000  -3280.81515644751  3271.04579583427
5904000  -3280.05296154834  3272.00768681138
5905000  -3279.33725662096  3270.67105312435
5906000  -3281.00182221853  3271.02442629491
5907000  -3279.2162241099  3273.58991857435
5908000  -3279.06255032358  3275.606032315
5909000  -3280.70665661895  3275.8187972571
5910000  -3281.989217833  3276.22051859392
5911000  -3280.76058339029  3276.84636260814
5912000  -3283.37787906232  3276.54125720281
5913000  -3283.54573239807  3277.63032910968
5914000  -3286.86212444616  3276.9398817118
5915000  -3285.19938503568  3280.38495258153
5916000  -3286.52602577015  3278.83659248288
5917000  -3287.42589671728  3279.37575524736
5918000  -3287.25778142454  3282.1453367118
5919000  -3286.37878184571  3282.14989726109
5920000  -3286.47692863206  3281.7756238861
5921000  -3292.43814544605  3284.37842823051
5922000  -3290.45833468059  3285.64051236249
5923000  -3293.24876609101  3284.64371278584
5924000  -3295.3575136595  3285.27761414125
5925000  -3297.22783096825  3287.64887811205
5926000  -3296.13913035487  3288.11587334514
5927000  -3297.64759148832  3287.3352374526
5928000  -3298.35841819405  3288.77585452932
5929000  -3300.4640817935  3289.1617995363
5930000  -3297.68767946791  3290.76481758116
5931000  -3295.2877814645  3291.38635563902
5932000  -3295.48678189611  3292.45688593099
5933000  -3296.51143514032  3289.81804602367
5934000  -3296.40413346834  3290.13423284978
5935000  -3295.49043622586  3292.86228742607
5936000  -3297.89379475862  3291.93509241107
5937000  -3297.25444542487  3290.38529767142
5938000  -3301.16931096256  3292.18608415444
5939000  -3300.15176951281  3292.09966085513
5940000  -3299.11211320428  3293.31772789438
5941000  -3299.62544189176  3295.75952010824
5942000  -3298.03967516955  3297.85573199175
5943000  -3298.50895727987  3298.49265228503
5944000  -3299.54897605113  3297.86617854965
5945000  -3299.56972292948  3296.61101580856
5946000  -3299.98591506923  3298.88545338206
5947000  -3300.77307472989  3302.00721374952
5948000  -3301.31961799203  3302.03088326199
5949000  -3300.6843206811  3301.18673768776
5950000  -3302.72541372444  3304.91497749207
5951000  -3302.62363270538  3302.0848626587
5952000  -3300.640409931  3304.41168721622
5953000  -3304.24332936244  3303.33879237625
5954000  -3305.08756899804  3305.63576918433
5955000  -3306.52242367315  3304.30487938899
5956000  -3306.84818072425  3304.3820818683
5957000  -3305.90490189196  3306.35358351598
5958000  -3307.37304317932  3305.3468025612
5959000  -3306.01077433185  3305.59680116385
5960000  -3307.46901069901  3305.9385667134
5961000  -3309.88306345591  3308.64854829736
5962000  -3310.25184954853  3307.90736533368
5963000  -3310.58966660864  3310.13524946386
5964000  -3310.43635443647  3308.60821734228
5965000  -3311.38066763536  3311.22548276406
5966000  -3311.72968861859  3309.84139550124
5967000  -3313.03772120588  3309.21920431813
5968000  -3313.06384504486  3312.52991306997
5969000  -3314.90366316869  3310.87788240276
5970000  -3317.15581085838  3311.12830101841
5971000  -3316.34652035684  3310.15595484481
5972000  -3315.68489904444  3312.88940681753
5973000  -3317.82915922954  3312.43631234306
5974000  -3317.7304360662  3313.43107107771
5975000  -3321.03749283586  3313.62980432144
5976000  -3318.23500265475  3314.92955541599
5977000  -3320.79730073024  3313.48799746172
5978000  -3322.28810664294  3316.14058371488
5979000  -3320.17755344518  3314.65822243081
5980000  -3321.19630930122  3316.05170687775
5981000  -3320.90445525379  3316.95671588313
5982000  -3324.75156023442  3317.60389846511
5983000  -3324.32718027472  3318.09237987877
5984000  -3324.25584193351  3319.9961521951
5985000  -3324.10869998232  3320.30700220394
5986000  -3324.60722894049  3319.50882207681
5987000  -3327.29372646552  3322.67829284547
5988000  -3327.36406063241  3322.24772888425
5989000  -3327.55065332846  3322.83977431954
5990000  -3329.16486679039  3324.27922501941
5991000  -3329.28714314645  3325.54401446022
5992000  -3330.51724202016  3325.53855470079
5993000  -3332.31715146367  3327.00785304358
5994000  -3332.50994281554  3328.68438912991
5995000  -3330.8514590138  3330.93692041045
5996000  -3332.26989195629  3331.28497189049
5997000  -3332.69850994013  3331.88524382305
5998000  -3332.25286310898  3332.79071530916
5999000  -3329.98449570126  3333.64688212855
6000000  -3331.23176878385  3336.74285232161
6001000  -3331.87866714047  3335.3306772217
6002000  -3332.23012647545  3334.84158017834
6003000  -3332.59594903991  3337.34014053809
6004000  -3334.27533332517  3336.48865927514
6005000  -3333.85342386069  3337.76542155016
6006000  -3332.61759012435  3338.51115439922
6007000  -3335.16209769096  3339.32874872464
6008000  -3337.95216563741  3337.6876233878
6009000  -3337.99786288561  3339.71869672984
6010000  -3339.52563735195  3340.03982535305
6011000  -3339.47487199734  3339.35101449975
6012000  -3339.993207188  3339.28162734695
6013000  -3342.59601218701  3340.62478742852
6014000  -3343.28160978373  3343.56455787353
6015000  -3342.28986011092  3341.54081067488
6016000  -3343.30007010289  3341.99120364205
6017000  -3344.88900205829  3343.12718475861
6018000  -3345.12781035478  3341.58002942268
6019000  -3348.08678170014  3343.18970325455
6020000  -3347.04862068615  3344.1825218294
6021000  -3349.85081446569  3345.50847306
6022000  -3348.24741544283  3346.52538752404
6023000  -3349.80754089116  3347.06648111489
6024000  -3350.93870520895  3346.96857694186
6025000  -3350.5338366757  3346.73964036602
6026000  -3350.15250649002  3345.95290081061
6027000  -3349.52156753882  3350.42141987869
6028000  -3348.80217922654  3349.50279248766
6029000  -3352.61420616069  3349.09064253122
6030000  -3351.93687529995  3351.37080638767
6031000  -3353.24469455881  3349.89413714678
6032000  -3352.59038718991  3350.78403801928
6033000  -3352.16026196778  3349.73134336528
6034000  -3353.56668451692  3351.81987817666
6035000  -3353.53760033393  3350.43242534072
6036000  -3354.07519607695  3352.03420450555
6037000  -3354.76661387087  3351.12769529357
6038000  -3355.19911935137  3351.00627385795
6039000  -3356.70153779599  3352.16989232815
6040000  -3353.69097758423  3351.08497247673
6041000  -3357.7830517803  3353.08315681685
6042000  -3356.56457136762  3352.67513844448
6043000  -3358.88229142219  3356.25776903116
6044000  -3356.28012403306  3354.84341877591
6045000  -3356.89609724616  3352.84823411883
6046000  -3358.33848817391  3352.44297417704
6047000  -3358.32572831571  3351.76762590086
6048000  -3359.04491493454  3348.44008341355
6049000  -3358.46694448529  3351.79092839724
6050000  -3361.3608121684  3353.11019538562
6051000  -3361.00564119645  3354.72291986417
6052000  -3359.09013065661  3353.38325220848
6053000  -3360.74780407602  3352.58076235929
6054000  -3361.50204508918  3355.0311886762
6055000  -3363.68137727495  3355.49623119455
6056000  -3364.04852632974  3356.3820998201
6057000  -3361.82298810635  3356.74522962302
6058000  -3363.59474206814  3357.61847197459
6059000  -3367.92163194308  3356.36796525773
6060000  -3367.98188277278  3357.39011741499
6061000  -3365.91584419723  3357.99055716706
6062000  -3366.2578638693  3359.54457115137
6063000  -3367.89933176295  3358.02654870609
6064000  -3366.64904878139  3357.43480589503
6065000  -3368.78512049023  3359.72822678493
6066000  -3370.56031091245  3359.47441617365
6067000  -3369.9132545495  3363.15113071417
6068000  -3369.78309635066  3365.23089703394
6069000  -3370.85620532672  3364.52853245316
6070000  -3370.32874125694  3364.23326040243
6071000  -3370.09586911409  3365.84379855693
6072000  -3371.15910898511  3368.04251150698
6073000  -3369.13981762274  3369.19959265733
6074000  -3368.75074535672  3369.18427754682
6075000  -3370.03985169162  3370.43251936943
6076000  -3371.62555641691  3372.75804846756
6077000  -3372.45816211396  3372.20434601052
6078000  -3372.31527023078  3372.85754848117
6079000  -3371.47809079225  3372.7357447742
6080000  -3374.51971972754  3373.06870811508
6081000  -3371.89049223153  3372.99986802163
6082000  -3375.42464546906  3374.3233181646
6083000  -3373.6865296681  3374.24620181419
6084000  -3375.8400890749  3373.3060736555
6085000  -3377.15203865133  3374.36609890347
6086000  -3376.35714001457  3372.46099471745
6087000  -3376.22755719612  3375.25796197988
6088000  -3378.01560149434  3374.64492314157
6089000  -3379.10520258271  3376.33228535691
6090000  -3380.1132340356  3377.55688406955
6091000  -3380.46279770438  3378.92486855965
6092000  -3380.28102542244  3380.32035210513
6093000  -3381.52495202344  3379.37471723728
6094000  -3378.86118520913  3380.04686661631
6095000  -3381.76249650076  3379.03635555148
6096000  -3380.95555423174  3382.50746666431
6097000  -3383.32256358096  3379.46284397455
6098000  -3384.52733443657  3381.13487684928
6099000  -3380.80332478015  3380.85772625673
6100000  -3383.60898074456  3381.45210235919
6101000  -3381.9977036168  3381.06934460466
6102000  -3385.08965655727  3379.83996322563
6103000  -3385.36573546214  3381.9397682015
6104000  -3385.64629306482  3382.8026329347
6105000  -3386.74968617585  3382.75521732113
6106000  -3388.81473652503  3383.10987521683
6107000  -3390.86741036607  3385.45759229668
6108000  -3388.18415833842  3387.19106880937
6109000  -3390.81378981231  3387.02661152412
6110000  -3390.00905148974  3385.40516131529
6111000  -3390.85072971825  3386.47580978389
6112000  -3393.6273029084  3388.7292355558
6113000  -3393.47051805879  3387.39154319779
6114000  -3393.74523783716  3389.03110192112
6115000  -3393.45339281684  3388.59635207239
6116000  -3394.4612950047  3389.95478372845
6117000  -3395.62097041928  3389.50974870973
6118000  -3395.11031177861  3388.95226976467
6119000  -3397.73711982081  3390.57129115319
6120000  -3399.82964950566  3389.60813516412
6121000  -3398.55408194474  3392.61207891879
6122000  -3397.31523102271  3392.96712108849
6123000  -3400.02591484143  3394.47052086867
6124000  -3400.73296898574  3394.05364980718
6125000  -3399.82320902396  3393.56714750866
6126000  -3400.5726871476  3394.87429055832
6127000  -3402.06110984664  3394.18274743781
6128000  -3401.79947756543  3394.20122347335
6129000  -3402.57324640804  3396.33021684439
6130000  -3400.86610502654  3397.00454453014
6131000  -3404.02252140318  3397.47951907433
6132000  -3405.28055205407  3396.59618555274
6133000  -3404.62628446995  3396.28750880035
6134000  -3405.63362168465  3398.42752689936
6135000  -3409.41425541158  3399.32976869947
6136000  -3408.62531629215  3400.9744853485
6137000  -3409.24459382384  3401.8534543932
6138000  -3410.62682009397  3402.69436806609
6139000  -3410.61042278597  3401.72563551445
6140000  -3413.33215149668  3401.12192330751
6141000  -3412.64893172336  3402.06591933951
6142000  -3411.4223241388  3402.28495029571
6143000  -3415.25982848164  3406.20004151565
6144000  -3414.57176210619  3406.01534074921
6145000  -3415.78105142884  3408.55377380093
6146000  -3417.17332212361  3407.80051893285
6147000  -3418.79165105107  3409.98611532827
6148000  -3420.08829046303  3409.93075180489
6149000  -3421.15671115617  3410.98869349611
6150000  -3419.22892510898  3412.78087193127
6151000  -3421.81499249288  3411.88936162852
6152000  -3423.50409624131  3414.78082604135
6153000  -3423.44385419235  3416.80987075568
6154000  -3423.27705982034  3417.26259797123
6155000  -3423.060876225  3418.26779914
6156000  -3423.90877039029  3421.60234538158
6157000  -3424.46742292318  3418.93527535748
6158000  -3425.92222491383  3422.55974151648
6159000  -3425.33290892719  3421.98938151858
6160000  -3424.1640920377  3420.98742712776
6161000  -3426.74964715913  3422.4522588939
6162000  -3426.3473388062  3422.94150600953
6163000  -3427.25000748447  3424.81019402222
6164000  -3429.54285081356  3425.42244193662
6165000  -3427.55365005462  3426.02982096979
6166000  -3428.90791066764  3428.92709859374
6167000  -3430.20436671238  3426.30005366235
6168000  -3427.06085104469  3428.40783673463
6169000  -3429.29857433136  3429.69468809934
6170000  -3429.23876501444  3430.05749229212
6171000  -3427.59508560912  3430.48896272114
6172000  -3428.80021746158  3430.78639450132
6173000  -3430.54231010022  3432.3375679856
6174000  -3432.09573782367  3432.88845902389
6175000  -3432.31646177924  3434.11048735912
6176000  -3433.97332257441  3433.45295227747
6177000  -3433.80988914591  3434.74064870704
6178000  -3435.68076100822  3435.06268017077
6179000  -3437.96906128953  3434.14348449314
6180000  -3438.16425195329  3436.3008834783
6181000  -3439.06369055345  3438.21507522728
6182000  -3439.01906020846  3438.08089884539
6183000  -3440.14106720218  3438.18087979538
6184000  -3442.20680123208  3436.96031456427
6185000  -3441.89220700246  3435.81060399757
6186000  -3442.69113141573  3437.80386427712
6187000  -3440.59241922407  3439.34602824274
6188000  -3443.0474356432  3439.35855481763
6189000  -3440.09082806648  3438.97807274484
6190000  -3440.01521313765  3440.44869307957
6191000  -3440.7404094175  3442.04473747728
6192000  -3442.84946227438  3440.79889540424
6193000  -3441.26573824711  3442.6673871159
6194000  -3443.34665663832  3443.18830787011
6195000  -3443.66194983845  3442.84858840107
6196000  -3445.82744635754  3444.36847472038
6197000  -3443.2152696279  3443.65219762952
6198000  -3445.22344862635  3446.22602431421
6199000  -3446.3409715814  3444.07101756452
6200000  -3447.04769250622  3445.29464954891
6201000  -3447.13627373226  3443.97631403418
6202000  -3448.35308039996  3444.75205431134
6203000  -3447.85505556489  3447.30213367717
6204000  -3446.89902696994  3449.41627500113
6205000  -3450.56084924631  3448.91993362387
6206000  -3451.03918083564  3446.91090956956
6207000  -3450.71335436046  3446.43707714915
6208000  -3452.64915233121  3448.33408298869
6209000  -3453.04477065229  3448.52443790032
6210000  -3452.78969984515  3449.89349004494
6211000  -3452.71744873817  3452.25806366876
6212000  -3453.30612965595  3451.6898471484
6213000  -3455.77821387374  3452.41272743542
6214000  -3453.3771987064  3452.17471524123
6215000  -3453.7864430806  3454.60516003082
6216000  -3453.74928430119  3454.74780665905
6217000  -3455.78376194431  3456.2946926776
6218000  -3455.07142715673  3456.52871958185
6219000  -3456.62329515335  3457.82102582883
6220000  -3455.48871926988  3458.47140478383
6221000  -3458.75627434697  3459.28173129844
6222000  -3459.5352275471  3461.08079857643
6223000  -3460.75171974743  3460.55230386659
6224000  -3461.71223810724  3463.26531956243
6225000  -3461.1390093337  3462.96381922456
6226000  -3461.70315417698  3463.61233845074
6227000  -3461.83882625092  3464.48962002958
6228000  -3463.32919340411  3465.68308712403
6229000  -3463.19446579213  3463.99517347004
6230000  -3463.02509845695  3464.10324293002
6231000  -3465.55737044566  3466.7094515606
6232000  -3466.66507958997  3465.96602827001
6233000  -3466.09307291394  3465.67251445654
6234000  -3466.15317495065  3464.94709424794
6235000  -3467.04865963879  3467.32782100355
6236000  -3466.83373431966  3466.79116123915
6237000  -3466.97138823102  3468.7271683069
6238000  -3467.01711584625  3468.10497821441
6239000  -3469.47664591997  3468.33407627503
6240000  -3469.77047382072  3468.27156928663
6241000  -3468.23261730364  3469.67283010954
6242000  -3469.71193554463  3470.52189996971
6243000  -3470.02223637996  3471.29300587595
6244000  -3469.40419979243  3470.53937137337
6245000  -3467.8939111159  3470.25503859696
6246000  -3470.87440640122  3471.98202928248
6247000  -3471.7204383288  3472.49490007049
6248000  -3474.10273787461  3472.62847966971
6249000  -3472.63325545065  3471.22414077379
6250000  -3474.24064831418  3471.40900734836
6251000  -3475.03911155741  3471.99337606047
6252000  -3475.56817851807  3473.98941036083
6253000  -3477.95817650597  3472.00173818764
6254000  -3474.93991186557  3474.11023976211
6255000  -3473.41152762252  3475.47421437954
6256000  -3476.40109679502  3477.84956320718
6257000  -3477.44121266339  3477.22938737459
6258000  -3478.34062592522  3477.21044303464
6259000  -3480.31210865958  3478.06627204733
6260000  -3478.75943691817  3479.23013277191
6261000  -3479.35828698551  3479.69682405354
6262000  -3480.11836249503  3478.84433700633
6263000  -3480.21498796716  3478.78868968024
6264000  -3481.59618534447  3480.01208137915
6265000  -3481.41333751636  3479.87845291977
6266000  -3481.5180843368  3481.50311112123
6267000  -3480.74888447936  3482.92399120693
6268000  -3482.86463073042  3481.81198043032
6269000  -3482.88430059364  3484.05844581877
6270000  -3483.39485871076  3483.89951677817
6271000  -3481.47351174432  3484.95955367348
6272000  -3480.4264841136  3484.62554936784
6273000  -3482.01362575926  3482.14830176342
6274000  -3481.95118849022  3484.81545999382
6275000  -3484.43913463042  3484.81478761191
6276000  -3484.95009862774  3483.13118094608
6277000  -3485.32947824906  3483.50948644371
6278000  -3486.07364935848  3484.92594583215
6279000  -3483.87660238351  3485.51987667446
6280000  -3486.29999527764  3485.34695979083
6281000  -3486.32789065563  3486.83286112434
6282000  -3485.50923137549  3487.77977980317
6283000  -3487.88823190593  3488.44770770573
6284000  -3486.67338422645  3491.3889511295
6285000  -3489.80269841166  3493.43221951793
6286000  -3489.5988852701  3493.33865268546
6287000  -3491.32614320312  3495.91189590634
6288000  -3491.57576054377  3496.87458329277
6289000  -3492.95324010082  3497.72977773049
6290000  -3492.27339494507  3497.62628413214
6291000  -3491.86509282884  3499.64378761038
6292000  -3491.92456898832  3499.56310891365
6293000  -3495.38667963953  3501.37382906266
6294000  -3497.53206773186  3501.76669136165
6295000  -3495.57183958799  3500.71244644765
6296000  -3495.95592178315  3500.72572426562
6297000  -3495.00657557677  3500.82523482655
6298000  -3495.81781603225  3501.77828135861
6299000  -3498.18619589019  3502.12384187577
6300000  -3497.35467281457  3503.07656141345
6301000  -3499.55254909793  3500.56251568148
6302000  -3500.75479978824  3501.6431386543
6303000  -3501.24258854065  3502.52388649058
6304000  -3501.08379033804  3503.13317660986
6305000  -3500.34887293244  3503.46939554113
6306000  -3502.63219867534  3503.94281293651
6307000  -3502.19425830267  3502.49979978175
6308000  -3503.5657287745  3503.48789808305
6309000  -3503.65402687248  3505.50805203796
6310000  -3503.55145935776  3505.79246833064
6311000  -3502.95986776709  3507.13604389179
6312000  -3502.75791336987  3509.31060160889
6313000  -3503.10950027466  3509.71266104526
6314000  -3504.11675975856  3508.05974244998
6315000  -3504.81919709979  3508.23742812367
6316000  -3504.49045776121  3510.77821618214
6317000  -3505.56095061582  3511.52293895285
6318000  -3506.40455923892  3512.36866781419
6319000  -3505.93049655705  3511.37749663872
6320000  -3506.68652502577  3512.7416804832
6321000  -3506.89441045281  3512.16519725658
6322000  -3507.36773842514  3512.50011055896
6323000  -3509.40592941951  3514.20945296975
6324000  -3510.32615290065  3514.150267879
6325000  -3512.04627199244  3513.34524318405
6326000  -3512.86446135581  3513.18250611138
6327000  -3512.27160394326  3513.11690610944
6328000  -3511.6940339587  3512.83599050988
6329000  -3515.70369086865  3513.35504394065
6330000  -3514.9794734718  3513.11060747543
6331000  -3514.98496932043  3514.72282579088
6332000  -3514.18735781025  3515.16512820364
6333000  -3514.54097916249  3515.70178541208
6334000  -3514.48305620587  3516.03322347617
6335000  -3516.98441897077  3515.74868338715
6336000  -3516.17105525902  3518.1180852741
6337000  -3517.25258204884  3517.60649604224
6338000  -3517.11788248975  3521.29534130042
6339000  -3518.18320049558  3519.92010924911
6340000  -3521.99136763807  3521.7422231419
6341000  -3519.98731914474  3521.27954343125
6342000  -3519.95571574361  3520.92078749865
6343000  -3520.66089679021  3522.79482314761
6344000  -3520.55361531743  3522.51983128039
6345000  -3522.69024025768  3524.2588208014
6346000  -3524.00645168571  3526.3230896022
6347000  -3525.24857778562  3526.09428003933
6348000  -3526.424415175  3526.66793676406
6349000  -3526.93636095588  3525.99341718142
6350000  -3527.44269797945  3525.44973977733
6351000  -3528.79182933011  3526.04816961236
6352000  -3527.91449446887  3524.30385046596
6353000  -3529.91871041843  3526.61331947622
6354000  -3527.88573014374  3527.43069603782
6355000  -3529.59370763286  3527.40443887701
6356000  -3535.27743373419  3529.36906896641
6357000  -3531.40478278691  3529.93698565174
6358000  -3534.40191838395  3531.44654008271
6359000  -3534.10895548731  3531.20950367408
6360000  -3533.49421892329  3532.87208666066
6361000  -3533.42514008126  3534.3883991729
6362000  -3535.80625884782  3534.31435348194
6363000  -3533.26349467364  3535.18878046301
6364000  -3535.39400996435  3534.84374363037
6365000  -3534.59969115833  3534.08460407993
6366000  -3535.45865470146  3535.05390068767
6367000  -3536.65774288048  3536.18800829752
6368000  -3536.04824766318  3536.05225934052
6369000  -3536.62953582934  3537.50805179484
6370000  -3537.08403620899  3536.63644176007
6371000  -3538.58745040425  3537.35196831619
6372000  -3540.51236120246  3538.48759504527
6373000  -3536.67084977705  3539.26812869948
6374000  -3536.94758248652  3540.77723695206
6375000  -3538.14498380792  3540.31256166288
6376000  -3538.96193545626  3541.21789891533
6377000  -3538.64982282294  3543.561130456
6378000  -3539.15524624555  3543.14873743009
6379000  -3541.22145355534  3546.35378548023
6380000  -3543.52927775329  3544.75365649022
6381000  -3544.06130651134  3544.64312134352
6382000  -3545.6939226884  3547.70101575095
6383000  -3545.98120291055  3545.97226594049
6384000  -3547.63330129254  3546.84242819008
6385000  -3550.12240687397  3548.71358091346
6386000  -3550.57572897085  3548.34569959394
6387000  -3550.55802948074  3551.16708671869
6388000  -3549.36531440708  3550.37698663634
6389000  -3551.38256751357  3552.74574245045
6390000  -3550.09449333304  3551.67334834596
6391000  -3550.87146230721  3551.90830778005
6392000  -3551.30102255713  3552.00783322753
6393000  -3551.85971182469  3552.57069028936
6394000  -3554.42550135873  3551.82585414721
6395000  -3554.5992014434  3551.77582658658
6396000  -3553.070585209  3552.94974316355
6397000  -3553.27153301619  3554.10043365335
6398000  -3555.31117851781  3554.41686388734
6399000  -3555.98825586315  3555.17660633528
6400000  -3555.83842950221  3554.61689941462
6401000  -3557.90766653331  3556.53696605442
6402000  -3558.40267964606  3556.2458776115
6403000  -3559.97095907308  3558.78325303858
6404000  -3561.68341713104  3558.07337817105
6405000  -3561.5591709644  3558.43400766237
6406000  -3561.71108370098  3558.77429705506
6407000  -3562.08296127181  3558.61596891221
6408000  -3565.18583161094  3559.79602772142
6409000  -3560.63839222632  3560.4365584727
6410000  -3563.4268842661  3558.89598085625
6411000  -3565.02084751717  3560.13375092636
6412000  -3565.6323926506  3560.84201421846
6413000  -3566.9690136757  3562.37131084125
6414000  -3566.49981321457  3561.45374053298
6415000  -3567.89601214857  3562.51414499753
6416000  -3571.86980045877  3564.49062173727
6417000  -3570.39837442172  3565.7552915527
6418000  -3569.74608294594  3567.41041281886
6419000  -3572.19304590438  3566.24005448232
6420000  -3571.58339870263  3566.0981460459
6421000  -3571.79135025559  3567.15176650735
6422000  -3571.77323020486  3565.51388253645
6423000  -3571.08895715139  3566.59242633636
6424000  -3569.84866861337  3566.96105538108
6425000  -3572.26616593415  3566.21194531078
6426000  -3572.16497293944  3566.70359505898
6427000  -3573.9989396367  3566.6922679918
6428000  -3575.29276084115  3568.81938548798
6429000  -3576.07678577814  3568.48636525809
6430000  -3576.16530819613  3569.40394480287
6431000  -3576.73574743849  3569.32922510628
6432000  -3574.17881519437  3569.20112320378
6433000  -3578.1606254046  3570.75453963892
6434000  -3578.02301402013  3571.90920839675
6435000  -3576.31672679699  3572.08537508192
6436000  -3580.73773629743  3573.03435830042
6437000  -3579.40872000197  3572.80985203531
6438000  -3579.1253282766  3573.97328486795
6439000  -3578.29131320108  3574.23972054265
6440000  -3578.74523946352  3575.22555597115
6441000  -3579.98005509629  3575.36698156759
6442000  -3579.12595634787  3573.52524767397
6443000  -3577.75828118788  3573.48039599673
6444000  -3578.86656002271  3573.84952216768
6445000  -3578.97633697304  3578.05007545665
6446000  -3578.94576656747  3576.77282055655
6447000  -3580.75767981534  3577.4420101461
6448000  -3581.24867509743  3577.85461733119
6449000  -3582.51502671135  3577.88194479626
6450000  -3584.56530973324  3577.95155155451
6451000  -3583.66225239856  3579.63761474009
6452000  -3586.89996288048  3579.66002865337
6453000  -3587.5020638701  3580.65508811437
6454000  -3589.0863163376  3581.70977042759
6455000  -3589.01373934006  3581.28399447367
6456000  -3590.1553840834  3584.25502167063
6457000  -3589.68428713652  3582.01282461758
6458000  -3591.36571036554  3583.76347081655
6459000  -3590.50912728163  3583.59962718244
6460000  -3590.79833189096  3582.79402779674
6461000  -3591.7731949865  3585.25198011165
6462000  -3592.64256139093  3585.70475269713
6463000  -3594.25750651846  3587.54244192994
6464000  -3593.19003566395  3587.42727991354
6465000  -3596.96520887807  3588.83380855005
6466000  -3595.28346302056  3590.56300616492
6467000  -3598.1131850972  3589.15123569835
6468000  -3596.47342747307  3589.64030146871
6469000  -3596.54238660839  3592.32490096389
6470000  -3597.76938797221  3591.60110506247
6471000  -3595.80683873136  3591.25974230224
6472000  -3596.22131879117  3591.11570310511
6473000  -3600.44301451522  3591.57125183094
6474000  -3598.4898087613  3593.45627495105
6475000  -3599.25653122707  3593.24174751075
6476000  -3599.3210118681  3595.00800673252
6477000  -3599.46860297384  3596.28665755461
6478000  -3603.14003229009  3596.08981178305
6479000  -3603.90009771536  3598.06227636923
6480000  -3605.00480685694  3597.75079226261
6481000  -3604.36904728711  3600.26284494237
6482000  -3605.59146331477  3601.24525087284
6483000  -3605.80604843728  3599.44310563389
6484000  -3607.27658771798  3602.87681398451
6485000  -3606.66635169847  3603.81538007361
6486000  -3607.90858049487  3603.74378260832
6487000  -3606.57130534403  3601.81008870547
6488000  -3607.92018179505  3603.96241316105
6489000  -3606.67668838172  3603.90273806746
6490000  -3608.27875877601  3604.11513713154
6491000  -3608.53701356552  3606.7545101519
6492000  -3608.80889134851  3607.94668086251
6493000  -3608.6978051929  3608.06000172748
6494000  -3609.79935511241  3608.72716674818
6495000  -3611.02500033949  3609.37342402864
6496000  -3608.50586033919  3605.96531488389
6497000  -3612.33455083124  3609.47781123404
6498000  -3612.62863286728  3610.22724829907
6499000  -3611.83344586463  3610.28783388798
6500000  -3614.49277810767  3609.64542776276
6501000  -3613.40346297386  3610.60830553269
6502000  -3611.72991225563  3611.05203098937
6503000  -3613.92163668388  3613.73797112859
6504000  -3613.95081633519  3609.67998045931
6505000  -3614.48186572223  3611.6131335574
6506000  -3614.13120223364  3611.79171633131
6507000  -3614.08408814526  3613.31561940547
6508000  -3615.37659020686  3613.42311032502
6509000  -3614.55575764578  3612.54344770563
6510000  -3614.71248311241  3612.5830146465
6511000  -3615.96646310278  3613.71755613749
6512000  -3614.93473187032  3613.15680604121
6513000  -3617.38251498362  3614.81518569616
6514000  -3619.17357136619  3615.13700478167
6515000  -3617.31981797323  3617.48969392109
6516000  -3619.32947547123  3618.43978782592
6517000  -3621.50523401868  3618.1957492714
6518000  -3621.55707363224  3618.43833661103
6519000  -3619.56148313344  3619.90351002387
6520000  -3622.02249251794  3618.67684901961
6521000  -3621.67706867308  3621.93500003847
6522000  -3623.22681656048  3619.38188612904
6523000  -3621.86959297205  3621.29741803501
6524000  -3623.15713787541  3622.11736920816
6525000  -3623.32748400535  3622.90852269338
6526000  -3625.68269769234  3624.56589981637
6527000  -3625.06579052269  3624.47185064761
6528000  -3624.31633135993  3624.87332399108
6529000  -3628.13751763755  3624.25580834252
6530000  -3626.30285868561  3625.39281852866
6531000  -3628.17110460262  3626.27061975956
6532000  -3628.64381144499  3625.42780839485
6533000  -3629.53962271204  3625.40384356804
6534000  -3628.26247718229  3625.45549944245
6535000  -3629.42778626068  3627.30544280465
6536000  -3631.56270223555  3629.04997920826
6537000  -3631.80715775883  3627.33764857845
6538000  -3632.38646408797  3628.94110906314
6539000  -3633.83357669965  3631.14749061138
6540000  -3634.44303325858  3632.55443778456
6541000  -3635.84627078941  3632.61030106448
6542000  -3635.74996868093  3631.82029629003
6543000  -3637.77576558155  3631.05038239207
6544000  -3638.41002508422  3632.83602723249
6545000  -3641.42844101345  3634.56498193514
6546000  -3641.29666104939  3636.40142887465
6547000  -3642.94084770147  3636.63069177646
6548000  -3642.52224577727  3637.36339574427
6549000  -3640.85428188791  3636.29214801363
6550000  -3641.63141852405  3636.18815045069
6551000  -3640.34491184653  3638.97844408526
6552000  -3641.62209216287  3638.27477317753
6553000  -3643.99101274359  3641.29169151339
6554000  -3642.74254754665  3639.84984657706
6555000  -3641.94400082038  3642.13323549238
6556000  -3644.70719367601  3643.8281884525
6557000  -3645.59541364943  3645.18757774454
6558000  -3645.48777510299  3643.91238298323
6559000  -3645.77720291891  3644.21692762974
6560000  -3645.47110666029  3644.30152797812
6561000  -3647.5544866763  3643.22181863581
6562000  -3647.43943767013  3646.08332499288
6563000  -3649.58855296329  3644.77981591234
6564000  -3651.09195846435  3643.46615539639
6565000  -3646.87458429458  3646.85844085203
6566000  -3648.1912166221  3645.60117383982
6567000  -3650.62690776135  3646.87723054964
6568000  -3652.30124543964  3645.84511889566
6569000  -3653.48517863576  3648.46118882024
6570000  -3653.11799373137  3644.70095540636
6571000  -3652.83948474479  3644.65107425191
6572000  -3652.54603563547  3647.1372568486
6573000  -3655.12916132157  3650.01723709547
6574000  -3655.18935919705  3648.47301566577
6575000  -3653.28602274301  3648.25576423393
6576000  -3653.43001561688  3648.51209886895
6577000  -3653.56681386538  3649.43155460076
6578000  -3656.06470091561  3651.72794719016
6579000  -3655.11699847221  3653.28097747613
6580000  -3654.5402425915  3653.57785060191
6581000  -3654.21534022196  3654.31558093209
6582000  -3654.80060219376  3654.42994128928
6583000  -3657.0649928732  3655.53472537841
6584000  -3657.5962097517  3656.18423719978
6585000  -3654.39627621952  3654.26314768814
6586000  -3656.65917109365  3654.47949268527
6587000  -3655.40613243876  3654.73309824857
6588000  -3655.73583340883  3654.01631479484
6589000  -3654.25601724212  3657.321136888
6590000  -3655.06440946198  3656.69503460745
6591000  -3652.43524382008  3655.66613774775
6592000  -3654.21527095947  3654.4395450302
6593000  -3655.81916438776  3654.59713947354
6594000  -3657.01326025638  3656.19112241302
6595000  -3658.55951496106  3654.31938296131
6596000  -3660.3939322105  3658.46868838954
6597000  -3661.39078873301  3657.59777738216
6598000  -3661.30706560923  3658.45120853015
6599000  -3661.35005925089  3658.08991477141
6600000  -3661.36334796947  3656.89070405706
6601000  -3662.4137806686  3656.91917473957
6602000  -3662.48590088767  3657.3679069974
6603000  -3663.4954271346  3658.05604492788
6604000  -3665.60017252318  3658.72300550096
6605000  -3665.24731616668  3660.00535752175
6606000  -3666.10504817114  3660.81288359923
6607000  -3667.57587114493  3661.82249650963
6608000  -3669.87867210441  3661.94666264222
6609000  -3668.72895914684  3663.3834001576
6610000  -3670.45977509692  3664.18944029558
6611000  -3671.00580959758  3664.40689703561
6612000  -3670.97810507593  3663.42665686554
6613000  -3673.74030483183  3664.39562980973
6614000  -3671.13484242321  3664.85015100801
6615000  -3673.65887784068  3664.63381607811
6616000  -3673.11751289606  3663.50117891692
6617000  -3673.16026056989  3665.80594062363
6618000  -3672.52332228748  3666.85009006122
6619000  -3674.32125821946  3666.90679802825
6620000  -3672.90727760095  3666.11917405016
6621000  -3673.15272127992  3668.08163734518
6622000  -3676.44693058543  3666.55125356961
6623000  -3674.81637721362  3666.82006752893
6624000  -3674.57030703054  3671.70406540025
6625000  -3675.91876770442  3670.16268626756
6626000  -3675.53498223985  3671.82002555612
6627000  -3675.22176942118  3671.66173294993
6628000  -3676.50440086312  3670.31921804262
6629000  -3676.03605554292  3674.13824080839
6630000  -3676.95838028756  3674.30978684775
6631000  -3676.22933503179  3673.32374299288
6632000  -3677.68345513628  3674.03519101033
6633000  -3679.11137311746  3674.97355564763
6634000  -3681.34298779571  3674.49753959763
6635000  -3679.28505817123  3674.97351871053
6636000  -3682.02447395894  3674.73038378878
6637000  -3680.4666583863  3674.5029295157
6638000  -3680.29372903602  3674.49393039963
6639000  -3681.15914579651  3673.16379637061
6640000  -3682.81403354538  3673.83210757479
6641000  -3679.6331074441  3674.42277147068
6642000  -3682.88567379227  3677.05785136581
6643000  -3683.70517583945  3674.9675599571
6644000  -3683.08275799768  3677.17321149603
6645000  -3684.95531873674  3677.43864228103
6646000  -3683.38394442638  3680.74155313314
6647000  -3685.10672500366  3679.69999712942
6648000  -3685.46466808064  3680.66981106504
6649000  -3684.49757963685  3681.57085193678
6650000  -3686.23984764607  3681.96535309165
6651000  -3685.04297135451  3684.5335021528
6652000  -3684.958425832  3683.44083345335
6653000  -3685.34716167793  3684.52295476567
6654000  -3685.93633617388  3686.40436387851
6655000  -3687.50970160194  3687.93109385049
6656000  -3687.05557021377  3688.64240517354
6657000  -3688.07710063574  3691.29013995602
6658000  -3687.81493612367  3689.7914483006
6659000  -3688.5675033152  3691.66974782767
6660000  -3688.55989523088  3691.00735047522
6661000  -3690.88092546153  3689.91040756312
6662000  -3691.99511892806  3691.9472897928
6663000  -3690.96979946345  3693.53308005349
6664000  -3691.70785322755  3693.09978683631
6665000  -3693.0465181326  3693.61926555777
6666000  -3695.44258326725  3693.74169568576
6667000  -3694.96739428467  3694.63476103409
6668000  -3695.61626444381  3696.69185190416
6669000  -3698.43618548993  3696.20030836829
6670000  -3700.21783107689  3694.88629573123
6671000  -3699.90549100761  3696.60486480492
6672000  -3700.70846524443  3696.13662576961
6673000  -3701.47145659327  3698.59888799247
6674000  -3701.33019590597  3695.38766920457
6675000  -3702.74506924085  3695.99289094657
6676000  -3705.2484892652  3696.8578508942
6677000  -3708.98435457535  3697.18797126745
6678000  -3707.7747200522  3699.26843742902
6679000  -3709.69219892582  3699.33530949401
6680000  -3708.48780953495  3698.95694257137
6681000  -3705.9115360172  3701.02198679159
6682000  -3708.4131425395  3701.22238640228
6683000  -3709.65796748413  3702.30461322532
6684000  -3710.19607931633  3703.69197990874
6685000  -3708.82092469925  3703.06572077838
6686000  -3710.62097504162  3701.13854485137
6687000  -3709.40619067084  3703.90138172976
6688000  -3711.2186844559  3704.55607326974
6689000  -3711.85475474813  3708.30219593858
6690000  -3713.36999869584  3706.55294082518
6691000  -3712.50166071116  3706.39773614755
6692000  -3713.39043646569  3706.29458933197
6693000  -3714.67479905779  3709.46038189792
6694000  -3715.37925425753  3708.24304382934
6695000  -3715.31056478029  3709.46434265803
6696000  -3716.68488021308  3710.17702779944
6697000  -3718.42925663977  3710.80915130368
6698000  -3715.94697635236  3713.43767412204
6699000  -3716.61228865162  3715.78192042307
6700000  -3717.63498337011  3716.00926093612
6701000  -3717.70993163687  3716.01016880457
6702000  -3718.52872658572  3717.24622383889
6703000  -3720.51288398176  3720.35084067025
6704000  -3718.3553958807  3718.57326516904
6705000  -3718.46705568837  3721.64553617821
6706000  -3723.20504577923  3722.9233095406
6707000  -3719.66167739687  3720.1354300389
6708000  -3721.19908420534  3721.88172480427
6709000  -3722.11210800127  3721.28998775039
6710000  -3723.86646817889  3723.1631037107
6711000  -3725.00078653492  3723.69230217185
6712000  -3726.34945463525  3723.7323019605
6713000  -3726.428661465  3726.02353229143
6714000  -3726.36565350688  3724.48037206612
6715000  -3726.73794736406  3725.84220456977
6716000  -3729.14068153989  3727.41330024892
6717000  -3726.57980915157  3729.52474810427
6718000  -3728.99372295858  3729.40999958793
6719000  -3727.06997022731  3731.25907318448
6720000  -3729.72404569743  3729.97877196229
6721000  -3728.91660022775  3730.47669507882
6722000  -3731.32677556636  3731.66585111052
6723000  -3732.8562546224  3733.45942292294
6724000  -3732.61663704098  3731.25625852059
6725000  -3731.74330005267  3732.73282346332
6726000  -3734.53825903033  3734.35897068435
6727000  -3735.79620198207  3735.51342956543
6728000  -3737.36082086915  3735.70738251455
6729000  -3737.94907680452  3734.18861114579
6730000  -3738.68854100009  3736.26003313486
6731000  -3739.64949304224  3736.93537442018
6732000  -3739.10269382798  3738.75380796347
6733000  -3740.41090833999  3736.99694897006
6734000  -3741.23582296974  3739.57830646247
6735000  -3743.82895083377  3738.9294430646
6736000  -3743.46543214318  3738.13193447099
6737000  -3744.30503268646  3738.96205096613
6738000  -3743.49928542437  3739.32819213964
6739000  -3746.10862778239  3739.00705634781
6740000  -3745.66033043811  3740.04060205287
6741000  -3745.66026700852  3742.24173132927
6742000  -3748.37782029953  3742.69812452389
6743000  -3748.31779515039  3745.50880587222
6744000  -3746.78850415054  3746.76477344991
6745000  -3750.30057845461  3747.79699377243
6746000  -3750.07807638028  3747.9917803675
6747000  -3749.66072106452  3749.08884580291
6748000  -3750.70936011041  3748.68502037917
6749000  -3751.3432089467  3748.49214496855
6750000  -3752.56634969956  3751.03424221805
6751000  -3753.71915471727  3751.34499735566
6752000  -3755.47141925276  3752.21339462367
6753000  -3753.95073203118  3752.72978310475
6754000  -3754.76969535919  3753.47450547752
6755000  -3755.07725235934  3754.19191522353
6756000  -3755.32566910019  3754.94243348756
6757000  -3754.74727110523  3754.25844626151
6758000  -3754.94429614074  3756.02290932595
6759000  -3756.00151296037  3755.57124569197
6760000  -3754.79319307916  3757.20237657428
6761000  -3755.95762754234  3757.89896699515
6762000  -3758.10489340399  3758.73977033316
6763000  -3758.98396485989  3759.35767801892
6764000  -3759.13596248712  3758.8626812171
6765000  -3759.33970114982  3760.0725056224
6766000  -3760.06101403307  3760.17994402012
6767000  -3761.10724977047  3762.70027323728
6768000  -3762.66066129922  3762.71528615516
6769000  -3763.07776705575  3758.87311881988
6770000  -3763.76905209377  3761.50583579611
6771000  -3764.01671258323  3762.50152735735
6772000  -3765.51393982945  3760.49705182572
6773000  -3767.99081999818  3761.78420656615
6774000  -3769.36396444718  3763.27243966133
6775000  -3766.76475512116  3763.21393592076
6776000  -3768.3167740395  3763.76448245163
6777000  -3766.66930412402  3763.79544641437
6778000  -3768.93778218525  3763.26125737546
6779000  -3768.950835398  3762.44641705038
6780000  -3770.68473135579  3764.91620150177
6781000  -3768.56494291918  3766.58351448572
6782000  -3770.76660386741  3767.19783990735
6783000  -3770.18993059572  3765.35181256214
6784000  -3771.8865917601  3766.58542882231
6785000  -3774.18081996175  3768.67112926851
6786000  -3773.56530704149  3768.18858953407
6787000  -3775.05283034542  3769.09189169508
6788000  -3774.07385461596  3769.09476665021
6789000  -3776.2945152593  3768.8972715855
6790000  -3777.09552017846  3769.67029821743
6791000  -3778.81611262064  3768.96997161863
6792000  -3777.67532809171  3769.63895990741
6793000  -3779.72944331555  3771.66687763281
6794000  -3781.39964964541  3769.47905359328
6795000  -3780.18566889024  3769.82920231546
6796000  -3781.37752638304  3771.52226905088
6797000  -3780.78352967261  3772.03714122203
6798000  -3780.88058453471  3771.94105505784
6799000  -3781.49323231615  3773.01244525368
6800000  -3782.77700333175  3774.32840451823
6801000  -3783.05177951368  3772.79297784671
6802000  -3784.83508805971  3773.38755084136
6803000  -3782.82859026193  3772.59188240583
6804000  -3781.61142062361  3772.83197628858
6805000  -3780.52066524012  3776.06614212582
6806000  -3782.45572011207  3776.05522881974
6807000  -3782.75716884481  3777.98032134699
6808000  -3783.68773324131  3777.57778448489
6809000  -3784.10229430886  3778.72779034016
6810000  -3785.09546337267  3780.04492164391
6811000  -3786.7516149907  3780.24970455988
6812000  -3786.21407842941  3780.84632384161
6813000  -3787.72222545416  3783.13088994608
6814000  -3786.17341863968  3784.93824735228
6815000  -3788.15638104015  3784.37673418598
6816000  -3786.08558906992  3786.99691541991
6817000  -3785.34631340748  3785.92691722418
6818000  -3786.77355943274  3786.90527491547
6819000  -3786.90438212944  3786.70750228589
6820000  -3788.11158485943  3787.7936669618
6821000  -3790.42406654725  3788.45864522648
6822000  -3789.44682845348  3789.75599857305
6823000  -3789.09918763301  3790.52246083261
6824000  -3789.86267262374  3788.59667358991
6825000  -3793.56144712735  3790.06498505661
6826000  -3793.36764122559  3788.41029910282
6827000  -3794.42961694728  3789.38178772402
6828000  -3793.80847482192  3792.24459953609
6829000  -3794.17029199962  3793.0581317078
6830000  -3793.54237987847  3793.9429176106
6831000  -3795.68279247192  3793.98931633921
6832000  -3796.08342282894  3794.17464363121
6833000  -3797.60914253892  3793.13125112286
6834000  -3795.83912445406  3796.51956609369
6835000  -3796.74292416537  3796.54445454312
6836000  -3797.05888380796  3795.8902826742
6837000  -3799.68134067015  3795.24091462036
6838000  -3798.64379170249  3797.13475167451
6839000  -3799.6576748186  3796.72540017887
6840000  -3802.48978968712  3797.51725108211
6841000  -3799.80927291882  3797.2328665026
6842000  -3801.83888222743  3801.08564734089
6843000  -3803.24665052926  3800.53349764167
6844000  -3801.03625533848  3799.4535159645
6845000  -3803.05136830615  3801.00071814339
6846000  -3802.15474757312  3798.5657541375
6847000  -3805.07274160801  3800.81241648556
6848000  -3802.67925031583  3800.45545534373
6849000  -3805.20596966854  3802.37680961776
6850000  -3805.4851327915  3803.45117075455
6851000  -3804.58205783213  3800.53361681472
6852000  -3808.22273706435  3801.90307027649
6853000  -3805.38638789359  3803.58380862009
6854000  -3807.50732362463  3804.4675291869
6855000  -3806.29710596994  3807.50515850608
6856000  -3805.21559857078  3806.93024208584
6857000  -3805.74111095274  3806.60109603958
6858000  -3806.6714554357  3806.47492672377
6859000  -3807.34149004644  3808.16835622202
6860000  -3807.49524934925  3806.91549859194
6861000  -3808.94402766962  3808.12071950641
6862000  -3808.11350671865  3807.2779253305
6863000  -3807.39770854518  3808.28234754646
6864000  -3807.7276922011  3809.37169467209
6865000  -3807.70392496211  3809.79924458919
6866000  -3810.08632510407  3812.07139223513
6867000  -3807.9400215154  3811.39889484667
6868000  -3809.78367679567  3812.22949360861
6869000  -3811.38756928984  3811.5149554178
6870000  -3812.7877453249  3810.4572817221
6871000  -3811.78896136534  3812.07303362691
6872000  -3812.82494254005  3813.63400595916
6873000  -3814.46752651094  3813.03436334737
6874000  -3817.19949288483  3814.71030477674
6875000  -3817.55629228887  3813.01318026128
6876000  -3818.28671356096  3814.15470972647
6877000  -3818.33785512715  3813.27661104687
6878000  -3819.26099345481  3813.91222186804
6879000  -3819.94085967155  3815.63794979531
6880000  -3820.5950282556  3817.86594537567
6881000  -3821.95519319921  3816.9800729133
6882000  -3819.95988456862  3816.39332008559
6883000  -3821.35962477035  3818.74117061595
6884000  -3821.39656817603  3819.27530033721
6885000  -3823.55742318968  3819.61943611143
6886000  -3825.20488309849  3820.46684256549
6887000  -3826.26329712051  3819.91452667505
6888000  -3825.28170650309  3821.55009743234
6889000  -3825.72269847583  3821.70218254855
6890000  -3825.27505223307  3824.50486587076
6891000  -3826.01131939477  3825.46039208662
6892000  -3828.63231745311  3827.31682825159
6893000  -3828.55141344122  3826.52202046528
6894000  -3831.16123813852  3827.76240657622
6895000  -3830.35057140495  3829.8323832521
6896000  -3830.01056824491  3830.03343340194
6897000  -3830.15782967596  3831.14288564129
6898000  -3831.7661160617  3832.17540517669
6899000  -3834.14292685071  3832.88001406818
6900000  -3833.74608251525  3834.70722176212
6901000  -3834.58252413167  3835.29593486662
6902000  -3835.7686281577  3835.21401439171
6903000  -3837.83655610747  3836.73929993827
6904000  -3838.55695786612  3835.66580769236
6905000  -3838.16873356622  3835.9037185785
6906000  -3838.40133903411  3838.84672224482
6907000  -3838.60229736311  3836.94152535603
6908000  -3839.674073107  3838.45968986443
6909000  -3842.3925319385  3839.33448438205
6910000  -3842.61488283217  3839.78216754636
6911000  -3841.11999957768  3841.9706532319
6912000  -3841.570530912  3844.26660479052
6913000  -3842.50782766388  3841.131402412
6914000  -3842.49448611414  3840.79054183925
6915000  -3842.13797121614  3841.55594019985
6916000  -3844.88016646803  3842.7532738001
6917000  -3843.81848201338  3843.24080580271
6918000  -3845.62140668961  3845.84891119534
6919000  -3846.97287214385  3842.76023877179
6920000  -3847.7263139709  3841.89060901135
6921000  -3847.99914264172  3842.86900876482
6922000  -3847.22368485188  3844.19101927743
6923000  -3849.16357790575  3844.57451440388
6924000  -3851.2997599633  3845.11573878133
6925000  -3850.9255851651  3845.39413827226
6926000  -3853.50516402468  3846.07754420796
6927000  -3855.88070230469  3847.65870455811
6928000  -3853.70531860478  3848.81930389844
6929000  -3856.2450748256  3848.66927755729
6930000  -3854.33160909654  3849.08670977151
6931000  -3856.62656810277  3848.17100608718
6932000  -3856.04490822093  3848.03346794552
6933000  -3859.50528322425  3849.67781601329
6934000  -3860.09524712567  3848.19439167808
6935000  -3861.01490258098  3849.80712991946
6936000  -3859.82955524702  3850.82751776433
6937000  -3862.32517661158  3852.91505129818
6938000  -3862.36668930628  3853.38972902594
6939000  -3862.59714056804  3854.37693078461
6940000  -3860.51201559092  3852.67799042952
6941000  -3863.85569893143  3853.71425881227
6942000  -3864.55535851405  3853.20627934423
6943000  -3862.55445033911  3854.48376833187
6944000  -3864.27626391486  3856.83631437003
6945000  -3864.47914908018  3856.75190560676
6946000  -3865.50856959413  3855.01569733713
6947000  -3865.98189853566  3854.24868680575
6948000  -3867.3672230847  3856.2428123832
6949000  -3867.77162953136  3857.44663164581
6950000  -3866.89873647172  3858.45417908286
6951000  -3867.70729203303  3857.19928625362
6952000  -3871.51523009784  3859.49598178495
6953000  -3867.95730608263  3859.26780995039
6954000  -3869.26944043726  3862.26890717761
6955000  -3870.20106912081  3863.1367503601
6956000  -3871.51112301878  3861.9759461063
6957000  -3871.17539493426  3862.03663552849
6958000  -3871.55311512275  3862.73974666216
6959000  -3871.5234461846  3863.36225275821
6960000  -3873.74917812642  3862.74941281221
6961000  -3877.18792177932  3862.0211522215
6962000  -3878.2855470712  3861.46348227887
6963000  -3876.86992267973  3863.55111645347
6964000  -3879.44241147868  3864.83495308478
6965000  -3877.23335527361  3863.3529454187
6966000  -3881.65322231336  3865.01501358971
6967000  -3881.69092989552  3866.10693702215
6968000  -3883.29708256978  3865.71975139073
6969000  -3883.31109937971  3865.95349989478
6970000  -3883.95022413179  3866.56303710586
6971000  -3884.38449626335  3868.53510808856
6972000  -3884.48901010563  3867.33129888268
6973000  -3883.42118308746  3869.19896026663
6974000  -3886.49708815267  3868.63804976147
6975000  -3885.58848821353  3869.67791928727
6976000  -3887.28251433757  3871.8719708142
6977000  -3889.86820563907  3873.509385688
6978000  -3889.92619712215  3875.49813909707
6979000  -3887.61807698393  3876.36512358952
6980000  -3889.14594331311  3876.814632511
6981000  -3890.92442609538  3876.80823940636
6982000  -3892.42702242947  3877.63682483673
6983000  -3891.84081433908  3878.21349199812
6984000  -3891.50576812512  3878.3970647823
6985000  -3892.76996864639  3878.76468391588
6986000  -3891.01156789619  3878.78391227286
6987000  -3893.46905196698  3880.6078078536
6988000  -3893.09693323878  3882.71861730963
6989000  -3892.97259946677  3883.23402835953
6990000  -3893.66242398224  3884.28441798454
6991000  -3895.77606314456  3884.36745769969
6992000  -3895.51698015654  3885.96346428451
6993000  -3894.88694492007  3885.75424390029
6994000  -3898.0132780096  3887.07800330884
6995000  -3899.32107083962  3888.45556169948
6996000  -3899.74322854099  3888.02324330507
6997000  -3899.37554694017  3889.40301429464
6998000  -3899.34149389581  3890.60662133238
6999000  -3900.53011670654  3891.48363104595
7000000  -3902.30445795226  3890.83266104514
7001000  -3902.67863826668  3892.81628879999
7002000  -3900.99293612181  3892.52378164738
7003000  -3901.11408894234  3891.29501648366
7004000  -3904.6846785119  3893.07643752219
7005000  -3903.54996697603  3895.49985891884
7006000  -3902.48010557817  3895.0438408515
7007000  -3900.81910248193  3895.61421818371
7008000  -3899.51373494306  3895.8245674931
7009000  -3901.33626161575  3895.15132043963
7010000  -3902.18932642195  3895.22373305175
7011000  -3902.86301390708  3897.73831470879
7012000  -3904.25377985681  3896.76282619388
7013000  -3903.06301619098  3896.07423974673
7014000  -3901.41149538431  3897.4611994413
7015000  -3901.56248085892  3897.75169424318
7016000  -3902.79497172325  3899.07796800337
7017000  -3899.98075526031  3898.71813833664
7018000  -3903.24457512938  3897.92473114348
7019000  -3902.69516408224  3898.49134994018
7020000  -3901.04361244998  3899.17659724008
7021000  -3902.81330469317  3900.05350070794
7022000  -3906.5820281746  3900.98239904733
7023000  -3906.27021785502  3901.77162182415
7024000  -3903.8378229405  3901.79760253013
7025000  -3905.06820610207  3902.80112775524
7026000  -3904.05139632981  3901.05792905942
7027000  -3903.62758484303  3903.61560117577
7028000  -3906.16351404546  3905.8803072211
7029000  -3907.3605919828  3907.71340315325
7030000  -3909.59394523353  3907.63508269643
7031000  -3911.21704121292  3909.58413067465
7032000  -3911.22139186428  3906.83740074707
7033000  -3911.11849172552  3910.54400900546
7034000  -3909.89165037167  3910.30253855909
7035000  -3912.44014274419  3910.47405460835
7036000  -3912.58099157975  3910.45335263986
7037000  -3912.52101081977  3910.1705779641
7038000  -3914.26129155492  3911.59112382499
7039000  -3915.1251658873  3912.67260027441
7040000  -3913.71855922638  3911.22580707966
7041000  -3915.8562874614  3913.69126206271
7042000  -3914.67485895495  3910.69913466934
7043000  -3915.34048419731  3913.61774094865
7044000  -3919.33900597847  3913.53983575051
7045000  -3918.49154763246  3914.19432554717
7046000  -3918.60729807651  3913.68542035868
7047000  -3919.2541061082  3914.97511448634
7048000  -3920.80268250217  3916.90140158242
7049000  -3922.41874458779  3919.44733918756
7050000  -3923.32775816196  3918.15749611536
7051000  -3924.95683468856  3919.45106443275
7052000  -3925.05103274975  3918.65645827875
7053000  -3924.1547061488  3919.95953851644
7054000  -3923.17571907453  3921.1106892353
7055000  -3923.40370559354  3921.38667885194
7056000  -3924.73574049666  3921.14331717583
7057000  -3924.76886191188  3921.8917558357
7058000  -3924.90931290632  3923.25710249013
7059000  -3925.37711427501  3924.38740408592
7060000  -3925.90328092515  3925.58061712512
7061000  -3926.54495328713  3922.9311419693
7062000  -3929.24154727801  3923.22064486429
7063000  -3928.00456176672  3926.86317459637
7064000  -3929.64307965877  3924.34826858562
7065000  -3930.35458810064  3925.84340066472
7066000  -3932.97077550906  3925.70421547573
7067000  -3930.60092667072  3923.36813613776
7068000  -3931.3698959397  3925.06008575901
7069000  -3931.57340132461  3926.4850768618
7070000  -3930.81028591945  3926.25862812713
7071000  -3930.38950125686  3926.41910957468
7072000  -3931.54066050797  3928.6145420215
7073000  -3935.14573527954  3929.11314189097
7074000  -3935.76925765285  3927.04718478497
7075000  -3934.66409238707  3929.8315581357
7076000  -3934.3606544626  3930.05434324834
7077000  -3934.84397416155  3929.22996911003
7078000  -3934.88648631722  3929.20461980511
7079000  -3936.38427832642  3928.52692001575
7080000  -3937.59722836901  3930.93913942877
7081000  -3937.16657026004  3932.80168642607
7082000  -3939.17537719332  3929.86162956007
7083000  -3939.47266636116  3931.304891488
7084000  -3939.80940659375  3932.12391453985
7085000  -3936.21741942938  3931.82625956711
7086000  -3937.08594510446  3932.48805210283
7087000  -3935.08456388647  3932.13843844582
7088000  -3938.4100628055  3933.14231432515
7089000  -3937.45426179605  3934.91092049655
7090000  -3937.76993105992  3933.54448114198
7091000  -3937.6911198181  3933.60109923961
7092000  -3938.20231377724  3934.950700135
7093000  -3939.82959354506  3936.91934764273
7094000  -3939.30563672171  3937.28716830464
7095000  -3938.01590522826  3936.44057781035
7096000  -3940.30777611362  3938.25916969568
7097000  -3939.97586777404  3939.06330572374
7098000  -3939.84997193901  3939.28923335984
7099000  -3939.46037279201  3940.47885406016
7100000  -3942.51670504475  3939.71858266304
7101000  -3942.21099940156  3939.71083257498
7102000  -3945.17550488941  3942.68482038579
7103000  -3945.44557583552  3941.43716426153
7104000  -3945.30063184238  3942.36094608954
7105000  -3947.51049760129  3942.89565826138
7106000  -3948.10406546258  3942.5911427257
7107000  -3951.76848112421  3943.64737294766
7108000  -3946.96433992447  3943.90279289
7109000  -3948.21025517262  3945.00083205461
7110000  -3948.06334606798  3945.22773587699
7111000  -3949.62816747072  3946.37518357037
7112000  -3950.64576417182  3946.75237892544
7113000  -3946.2098802597  3947.01537373576
7114000  -3947.12230645356  3944.17026105365
7115000  -3947.59932814575  3948.06242907127
7116000  -3948.17601031659  3947.29276223453
7117000  -3950.32988467123  3946.62883282088
7118000  -3949.90517638937  3948.13149844089
7119000  -3951.73745114347  3949.8848822704
7120000  -3950.60985470428  3947.99538383964
7121000  -3951.40311467188  3949.76685773299
7122000  -3951.60994319734  3950.62238271858
7123000  -3952.46839264683  3952.42182179121
7124000  -3954.3081489107  3951.79610076322
7125000  -3955.84232401467  3953.19452574735
7126000  -3955.41908678011  3954.50224637043
7127000  -3955.1718137065  3953.19486949742
7128000  -3956.43233969087  3953.7995538399
7129000  -3958.62264499624  3952.53475344241
7130000  -3957.24531704272  3953.43542110395
7131000  -3960.79543271755  3953.5377582064
7132000  -3957.28321364205  3954.57000379517
7133000  -3960.67965575689  3954.02938876727
7134000  -3959.43381726976  3955.34612854664
7135000  -3962.43068835336  3954.20615520169
7136000  -3962.62655430767  3955.88576209967
7137000  -3962.58576559121  3956.02275867384
7138000  -3960.18045566802  3956.83708329074
7139000  -3962.99270369391  3957.16681956563
7140000  -3962.57061288627  3957.00338379099
7141000  -3966.10963667392  3957.11342863736
7142000  -3967.79868110909  3960.34327157086
7143000  -3967.25885664124  3959.84461336924
7144000  -3966.83700181961  3960.29692962741
7145000  -3967.37398070773  3962.15535893411
7146000  -3967.61130902745  3962.94957241276
7147000  -3968.4391813243  3963.58342056994
7148000  -3969.10615668601  3965.25932919634
7149000  -3968.38958132603  3965.58173634302
7150000  -3970.22269966322  3966.62671374289
7151000  -3968.29678764129  3966.14137286835
7152000  -3968.59101079564  3966.26551939932
7153000  -3968.73257141169  3966.74955801856
7154000  -3970.04235639764  3967.16647010657
7155000  -3969.90929134804  3968.28931072425
7156000  -3971.68453808766  3969.16363256846
7157000  -3969.88425390841  3970.39015998708
7158000  -3971.87700173053  3969.50359139025
7159000  -3973.80555927685  3969.66974039866
7160000  -3975.37530218068  3972.1505098118
7161000  -3974.74852933521  3973.35055413812
7162000  -3973.91690627596  3974.47770444083
7163000  -3975.64006548421  3973.45018646401
7164000  -3975.90009998302  3977.81593847393
7165000  -3976.76798805554  3976.82525425221
7166000  -3976.62810850207  3977.59956326149
7167000  -3977.18356881121  3977.15804257896
7168000  -3978.09029554837  3978.35437298128
7169000  -3977.51929961078  3980.35843539334
7170000  -3979.6342619399  3980.56704324927
7171000  -3978.06925611923  3979.50167588624
7172000  -3978.93027335016  3981.71261453503
7173000  -3981.65474225177  3981.92079858427
7174000  -3983.44975432926  3981.46805819653
7175000  -3985.36434895574  3983.41834999259
7176000  -3986.9186341995  3980.99355902027
7177000  -3989.15993038226  3984.1229780588
7178000  -3985.8128781455  3982.91191885546
7179000  -3986.96254924254  3981.76735371367
7180000  -3985.82972013532  3982.62876087019
7181000  -3988.99309756157  3981.52298430256
7182000  -3988.77895252388  3983.71755582679
7183000  -3985.81799085809  3982.71177734793
7184000  -3987.75112098462  3983.36623042208
7185000  -3986.84184214162  3983.97536141984
7186000  -3989.49829760092  3987.59910859407
7187000  -3991.0955336914  3986.71069466787
7188000  -3990.59206954955  3988.1763127787
7189000  -3992.63092600762  3986.51504774948
7190000  -3994.61281380076  3987.61207996434
7191000  -3997.76589996425  3990.02330826159
7192000  -3994.48300290868  3988.2771037729
7193000  -3996.4426591126  3988.57005032111
7194000  -3995.27441420406  3990.63776707431
7195000  -3995.32889550564  3987.85982837774
7196000  -3997.23819011081  3991.092537899
7197000  -3997.14533133218  3991.00691243155
7198000  -3996.62463434114  3990.7527354979
7199000  -3997.46997694803  3991.40401548744
7200000  -3996.93437869807  3992.94131479792
7201000  -4000.17270171252  3993.50934367653
7202000  -3997.92547313739  3993.70734577887
7203000  -4000.6734193098  3994.19546633615
7204000  -3998.63944352778  3995.81963613535
7205000  -4000.30680489194  3996.11584598416
7206000  -4000.89451928002  3997.76925767982
7207000  -4002.88996258642  3999.72198976946
7208000  -4001.89318320245  3997.16240869861
7209000  -4000.95444474615  3998.62713954407
7210000  -4000.17397234323  4000.2361495394
7211000  -3999.92787656824  3996.94915512459
7212000  -4000.45422916643  3998.65547198224
7213000  -4002.38092970155  4000.03065951139
7214000  -4004.3690487165  4001.09836868162
7215000  -4005.54233408776  4001.53404711229
7216000  -4007.14233893177  4001.84373500127
7217000  -4008.77250835901  4001.81075385391
7218000  -4006.51229834251  4003.54592188512
7219000  -4007.94907601066  4002.55698293114
7220000  -4009.86972828375  4003.92822928506
7221000  -4008.94853802438  4002.94774740306
7222000  -4009.51600620356  4005.28952643352
7223000  -4010.49574832436  4002.26032136792
7224000  -4009.67996667813  4003.32188883603
7225000  -4009.9511173379  4004.05769469817
7226000  -4010.12538733116  4005.3758207561
7227000  -4010.66258227548  4006.39988014203
7228000  -4011.68433248666  4005.65648409746
7229000  -4012.06363837889  4004.51006133938
7230000  -4013.19756495719  4006.82443353049
7231000  -4014.64353167109  4008.14176377997
7232000  -4015.55251080484  4009.23397686704
7233000  -4014.8745392447  4008.67970501186
7234000  -4014.36504043238  4008.23056559738
7235000  -4016.66708280388  4008.37632109509
7236000  -4014.97692329147  4010.12471444941
7237000  -4014.76402581485  4010.01401943078
7238000  -4014.8209993758  4009.25158497266
7239000  -4014.81738843607  4009.35523000329
7240000  -4015.6279527851  4010.39571640447
7241000  -4015.07152766626  4010.6780750383
7242000  -4017.50608711598  4011.37473003926
7243000  -4017.18846270934  4011.93298325281
7244000  -4019.21212699321  4012.35630126494
7245000  -4019.86287225164  4013.64472692101
7246000  -4019.22991146604  4012.76558607129
7247000  -4020.73404571999  4013.88678160226
7248000  -4020.78281060249  4017.13480685554
7249000  -4021.19601998501  4016.7403407557
7250000  -4021.97930331114  4018.9402776595
7251000  -4022.22858697292  4018.1618813216
7252000  -4023.72853087892  4018.01314828793
7253000  -4024.70152508464  4021.4833483692
7254000  -4024.17404325579  4019.6618249436
7255000  -4027.30923258158  4020.21163928248
7256000  -4025.66459066577  4021.02825009532
7257000  -4023.35239013904  4019.09099048084
7258000  -4026.9246586293  4021.07165714329
7259000  -4026.85949243873  4024.99166128786
7260000  -4027.06478002282  4025.59215572894
7261000  -4026.95152828124  4024.55544663844
7262000  -4027.77155828991  4024.74981035317
7263000  -4027.96442106962  4025.80114311927
7264000  -4029.80601009001  4025.36683281547
7265000  -4030.70732551008  4025.70132064534
7266000  -4030.1246241577  4026.49233308692
7267000  -4029.98445022621  4028.36368203501
7268000  -4029.33476650546  4025.73840079592
7269000  -4033.35508733496  4023.98000772804
7270000  -4030.49021366806  4026.40334491743
7271000  -4030.47887118852  4027.99799166862
7272000  -4031.69921718136  4028.4312106775
7273000  -4035.44169156035  4028.15163603548
7274000  -4035.43639372012  4026.5664036097
7275000  -4036.99758147517  4027.81562242582
7276000  -4036.92896679772  4028.64395616009
7277000  -4035.74978003141  4029.58871459151
7278000  -4035.18855093503  4029.14113258978
7279000  -4036.4317391904  4029.39303708181
7280000  -4034.98726761044  4029.65483596184
7281000  -4036.30929387987  4030.58040677509
7282000  -4034.71976956237  4031.24563235059
7283000  -4036.11990848203  4031.38742282433
7284000  -4038.99377527571  4034.13798673672
7285000  -4038.88639554777  4034.5719029089
7286000  -4040.63138540684  4034.99763444599
7287000  -4040.23415729971  4033.05887189237
7288000  -4040.77973417269  4033.02347901218
7289000  -4038.99856664457  4035.01978668665
7290000  -4042.1465644445  4037.73383640906
7291000  -4040.7563953801  4037.83644891002
7292000  -4042.32103082458  4037.23243593022
7293000  -4044.72674079722  4038.64260442603
7294000  -4043.20256893012  4040.29657498932
7295000  -4044.31624139334  4040.69469840461
7296000  -4046.62649850614  4040.64395306565
7297000  -4046.33377949721  4040.24667589998
7298000  -4048.45149895803  4041.92485630585
7299000  -4049.64632549173  4043.32086175864
7300000  -4047.80312264256  4043.14915505257
7301000  -4049.19777823259  4043.03249337989
7302000  -4050.89239624274  4044.56809398834
7303000  -4051.33651725445  4043.88061592383
7304000  -4055.13951282908  4043.12217184928
7305000  -4052.94420930827  4045.34750160319
7306000  -4050.90263004502  4045.9205181099
7307000  -4053.36122067506  4048.4913729745
7308000  -4054.78451672019  4048.74725097577
7309000  -4054.03346682986  4048.93706552364
7310000  -4053.60836471989  4051.0022172404
7311000  -4055.59610638823  4051.30002466847
7312000  -4054.10549904805  4051.93662355204
7313000  -4057.53139512987  4052.56681308993
7314000  -4058.58771881188  4053.82630328064
7315000  -4057.12462316202  4053.79952390137
7316000  -4057.1559478184  4056.00388569216
7317000  -4059.01294979547  4056.0816520874
7318000  -4061.26837464535  4057.87768781399
7319000  -4060.67093366912  4056.25932709798
7320000  -4061.07566791037  4056.29044936041
7321000  -4063.02876817544  4058.89966212877
7322000  -4061.97620417113  4059.72853449606
7323000  -4062.57734532914  4059.88314993423
7324000  -4063.12049995861  4060.99280202363
7325000  -4064.7484373996  4061.40204762472
7326000  -4063.28243655954  4063.03791042626
7327000  -4062.54456198321  4062.86437432819
7328000  -4062.5453940895  4063.26501827662
7329000  -4063.00543005473  4064.14021523061
7330000  -4062.52390169623  4064.02799187007
7331000  -4063.1193443254  4062.85257690414
7332000  -4064.31589526048  4063.47775170917
7333000  -4065.85530666955  4063.5429463915
7334000  -4067.50651531748  4065.02773305496
7335000  -4068.73762497172  4063.55671531238
7336000  -4068.77164534784  4065.40814680677
7337000  -4068.47098944988  4064.59438688416
7338000  -4069.2946548568  4065.13565686295
7339000  -4071.29122657564  4066.68289511319
7340000  -4069.8592550587  4065.1919647316
7341000  -4072.86626790178  4066.96304933056
7342000  -4068.75078438027  4066.83613244061
7343000  -4072.89258834227  4067.14575770607
7344000  -4071.64883584431  4068.12709604838
7345000  -4074.09617069719  4071.24754710483
7346000  -4071.1944165135  4073.24355391235
7347000  -4073.95191842078  4072.32988372054
7348000  -4070.35773327597  4074.08557412533
7349000  -4071.66914854349  4073.1371851391
7350000  -4073.23944537443  4074.24050445438
7351000  -4071.91186812785  4073.41230925961
7352000  -4074.57731271866  4072.04409915052
7353000  -4076.63570674621  4074.77665025564
7354000  -4074.41895127235  4075.12665154873
7355000  -4076.10594729358  4074.70785780854
7356000  -4078.10506806622  4076.35413089633
7357000  -4077.658463956  4077.05646083702
7358000  -4079.15921895461  4079.55658011478
7359000  -4079.28837448119  4078.50339209279
7360000  -4079.13130900547  4078.48316263535
7361000  -4080.07949128321  4080.48211108381
7362000  -4081.29209131688  4079.51792915651
7363000  -4081.7432344553  4080.52210101582
7364000  -4080.64294905257  4080.15191394652
7365000  -4080.62705717607  4080.50744756943
7366000  -4081.93317924459  4081.17320564818
7367000  -4081.62395052091  4082.56806794373
7368000  -4084.28423774043  4081.18452650361
7369000  -4085.42078240459  4081.18271948043
7370000  -4084.58674046787  4083.96154088507
7371000  -4084.83375851175  4083.95668582208
7372000  -4087.26310216897  4085.72456433559
7373000  -4089.15660185935  4086.70010955564
7374000  -4090.20649254824  4087.12811851013
7375000  -4090.55239002316  4086.95529103146
7376000  -4089.95039185601  4088.85539869748
7377000  -4090.46332357953  4088.77805765385
7378000  -4092.59570839434  4087.81551114823
7379000  -4091.37998502123  4088.50155820735
7380000  -4092.71471816768  4090.34740600271
7381000  -4093.29393864239  4088.36983944241
7382000  -4094.90178335386  4088.91581610048
7383000  -4093.30822255375  4088.35021981395
7384000  -4094.81706169161  4088.75222000745
7385000  -4093.01883387437  4089.11721789682
7386000  -4096.04441647738  4089.48312807331
7387000  -4095.53285950209  4089.36357952853
7388000  -4097.21802303315  4087.9303526833
7389000  -4096.7840333191  4089.54493380254
7390000  -4097.02604484853  4090.69493260409
7391000  -4098.25941007829  4090.56953178204
7392000  -4097.99880128558  4090.01868428057
7393000  -4098.35174942212  4093.67679220321
7394000  -4096.16258040354  4093.22315463115
7395000  -4096.25509503726  4096.41209867277
7396000  -4098.97331370643  4096.80197956497
7397000  -4098.50164019483  4094.73249438307
7398000  -4099.69140268165  4096.52825951435
7399000  -4097.67045093612  4093.81203831869
7400000  -4097.88096314524  4096.57559068471
7401000  -4097.68662537828  4095.00532433342
7402000  -4098.96658853597  4097.2068402574
7403000  -4101.92307138453  4098.48050777358
7404000  -4100.68523099184  4098.25731375445
7405000  -4101.35973566136  4096.89546733632
7406000  -4103.06344458349  4097.3267045061
7407000  -4104.33229161083  4097.32952940711
7408000  -4102.59177473928  4100.10608707271
7409000  -4102.96774921971  4101.69059492811
7410000  -4102.96961286708  4102.2281448525
7411000  -4102.71365135474  4102.05716557472
7412000  -4104.78409223709  4101.57457588973
7413000  -4102.05351175199  4103.84900463537
7414000  -4102.22478236462  4106.00654293598
7415000  -4105.27351363248  4104.26807713349
7416000  -4104.18032001521  4104.53596408687
7417000  -4105.25681012978  4105.19106689091
7418000  -4103.33220116831  4104.25545123719
7419000  -4105.29981937021  4104.32816541946
7420000  -4104.20435846601  4104.7882614268
7421000  -4104.25957699905  4106.71616919764
7422000  -4105.3473836082  4107.77172689171
7423000  -4105.06200870223  4109.45165206666
7424000  -4107.16643272242  4108.65140425859
7425000  -4109.10006313313  4109.47334499842
7426000  -4107.16417671339  4109.13030636276
7427000  -4108.49488414501  4108.78354384755
7428000  -4109.71404356688  4111.22141585163
7429000  -4109.41419207172  4111.50748155528
7430000  -4109.02239675888  4111.80011331748
7431000  -4107.93390233146  4110.54470298175
7432000  -4108.72323092523  4114.5624308071
7433000  -4110.76878129533  4112.77428717401
7434000  -4111.05576165306  4113.14181599049
7435000  -4111.29317711869  4114.81047807285
7436000  -4112.77423835036  4115.80755235454
7437000  -4112.26478022538  4115.92609395726
7438000  -4109.44353512937  4117.65115767508
7439000  -4112.77071512708  4116.49351149267
7440000  -4112.11656485755  4117.0060479763
7441000  -4115.75872574634  4116.29764500936
7442000  -4112.2821685989  4115.60377360704
7443000  -4112.54245333891  4118.17089101333
7444000  -4114.45035001313  4118.53028399951
7445000  -4116.56734147273  4118.52679833356
7446000  -4114.84488764363  4120.6820958743
7447000  -4116.50512959089  4121.77202972307
7448000  -4117.41139672876  4122.65894045595
7449000  -4118.55259847196  4123.78668642534
7450000  -4119.85007807823  4123.52449120364
7451000  -4119.96222876925  4123.8921900447
7452000  -4120.00207708003  4123.05711835771
7453000  -4119.44590813383  4122.664569603
7454000  -4121.16810330668  4125.3151408997
7455000  -4121.32516606368  4124.98455874778
7456000  -4122.20281003021  4126.43448364775
7457000  -4122.95490697301  4126.24032872921
7458000  -4123.35549339015  4127.67333583753
7459000  -4123.70491372065  4127.21879121832
7460000  -4124.72312463041  4128.75974824034
7461000  -4124.71002484571  4128.78915262078
7462000  -4124.33074797363  4128.68701320038
7463000  -4124.92202039826  4128.92800037506
7464000  -4127.98189685827  4129.47491328566
7465000  -4128.22008084641  4128.30474299785
7466000  -4128.35414441748  4129.67109017303
7467000  -4126.33200845276  4130.01800511275
7468000  -4128.44610013937  4129.86173314495
7469000  -4127.16723247071  4130.12292974225
7470000  -4125.42717247713  4133.02194308163
7471000  -4129.3168150189  4132.73630900906
7472000  -4128.23883578146  4132.58460830473
7473000  -4128.12303618657  4131.73698012943
7474000  -4129.68072238297  4133.47184004932
7475000  -4130.92724673195  4133.71241668905
7476000  -4133.93095165317  4133.94967919182
7477000  -4132.65525627002  4135.92774140664
7478000  -4132.76943749613  4135.06443491596
7479000  -4133.75719859245  4138.0514842693
7480000  -4135.67509540541  4138.0958638575
7481000  -4136.62230468594  4139.22133065843
7482000  -4138.73681296647  4141.18166010274
7483000  -4139.13207451349  4141.11251412588
7484000  -4139.18513089504  4143.46862771732
7485000  -4140.76463389205  4141.90038346147
7486000  -4139.7961224464  4143.55210518994
7487000  -4141.11570038785  4143.01847790571
7488000  -4141.25709785711  4142.92871110707
7489000  -4140.60481976222  4143.89336309581
7490000  -4143.44092745704  4142.78550234418
7491000  -4145.72672507047  4143.56549950669
7492000  -4145.18785951482  4144.30580877375
7493000  -4146.59920175724  4145.5872152888
7494000  -4148.89784498178  4145.43838206448
7495000  -4147.63099048634  4145.73812647368
7496000  -4145.89933716144  4146.6646699368
7497000  -4146.22543078818  4148.45069782109
7498000  -4147.70090323592  4148.71637253375
7499000  -4149.07977380784  4147.68511532755
7500000  -4149.83557160448  4148.20531795404
7501000  -4150.05061603726  4150.27568693626
7502000  -4150.42973334453  4151.03841799071
7503000  -4152.88007146964  4149.6465729217
7504000  -4153.17218740788  4147.38514898081
7505000  -4153.29740394797  4149.74225756735
7506000  -4153.37717027742  4152.18749770232
7507000  -4155.71368540295  4150.25479879168
7508000  -4156.40189114507  4151.13884519728
7509000  -4156.06172528304  4151.54116077291
7510000  -4157.46677661144  4153.35202840323
7511000  -4157.6353481055  4155.21520845103
7512000  -4159.22459322146  4153.95493578513
7513000  -4160.50698134264  4156.77618920845
7514000  -4161.05512431855  4157.04361421909
7515000  -4159.22612179399  4156.35849611727
7516000  -4159.4582166405  4156.06913843914
7517000  -4160.79888327199  4158.68570313206
7518000  -4162.38430482935  4159.94422659941
7519000  -4161.27235430079  4160.71732535345
7520000  -4162.65213795339  4162.86117444055
7521000  -4162.7608154667  4162.05644571854
7522000  -4161.41685385602  4161.18951522083
7523000  -4163.16167997315  4162.17205387637
7524000  -4164.35047738239  4161.91871182793
7525000  -4163.67031714343  4164.70572059707
7526000  -4166.42782857416  4164.90325810001
7527000  -4165.5136515793  4166.41845473964
7528000  -4168.03904698805  4166.50033901079
7529000  -4169.49117286897  4168.19961501026
7530000  -4168.90552181602  4168.69361955271
7531000  -4171.3142466725  4170.40645692074
7532000  -4170.76630717448  4172.29076479681
7533000  -4171.11574994993  4172.10444717059
7534000  -4173.39020968701  4172.20917654196
7535000  -4174.23536365211  4170.49160516506
7536000  -4174.98057431757  4171.358750285
7537000  -4175.19665432114  4170.71963403205
7538000  -4178.56175473114  4171.86427082644
7539000  -4176.33372899538  4172.48449992461
7540000  -4178.31572097906  4174.15425478865
7541000  -4179.6398894065  4172.72033938965
7542000  -4179.35946915038  4172.20674836346
7543000  -4180.3980166622  4175.26349497238
7544000  -4180.4876796167  4178.4891270842
7545000  -4182.38596379001  4176.75667157284
7546000  -4184.30282701272  4180.76848207548
7547000  -4184.74820465506  4179.92960912461
7548000  -4184.1204040729  4180.86174382881
7549000  -4184.5751692104  4182.14528162545
7550000  -4183.39192126489  4183.01328144488
7551000  -4184.44852444716  4183.84970170787
7552000  -4183.87305452299  4184.90795575298
7553000  -4183.45531932576  4183.34227563585
7554000  -4186.17256722872  4184.67560670735
7555000  -4184.75890931072  4186.66695623172
7556000  -4185.85456193052  4185.78523381865
7557000  -4188.89845052744  4187.14084002259
7558000  -4190.05718944361  4188.07925769857
7559000  -4188.83171744416  4191.0155593641
7560000  -4188.6185096071  4188.74402688094
7561000  -4189.89796655422  4188.22278268561
7562000  -4189.91821639802  4192.99593047402
7563000  -4191.55995530336  4191.57961131677
7564000  -4189.81577901585  4192.35977116853
7565000  -4191.18524594683  4191.21051158131
7566000  -4193.91376907747  4194.09848848374
7567000  -4194.39551571122  4194.99722688597
7568000  -4195.90907127749  4195.62358837172
7569000  -4195.21637899879  4196.43528536068
7570000  -4195.89382037234  4197.07125285933
7571000  -4193.9414746434  4196.75003485451
7572000  -4195.40033637193  4199.08908630735
7573000  -4197.05439549079  4200.50011076337
7574000  -4195.93579285175  4199.69134198249
7575000  -4198.14046196278  4200.25571125035
7576000  -4197.81139654494  4199.9788982683
7577000  -4195.42227585461  4200.26198810871
7578000  -4196.16100059462  4200.58094998604
7579000  -4197.81988822906  4198.49630745549
7580000  -4199.16033420933  4199.31044953036
7581000  -4198.74986054857  4200.22240154747
7582000  -4199.09700106333  4200.91083791803
7583000  -4199.92198140807  4201.66736008474
7584000  -4199.84423870183  4199.89687737678
7585000  -4200.61503011069  4201.16116956303
7586000  -4201.53490068847  4199.98223151665
7587000  -4199.95566302249  4199.90727459456
7588000  -4199.96879781297  4200.77523868641
7589000  -4201.80341599869  4203.55103679069
7590000  -4203.43327187094  4200.97622115227
7591000  -4205.38400095833  4201.68301589651
7592000  -4205.52382094602  4203.16741564414
7593000  -4205.30002656685  4203.47580643277
7594000  -4205.70062965138  4205.03737374932
7595000  -4206.93615178667  4207.24060453663
7596000  -4206.87423977008  4207.26322009811
7597000  -4205.50108853791  4208.25569943574
7598000  -4205.8114598179  4207.00838300616
7599000  -4208.06576835585  4208.65483950889
7600000  -4206.27669802546  4209.77313569363
7601000  -4206.08129556661  4210.18488167856
7602000  -4206.08617155494  4211.37499601807
7603000  -4209.23175357143  4211.72921256392
7604000  -4208.67422509253  4212.4661604253
7605000  -4210.74008068084  4211.7908330773
7606000  -4212.54469193963  4212.92144067852
7607000  -4211.35936404152  4213.57557153446
7608000  -4211.13479552177  4215.21206319874
7609000  -4212.7517934107  4214.11073642127
7610000  -4212.95448132456  4215.02356724843
7611000  -4214.18990605897  4214.0539100046
7612000  -4213.04921429946  4214.77932689387
7613000  -4213.90320305283  4214.57974289482
7614000  -4213.79671467684  4214.73354618652
7615000  -4216.57189549247  4214.80427833091
7616000  -4216.37737683262  4214.73137064766
7617000  -4216.50692534771  4214.01498515039
7618000  -4218.81586753055  4216.08442173028
7619000  -4217.76977558275  4217.34580755285
7620000  -4217.64977439236  4217.54822700238
7621000  -4220.7790113922  4219.1168754891
7622000  -4222.41117263447  4218.82002912905
7623000  -4222.47860840438  4219.69008802778
7624000  -4223.48034329581  4219.65466530575
7625000  -4222.08696497552  4220.68322032878
7626000  -4223.96144508092  4221.76928469176
7627000  -4226.33361741236  4223.08701005109
7628000  -4229.03045909346  4221.6458368419
7629000  -4229.676301702  4223.86668910825
7630000  -4229.38269762588  4223.99142960605
7631000  -4230.75333620754  4225.69443877451
7632000  -4229.59193351857  4227.56522832982
7633000  -4229.39217546954  4226.54757385841
7634000  -4227.49507209516  4229.21374473104
7635000  -4229.56165896564  4226.90504395548
7636000  -4229.02610611206  4229.87542494385
7637000  -4228.31827265931  4228.1738446761
7638000  -4229.45757391417  4229.37512546358
7639000  -4229.01187188959  4230.36736488716
7640000  -4232.14356862009  4230.23531372785
7641000  -4227.60489251268  4232.20192506856
7642000  -4230.17714064297  4232.92613068122
7643000  -4232.98061837851  4232.57598430853
7644000  -4230.83197870857  4234.05909934849
7645000  -4231.43851154922  4235.11667111928
7646000  -4234.55983322645  4235.56580062834
7647000  -4233.143937957  4236.94884282884
7648000  -4232.06059200431  4235.10940627684
7649000  -4232.82248178502  4239.05270177352
7650000  -4233.67227776586  4238.96905000238
7651000  -4235.95049009982  4238.92986404346
7652000  -4236.54079834247  4238.46397710237
7653000  -4237.20599018408  4240.67550518433
7654000  -4238.40878861919  4239.93259891907
7655000  -4237.79170680696  4240.64714359055
7656000  -4237.64135079783  4240.80651779689
7657000  -4238.50780198762  4241.37185836071
7658000  -4241.13821870067  4242.35806400696
7659000  -4240.98709831655  4243.20172712465
7660000  -4242.01721076238  4243.648588349
7661000  -4241.58884717583  4241.11656659105
7662000  -4242.16127644204  4243.40704911313
7663000  -4242.66323952718  4244.24886071857
7664000  -4243.72377706037  4244.0840327567
7665000  -4245.27281209662  4243.57189416511
7666000  -4243.19458924034  4243.67662876219
7667000  -4244.58331106421  4244.76852612252
7668000  -4244.86240678186  4245.56551392641
7669000  -4244.99518473553  4244.94064012126
7670000  -4244.42671981529  4248.63421695663
7671000  -4246.27136621943  4247.70770669207
7672000  -4246.66666409625  4248.06953729567
7673000  -4248.72158954262  4246.58451590207
7674000  -4248.12283122557  4247.29942562485
7675000  -4249.95381645651  4247.73775824313
7676000  -4250.12268594271  4248.28010178016
7677000  -4251.8006589725  4247.65291678214
7678000  -4250.97430585688  4249.16452696071
7679000  -4251.09184131975  4248.24960120796
7680000  -4249.48293544878  4250.65825781606
7681000  -4247.0518495245  4250.83826478192
7682000  -4249.71877749897  4251.5630176698
7683000  -4248.12796863057  4251.04690511257
7684000  -4249.92798910686  4255.4327899341
7685000  -4250.87316635245  4254.9383534768
7686000  -4250.47106760263  4257.03448331362
7687000  -4254.79870048297  4257.38166082198
7688000  -4252.68389290786  4258.47642029391
7689000  -4252.62177863073  4257.91012318251
7690000  -4254.2718032377  4257.86335712505
7691000  -4256.36890102964  4255.20531336474
7692000  -4258.35441059838  4257.57717421865
7693000  -4259.80807289208  4260.2264649893
7694000  -4258.70247173775  4256.66672642061
7695000  -4261.01915365036  4256.31277060363
7696000  -4262.75358795173  4259.11310839449
7697000  -4265.35307644344  4258.36713129969
7698000  -4263.30052216713  4259.34874711535
7699000  -4266.22594123379  4258.77158268345
7700000  -4265.93912155162  4259.74901374325
7701000  -4267.27146720457  4259.14339014975
7702000  -4263.7881799663  4263.99160264211
7703000  -4267.52496980752  4262.93674849486
7704000  -4267.40511524327  4262.91019450093
7705000  -4267.79938530472  4263.94740994739
7706000  -4268.97484763747  4264.71358992958
7707000  -4266.78134932058  4263.53361396871
7708000  -4270.18560458514  4265.2718563541
7709000  -4270.73823635835  4263.56225309492
7710000  -4270.62925328773  4264.4916957216
7711000  -4271.05485506223  4268.16922232939
7712000  -4271.04079969818  4266.72470854654
7713000  -4272.44552936008  4267.56872033186
7714000  -4275.64007610762  4268.02709186018
7715000  -4275.50898201966  4267.2782894578
7716000  -4276.91871647705  4268.75923434603
7717000  -4276.13753289364  4269.86520591095
7718000  -4273.55343748956  4271.28751293027
7719000  -4275.80576520577  4271.56359926979
7720000  -4277.27012855888  4270.58105111923
7721000  -4276.60563380881  4273.47233091896
7722000  -4276.128979256  4273.03876225912
7723000  -4275.05763351034  4272.37935258348
7724000  -4277.01822364441  4272.87574871183
7725000  -4277.08126194357  4275.81410428312
7726000  -4279.84160080317  4274.10647871117
7727000  -4278.7419704363  4274.0467580853
7728000  -4280.05804991026  4275.93165961499
7729000  -4277.94349029419  4277.87022857507
7730000  -4279.40005366521  4276.74090247235
7731000  -4281.8317392711  4278.02533673357
7732000  -4282.08681082515  4278.1733820957
7733000  -4283.57080351093  4277.71805312321
7734000  -4283.85811855594  4282.02062285919
7735000  -4282.71601341122  4280.02700197051
7736000  -4282.82163724868  4282.11476694483
7737000  -4284.06745082958  4281.34320274396
7738000  -4283.12454985647  4281.45738309254
7739000  -4284.34524673853  4282.23603944994
7740000  -4281.40781808322  4283.01748373849
7741000  -4282.42380917139  4284.02316632459
7742000  -4282.76970241967  4284.62515925396
7743000  -4282.5068851219  4285.26236399008
7744000  -4284.10205037525  4286.73190310666
7745000  -4287.41000266115  4288.02951801003
7746000  -4288.37549157603  4289.9992355995
7747000  -4287.26292983193  4289.85096316949
7748000  -4290.39191862116  4289.80718136243
7749000  -4290.7529878581  4291.1568932808
7750000  -4290.18477244666  4293.02519396592
7751000  -4291.45954144649  4292.29505762941
7752000  -4293.85432103068  4293.10430911112
7753000  -4292.97338228158  4292.86762779376
7754000  -4293.7465353841  4293.30098675735
7755000  -4293.08483733591  4294.2149103461
7756000  -4294.04888318243  4294.8859679835
7757000  -4294.69923045457  4296.12497079897
7758000  -4294.65388565864  4295.2127032013
7759000  -4296.52520886585  4296.30083881056
7760000  -4296.71902735628  4298.35474249443
7761000  -4297.51343386739  4298.91191664127
7762000  -4298.36262247035  4300.27414106751
7763000  -4298.18894752457  4298.52299496921
7764000  -4298.6634309094  4300.78827697315
7765000  -4299.58885373579  4300.0300335561
7766000  -4299.08663412681  4303.5559721161
7767000  -4304.06225582858  4304.49254675023
7768000  -4303.428550615  4305.69609578017
7769000  -4303.25575297177  4306.2346867255
7770000  -4304.13270363062  4304.7851723755
7771000  -4304.89833584594  4304.85924564104
7772000  -4304.66804711938  4306.48173878357
7773000  -4306.53065443705  4308.50033565683
7774000  -4306.8068946867  4308.47897307811
7775000  -4306.57886281669  4310.37598192581
7776000  -4307.36255284584  4310.01170926676
7777000  -4309.93297125297  4311.30935362683
7778000  -4309.89731618529  4311.29281269507
7779000  -4310.90038930119  4311.54412353611
7780000  -4310.02240520929  4312.21376097095
7781000  -4311.73233786849  4313.98699365597
7782000  -4311.59776088364  4313.87522897061
7783000  -4311.09425972055  4313.57473743261
7784000  -4312.71836027986  4312.44332191281
7785000  -4311.82971739789  4315.20201757017
7786000  -4312.48547959513  4313.09222021346
7787000  -4315.34827062531  4315.70330152454
7788000  -4314.70123944955  4314.17223678142
7789000  -4315.49182515807  4317.51409784574
7790000  -4315.12977646117  4317.14769248031
7791000  -4316.44939003138  4317.63442061911
7792000  -4318.09825565483  4318.44293846571
7793000  -4317.55573938106  4319.61724921307
7794000  -4319.66074960173  4320.22610542171
7795000  -4318.4549348752  4320.30164289354
7796000  -4319.05937281055  4320.10110021661
7797000  -4319.73123207665  4320.43958772368
7798000  -4321.79333715509  4322.15129669314
7799000  -4322.83604765932  4322.19426182109
7800000  -4322.86266100865  4321.71240103
7801000  -4322.80857158697  4324.36752471549
7802000  -4323.83372421969  4323.95024238736
7803000  -4323.59283573874  4323.59065209024
7804000  -4323.27785940775  4326.94693347414
7805000  -4322.79678823416  4325.73480066894
7806000  -4323.76026935503  4325.94070709315
7807000  -4327.11192059808  4325.22190878941
7808000  -4327.67694637075  4327.08767353422
7809000  -4329.06151898995  4328.14148900282
7810000  -4327.16030504323  4329.35578285497
7811000  -4329.36340961211  4328.34150377294
7812000  -4329.15808857975  4328.70516698661
7813000  -4332.44335421936  4331.51834448572
7814000  -4330.92554092775  4331.14790559436
7815000  -4332.58691601265  4331.14017625896
7816000  -4332.2306625675  4331.97654675668
7817000  -4332.02071185553  4332.70024657569
7818000  -4333.23889684012  4332.60555866249
7819000  -4333.3090734198  4332.67838599327
7820000  -4337.11914790097  4333.02310536374
7821000  -4333.35981591712  4332.88721543725
7822000  -4336.56653203177  4333.88586627851
7823000  -4337.07897354075  4334.47450830767
7824000  -4338.22532130727  4333.00188581409
7825000  -4339.40305671872  4334.02366428352
7826000  -4342.11335750505  4335.86156867824
7827000  -4340.33057709302  4335.36530900303
7828000  -4342.5685419966  4337.46471227734
7829000  -4342.8805280942  4336.90107494987
7830000  -4344.62252438358  4338.52351918578
7831000  -4342.576811244  4340.28126055878
7832000  -4343.95342412573  4341.00417160114
7833000  -4341.60202333712  4340.99898604262
7834000  -4343.10684510175  4343.95300287016
7835000  -4346.09167297357  4343.23998595163
7836000  -4345.8794075446  4343.13491105928
7837000  -4346.65410506705  4343.2601404013
7838000  -4346.33844621037  4345.27602104468
7839000  -4347.37531324579  4345.63595678261
7840000  -4347.40281696301  4344.69601374702
7841000  -4349.81350746151  4347.81264409324
7842000  -4352.26631652882  4347.98801623556
7843000  -4352.75676383189  4345.1487893007
7844000  -4353.85636642164  4347.64348344715
7845000  -4355.48917332713  4349.11145461633
7846000  -4354.22120674808  4353.49410828471
7847000  -4354.79878070818  4351.63415212973
7848000  -4356.00116148687  4350.54995221869
7849000  -4355.88089346491  4351.15712193248
7850000  -4357.39326001109  4352.76011371177
7851000  -4356.98365946903  4356.16743126075
7852000  -4356.08004322029  4356.54854914767
7853000  -4357.39871760472  4357.84614497343
7854000  -4356.44524459427  4358.01441330491
7855000  -4358.04462869486  4359.24847217687
7856000  -4356.46897582355  4359.78590130603
7857000  -4358.75503368105  4358.83251293822
7858000  -4358.74719180848  4359.04665415443
7859000  -4362.01525357737  4361.52652944507
7860000  -4362.6272905895  4362.56992055417
7861000  -4362.41574099245  4363.51902021525
7862000  -4363.79528199249  4364.30650755503
7863000  -4363.35634639317  4366.04541992133
7864000  -4363.82006350556  4363.57275347555
7865000  -4364.83656086586  4366.89388659941
7866000  -4363.25353820757  4367.50794890492
7867000  -4366.35992590215  4368.69572462903
7868000  -4365.67663847786  4365.64579032478
7869000  -4365.83030536113  4366.11734385604
7870000  -4366.20826556739  4368.78255819145
7871000  -4366.61730804681  4367.40764496539
7872000  -4368.27466368306  4367.83059754516
7873000  -4368.23929583292  4368.06815984675
7874000  -4369.59762802748  4367.02480688745
7875000  -4368.75670293653  4365.27906902781
7876000  -4368.96442203973  4367.45767613826
7877000  -4371.26778101131  4367.96630276099
7878000  -4370.19230504025  4368.71404092454
7879000  -4370.97438919276  4369.82458729993
7880000  -4371.97084590276  4369.93154689533
7881000  -4373.71829986826  4370.90353891643
7882000  -4372.08597626013  4372.3158681864
7883000  -4371.35183155315  4371.63105632199
7884000  -4374.11709721455  4372.3974639712
7885000  -4376.15611492214  4372.52899922385
7886000  -4376.56631427258  4373.31298361203
7887000  -4376.87040893618  4374.2529847147
7888000  -4375.65074559341  4375.67054513814
7889000  -4378.8558525872  4374.25650332052
7890000  -4378.92161886169  4376.20632648605
7891000  -4378.66755676702  4377.09736878297
7892000  -4377.70035054448  4378.58003039066
7893000  -4377.84585687344  4376.05227245883
7894000  -4378.08493841478  4377.9399065188
7895000  -4378.65359899926  4376.87578935279
7896000  -4378.79193937127  4379.02823496474
7897000  -4378.25794093772  4378.44347962008
7898000  -4380.4175281209  4377.32870686492
7899000  -4382.55960240001  4380.26438832143
7900000  -4380.81211945943  4380.52815088834
7901000  -4381.48556800228  4382.43029216375
7902000  -4382.64138085458  4382.52468828274
7903000  -4382.35544005228  4383.62549120892
7904000  -4382.87326340333  4384.26963179393
7905000  -4384.55823992388  4382.9414573666
7906000  -4383.43117926819  4383.83996056907
7907000  -4383.67411309398  4383.81820220805
7908000  -4384.89280243095  4386.76749479816
7909000  -4386.3518855208  4388.55576483484
7910000  -4388.56988307145  4385.29692365761
7911000  -4387.5304476501  4384.17549923476
7912000  -4388.12132087328  4385.86890830657
7913000  -4393.04966331869  4385.79985004602
7914000  -4391.71369469968  4387.02743688015
7915000  -4390.5988647294  4388.8013816811
7916000  -4393.82816498865  4387.44071864755
7917000  -4394.0746692301  4387.80729498994
7918000  -4397.98145493394  4389.35690422246
7919000  -4398.33114963351  4390.87107851874
7920000  -4398.89627483275  4391.85313948916
7921000  -4399.18192827072  4394.43593410908
7922000  -4398.61409121591  4394.75658119195
7923000  -4401.48971752896  4397.23531744451
7924000  -4403.88704657547  4397.08410027159
7925000  -4401.77398593446  4398.18374440266
7926000  -4401.08081258091  4398.44234810701
7927000  -4401.68348486723  4396.56449883263
7928000  -4403.01648038379  4398.61835289751
7929000  -4402.71359404026  4399.46905633215
7930000  -4401.50416407059  4399.89907843331
7931000  -4401.97886274643  4400.12020834448
7932000  -4402.12247330277  4403.15206302581
7933000  -4404.54376777707  4402.32641891099
7934000  -4405.1422185096  4404.97998171008
7935000  -4406.13864910231  4404.71795921025
7936000  -4406.16572296584  4406.56797483242
7937000  -4407.53913250701  4405.26478204787
7938000  -4408.0144047148  4408.429773521
7939000  -4405.52249579585  4409.05045751962
7940000  -4405.33601115321  4410.50024240632
7941000  -4408.12557626641  4408.93813719673
7942000  -4408.17517254992  4408.28422053517
7943000  -4407.76474327159  4408.4472096647
7944000  -4409.87668425094  4410.46105265073
7945000  -4410.05094259542  4412.6458748887
7946000  -4409.48777814477  4409.79807357511
7947000  -4410.8959986412  4411.48535181935
7948000  -4412.83787906563  4412.28540717187
7949000  -4412.3485747208  4413.83194709462
7950000  -4413.00407541787  4413.54642434307
7951000  -4414.78069118799  4414.0597629451
7952000  -4415.99552781337  4416.61425739957
7953000  -4418.74714256119  4415.32135933711
7954000  -4418.04999344583  4413.60039513573
7955000  -4417.28685138771  4414.51421854633
7956000  -4419.93553874373  4415.34979479149
7957000  -4419.27488042933  4416.38547712356
7958000  -4419.27650136871  4419.47903541713
7959000  -4417.81127183586  4420.6593761071
7960000  -4418.22168891034  4421.40324879882
7961000  -4421.25355428311  4422.08481930586
7962000  -4421.47585989057  4422.94412693741
7963000  -4422.91013189663  4421.60436082423
7964000  -4423.04300658703  4421.499837537
7965000  -4426.78932396543  4424.68277163126
7966000  -4425.13202258985  4424.64474237622
7967000  -4423.08226835631  4424.69848278333
7968000  -4424.40462856022  4426.79136502757
7969000  -4425.38745488524  4425.72041102156
7970000  -4424.41505297542  4428.14757363267
7971000  -4429.23695581987  4428.83991102454
7972000  -4427.59385058914  4428.15478224334
7973000  -4427.17619971329  4428.93758237303
7974000  -4429.91765959456  4428.10896616097
7975000  -4429.65449557015  4427.95140872604
7976000  -4431.84447419998  4429.90065036342
7977000  -4430.90832899159  4429.49509242791
7978000  -4430.77651061072  4430.62101020415
7979000  -4432.76612907294  4430.99065623275
7980000  -4432.39070549197  4431.24501771322
7981000  -4432.08391029274  4433.66423933874
7982000  -4434.55607330647  4431.89390976667
7983000  -4435.24625489305  4432.00211226099
7984000  -4436.94504756256  4434.34838196078
7985000  -4437.4505444083  4432.9773190423
7986000  -4437.92706321724  4432.79139715407
7987000  -4440.39429093827  4432.43816328444
7988000  -4440.71700607804  4434.41913679025
7989000  -4443.10421979135  4435.82155182151
7990000  -4441.64797869643  4437.34606006744
7991000  -4443.9474285958  4435.23495606939
7992000  -4439.98594339268  4435.7025437648
7993000  -4444.57050723618  4439.29223370524
7994000  -4444.78041790495  4440.95475194858
7995000  -4444.87120198635  4441.17873187572
7996000  -4442.91049619089  4441.76486146806
7997000  -4446.00468482314  4441.53069744179
7998000  -4446.55438692166  4443.96049568416
7999000  -4445.96454116235  4443.06270815449
8000000  -4445.34080118818  4444.77790080195
8001000  -4445.58016584553  4442.50360025223
8002000  -4447.72203708764  4445.75987993616
8003000  -4448.26153951119  4444.94672746533
8004000  -4445.88085367512  4448.19692547247
8005000  -4448.74014621413  4446.56351336133
8006000  -4447.69697337389  4447.64259775147
8007000  -4449.23147882839  4446.7548041882
8008000  -4447.68856863466  4447.49288367969
8009000  -4448.12702450954  4448.40275520132
8010000  -4447.79844708585  4447.59494607351
8011000  -4450.12933623689  4445.43804529621
8012000  -4452.14907126097  4446.21930803554
8013000  -4451.43552812378  4446.39719509142
8014000  -4453.05681271635  4447.00068660014
8015000  -4452.51754829394  4447.37474354807
8016000  -4451.59366561162  4448.82610044591
8017000  -4453.54801746326  4446.82962955639
8018000  -4453.50762592688  4447.68281586415
8019000  -4456.13960780085  4447.57216968515
8020000  -4451.75415482758  4448.31065695881
8021000  -4454.03921040401  4449.3789073192
8022000  -4453.9506844928  4450.95018482457
8023000  -4452.74369465697  4450.40018617851
8024000  -4455.37033634377  4451.49739146985
8025000  -4455.05882490757  4451.47193705972
8026000  -4452.84971557524  4453.21302164915
8027000  -4453.85406633478  4453.16894783049
8028000  -4456.08889780278  4454.31608518139
8029000  -4454.36268344807  4455.32667677596
8030000  -4455.69654505032  4455.63202191098
8031000  -4453.16317984752  4454.8740408713
8032000  -4456.1560302002  4456.58826607373
8033000  -4455.49980105749  4458.09886457712
8034000  -4456.69662770624  4459.34162970563
8035000  -4456.43381946573  4459.48621161749
8036000  -4456.74222332888  4460.12026254913
8037000  -4456.31196310161  4461.92289569615
8038000  -4458.46608579035  4460.32682892787
8039000  -4457.9676837316  4460.8974149032
8040000  -4462.73301246463  4461.4396170741
8041000  -4462.18752109175  4464.53253390321
8042000  -4463.54236090755  4464.92989152835
8043000  -4462.79039715053  4462.90397030673
8044000  -4462.68601922173  4464.08752602905
8045000  -4464.31233639139  4465.36397656981
8046000  -4462.60107973267  4465.75043154533
8047000  -4463.25960458242  4466.65156074486
8048000  -4462.37191362755  4467.75594173734
8049000  -4463.12555271832  4466.1805382915
8050000  -4463.44171538773  4467.92123365075
8051000  -4464.0877002576  4468.29528588894
8052000  -4463.7466893027  4468.86273034015
8053000  -4465.18701258926  4465.87400217205
8054000  -4466.44011309354  4467.35725647466
8055000  -4465.12974532904  4467.07132913442
8056000  -4467.03873897892  4466.88004887562
8057000  -4467.28457691482  4466.73167440646
8058000  -4467.55056229464  4467.13193781696
8059000  -4469.3422683296  4468.81365651542
8060000  -4469.46822966399  4467.94456427737
8061000  -4469.57717900948  4470.69663922181
8062000  -4472.24883375083  4469.92240679676
8063000  -4472.37570325621  4470.31747488997
8064000  -4473.4935707379  4473.45010408372
8065000  -4474.16888476618  4470.02108936793
8066000  -4471.84965853696  4471.29312873466
8067000  -4474.4708119446  4472.70965562193
8068000  -4472.96848269693  4473.76854075924
8069000  -4474.21042405632  4473.73414584094
8070000  -4474.89822086076  4473.81707182238
8071000  -4476.07635936748  4470.85992923251
8072000  -4476.81563124417  4470.87482104261
8073000  -4476.43238523503  4472.47358250016
8074000  -4479.09453017191  4471.01982790783
8075000  -4480.30599926658  4471.76878471674
8076000  -4480.33113642731  4473.21054268605
8077000  -4480.84449131654  4474.56354913756
8078000  -4482.77186488411  4475.82384556754
8079000  -4482.86902498211  4474.73410318595
8080000  -4483.71659627284  4475.27531851793
8081000  -4485.13120602761  4475.14641850133
8082000  -4483.99433159347  4477.16021103266
8083000  -4484.18628580467  4477.9517124672
8084000  -4485.18839762403  4479.20788960759
8085000  -4484.27970851891  4480.30438732948
8086000  -4484.96994267767  4481.31988802386
8087000  -4485.37329819768  4483.73988692448
8088000  -4488.07739620384  4482.90915513819
8089000  -4486.90590223737  4482.15105056895
8090000  -4488.99055447685  4485.09408149206
8091000  -4490.56021975277  4486.251409748
8092000  -4489.2324658541  4486.05541105003
8093000  -4488.48933407827  4486.00103658871
8094000  -4488.94992579739  4486.57225436446
8095000  -4488.80700628103  4488.09548688015
8096000  -4490.88463848293  4489.51725900416
8097000  -4491.06671079925  4489.6820205911
8098000  -4490.47930593253  4489.3282310384
8099000  -4494.09232322426  4489.17580563529
8100000  -4494.90052008936  4490.20691488831
8101000  -4496.40269650342  4491.56608308319
8102000  -4495.32657075589  4492.6211262349
8103000  -4495.42616522048  4491.50251485846
8104000  -4494.28285564851  4494.35586236318
8105000  -4496.75872288456  4493.35584742633
8106000  -4494.79060169522  4494.81376905093
8107000  -4495.21857745828  4495.56804486522
8108000  -4496.33933733375  4495.54684393208
8109000  -4496.09741247867  4496.40273588586
8110000  -4497.77629349809  4496.92481100086
8111000  -4495.90672720356  4498.79619568073
8112000  -4498.97144832825  4498.81537058363
8113000  -4497.88887374537  4499.96626578527
8114000  -4496.97064604411  4500.15028384001
8115000  -4499.58498796425  4501.03448470859
8116000  -4500.16482910452  4500.8932410043
8117000  -4500.81392853082  4502.29837331208
8118000  -4498.8724988388  4503.81517523119
8119000  -4503.43758956029  4502.41582419957
8120000  -4502.1308803148  4503.25842300187
8121000  -4501.21907933005  4504.25283668157
8122000  -4503.16806831825  4505.52461401922
8123000  -4505.23392477434  4504.76985480127
8124000  -4504.79508292804  4505.98808562086
8125000  -4507.15489091729  4506.99158090091
8126000  -4505.79082841575  4509.56090930358
8127000  -4506.6738729216  4509.36638592337
8128000  -4508.15008439706  4510.42689993966
8129000  -4508.85023971165  4510.72606545226
8130000  -4506.03097248446  4509.64875623909
8131000  -4512.87247719247  4512.20311247085
8132000  -4510.61810356437  4513.77317348834
8133000  -4512.69021801179  4513.10162273788
8134000  -4513.23565828439  4513.32937394674
8135000  -4513.73433885257  4514.62571817013
8136000  -4513.08989680223  4514.1266281506
8137000  -4513.84168952422  4516.08867277962
8138000  -4514.80154137455  4517.33074428631
8139000  -4514.48805429227  4518.98143331849
8140000  -4513.3073981038  4520.28602548845
8141000  -4514.43029920532  4519.3356028245
8142000  -4514.91877093314  4520.30914991232
8143000  -4515.04591226427  4520.42564089731
8144000  -4516.9197463261  4520.48646501201
8145000  -4517.922960778  4521.12598278303
8146000  -4518.33239756059  4519.92708561292
8147000  -4516.98526712651  4520.9173259326
8148000  -4516.46145370653  4519.57013385406
8149000  -4519.32966923067  4521.35669393502
8150000  -4518.4780759771  4522.11037687597
8151000  -4519.82734670051  4520.64506052515
8152000  -4519.49717079699  4519.07546288872
8153000  -4521.03974048669  4522.47156149321
8154000  -4517.935557887  4521.40837138869
8155000  -4518.95942235106  4523.35225071884
8156000  -4519.10690821439  4520.21849524723
8157000  -4520.25674802996  4521.63251540518
8158000  -4520.11972206263  4523.44332100828
8159000  -4519.79494410913  4520.88835217374
8160000  -4518.00720692778  4522.1982481849
8161000  -4517.82953682745  4520.40780831537
8162000  -4518.29295617233  4520.47769755733
8163000  -4521.76515708011  4523.20249749177
8164000  -4522.67325212275  4520.58003621861
8165000  -4522.43419607907  4520.22888613046
8166000  -4524.13769078508  4522.13557901983
8167000  -4523.05926156997  4520.4780690704
8168000  -4524.79682619896  4520.57161793775
8169000  -4527.12719803246  4522.1191004121
8170000  -4528.09624846846  4524.66966225339
8171000  -4528.36727211048  4524.03076186096
8172000  -4527.85498799322  4526.12880552188
8173000  -4531.43032228378  4525.71519054878
8174000  -4530.20747036102  4525.50567159467
8175000  -4530.09968874154  4522.05609758558
8176000  -4530.45925937511  4524.7959892806
8177000  -4531.64538162173  4525.82039101725
8178000  -4530.22055008436  4527.06500865759
8179000  -4531.91944934011  4526.78932139893
8180000  -4531.16594006681  4529.6729393961
8181000  -4530.50920155052  4529.81337703487
8182000  -4530.39586074573  4528.22931793562
8183000  -4531.9058001076  4531.14704905925
8184000  -4530.46497844562  4530.72090701656
8185000  -4533.32612614731  4530.60432207553
8186000  -4531.66026044462  4530.43967488139
8187000  -4530.40558655687  4530.42338421464
8188000  -4531.4451887544  4533.59091111457
8189000  -4533.1752858606  4532.7162543815
8190000  -4532.25265409951  4531.99112694164
8191000  -4535.62337069288  4532.48429126005
8192000  -4533.32402569741  4534.38356225724
8193000  -4532.36390575186  4533.25112156073
8194000  -4535.76814870809  4536.03644528048
8195000  -4536.3788870619  4534.56199138227
8196000  -4535.48466700443  4535.73586450507
8197000  -4535.93937921304  4535.2310194393
8198000  -4536.52282624176  4536.5195224911
8199000  -4536.02359500453  4536.44768839708
8200000  -4535.55428901638  4538.62289782742
8201000  -4535.98413610876  4538.25880737715
8202000  -4538.83986936636  4537.57941690602
8203000  -4538.76099986999  4538.97693527233
8204000  -4537.09708977658  4537.69276789527
8205000  -4541.53938983462  4539.84406041679
8206000  -4540.43363920171  4538.62450390729
8207000  -4539.07385251435  4540.41984247615
8208000  -4541.16576072654  4537.95570074141
8209000  -4541.86979317917  4539.90181417607
8210000  -4543.3865732387  4538.91432189559
8211000  -4543.36965898227  4539.45006648694
8212000  -4547.03014838136  4541.38229044217
8213000  -4546.20438682831  4540.29558859073
8214000  -4545.92144822943  4542.0741547124
8215000  -4548.83326536903  4542.97378395963
8216000  -4546.66887860148  4541.56748373645
8217000  -4548.62085930189  4543.76503233532
8218000  -4546.99416482105  4543.06048188882
8219000  -4550.87636718956  4543.62843426224
8220000  -4549.05345332803  4546.51889927515
8221000  -4549.51343827454  4547.30031887272
8222000  -4551.86711102706  4546.69586511811
8223000  -4550.09918580959  4549.39998652339
8224000  -4551.36379531053  4550.61233785078
8225000  -4551.42016789642  4551.19144985388
8226000  -4550.91637112248  4551.43070235316
8227000  -4553.1550418815  4552.12061503514
8228000  -4553.63679043365  4553.92186152876
8229000  -4551.63930705155  4553.62533879587
8230000  -4554.30427953098  4555.80777466543
8231000  -4553.64305248827  4556.92548754842
8232000  -4555.65469460773  4557.83109195406
8233000  -4554.597999874  4555.72682459052
8234000  -4555.12191353318  4556.109310538
8235000  -4555.77711317774  4557.09390809363
8236000  -4554.6080617421  4557.18179492035
8237000  -4557.39113385056  4558.83689972493
8238000  -4556.8953376338  4559.24385990697
8239000  -4556.44745478424  4557.80455747358
8240000  -4558.47900807701  4559.03497167512
8241000  -4558.66082877384  4558.72825533661
8242000  -4559.50649290826  4559.57979205395
8243000  -4559.52267689876  4561.08847830333
8244000  -4561.93888371803  4560.35755455695
8245000  -4563.19742901352  4558.25000733378
8246000  -4564.40569388127  4559.78123616564
8247000  -4563.62931613678  4560.90858402261
8248000  -4564.48974489541  4559.77481204199
8249000  -4564.1604810196  4559.00375213145
8250000  -4563.47834484411  4562.29572882314
8251000  -4563.60304170096  4562.36460087453
8252000  -4564.06545928971  4560.95607262787
8253000  -4564.98796155916  4561.53647040104
8254000  -4567.11823498087  4563.03993567613
8255000  -4567.48678992746  4560.02164659228
8256000  -4569.27643896818  4563.46896157543
8257000  -4571.85888986147  4562.97677671624
8258000  -4570.37556079338  4561.52650641679
8259000  -4569.63675395831  4561.64675361817
8260000  -4570.80888806715  4562.79883203171
8261000  -4571.97276177753  4564.33592588416
8262000  -4573.28971117104  4562.90989953527
8263000  -4573.31186924377  4565.8661741846
8264000  -4572.98479005993  4564.55111186001
8265000  -4574.00614236182  4566.82201153504
8266000  -4572.72947568262  4566.21822203801
8267000  -4573.38588729033  4566.86155664002
8268000  -4575.06086946835  4567.39072296298
8269000  -4574.58244876824  4566.65610687489
8270000  -4574.1628026479  4565.73178050733
8271000  -4575.94186760864  4568.08777304243
8272000  -4576.53826953953  4569.5099250505
8273000  -4576.99369046119  4569.34144645324
8274000  -4578.36771844819  4571.57858663542
8275000  -4579.08348622798  4571.2957107841
8276000  -4579.7450134032  4573.35855047418
8277000  -4579.48827551337  4575.08718429234
8278000  -4580.99457705458  4576.71277829011
8279000  -4581.64082126075  4575.16468534309
8280000  -4582.27577656924  4578.21090567507
8281000  -4585.7127745313  4579.02995777918
8282000  -4583.00939137355  4579.51741913979
8283000  -4585.87789288162  4577.80551296379
8284000  -4587.17394905767  4581.69356184953
8285000  -4588.24350111394  4581.00946825038
8286000  -4586.45069334392  4582.1276310602
8287000  -4587.46106472489  4581.41311097373
8288000  -4586.45046183198  4581.720235543
8289000  -4585.80188714147  4581.95999875238
8290000  -4587.78670151776  4584.63586935739
8291000  -4588.49295117472  4583.52943680812
8292000  -4587.45533706958  4586.1156135242
8293000  -4587.97016107046  4585.484799307
8294000  -4588.2889222361  4586.33329907735
8295000  -4590.06524426404  4587.4970745854
8296000  -4592.61802694845  4585.33912296009
8297000  -4591.67170824013  4587.383296993
8298000  -4592.50342889127  4588.39713364704
8299000  -4594.28794682466  4588.28380854479
8300000  -4593.70825336416  4589.95822465085
8301000  -4594.05706208336  4590.56636416228
8302000  -4592.58017540638  4592.91779080799
8303000  -4596.24521472004  4593.47902217014
8304000  -4595.54328804508  4592.40878968909
8305000  -4598.50861283914  4594.8569448692
8306000  -4597.77588694744  4592.95989268962
8307000  -4601.21826031675  4595.02955101377
8308000  -4601.39363894632  4595.82407227527
8309000  -4602.64086736661  4596.49332487088
8310000  -4600.91901246366  4598.13363963924
8311000  -4601.45984476821  4598.49294533098
8312000  -4602.16993902814  4600.11253669106
8313000  -4603.37224726919  4601.52949363258
8314000  -4605.0341617617  4602.82544778053
8315000  -4604.91921191722  4604.32227151009
8316000  -4607.23892720162  4603.84044192781
8317000  -4607.50008864855  4605.34342092826
8318000  -4608.38001371109  4606.41872639784
8319000  -4608.28484237504  4607.75938154928
8320000  -4608.58201764236  4606.98964331064
8321000  -4609.73616003945  4608.40068279875
8322000  -4609.60826722309  4606.77916621576
8323000  -4612.12150904835  4606.36217997176
8324000  -4612.198082033  4608.01734134705
8325000  -4614.37098472197  4608.66857038296
8326000  -4614.08055538263  4611.5597992061
8327000  -4613.38085556764  4612.77930944169
8328000  -4614.3677107332  4612.58356310501
8329000  -4615.29899701223  4613.30263766197
8330000  -4617.09282615239  4615.59654903064
8331000  -4615.83408300576  4613.20757385601
8332000  -4615.76249889903  4614.89286931568
8333000  -4617.63458715466  4615.44050897642
8334000  -4617.96524069356  4613.82872494547
8335000  -4619.23922930294  4615.50127296182
8336000  -4616.03695415409  4616.08660538693
8337000  -4617.16398472308  4618.66624380778
8338000  -4619.39554998052  4617.71207463115
8339000  -4620.20683493045  4618.39295852486
8340000  -4620.46945715653  4618.44845820493
8341000  -4622.21799725006  4618.9165726282
8342000  -4619.30484782509  4622.09965492639
8343000  -4620.63547876711  4622.77823898515
8344000  -4621.82907824954  4624.26393390087
8345000  -4620.4866054458  4625.49035792391
8346000  -4620.50455452454  4626.23298286184
8347000  -4621.33906625994  4627.29668899869
8348000  -4623.7971615345  4625.89122351216
8349000  -4622.31634760798  4626.74728121715
8350000  -4623.43557549791  4625.86202336472
8351000  -4626.6048457631  4627.03849112093
8352000  -4623.98187826101  4626.43012045656
8353000  -4624.53854643232  4627.52641628556
8354000  -4627.23757830064  4629.44305803048
8355000  -4628.12852259204  4629.10215027937
8356000  -4625.1298397275  4627.88940807981
8357000  -4625.79004367623  4627.52131128864
8358000  -4627.30351792459  4630.0578889872
8359000  -4629.99583934105  4629.6220813824
8360000  -4629.02159434501  4631.75746318465
8361000  -4628.50973722513  4631.0787596923
8362000  -4632.16118636135  4632.3672981019
8363000  -4631.01345196938  4633.52157547268
8364000  -4631.212146464  4633.96520384713
8365000  -4630.9660581832  4633.26440904948
8366000  -4632.10511249402  4633.12394901462
8367000  -4632.7418814252  4635.45445959768
8368000  -4634.46168371132  4633.40603812333
8369000  -4635.30776081595  4634.90186659803
8370000  -4634.33332541256  4634.46510783324
8371000  -4636.43543446627  4635.61886511425
8372000  -4636.63092712286  4634.11297713081
8373000  -4636.84235087865  4633.92361655466
8374000  -4637.41975830661  4633.4938000367
8375000  -4636.72699268201  4634.41079955997
8376000  -4639.14034907649  4635.49692163292
8377000  -4638.70337062557  4636.71109416729
8378000  -4640.18859490812  4632.79443271278
8379000  -4641.42692048058  4634.52463329608
8380000  -4640.07572453075  4634.87686018317
8381000  -4638.2937686231  4637.06255998053
8382000  -4638.32467413689  4638.24307433006
8383000  -4639.54173417374  4635.67730605817
8384000  -4641.11013685268  4637.10052410747
8385000  -4641.8361686227  4637.32692396258
8386000  -4641.83352303988  4637.35234761913
8387000  -4642.9469735095  4636.60348877066
8388000  -4641.98456902149  4637.79632468896
8389000  -4643.4190796225  4639.50495859596
8390000  -4644.28418520847  4639.117611931
8391000  -4645.43930700025  4638.84897831348
8392000  -4646.21398739837  4638.891479963
8393000  -4645.71907594468  4638.03119821195
8394000  -4645.41584353734  4641.55173968478
8395000  -4644.65332120713  4642.82583984044
8396000  -4646.34837508336  4643.7072269591
8397000  -4645.28433029617  4643.54598906492
8398000  -4645.35843120293  4642.37677475105
8399000  -4646.56878365081  4644.68135416577
8400000  -4648.52998553164  4643.5768087261
8401000  -4649.87200709913  4644.76036162213
8402000  -4651.40931932463  4646.09862799403
8403000  -4651.84244069397  4647.70916361715
8404000  -4651.83128169477  4648.33915902588
8405000  -4650.3236849791  4648.29105922998
8406000  -4651.42474003775  4648.67577794823
8407000  -4650.90009325986  4649.1260921847
8408000  -4652.03259965964  4648.6126968719
8409000  -4650.84529469798  4649.20587074823
8410000  -4651.2326430171  4648.58991346641
8411000  -4652.21202175642  4649.62287915218
8412000  -4652.41427113619  4650.57035714459
8413000  -4652.35904918322  4651.55394471353
8414000  -4653.6681571999  4651.98634396821
8415000  -4653.92339697995  4653.41081075595
8416000  -4654.78703583878  4653.12533752495
8417000  -4656.1987798448  4654.0040310394
8418000  -4654.75435854684  4653.37732137417
8419000  -4657.9765610269  4653.52291446278
8420000  -4658.34911963556  4657.50968753417
8421000  -4656.74798454055  4655.51460863709
8422000  -4660.9368348678  4659.46100305753
8423000  -4658.2927630251  4658.80262651475
8424000  -4658.74290335864  4658.03175436009
8425000  -4660.39803619528  4659.65458080588
8426000  -4658.7714687013  4657.92295043721
8427000  -4661.31777213772  4660.18396004608
8428000  -4659.82004522893  4659.56881412627
8429000  -4659.53430874305  4661.45084661039
8430000  -4661.1143899274  4663.07737424544
8431000  -4660.40321605723  4662.76428784644
8432000  -4663.33235665823  4663.42832690472
8433000  -4663.8914923699  4664.38806075899
8434000  -4665.67859714446  4666.20593712131
8435000  -4665.23457799462  4666.07080987256
8436000  -4666.84900640331  4666.79433943143
8437000  -4668.99902841411  4664.05016444664
8438000  -4670.74024167234  4666.0779665356
8439000  -4669.78700721758  4666.07042651094
8440000  -4673.42864512288  4668.15391557069
8441000  -4669.98324419317  4667.94017997108
8442000  -4669.0690797807  4667.35814949378
8443000  -4672.37111451811  4668.713024516
8444000  -4673.51333230346  4671.14030047115
8445000  -4674.03501628556  4669.93159534507
8446000  -4674.64887052314  4670.92593852467
8447000  -4674.02296287574  4673.4080106008
8448000  -4674.29505551377  4674.54078943912
8449000  -4674.29300623623  4674.17815705585
8450000  -4677.19156068245  4674.2277404749
8451000  -4676.14212348793  4675.72284257761
8452000  -4677.51795102487  4675.49028464025
8453000  -4675.9243842176  4675.01851495781
8454000  -4679.5119123493  4674.99959938505
8455000  -4677.28164988674  4675.94154816822
8456000  -4679.48826422613  4675.95156499908
8457000  -4679.47604233259  4676.62135374812
8458000  -4680.42704097785  4677.72742486362
8459000  -4681.33743266618  4676.94787035856
8460000  -4681.35483973195  4676.8264376149
8461000  -4682.4619753443  4677.46524003073
8462000  -4683.61365168936  4680.54697593021
8463000  -4685.68855645704  4679.70424956508
8464000  -4685.39524428708  4678.90772001434
8465000  -4686.37308557952  4681.07115011007
8466000  -4687.27878212679  4681.63357203109
8467000  -4688.97220123903  4683.92747089955
8468000  -4690.15657200091  4682.50978939363
8469000  -4690.33957502027  4685.48440005127
8470000  -4689.96344919726  4686.28208898825
8471000  -4694.35757859142  4684.85491350215
8472000  -4695.64720017033  4685.95223525836
8473000  -4693.86834405632  4687.07606390207
8474000  -4693.76089478036  4685.9330286022
8475000  -4693.21327967731  4687.14632145753
8476000  -4693.5792155788  4688.25163238197
8477000  -4696.12292100982  4688.77841206462
8478000  -4695.10553836498  4686.81909521358
8479000  -4697.85161188969  4690.33381161583
8480000  -4695.93833269693  4694.29256591003
8481000  -4698.56230914163  4693.64808560068
8482000  -4699.3411247438  4694.50462086353
8483000  -4699.59423528442  4694.14697969975
8484000  -4699.07049810275  4695.37331545296
8485000  -4700.10922893159  4697.97953865545
8486000  -4701.07198560366  4697.29730159877
8487000  -4701.36270870015  4697.9501341843
8488000  -4704.62401913074  4698.09361864983
8489000  -4702.80989030776  4699.09939798202
8490000  -4704.21302916342  4699.85340423844
8491000  -4705.2436443191  4701.80001715705
8492000  -4704.17066492426  4699.90133949753
8493000  -4704.69826801568  4700.31518716027
8494000  -4706.60167961152  4702.07989989497
8495000  -4706.89630531614  4703.88405795943
8496000  -4707.83585673176  4701.86199265839
8497000  -4710.97457990762  4702.51786417899
8498000  -4710.97698620512  4700.96909896186
8499000  -4711.54453877152  4704.05265203564
8500000  -4713.67284288165  4704.05605523706
8501000  -4713.89439433587  4704.38985651859
8502000  -4713.00405942835  4705.10720112931
8503000  -4714.17523397096  4707.11557484664
8504000  -4716.02517902081  4707.30426333614
8505000  -4719.24381512262  4707.07958792148
8506000  -4718.54959095875  4706.46962593132
8507000  -4717.61699781352  4707.43846688925
8508000  -4717.72356811577  4708.41773186845
8509000  -4719.7054497074  4710.99199217982
8510000  -4721.90949818428  4710.64876251269
8511000  -4720.35049066085  4713.01595180914
8512000  -4722.20291889561  4712.94074792697
8513000  -4722.83834308604  4711.75795864204
8514000  -4723.77250876394  4713.91360924042
8515000  -4722.50751301149  4713.15513905344
8516000  -4722.9747142643  4715.08752701712
8517000  -4722.56229011063  4715.35060223681
8518000  -4723.60564771066  4717.32546581323
8519000  -4722.74184579481  4715.46107804186
8520000  -4721.62716630708  4717.88765512927
8521000  -4723.91370869147  4719.99040333665
8522000  -4724.50504396327  4720.10196574382
8523000  -4725.27188110067  4720.36028972679
8524000  -4726.51273552443  4718.68583377354
8525000  -4728.43734002705  4721.3088141187
8526000  -4726.96089410851  4722.35816448284
8527000  -4728.43652831951  4723.29751550904
8528000  -4728.85725937904  4724.0011338218
8529000  -4730.09738371689  4722.40735409939
8530000  -4731.8765141874  4721.25536937444
8531000  -4731.28333935836  4723.75653931629
8532000  -4734.2750238406  4721.36932983621
8533000  -4735.48260028966  4721.86511125386
8534000  -4732.89286297476  4725.00134731111
8535000  -4733.89558112824  4725.95103647055
8536000  -4735.39348490913  4726.1890108365
8537000  -4733.95437101013  4727.3037672736
8538000  -4735.11733503338  4730.37090411539
8539000  -4734.1381557396  4729.22266763758
8540000  -4734.20167433534  4728.95197152178
8541000  -4734.5409959339  4731.07866902613
8542000  -4732.96385276425  4734.05727401711
8543000  -4734.66712056748  4733.50235969622
8544000  -4735.75710403206  4734.84051404243
8545000  -4738.23381715128  4733.3348140135
8546000  -4737.91737191964  4733.82198867633
8547000  -4737.0446361803  4734.45709016532
8548000  -4737.08424634511  4736.60319021673
8549000  -4738.7904767701  4736.751798404
8550000  -4741.15511923451  4738.33314772133
8551000  -4739.82988552743  4739.49663898351
8552000  -4741.84604230205  4740.18158565742
8553000  -4741.07571028773  4740.84027432027
8554000  -4739.90616848032  4740.46953452512
8555000  -4742.70078716226  4740.60846878751
8556000  -4743.69865213329  4740.71906114294
8557000  -4743.16169298409  4741.06877929233
8558000  -4744.46170259975  4743.45405266735
8559000  -4744.1821250811  4743.91073672478
8560000  -4744.34006333394  4744.40123843118
8561000  -4745.91526405206  4745.56578886609
8562000  -4744.73261694957  4744.297881405
8563000  -4745.54331033896  4745.35140248073
8564000  -4746.36746855294  4744.68507940923
8565000  -4748.3818514984  4745.56918692815
8566000  -4749.90921032272  4749.05411628466
8567000  -4754.09223881794  4748.14074146637
8568000  -4755.38775700839  4751.04307571737
8569000  -4756.01478563894  4751.22782341958
8570000  -4757.7503140478  4750.85208334771
8571000  -4758.60413887888  4751.7169986662
8572000  -4757.5495618169  4752.44123900085
8573000  -4757.39720816145  4752.4864158481
8574000  -4758.78697776198  4752.94736917082
8575000  -4757.89551175514  4754.10387631125
8576000  -4761.1543589216  4754.68948787396
8577000  -4758.71963389193  4754.65255877011
8578000  -4760.25132431977  4755.60025266616
8579000  -4764.26643453704  4757.00078237126
8580000  -4763.128380238  4755.54508671778
8581000  -4763.88873131773  4755.95712639189
8582000  -4765.43717785244  4756.62725195211
8583000  -4765.12774890701  4758.25322415135
8584000  -4766.33405784726  4757.99788287555
8585000  -4768.29724655529  4757.97748480082
8586000  -4769.69823393395  4761.23257108452
8587000  -4769.3889195492  4760.19224301588
8588000  -4768.57512344599  4761.97162828795
8589000  -4770.20968154417  4763.86991006791
8590000  -4769.99700182128  4764.53279355071
8591000  -4771.37766109994  4763.44925018592
8592000  -4771.79529454489  4763.42621897211
8593000  -4771.61040623169  4763.1593729478
8594000  -4773.4576616978  4763.60483266266
8595000  -4772.19938572701  4764.79654195694
8596000  -4773.10774120051  4765.11777457993
8597000  -4775.23960103863  4764.79072097707
8598000  -4774.23010632246  4765.92763302652
8599000  -4773.91636284926  4768.37848461871
8600000  -4776.71384689573  4766.61582211592
8601000  -4776.79666262518  4770.21601463225
8602000  -4776.4840289088  4767.99169264583
8603000  -4776.87882413372  4770.13149402663
8604000  -4777.56340334325  4770.91923315139
8605000  -4778.09579871614  4772.73987891779
8606000  -4776.85870911031  4772.53455040431
8607000  -4776.71470914246  4773.86515414455
8608000  -4776.24793842137  4775.65099319244
8609000  -4778.97172478032  4771.59829400753
8610000  -4779.04180676285  4772.81703328508
8611000  -4780.04940882865  4774.81858768539
8612000  -4780.24772934234  4776.8660641347
8613000  -4781.58236137379  4776.8642347669
8614000  -4783.55161354009  4778.79384367814
8615000  -4783.08290623423  4777.79755493444
8616000  -4784.56049866534  4778.54073976471
8617000  -4784.10537043887  4779.54763544391
8618000  -4786.1921333871  4779.73278323411
8619000  -4787.06897210068  4779.57837153271
8620000  -4785.46750382415  4780.55608557045
8621000  -4786.72569698038  4780.09497676109
8622000  -4787.78459114247  4780.42196118472
8623000  -4788.18063103356  4781.91034673567
8624000  -4787.51109926782  4779.34796376264
8625000  -4787.09441222746  4780.23349521447
8626000  -4789.00693690532  4779.96526925686
8627000  -4790.01276476876  4783.01331219173
8628000  -4790.49914510179  4781.72034645893
8629000  -4791.3583193134  4782.39547185463
8630000  -4791.1540108667  4782.51174807665
8631000  -4794.16906977656  4786.01313316355
8632000  -4793.58713583757  4786.03806178158
8633000  -4796.31861302005  4784.40742883838
8634000  -4794.6855815324  4787.19906539644
8635000  -4796.3070931512  4785.68458987955
8636000  -4795.75377961012  4787.51733410683
8637000  -4795.25952318332  4790.08833542787
8638000  -4797.25536844357  4789.65158929085
8639000  -4800.98160467773  4791.3996947529
8640000  -4799.57976069379  4792.12789930769
8641000  -4799.84633553143  4791.77676961471
8642000  -4799.37436137111  4792.64634499264
8643000  -4799.8260538149  4793.54913965019
8644000  -4800.12920719328  4793.96646204902
8645000  -4799.12825370749  4795.58853369035
8646000  -4800.17243502849  4796.11978910538
8647000  -4798.00442183756  4798.7047883462
8648000  -4800.09796063772  4797.89466204606
8649000  -4800.2906248041  4800.12447188724
8650000  -4802.50687295017  4799.24045690769
8651000  -4800.81647940362  4800.37709361892
8652000  -4803.51562416699  4799.67281956301
8653000  -4803.14492486742  4801.07249623904
8654000  -4802.74894013939  4802.02974655334
8655000  -4803.24413420217  4802.68609033532
8656000  -4803.33290066611  4803.78494519897
8657000  -4805.89199701863  4803.74456864162
8658000  -4806.6610637464  4803.82762149383
8659000  -4807.71306203998  4804.603420195
8660000  -4804.19703913638  4804.77626834177
8661000  -4808.04777042098  4806.83025129827
8662000  -4807.43823986757  4806.0915544312
8663000  -4809.21735082776  4805.16675642299
8664000  -4809.44016429421  4804.78066510265
8665000  -4809.02989317352  4805.53526692783
8666000  -4811.79871904521  4806.67272556431
8667000  -4813.10483955488  4808.90968439587
8668000  -4813.45248746976  4806.9345876407
8669000  -4814.28463346371  4809.90399549002
8670000  -4814.95880513091  4809.49505151575
8671000  -4814.73879462716  4810.38390592044
8672000  -4814.74952678413  4809.48497575727
8673000  -4814.77164060055  4811.31374554084
8674000  -4813.97294826299  4812.71214575862
8675000  -4814.95940086906  4812.77581581301
8676000  -4816.82414077914  4813.01182553673
8677000  -4815.43130756062  4816.62830026477
8678000  -4815.72831492288  4817.38957954708
8679000  -4817.09622665874  4817.41926504067
8680000  -4815.15235785839  4820.12524076122
8681000  -4818.65011123258  4820.57891592285
8682000  -4821.66534237284  4820.32211993821
8683000  -4821.41567963443  4820.70579141238
8684000  -4821.5584090799  4821.06894424485
8685000  -4823.61376484943  4824.51138608348
8686000  -4824.36877647972  4821.17914199239
8687000  -4825.19084390517  4823.77310107646
8688000  -4827.01015359257  4823.44281139244
8689000  -4828.13366485021  4825.95501568522
8690000  -4829.9257139215  4825.49618785435
8691000  -4829.37121594835  4828.70964096633
8692000  -4829.2395146737  4829.81953879285
8693000  -4828.51362067874  4827.7897203623
8694000  -4829.17908870962  4827.84842879434
8695000  -4832.60385644715  4829.24575516404
8696000  -4832.4331029787  4829.35842188307
8697000  -4832.73164120251  4830.67686559615
8698000  -4834.32913716998  4830.68193907099
8699000  -4836.2677935289  4830.65586601471
8700000  -4836.3890402154  4831.10727843462
8701000  -4838.52643121766  4833.33031968996
8702000  -4837.06174682872  4832.50572969916
8703000  -4837.21904508348  4832.04032566911
8704000  -4838.31037547129  4832.38364593458
8705000  -4838.31356200999  4831.84104013795
8706000  -4838.39892912635  4833.96419642225
8707000  -4838.40717839396  4833.02213407456
8708000  -4839.78087647356  4834.04214081631
8709000  -4840.09097436493  4833.78829520765
8710000  -4842.27757277342  4836.1893296239
8711000  -4842.17339825926  4835.54534200096
8712000  -4843.52241319285  4837.72525635653
8713000  -4844.86774056158  4836.94411166519
8714000  -4845.37484144766  4835.90432924267
8715000  -4846.87047892098  4837.06855465431
8716000  -4845.05488463417  4837.63450114919
8717000  -4845.69576366653  4840.48989273705
8718000  -4845.80252153654  4838.09502651263
8719000  -4849.45473270764  4838.4184252517
8720000  -4847.71740706664  4840.49636582475
8721000  -4851.29310473111  4840.90771123655
8722000  -4850.87646732244  4841.60388810093
8723000  -4851.60630740085  4838.34371197355
8724000  -4851.23942214435  4841.86290598249
8725000  -4853.65333112484  4842.10963844142
8726000  -4854.80293317681  4842.51462196999
8727000  -4854.11562801708  4842.2176540159
8728000  -4854.66099181599  4842.09443342263
8729000  -4858.47307162539  4844.52867685333
8730000  -4856.14327987141  4845.35411750896
8731000  -4852.84467951455  4847.38837675114
8732000  -4854.8264445045  4847.26194711215
8733000  -4855.6406481623  4848.01336974048
8734000  -4857.71816134922  4848.26599466929
8735000  -4860.39983338198  4850.13898659762
8736000  -4859.16548438318  4851.93928656715
8737000  -4858.31438696712  4851.80569183277
8738000  -4859.13312643568  4852.48849528003
8739000  -4859.87821098557  4853.21037613473
8740000  -4860.21495464097  4852.48804991383
8741000  -4861.96266956098  4853.63707486674
8742000  -4862.26845069553  4856.44622039244
8743000  -4861.70910709372  4856.62392735184
8744000  -4861.46412922162  4856.73729764534
8745000  -4863.88777882525  4856.87081076213
8746000  -4862.82088814395  4857.93145316625
8747000  -4864.58871730359  4859.5030281903
8748000  -4864.46365987997  4859.41697152057
8749000  -4865.00212247153  4858.93272669384
8750000  -4867.69697996703  4859.40993378573
8751000  -4867.69833604083  4861.81931213815
8752000  -4868.67472848308  4860.07627774861
8753000  -4867.61043642416  4859.41865546501
8754000  -4868.34032746436  4861.66736147366
8755000  -4870.39401483057  4860.64406942304
8756000  -4869.26312570955  4863.30338252992
8757000  -4869.55851011711  4866.67046371793
8758000  -4868.788407521  4866.45283404641
8759000  -4870.51117574531  4867.52263441341
8760000  -4873.1191373751  4866.73819285159
8761000  -4871.65711631365  4866.99680200029
8762000  -4870.94986563167  4867.59936592277
8763000  -4875.65642323439  4866.93795588036
8764000  -4875.40255785231  4869.25678381678
8765000  -4875.87596717835  4870.27367399599
8766000  -4874.94476012296  4869.51210565317
8767000  -4875.33857269683  4871.34219038704
8768000  -4875.22541233898  4873.34158084967
8769000  -4876.53561061182  4874.80440467593
8770000  -4874.0235486095  4874.94506826993
8771000  -4876.6162449137  4875.74752722401
8772000  -4875.52448474106  4876.72835103572
8773000  -4876.24112755701  4876.6341713246
8774000  -4875.92878604512  4877.76985787209
8775000  -4877.55416824208  4879.23656184597
8776000  -4877.49753317759  4878.53272711222
8777000  -4877.18100749765  4878.40197607152
8778000  -4879.48306354988  4878.68750467544
8779000  -4880.67709878375  4878.59797282462
8780000  -4876.41697995521  4879.92910580281
8781000  -4880.82377256313  4882.35675478017
8782000  -4877.10488082378  4881.30880228005
8783000  -4879.49644695062  4881.91461376104
8784000  -4882.47376868316  4881.39077268417
8785000  -4882.62929798345  4881.98502358832
8786000  -4883.50447156338  4882.31962322775
8787000  -4882.96335850998  4884.97535976685
8788000  -4884.9443513831  4885.65491029301
8789000  -4884.79397465239  4886.90849512518
8790000  -4887.26029289675  4887.04352980179
8791000  -4888.00725400529  4890.2744153351
8792000  -4889.71153140491  4889.70703762238
8793000  -4890.43810068051  4891.30541562554
8794000  -4891.32673188195  4889.7175496204
8795000  -4890.23298740038  4891.0559022581
8796000  -4892.72017104397  4891.21434236311
8797000  -4893.86869644648  4890.60196782715
8798000  -4892.63581463807  4892.67481741315
8799000  -4892.58193954711  4894.44765450305
8800000  -4892.36165913771  4891.33482991284
8801000  -4894.42027596878  4892.10430223596
8802000  -4893.49549053343  4894.42568671837
8803000  -4893.09678649338  4894.13896713664
8804000  -4894.77751578517  4893.34752954269
8805000  -4895.44907711726  4894.79219463994
8806000  -4896.99080943946  4894.05328837021
8807000  -4895.70373776129  4896.30525557554
8808000  -4895.41790250813  4895.03577325144
8809000  -4895.93792137848  4897.38660941473
8810000  -4898.41277516508  4899.34152002879
8811000  -4899.44388992422  4899.73808653803
8812000  -4900.79158565605  4898.46912865876
8813000  -4898.21528721992  4899.06614425339
8814000  -4898.35623423717  4898.14213344729
8815000  -4899.27556759395  4897.5510194415
8816000  -4899.15936341433  4899.7448255224
8817000  -4898.75825010446  4900.12225391304
8818000  -4900.73493401959  4899.45071850232
8819000  -4899.6375854131  4899.82020834148
8820000  -4900.77374338158  4901.23344378835
8821000  -4901.82217759192  4902.3185921878
8822000  -4900.68536110778  4899.72731655619
8823000  -4901.55821211712  4903.482917205
8824000  -4901.02452984494  4902.84355081572
8825000  -4902.76764709225  4903.98896102157
8826000  -4901.76389453226  4903.61614237554
8827000  -4902.0126328534  4903.89380661193
8828000  -4902.39857718675  4902.57302002627
8829000  -4904.63292005499  4905.86434758387
8830000  -4904.76006834182  4906.63391027132
8831000  -4908.10036050044  4905.8986018665
8832000  -4909.16730455218  4905.75554648189
8833000  -4907.73518062315  4906.40670661009
8834000  -4910.1404484599  4905.81736106267
8835000  -4909.59731618937  4907.83030040965
8836000  -4909.67423938999  4909.13252014188
8837000  -4909.21509281411  4908.98394824908
8838000  -4911.43776129874  4908.93338800444
8839000  -4910.40469245783  4909.88178459879
8840000  -4911.84885495465  4910.37840265514
8841000  -4912.92028409575  4910.9716521723
8842000  -4913.10002057631  4909.6824685128
8843000  -4915.08676188592  4912.13721273793
8844000  -4914.92134107749  4912.7618675138
8845000  -4915.44156384983  4914.03093075999
8846000  -4917.03604073642  4914.44626268742
8847000  -4916.69374380092  4914.81348655894
8848000  -4916.53109623089  4912.31445929217
8849000  -4917.60342362425  4913.52521190118
8850000  -4918.52730066669  4916.74504487834
8851000  -4919.62831263903  4915.97105604416
8852000  -4916.93344093199  4917.27819062991
8853000  -4918.15409193202  4919.00445088928
8854000  -4917.91922646097  4917.46108500532
8855000  -4919.690516146  4918.58219725066
8856000  -4921.74573499341  4916.9819189705
8857000  -4922.5872257505  4918.8760162086
8858000  -4923.47260511427  4917.88594152698
8859000  -4924.60238913937  4916.50649533312
8860000  -4925.83720233258  4918.3663430595
8861000  -4926.14759431082  4919.22508019132
8862000  -4926.63699430451  4921.34250384248
8863000  -4927.36086332855  4921.36830183912
8864000  -4923.98703112775  4921.75958616693
8865000  -4928.97243427275  4922.46548965904
8866000  -4926.47285461979  4923.30964693098
8867000  -4929.51644365002  4922.23323831537
8868000  -4926.91378956317  4923.40768769641
8869000  -4927.93495690982  4923.55873415863
8870000  -4926.26585434429  4923.76460697242
8871000  -4929.35855414876  4923.53324443619
8872000  -4930.64263389871  4925.12925174298
8873000  -4927.54286208352  4924.0890717821
8874000  -4933.07982054004  4924.50174948711
8875000  -4931.37257747649  4926.10912467261
8876000  -4930.77376894752  4928.54530800187
8877000  -4934.45923803818  4928.48526068545
8878000  -4933.48739876442  4929.04182087235
8879000  -4935.19735704587  4927.43277769224
8880000  -4934.44419364469  4929.61231633072
8881000  -4936.62215174063  4928.31232102339
8882000  -4937.11360065231  4930.67053346819
8883000  -4937.09773598052  4929.16580552621
8884000  -4938.41101057166  4933.09691099307
8885000  -4938.72526505127  4930.96818395033
8886000  -4938.49146141778  4931.01865742578
8887000  -4938.38042286652  4932.71574626622
8888000  -4940.3166287061  4934.04919214652
8889000  -4938.71975641088  4933.95160867545
8890000  -4940.31632253724  4934.09046454395
8891000  -4940.77518021533  4934.50682796832
8892000  -4940.54228615555  4935.28424298923
8893000  -4942.80259722149  4934.08762918569
8894000  -4944.47677686158  4934.79619980151
8895000  -4942.88105173685  4937.48431463736
8896000  -4946.00266105044  4936.62885253818
8897000  -4945.02206705844  4936.84056876108
8898000  -4945.67710284587  4938.18531327047
8899000  -4943.31686966707  4940.81820359296
8900000  -4945.68741347461  4939.31882867259
8901000  -4945.26839153058  4940.32608537631
8902000  -4945.54334201512  4937.92063059084
8903000  -4946.29249981752  4941.23915101759
8904000  -4946.32997961341  4940.78506213766
8905000  -4945.99911504219  4940.7832599729
8906000  -4946.52408820759  4940.20015818785
8907000  -4946.26999061537  4941.47341423008
8908000  -4948.50345515826  4942.19198869121
8909000  -4947.25087817615  4943.76771916694
8910000  -4949.9913644298  4942.70919855828
8911000  -4949.99184364726  4943.37279865036
8912000  -4949.66615958279  4944.59903616305
8913000  -4950.78544725959  4944.98302377684
8914000  -4950.40463111775  4945.64344365496
8915000  -4951.68985947124  4944.55015778624
8916000  -4951.67999050564  4945.11575881306
8917000  -4952.78874443521  4945.75548558019
8918000  -4952.46762907739  4945.4514583814
8919000  -4954.56787724481  4948.39064508099
8920000  -4953.24930075616  4947.45232306687
8921000  -4953.54084325535  4946.19904351455
8922000  -4957.07787985465  4948.03559209457
8923000  -4958.94518816234  4948.32910596739
8924000  -4958.84343002183  4949.33715700553
8925000  -4957.90500992094  4948.93520787813
8926000  -4959.0225202063  4948.87653865369
8927000  -4959.62010515387  4951.24791938445
8928000  -4963.29144803898  4954.07303382491
8929000  -4960.4653093327  4956.6352432738
8930000  -4960.80063300357  4955.66235974249
8931000  -4962.04098971395  4957.69466667237
8932000  -4962.640558195  4955.40440825824
8933000  -4963.1582625193  4957.26620147695
8934000  -4964.37329649605  4957.90971516097
8935000  -4963.50535126905  4958.77323888599
8936000  -4965.43046020529  4959.92437545017
8937000  -4965.15088621112  4961.73717825405
8938000  -4965.53258325592  4959.89553846373
8939000  -4966.28376123115  4961.79639494525
8940000  -4964.4907466967  4963.03133240565
8941000  -4968.21990432181  4964.01215833485
8942000  -4966.53058765577  4962.03151564955
8943000  -4966.83005174203  4965.349846446
8944000  -4970.57067850473  4965.19305761937
8945000  -4968.8917405977  4965.7603189504
8946000  -4969.8816249595  4965.47873319717
8947000  -4970.44565178194  4965.91310210278
8948000  -4973.13852295975  4966.78358148202
8949000  -4970.93190791703  4967.73105236427
8950000  -4973.51815618702  4968.73926330557
8951000  -4972.47298072018  4970.84089436518
8952000  -4977.3915938061  4969.00913907147
8953000  -4976.65397089635  4968.52335168837
8954000  -4975.4430338541  4967.06047945545
8955000  -4976.14593973789  4970.02564704487
8956000  -4978.45252321894  4968.87255377719
8957000  -4979.7306819925  4969.27117515483
8958000  -4978.74932721738  4970.6325902684
8959000  -4978.70577098022  4970.87646268658
8960000  -4981.05489079625  4971.04617119297
8961000  -4983.15755140428  4969.51813385862
8962000  -4982.41342260455  4973.31400680998
8963000  -4983.17338702336  4970.80722738636
8964000  -4983.18864721615  4971.59772828685
8965000  -4986.00346396756  4970.99960346437
8966000  -4985.14683145455  4969.42407470728
8967000  -4987.73407452759  4970.20448506936
8968000  -4988.18345989105  4972.47642931464
8969000  -4986.77005421684  4972.32386314981
8970000  -4986.83049297115  4971.99111922814
8971000  -4986.42287349912  4972.63837330498
8972000  -4986.68347503953  4973.48802185403
8973000  -4988.47949573712  4974.61297698889
8974000  -4990.80438560147  4974.34249167029
8975000  -4989.80643744998  4974.84774022453
8976000  -4990.82258354355  4975.42721664979
8977000  -4988.28680758123  4977.60393247403
8978000  -4988.59041875142  4977.78142288317
8979000  -4989.69962384322  4979.49016659309
8980000  -4991.3294804495  4979.19505027622
8981000  -4990.3462985818  4981.0155254826
8982000  -4990.04392335552  4979.97333217733
8983000  -4989.84568075059  4979.59058159409
8984000  -4989.10668004244  4983.57710218386
8985000  -4991.40181556093  4983.68832826701
8986000  -4993.62532786258  4983.21464006862
8987000  -4993.12501788728  4984.4329081924
8988000  -4994.23666538767  4984.86304677512
8989000  -4995.64944476543  4984.63122524925
8990000  -4995.39925881286  4985.90660502448
8991000  -4994.13673762003  4984.51839004561
8992000  -4997.44502626783  4985.65621261574
8993000  -4997.39536909034  4986.74614441834
8994000  -5000.5641274633  4987.62122221691
8995000  -4999.11507369724  4987.12683598278
8996000  -4999.62599258636  4990.39430655332
8997000  -4998.76732661308  4990.5818373745
8998000  -4999.17212493907  4989.79731680501
8999000  -4999.29751751353  4990.57133108962
9000000  -4997.48367670431  4992.73739410727
9001000  -4999.91309479136  4994.62248370778
9002000  -5000.77342119556  4995.50101179524
9003000  -5002.18480446874  4996.2209667918
9004000  -5001.18855867828  4997.2233670357
9005000  -5002.44193025609  4997.00177918422
9006000  -5004.21880157225  4998.89410183287
9007000  -5002.35333094159  5001.45638356768
9008000  -5003.17533776418  5000.72034216979
9009000  -5006.31056622869  5002.35214218363
9010000  -5004.98900594677  5001.90765613759
9011000  -5007.8115081764  5003.04067242778
9012000  -5005.98284865663  5002.35269029289
9013000  -5007.67711400734  5003.09881561743
9014000  -5007.90600088484  5003.67141383294
9015000  -5008.64008187945  5003.63120217853
9016000  -5008.82060682025  5005.14670143434
9017000  -5009.46846520947  5005.3773407866
9018000  -5010.5474881348  5005.98626903999
9019000  -5009.88918868685  5005.87442186835
9020000  -5009.67924164436  5005.48274528918
9021000  -5009.8998332164  5005.64690531147
9022000  -5012.2923932181  5006.90375444415
9023000  -5011.80458723168  5008.77713022555
9024000  -5011.30934302103  5008.25607485647
9025000  -5011.70857138562  5007.2770374125
9026000  -5012.65738354801  5007.54993937784
9027000  -5012.33431447613  5007.9150050412
9028000  -5012.54222416443  5010.8099815312
9029000  -5011.51446132181  5010.08066412985
9030000  -5014.61332156697  5010.08415882331
9031000  -5015.18768217434  5009.16580972891
9032000  -5015.3773140001  5011.63645030725
9033000  -5016.38052660492  5011.24607586258
9034000  -5018.65173760309  5012.26413753742
9035000  -5017.40396059115  5011.17142763262
9036000  -5019.42139538695  5012.03471286047
9037000  -5019.42175926086  5015.90468019077
9038000  -5020.79133873257  5013.69727713398
9039000  -5021.34894926651  5015.52528830334
9040000  -5020.97478312215  5016.44000714075
9041000  -5022.85900796445  5016.02628888854
9042000  -5020.22487507542  5017.68622353775
9043000  -5023.51605590625  5018.46064912047
9044000  -5023.9289926651  5018.8894216057
9045000  -5021.62850574267  5017.50279738368
9046000  -5024.93215368809  5021.1791344032
9047000  -5025.26068659135  5019.45667300885
9048000  -5022.89956847559  5020.27303638188
9049000  -5025.12160681791  5021.82154346948
9050000  -5025.70183979265  5021.06362286178
9051000  -5027.49852972542  5022.57595544444
9052000  -5026.7748012895  5023.47750344139
9053000  -5028.28825277145  5024.36003623843
9054000  -5027.53086771509  5023.77399845397
9055000  -5027.79020721465  5023.29050874992
9056000  -5029.71746403506  5023.42791402465
9057000  -5030.91726961001  5025.60291733915
9058000  -5032.14299390688  5026.00168653256
9059000  -5032.55884269142  5027.02003773837
9060000  -5034.7524862517  5027.00996081918
9061000  -5034.41220617315  5027.12835200937
9062000  -5034.19858785058  5029.20117525231
9063000  -5034.83134975807  5029.10662552375
9064000  -5035.44438589554  5029.61794598203
9065000  -5036.1044662354  5028.69395748796
9066000  -5037.03219816151  5030.27455563411
9067000  -5036.91984487236  5028.84096334711
9068000  -5036.40775151734  5030.64122658705
9069000  -5036.80052917803  5031.00047722962
9070000  -5038.01826576231  5029.89732016722
9071000  -5037.09177271707  5031.77435665496
9072000  -5038.28495399365  5032.01304373172
9073000  -5039.12471598004  5032.64078038305
9074000  -5039.31959625445  5032.915567842
9075000  -5037.41932274089  5034.03700103511
9076000  -5037.61095250922  5033.73563254622
9077000  -5039.600903852  5032.59196315325
9078000  -5036.72110263326  5030.82134733171
9079000  -5038.93383534729  5031.45043422145
9080000  -5039.22926531599  5032.02128995416
9081000  -5039.64873411459  5031.98185213396
9082000  -5040.93307172156  5032.22015257831
9083000  -5042.16722781559  5033.65988084161
9084000  -5039.69821310832  5033.36938701391
9085000  -5039.63902072695  5032.65535829236
9086000  -5039.15004238721  5034.39949079483
9087000  -5040.7455990045  5034.74956507861
9088000  -5041.45302639131  5034.58702778724
9089000  -5041.87935526052  5035.41361050616
9090000  -5043.37821246817  5036.36678985531
9091000  -5043.46763025464  5038.70490987497
9092000  -5042.47635426029  5039.62175260655
9093000  -5044.49169229478  5040.78910457682
9094000  -5044.09010541976  5041.58624592933
9095000  -5040.69570679578  5040.93862297611
9096000  -5043.15602959919  5041.08299928544
9097000  -5043.44428756792  5041.96616505223
9098000  -5044.20165209565  5042.16152083807
9099000  -5043.7149316497  5043.50965023636
9100000  -5045.59676591548  5044.320986418
9101000  -5044.81494562797  5044.68218666775
9102000  -5045.95232299204  5045.49324605331
9103000  -5044.90542908492  5045.18573961399
9104000  -5046.43993932483  5046.53178986417
9105000  -5045.89917035088  5047.47315151668
9106000  -5046.65348062785  5047.18430678953
9107000  -5047.55984009434  5045.75263729579
9108000  -5046.49639770147  5048.62874454965
9109000  -5047.08834047005  5048.42666291032
9110000  -5048.0629864867  5048.3261221459
9111000  -5047.184532792  5047.90957763659
9112000  -5049.08362735008  5049.67565220713
9113000  -5049.95052559741  5051.22179509638
9114000  -5048.56216877791  5050.59044589063
9115000  -5051.39625315522  5050.0470950465
9116000  -5052.15672268269  5052.23616947728
9117000  -5048.81875602287  5054.34612260061
9118000  -5050.98039646976  5053.64772450832
9119000  -5050.50263509377  5054.04741299316
9120000  -5051.32390097867  5054.88554637965
9121000  -5050.82174321542  5054.92989378723
9122000  -5051.88155319839  5055.95324791779
9123000  -5051.99150333383  5059.40392164381
9124000  -5054.92096150881  5056.84827443414
9125000  -5054.97033257199  5056.08450537285
9126000  -5055.53401274714  5058.81532487377
9127000  -5055.76982044117  5057.7512006838
9128000  -5054.33834647991  5059.89285386742
9129000  -5054.98051944398  5062.01810714952
9130000  -5055.86808735698  5061.54940717669
9131000  -5054.55826270051  5062.0224920636
9132000  -5056.31142683959  5061.3971048621
9133000  -5058.76538746773  5061.87971235399
9134000  -5057.04246207619  5063.60615904134
9135000  -5059.64709917317  5066.06356743751
9136000  -5059.9004126994  5065.34921134052
9137000  -5060.34510260421  5067.06362553895
9138000  -5062.43859280086  5065.5388724678
9139000  -5061.3523280475  5066.23846108768
9140000  -5063.45550881227  5065.82736663019
9141000  -5062.08849126758  5065.7119588542
9142000  -5060.18331928916  5066.23478079665
9143000  -5060.71597761914  5065.75400748041
9144000  -5061.28464897679  5067.69933435319
9145000  -5064.22852913137  5069.03926169601
9146000  -5064.05186014106  5068.59017245251
9147000  -5063.99602733999  5071.78098295631
9148000  -5064.06746622789  5071.63723279211
9149000  -5066.1346207198  5072.58163947968
9150000  -5064.16459097082  5072.62289710014
9151000  -5066.29389981  5072.69049523829
9152000  -5068.11548435508  5073.52282444112
9153000  -5068.57958242528  5074.17531114991
9154000  -5070.07938338422  5073.33617894567
9155000  -5071.76104971165  5075.90503160142
9156000  -5071.96600995217  5075.68368089312
9157000  -5072.04412347394  5075.99047996327
9158000  -5072.23759785534  5074.16451899971
9159000  -5073.36593499692  5076.85385611806
9160000  -5077.35023500975  5078.20685644825
9161000  -5075.64891441846  5076.89927290816
9162000  -5078.14471512058  5078.5715808246
9163000  -5078.16315198174  5077.81107667563
9164000  -5078.83170642462  5080.27200249513
9165000  -5081.53789676898  5080.33916977101
9166000  -5078.82194074781  5078.95619579136
9167000  -5082.46330393292  5080.12613978012
9168000  -5081.92168522503  5082.2133538602
9169000  -5084.63222261196  5082.84554652061
9170000  -5085.38298437926  5083.67182775322
9171000  -5085.85245906756  5085.23550106046
9172000  -5086.98548304688  5087.30837082355
9173000  -5086.57371431715  5085.24445552267
9174000  -5086.182681418  5085.64809563215
9175000  -5088.85541222062  5086.97940520768
9176000  -5087.6487163702  5086.98454582717
9177000  -5088.6342399378  5088.58886704647
9178000  -5088.63950980802  5091.54417996858
9179000  -5089.62690967213  5089.8880615353
9180000  -5089.5720981938  5091.49050618588
9181000  -5090.92674611444  5090.77571939817
9182000  -5092.49056207157  5092.58254903557
9183000  -5093.36175847973  5092.4993099273
9184000  -5092.33430858784  5093.18225444631
9185000  -5092.31291500466  5093.64832376607
9186000  -5092.21873709811  5096.22810902792
9187000  -5094.02444653588  5095.17615142702
9188000  -5095.54938750895  5096.96498750383
9189000  -5094.30502544592  5097.44186406739
9190000  -5097.93480846831  5099.11190315426
9191000  -5096.50034028288  5099.00779148941
9192000  -5097.04874102374  5099.65980932287
9193000  -5096.09755948207  5101.51770814926
9194000  -5098.76091225176  5102.45351096857
9195000  -5098.97629336046  5102.98783475412
9196000  -5101.01061313165  5103.45455265585
9197000  -5099.40076983955  5104.01619205245
9198000  -5101.04559748097  5104.16401739893
9199000  -5101.48737462276  5104.33946494304
9200000  -5103.27555475431  5106.20269398896
9201000  -5104.6731243539  5107.68366756959
9202000  -5104.37531277856  5105.94534990412
9203000  -5110.07088917906  5104.12228464748
9204000  -5111.66242052688  5105.70018143775
9205000  -5111.34742913251  5106.01897726128
9206000  -5110.49135573293  5108.02784667994
9207000  -5114.09514954109  5108.58659280342
9208000  -5114.03459039675  5112.07522779575
9209000  -5114.04667561977  5110.3564591669
9210000  -5114.52294861809  5111.10714511964
9211000  -5115.92718629463  5110.22664694626
9212000  -5114.86197844177  5112.44701748282
9213000  -5117.49844851282  5114.17878972827
9214000  -5117.00660480356  5113.09590340397
9215000  -5118.88127319478  5114.26155788198
9216000  -5120.30123460875  5117.10558178586
9217000  -5119.94080699421  5116.50907284191
9218000  -5120.33620022882  5118.47034421775
9219000  -5119.21706479645  5118.47425909328
9220000  -5123.15740699868  5118.06945760825
9221000  -5121.17983487192  5117.26880323194
9222000  -5121.92039437138  5119.93607558487
9223000  -5122.94845429326  5120.01735412767
9224000  -5123.35261472362  5120.05226238336
9225000  -5122.23847202632  5122.17046050464
9226000  -5124.03619961422  5121.76099904145
9227000  -5124.88155500275  5122.82017932489
9228000  -5124.28287410081  5125.65666937014
9229000  -5124.24217181282  5125.11381708979
9230000  -5126.94016455159  5125.747034537
9231000  -5125.82328777903  5125.69816973744
9232000  -5127.88963551703  5124.85445790941
9233000  -5125.27250210991  5126.25406546096
9234000  -5128.61878333343  5124.66228628926
9235000  -5128.16362143828  5123.14350612267
9236000  -5129.55827213109  5123.9621826803
9237000  -5129.54368280063  5123.33633856443
9238000  -5128.93371051465  5127.52367996946
9239000  -5132.04317092758  5127.04418995539
9240000  -5130.26376537746  5127.49801879741
9241000  -5129.86656162804  5127.74399245031
9242000  -5132.34069802064  5129.67633599688
9243000  -5129.01240011919  5129.09318902001
9244000  -5131.43130547903  5128.4027046115
9245000  -5131.01543955498  5128.64864112405
9246000  -5131.93217920643  5128.57831483607
9247000  -5131.78570094726  5129.73562306026
9248000  -5129.84443526567  5128.51104940211
9249000  -5130.90437665708  5130.37147704224
9250000  -5132.1096426697  5130.06869368249
9251000  -5131.64776122149  5133.24441946156
9252000  -5131.53729911855  5133.50660482055
9253000  -5131.44703425214  5135.31583778529
9254000  -5133.71870974594  5134.08989251901
9255000  -5132.50933491506  5133.43237912398
9256000  -5137.24854924005  5135.60451946815
9257000  -5135.50256895766  5133.76957833124
9258000  -5136.80052114767  5135.21307929449
9259000  -5136.73248492255  5135.570865054
9260000  -5136.90689498118  5135.29642560849
9261000  -5137.37555046466  5137.10233350724
9262000  -5139.32295949256  5136.16883913525
9263000  -5138.88141965032  5136.68978875505
9264000  -5140.34506485064  5136.79228006167
9265000  -5141.32382390104  5137.62080013579
9266000  -5141.07819557508  5139.55293779568
9267000  -5142.56829481254  5140.25514953067
9268000  -5143.3934801154  5139.49435509412
9269000  -5144.45383317932  5139.63795662299
9270000  -5144.11092121513  5139.22546538905
9271000  -5143.72327960812  5140.28009395253
9272000  -5142.17010892887  5140.31583836114
9273000  -5144.86298623913  5140.3866734122
9274000  -5145.11016832145  5141.20329933534
9275000  -5145.19410344521  5140.61409887436
9276000  -5144.27226027901  5142.74346318592
9277000  -5145.99608167183  5141.65925986941
9278000  -5147.17887145334  5143.03466554141
9279000  -5147.68977537709  5145.64840215045
9280000  -5150.13369020971  5145.97823437831
9281000  -5149.63900529337  5146.59940750038
9282000  -5153.1546522561  5146.6014515952
9283000  -5151.25433594452  5146.39269761729
9284000  -5151.66675587375  5146.97327571711
9285000  -5153.23833252814  5147.48892485497
9286000  -5152.35778293475  5151.35139959601
9287000  -5155.4737796717  5148.84066188828
9288000  -5153.94526525559  5151.22411887862
9289000  -5153.40199850816  5150.9154152168
9290000  -5150.39922956035  5152.97565930172
9291000  -5152.40143326371  5152.05402805745
9292000  -5154.73928076826  5153.7893929015
9293000  -5153.93696288002  5153.86043587667
9294000  -5153.38263470843  5152.0939866635
9295000  -5154.87838352347  5153.56080739609
9296000  -5154.04774425679  5152.52848220154
9297000  -5154.92224911219  5153.29780274876
9298000  -5152.84482281003  5154.51522694164
9299000  -5155.86282775527  5154.99304997924
9300000  -5155.93229268775  5155.77252060522
9301000  -5156.24366262808  5157.07095420607
9302000  -5156.64495416796  5158.65316528928
9303000  -5156.90474301294  5160.5946849731
9304000  -5158.11927857081  5159.68217800884
9305000  -5159.04712875944  5158.58604040116
9306000  -5158.42366891565  5160.41810004621
9307000  -5160.8117622797  5160.46416529251
9308000  -5161.31934321324  5160.82162495539
9309000  -5161.37594671721  5161.12041080204
9310000  -5163.55002815132  5161.89534716938
9311000  -5162.15828462785  5163.75580382101
9312000  -5162.69235703593  5164.90908959421
9313000  -5160.68991802064  5167.4700071003
9314000  -5161.89754073971  5169.39612317922
9315000  -5161.11000318898  5167.06325455375
9316000  -5163.92054276421  5166.69996264771
9317000  -5164.12252419797  5167.78545444964
9318000  -5163.63452611578  5167.05212300897
9319000  -5163.94968269248  5168.695969481
9320000  -5160.88473683026  5170.578926043
9321000  -5163.63265723137  5169.17959036848
9322000  -5164.88156270472  5168.54091597787
9323000  -5166.79466953904  5170.03166545891
9324000  -5165.54096459984  5170.02895272051
9325000  -5164.88466061833  5171.54292012667
9326000  -5167.65446695249  5172.82997113651
9327000  -5167.63376467357  5173.95543590028
9328000  -5170.73253862526  5172.5200756859
9329000  -5170.86716306135  5176.44239129169
9330000  -5171.45198982509  5178.89078671315
9331000  -5170.05851092868  5178.62123398478
9332000  -5170.51375210282  5179.72600501975
9333000  -5171.52272113607  5180.82771612186
9334000  -5170.07844694586  5181.85714741828
9335000  -5170.7389529351  5182.57169912748
9336000  -5169.71578824829  5181.87750390484
9337000  -5173.24385090711  5184.16924749117
9338000  -5175.72179367983  5182.28864221395
9339000  -5174.01927642728  5182.49082774729
9340000  -5174.67756435824  5185.07634532277
9341000  -5176.10417788531  5184.6898062685
9342000  -5178.55660892864  5183.89705501028
9343000  -5175.69997748193  5183.19524990546
9344000  -5176.61492559915  5183.80471573562
9345000  -5179.45546842519  5185.9938954494
9346000  -5181.80881405485  5184.56268829328
9347000  -5180.28394580653  5184.5479618705
9348000  -5181.09488285929  5184.53452590332
9349000  -5183.90119742166  5186.27904443492
9350000  -5183.10829704938  5187.39926420567
9351000  -5183.47223039601  5185.64618169911
9352000  -5184.853213037  5185.78786634561
9353000  -5185.81211020638  5186.17308419125
9354000  -5184.88366215224  5187.35161535908
9355000  -5185.16442889355  5185.31486655673
9356000  -5185.73514598875  5187.68909670136
9357000  -5187.67578265094  5186.80852627757
9358000  -5188.56440650952  5188.33046381858
9359000  -5189.28786397631  5186.58287606646
9360000  -5188.14841185737  5189.81084216174
9361000  -5187.81325266264  5189.65163759925
9362000  -5188.63178608815  5190.88705524714
9363000  -5191.39269467322  5190.87498696487
9364000  -5190.99282850787  5190.2095465869
9365000  -5190.63524987694  5193.6995767951
9366000  -5191.15434998285  5191.61478959846
9367000  -5191.57299627937  5194.42148240744
9368000  -5191.39880093552  5194.74403744348
9369000  -5192.00959506656  5196.08591406345
9370000  -5193.88373452913  5197.1593919617
9371000  -5195.5786706843  5197.72765296164
9372000  -5194.99016323293  5196.65116409484
9373000  -5195.04231520776  5196.34176693392
9374000  -5195.42318114567  5197.76339091915
9375000  -5198.56391418833  5199.54330548468
9376000  -5197.30260381491  5198.28084690901
9377000  -5197.68485575513  5201.81453694199
9378000  -5197.11702710182  5200.37313854923
9379000  -5197.90219694645  5201.68790480284
9380000  -5199.66908322693  5201.94506751653
9381000  -5199.09347959592  5201.62772404806
9382000  -5199.14519687367  5203.15377462821
9383000  -5199.96134187223  5203.45597934325
9384000  -5198.97123471191  5202.35329162283
9385000  -5198.43894459577  5203.75184195605
9386000  -5200.47679513559  5203.84873439061
9387000  -5201.4100494877  5202.36265723576
9388000  -5201.92618465411  5200.77199574186
9389000  -5201.79519678243  5204.30937379431
9390000  -5202.60315640111  5201.99324537624
9391000  -5202.75792315585  5204.71235409131
9392000  -5202.68793660079  5205.527566224
9393000  -5204.71665295724  5204.79040436634
9394000  -5205.25652771382  5207.79368478565
9395000  -5205.98897312717  5206.88977631293
9396000  -5207.35763590129  5208.1439191353
9397000  -5205.40220430471  5209.31878841012
9398000  -5205.88837231617  5209.56740384326
9399000  -5208.35323073021  5211.3291833757
9400000  -5209.49712887268  5210.80361240706
9401000  -5206.90093789067  5210.24892397846
9402000  -5207.87222064939  5211.17156963632
9403000  -5208.89463266082  5211.88989865339
9404000  -5208.57788512142  5211.32267735349
9405000  -5208.78807995896  5210.4048584178
9406000  -5208.54961944599  5210.41731470489
9407000  -5209.49274760433  5210.87268824192
9408000  -5208.65600274989  5211.68751617451
9409000  -5207.64472669917  5211.38018633553
9410000  -5211.6039741571  5212.10201328119
9411000  -5210.11240917351  5212.43614294092
9412000  -5211.54204929601  5211.19830063548
9413000  -5211.88905480995  5212.78755002428
9414000  -5211.62290438867  5212.74212658779
9415000  -5212.07264903584  5213.01238014808
9416000  -5214.02093553877  5214.24416526951
9417000  -5214.47593528279  5214.68122180186
9418000  -5215.58979480281  5216.39368794401
9419000  -5217.01456039008  5215.5164659986
9420000  -5214.85895855187  5215.94012543751
9421000  -5217.33971824831  5215.46224661599
9422000  -5218.59114785005  5216.94318171545
9423000  -5218.1999194254  5218.26052715269
9424000  -5220.98760920255  5216.27518990428
9425000  -5221.52848171233  5219.82969600811
9426000  -5219.15265499625  5220.87851670537
9427000  -5221.7854006104  5221.8524054458
9428000  -5220.6722739288  5220.74120416689
9429000  -5220.95005244482  5220.06338359742
9430000  -5223.29605974003  5220.91708681516
9431000  -5224.40591200318  5221.15839596127
9432000  -5225.97090592589  5220.92281519772
9433000  -5225.85874041135  5222.44755042062
9434000  -5225.8233316087  5220.68344056803
9435000  -5227.49772482953  5221.58067024074
9436000  -5228.27289614775  5222.47742867977
9437000  -5229.41618289104  5220.08936627169
9438000  -5227.64097313244  5220.71485324
9439000  -5229.15382486973  5221.21008941016
9440000  -5227.85456155666  5220.54201323745
9441000  -5228.10505690936  5221.6455162551
9442000  -5229.26660973639  5224.25121889824
9443000  -5231.95501071479  5225.18983768372
9444000  -5230.82805415264  5226.68202030902
9445000  -5234.46620170368  5227.22180292822
9446000  -5234.91961269141  5229.67488937201
9447000  -5233.39692120891  5226.50864644389
9448000  -5232.5566294884  5228.5834450118
9449000  -5232.14155918879  5229.30899377935
9450000  -5232.92782212825  5229.59835494631
9451000  -5231.36567889676  5229.71511633131
9452000  -5232.49860208633  5229.62834536074
9453000  -5233.06649240867  5232.20159079253
9454000  -5233.62356809911  5235.69693229752
9455000  -5234.57368596927  5231.72116611657
9456000  -5234.54096213546  5233.86289862585
9457000  -5237.91590084434  5234.47548546017
9458000  -5236.96822701341  5235.91158833629
9459000  -5236.01316008836  5236.32389883096
9460000  -5236.14198821235  5235.44960314453
9461000  -5239.11960234265  5237.07838342657
9462000  -5238.65944670497  5238.1974803793
9463000  -5239.17944876313  5240.5706149531
9464000  -5238.97475070887  5238.60047954773
9465000  -5240.89118035931  5240.65269040595
9466000  -5238.65579500348  5241.83294055673
9467000  -5240.83811821855  5241.63610843757
9468000  -5240.48019477818  5244.25744347765
9469000  -5243.18878947211  5242.94763244028
9470000  -5243.74851612755  5243.03847407859
9471000  -5244.07357453891  5241.46387791203
9472000  -5246.08357289191  5241.70609555927
9473000  -5247.80974740407  5242.57396360854
9474000  -5246.3580624652  5242.60988362131
9475000  -5248.08157922327  5243.55531096568
9476000  -5249.8039247239  5244.72534365194
9477000  -5250.93031283769  5244.65463073412
9478000  -5250.37994587562  5246.32286536354
9479000  -5250.2241050145  5247.50848106886
9480000  -5250.8958904399  5248.08969539537
9481000  -5253.56899622378  5246.50705499727
9482000  -5254.24944614505  5248.02904531442
9483000  -5251.28703998689  5248.32889819231
9484000  -5254.7184754203  5249.06248433359
9485000  -5253.88631222888  5249.46619456352
9486000  -5254.59565979833  5250.75394421578
9487000  -5256.1400923224  5250.43884670821
9488000  -5253.6692982873  5251.15691165952
9489000  -5253.13108468717  5250.93845710503
9490000  -5253.40362889025  5252.35172485809
9491000  -5253.97133641583  5252.98732352196
9492000  -5255.58484031397  5253.21838899014
9493000  -5254.5549201385  5252.79898641247
9494000  -5254.5754412515  5256.41212767319
9495000  -5256.02741332037  5254.62970351718
9496000  -5255.15046246522  5254.80776910304
9497000  -5256.54165292892  5256.32319883664
9498000  -5256.20138931571  5257.88956438924
9499000  -5259.1733964016  5259.64806444852
9500000  -5258.36675566827  5258.83459550654
9501000  -5258.06186116258  5260.34460727247
9502000  -5261.56741811614  5259.47239436247
9503000  -5261.28276430441  5257.71030514467
9504000  -5261.71243470987  5259.95888546958
9505000  -5260.94132975304  5259.67029255889
9506000  -5261.84219577381  5260.9139924624
9507000  -5262.87291872034  5260.98255333646
9508000  -5263.02291948393  5263.12873677616
9509000  -5263.6359632569  5265.38959852318
9510000  -5263.31347644998  5267.08394641629
9511000  -5261.69931406188  5265.37712946455
9512000  -5264.66837711373  5265.23450414468
9513000  -5263.13788216666  5268.54587327574
9514000  -5265.62750729062  5268.93839635532
9515000  -5266.51322873071  5269.32374795757
9516000  -5266.84436520283  5268.32608950397
9517000  -5267.51536270176  5268.71374144422
9518000  -5267.5095959631  5267.66347576896
9519000  -5269.15992478246  5270.79593300196
9520000  -5270.00693309367  5272.65733004526
9521000  -5269.47536950532  5271.89730443234
9522000  -5269.53234087008  5270.63146006559
9523000  -5270.68223505107  5272.39999680338
9524000  -5270.83472847397  5271.27812973119
9525000  -5268.26948442834  5269.50157278137
9526000  -5269.79959254889  5269.77359072098
9527000  -5272.00808503299  5269.90764831198
9528000  -5272.30205019218  5270.70545296331
9529000  -5273.18778818575  5271.41245402623
9530000  -5272.89951367396  5272.19572899045
9531000  -5273.92387789424  5274.37597491241
9532000  -5275.66018613707  5274.30004532249
9533000  -5274.08890986831  5274.95271048983
9534000  -5275.38900312274  5276.33075748062
9535000  -5274.5597517719  5275.3365317841
9536000  -5277.1384891507  5276.196630277
9537000  -5278.61539671406  5277.9843751276
9538000  -5277.87110752957  5280.24715805992
9539000  -5279.58619319725  5280.74654151507
9540000  -5279.38286526552  5280.04474772978
9541000  -5280.08371730371  5282.3294851092
9542000  -5278.59615162588  5281.58089953911
9543000  -5280.27585361344  5281.67158177202
9544000  -5282.10674107196  5283.90448490822
9545000  -5281.7084145166  5283.88351960636
9546000  -5282.53625371081  5285.31334547747
9547000  -5284.10638047989  5284.5093363317
9548000  -5285.84723723068  5285.08810402905
9549000  -5284.69597566025  5284.85939047263
9550000  -5284.71043285509  5287.87930685224
9551000  -5288.15942978597  5286.59248026754
9552000  -5287.91078986748  5285.992899085
9553000  -5286.46806184602  5289.77408986558
9554000  -5288.15994132939  5288.48416634856
9555000  -5289.94600772483  5289.01816079615
9556000  -5290.16457786159  5289.74731184255
9557000  -5288.0199261879  5290.80386582805
9558000  -5288.84061813746  5290.45135706169
9559000  -5290.3900038402  5291.11109851892
9560000  -5292.22322967177  5292.42818039296
9561000  -5292.23586254661  5293.85693962897
9562000  -5292.6548418731  5293.33958006481
9563000  -5294.46327892788  5295.01767358502
9564000  -5296.0108361556  5295.62038502146
9565000  -5294.39958874064  5298.57107118534
9566000  -5295.7670923423  5301.73294013329
9567000  -5296.75636742201  5299.43613620095
9568000  -5295.43822588315  5299.72510955442
9569000  -5295.82107530999  5300.25478410246
9570000  -5296.8226161632  5301.76840878459
9571000  -5297.17848513001  5301.53632529991
9572000  -5298.1293393375  5301.6540331522
9573000  -5300.06575378842  5302.63857008984
9574000  -5298.38421249685  5305.13397735882
9575000  -5299.98515731204  5305.78688772174
9576000  -5299.43093966644  5303.66063610477
9577000  -5300.80025070033  5305.27044178112
9578000  -5301.06945837482  5305.37103194276
9579000  -5302.62624201836  5306.97449354656
9580000  -5302.84942968694  5305.78760852205
9581000  -5305.37670789758  5307.22609093059
9582000  -5305.03225898641  5308.40786386492
9583000  -5304.79806153974  5308.02007109765
9584000  -5306.65974110998  5310.72580717196
9585000  -5306.4205114548  5308.62830910752
9586000  -5306.01350840769  5310.83120659889
9587000  -5307.70703966678  5312.58652116555
9588000  -5307.32044364661  5312.02748737394
9589000  -5307.38217510812  5313.36384937207
9590000  -5308.12094460377  5311.10945880444
9591000  -5307.81344162113  5310.63437366326
9592000  -5311.83593866112  5312.44525279077
9593000  -5310.97146377691  5313.14380703268
9594000  -5311.38544752514  5314.35486768031
9595000  -5312.3349006761  5314.53230646611
9596000  -5311.81644389248  5317.27509067607
9597000  -5311.21274936698  5317.93051410847
9598000  -5310.94321687995  5317.98390456573
9599000  -5312.69686076911  5318.53768899817
9600000  -5313.56091813374  5319.18779006254
9601000  -5314.19611015651  5320.01476416908
9602000  -5314.50917372474  5319.83836563921
9603000  -5316.58740356641  5317.81211680527
9604000  -5317.28058719271  5320.78676444519
9605000  -5317.71570108563  5320.87046934658
9606000  -5317.62606304501  5319.47464874583
9607000  -5319.56453722183  5322.82303102603
9608000  -5321.04792953704  5319.88549436312
9609000  -5320.04533344334  5321.9524254438
9610000  -5318.58955571816  5320.94206690715
9611000  -5323.8311260743  5322.42636281239
9612000  -5322.56954000772  5326.09677736709
9613000  -5324.03302861731  5326.33805248605
9614000  -5324.24428935833  5326.72910075047
9615000  -5324.38368645614  5329.11032291113
9616000  -5326.73978195485  5329.21843570707
9617000  -5325.51943066874  5327.52480793571
9618000  -5324.65379652034  5328.98992750603
9619000  -5327.36265046417  5328.53301856791
9620000  -5326.83418299058  5330.11491133238
9621000  -5327.60923255201  5331.45980383919
9622000  -5326.30429104662  5330.79751886729
9623000  -5327.77339914414  5331.06755572226
9624000  -5327.304761827  5331.86897459199
9625000  -5329.3939836441  5331.34803615663
9626000  -5330.48876047826  5332.60267527217
9627000  -5329.95860541642  5332.43921487427
9628000  -5331.79861516692  5330.39986874289
9629000  -5333.27174699003  5330.9061826879
9630000  -5331.87183542838  5331.99705245554
9631000  -5333.4185784816  5333.43981703085
9632000  -5333.62058806143  5334.60186038399
9633000  -5335.98247447724  5333.87710974786
9634000  -5337.67725162807  5335.58029627504
9635000  -5338.33468562593  5335.75086265826
9636000  -5337.51346559715  5337.2152523252
9637000  -5340.79024278149  5335.95268270018
9638000  -5340.97671791981  5338.68000504262
9639000  -5343.34002552237  5338.96104373734
9640000  -5340.89457068724  5339.12143320558
9641000  -5341.03518720484  5339.48491579753
9642000  -5341.8971986651  5339.42524522626
9643000  -5339.98897061602  5340.31832641735
9644000  -5341.96390410875  5342.4249105128
9645000  -5343.15845382021  5343.84651616491
9646000  -5342.75432475166  5342.04971003999
9647000  -5342.07730356844  5343.85889265385
9648000  -5343.10616874023  5344.52225020878
9649000  -5344.97036415232  5342.30661225768
9650000  -5346.27188047473  5346.48275908451
9651000  -5344.86651355439  5346.8899387736
9652000  -5347.4657382681  5345.56021390822
9653000  -5344.26590222711  5345.44193374992
9654000  -5347.30499900609  5346.47841648598
9655000  -5346.78989084437  5348.89427108857
9656000  -5346.89128832536  5347.43153191412
9657000  -5350.11961535675  5348.91595336374
9658000  -5349.00303156069  5349.61834867637
9659000  -5347.7253402804  5350.69680017658
9660000  -5350.69668662719  5348.47295505189
9661000  -5351.59267346133  5350.37087314097
9662000  -5353.22518332909  5350.93152531808
9663000  -5351.4292389496  5352.90079693305
9664000  -5349.88146964866  5352.34734561628
9665000  -5350.63354692756  5351.40766999186
9666000  -5350.76510909928  5353.47187133165
9667000  -5352.77152832591  5353.10414297584
9668000  -5354.53201429474  5354.75121793572
9669000  -5353.79324787851  5355.70084639419
9670000  -5355.88640195004  5353.84873014652
9671000  -5356.32367792048  5355.84075107436
9672000  -5352.96686116075  5354.82146634493
9673000  -5353.09226186587  5357.0707624448
9674000  -5355.8968417961  5356.75559624833
9675000  -5356.09927361185  5356.47170559617
9676000  -5358.06006040318  5356.0689944508
9677000  -5359.63355089071  5358.38256966869
9678000  -5358.62194510956  5359.78252601606
9679000  -5361.64225359063  5359.80011630022
9680000  -5361.278501515  5359.20978660828
9681000  -5362.05155769095  5362.36495762444
9682000  -5364.23935499288  5361.33793922829
9683000  -5362.07028430408  5358.92950833887
9684000  -5363.92004737557  5361.79075406863
9685000  -5363.68033315505  5362.40187410485
9686000  -5365.3324168304  5361.97814564943
9687000  -5366.0586127696  5364.02393072442
9688000  -5368.25757877075  5366.38889581045
9689000  -5367.11641653651  5365.74358943716
9690000  -5368.36177236118  5367.86887085996
9691000  -5369.10449629513  5367.4046366959
9692000  -5369.03107376969  5369.46561644478
9693000  -5370.18851872486  5368.64096331256
9694000  -5369.72470409999  5369.50324972445
9695000  -5368.95592856965  5369.53887647969
9696000  -5370.88119197596  5371.17938435419
9697000  -5372.7721578564  5369.91879318566
9698000  -5370.83157946912  5370.26585206293
9699000  -5372.30216903292  5374.64848996399
9700000  -5373.63044907731  5374.34698745527
9701000  -5374.06235514452  5373.96524917906
9702000  -5374.65170616792  5373.46348749239
9703000  -5374.09792653534  5375.64133866167
9704000  -5376.04038107943  5376.28670800221
9705000  -5374.94825701824  5375.8273498477
9706000  -5375.46973323963  5374.21252514078
9707000  -5374.18829898487  5376.32865671712
9708000  -5376.66355575537  5377.86984503566
9709000  -5375.39916449599  5380.1362380657
9710000  -5377.32439509359  5378.94362273229
9711000  -5378.197446503  5379.891191099
9712000  -5377.17993246137  5383.01034337533
9713000  -5379.82142684512  5383.75975551078
9714000  -5378.03684341707  5384.49449837549
9715000  -5379.78329879673  5383.78448434898
9716000  -5380.82362414014  5385.9624023812
9717000  -5379.85559137655  5387.62757556793
9718000  -5381.66025374693  5385.67329908877
9719000  -5383.15991117656  5385.48791387391
9720000  -5381.09803874541  5386.14441473223
9721000  -5382.28738333153  5385.44116652691
9722000  -5384.11829471228  5386.87329777169
9723000  -5384.66596746005  5387.42026153343
9724000  -5384.53014601307  5388.25579805684
9725000  -5387.56075452172  5386.18364777577
9726000  -5387.63487274471  5389.25504121379
9727000  -5388.63273914263  5390.37986042468
9728000  -5388.31314203978  5391.05948867763
9729000  -5390.14026803656  5392.15057847678
9730000  -5389.53263408873  5392.08643161257
9731000  -5389.32021195282  5391.75216656019
9732000  -5392.1323219894  5392.58154857792
9733000  -5391.70113112426  5393.92722555758
9734000  -5393.26651490831  5394.13387202862
9735000  -5390.87588123099  5392.45757751414
9736000  -5393.73908813583  5395.32908828949
9737000  -5393.66004950943  5395.2494318232
9738000  -5393.60463309466  5395.52018126817
9739000  -5395.04049776145  5395.99096430735
9740000  -5394.02193036977  5396.49540752833
9741000  -5393.90299712211  5395.39070875967
9742000  -5396.62763642484  5396.5577767335
9743000  -5396.70540085719  5396.38812312557
9744000  -5396.27819111934  5395.59455733403
9745000  -5398.80535208238  5397.33296664006
9746000  -5402.36307002222  5397.170813691
9747000  -5404.7406754271  5398.7713411763
9748000  -5403.83407666195  5398.27271945762
9749000  -5402.76579374168  5401.38849225201
9750000  -5405.50083337736  5400.72670151772
9751000  -5406.522252086  5403.41224439639
9752000  -5403.80604232001  5402.58403861402
9753000  -5407.18349825541  5404.43889463697
9754000  -5408.23611106093  5405.50224585251
9755000  -5407.31158835079  5404.7503700971
9756000  -5410.19133597109  5405.01725261034
9757000  -5408.50648062949  5404.50832124383
9758000  -5410.23859261467  5409.3385731517
9759000  -5408.56249805703  5407.10693612237
9760000  -5410.17020448611  5408.96260458851
9761000  -5410.26596346285  5409.52988267792
9762000  -5411.23185084463  5409.84287670448
9763000  -5411.35177271515  5411.51251223751
9764000  -5411.75870816551  5412.30062427574
9765000  -5411.65197244655  5411.83773592609
9766000  -5414.16382437777  5412.9470799305
9767000  -5412.48219019251  5410.56304234305
9768000  -5413.28301302058  5411.65036759256
9769000  -5416.24948391504  5413.10452382998
9770000  -5416.6784227555  5414.6886100818
9771000  -5417.10608539956  5413.70326506935
9772000  -5417.34633398936  5413.9420281361
9773000  -5418.62428569233  5414.52394784683
9774000  -5420.28950476471  5414.79809330658
9775000  -5421.51875716281  5416.26575487644
9776000  -5419.68676534456  5417.99724955614
9777000  -5420.40198684481  5418.75359964005
9778000  -5420.51305972039  5418.41006639788
9779000  -5419.7897764639  5421.02570706444
9780000  -5420.16507004132  5422.36093450421
9781000  -5419.84980197001  5423.59847477678
9782000  -5421.46308641297  5423.6841007166
9783000  -5422.74904298097  5423.70556443692
9784000  -5422.65663825137  5423.49323927819
9785000  -5425.72800424741  5425.81655634495
9786000  -5424.18720836473  5427.06448073461
9787000  -5423.50755338627  5423.97943602097
9788000  -5424.32004818964  5424.00248860752
9789000  -5424.78660384434  5425.47572596508
9790000  -5426.05681036564  5425.39995141626
9791000  -5426.94220817649  5424.36194286854
9792000  -5426.26961249221  5423.76401057783
9793000  -5429.52493900828  5425.7505831015
9794000  -5429.57108019931  5426.81933303564
9795000  -5430.30524437456  5425.2352893217
9796000  -5431.55329854464  5427.46584339482
9797000  -5431.08028757641  5426.23965872047
9798000  -5430.79105107166  5428.03518238517
9799000  -5431.11628808103  5429.85122375207
9800000  -5430.47464082806  5429.94148548379
9801000  -5430.76973282744  5429.00160348994
9802000  -5431.76026599015  5429.6452642124
9803000  -5429.57801101635  5430.34596256832
9804000  -5428.93916142585  5433.0443992585
9805000  -5429.38358697302  5432.43594445379
9806000  -5432.15361621317  5434.34110500387
9807000  -5431.67218982224  5433.93336535271
9808000  -5430.034461238  5436.25733706821
9809000  -5430.34819810595  5436.86832428805
9810000  -5431.40957961588  5436.5247536845
9811000  -5434.36358428407  5437.83653494585
9812000  -5436.84530727184  5436.54947689814
9813000  -5436.25309792256  5437.43097456076
9814000  -5436.507839058  5438.33226802408
9815000  -5434.58980618781  5438.25528107994
9816000  -5437.63362791927  5439.10076410666
9817000  -5437.31671717653  5438.89016849428
9818000  -5437.77647867529  5438.71481963511
9819000  -5439.8246321168  5438.24626906494
9820000  -5439.60680223278  5439.03535933603
9821000  -5440.08811351512  5441.59564554522
9822000  -5440.58571714508  5440.53941244064
9823000  -5439.82942928449  5441.36225486499
9824000  -5440.32932916198  5441.92292255198
9825000  -5438.8736206966  5440.58548440555
9826000  -5440.47655612297  5442.46998653648
9827000  -5440.05439896755  5441.41528875144
9828000  -5442.2038630808  5442.06055980551
9829000  -5441.83760521926  5442.10416206797
9830000  -5441.28626851008  5442.50235415799
9831000  -5441.77705997921  5444.20780526518
9832000  -5443.64367173145  5443.83139180033
9833000  -5442.12699477475  5448.14106685508
9834000  -5443.75688300145  5447.80651763109
9835000  -5444.56052863103  5447.44115629846
9836000  -5445.11936950585  5447.93645757961
9837000  -5444.22302819311  5447.10878204917
9838000  -5446.80970716733  5448.95661657446
9839000  -5446.4226320483  5449.35673858519
9840000  -5446.62177067402  5449.24764846844
9841000  -5446.53109286983  5450.89306642831
9842000  -5448.40374589801  5450.00298095835
9843000  -5449.8217572113  5452.34237091126
9844000  -5451.28810673049  5451.47280012004
9845000  -5451.51593322583  5451.15096232738
9846000  -5450.2347566555  5452.83126304253
9847000  -5450.38777187471  5453.08425355509
9848000  -5452.01323226732  5455.2443257602
9849000  -5451.02265728631  5456.00246044605
9850000  -5449.270238896  5456.21746806344
9851000  -5449.63294906184  5456.64784125677
9852000  -5450.07797481446  5457.35436219078
9853000  -5450.37369975133  5457.68300191768
9854000  -5451.44943811599  5458.14542994972
9855000  -5450.69491042015  5457.76218511122
9856000  -5451.01501578293  5455.94130008272
9857000  -5454.22349633743  5459.40909908746
9858000  -5454.49532572768  5457.58062960118
9859000  -5454.3620879067  5460.40748209534
9860000  -5453.23259116686  5458.85663896497
9861000  -5452.13660401257  5457.67370035749
9862000  -5454.23382710124  5460.5490460595
9863000  -5456.17488715088  5461.37669953707
9864000  -5458.76328161876  5462.01364122574
9865000  -5460.76521733457  5462.03474014267
9866000  -5460.41107012612  5463.68911301722
9867000  -5462.2671850077  5464.99729323862
9868000  -5461.5278756494  5464.6216904231
9869000  -5460.85117401371  5465.24676647777
9870000  -5464.33623476874  5466.57486266235
9871000  -5464.16426911885  5465.12927350096
9872000  -5465.4475856962  5467.34377187117
9873000  -5464.05272491835  5467.04873085523
9874000  -5467.62214684167  5468.16360929312
9875000  -5466.47901985061  5466.57485618235
9876000  -5468.20125858368  5466.91264152609
9877000  -5467.27235350291  5468.03779479046
9878000  -5467.78425762077  5469.09584240403
9879000  -5468.9258459067  5468.62614489355
9880000  -5469.11392008353  5470.62578614462
9881000  -5470.50197095556  5469.6971976069
9882000  -5471.33875350704  5469.95908055706
9883000  -5472.95697966182  5469.6863034657
9884000  -5474.51767396972  5470.05463200663
9885000  -5475.89025563146  5471.11854291716
9886000  -5474.63821899753  5470.17317893853
9887000  -5477.17064973717  5472.80669914909
9888000  -5475.02947737788  5472.23006445652
9889000  -5476.98328307895  5472.53532787271
9890000  -5476.49505359849  5472.50826748105
9891000  -5476.22421903039  5473.68180601825
9892000  -5479.28919370152  5472.33111871154
9893000  -5479.17761711128  5474.20014537536
9894000  -5478.60888799577  5474.19934494548
9895000  -5481.4017462479  5473.07153066506
9896000  -5480.95307297363  5475.03184101986
9897000  -5483.73237125228  5474.6758331862
9898000  -5481.86467458596  5477.05270317469
9899000  -5478.77034211405  5478.64289479552
9900000  -5481.74932839438  5479.8785584109
9901000  -5481.98582365628  5478.91642438493
9902000  -5482.73439766803  5478.57048159294
9903000  -5483.80223156762  5479.60411787164
9904000  -5486.15706570387  5478.75127838405
9905000  -5485.95668217087  5478.61771724449
9906000  -5485.82840212373  5479.48393163338
9907000  -5486.48309257248  5478.49107046932
9908000  -5485.56585948587  5479.20637718764
9909000  -5487.63070735147  5481.5336821957
9910000  -5486.74286711545  5483.78628599525
9911000  -5486.35112097886  5483.28166864298
9912000  -5488.50043306045  5483.97214244081
9913000  -5487.40459340678  5483.0717561417
9914000  -5491.24691671238  5485.62290670289
9915000  -5491.28146280342  5483.12505016809
9916000  -5490.90887372201  5485.26572150059
9917000  -5491.44765482664  5485.09740880608
9918000  -5491.79803644961  5488.34529012612
9919000  -5492.34255957703  5490.29286287227
9920000  -5494.03378296731  5490.16413695376
9921000  -5493.06643630316  5492.05266248596
9922000  -5494.21384928692  5492.11665827138
9923000  -5493.8668418587  5494.54628173393
9924000  -5494.39126722466  5491.92303365417
9925000  -5493.50516303373  5491.81293416596
9926000  -5494.64713291778  5493.20796249246
9927000  -5495.73447155292  5494.35009004669
9928000  -5496.65759943371  5496.48680099281
9929000  -5495.61839570726  5494.94130372764
9930000  -5495.7903422841  5495.2527292485
9931000  -5496.11913070053  5494.49421155728
9932000  -5498.70504287345  5496.06266978576
9933000  -5496.92788423782  5496.07844257554
9934000  -5499.53493147353  5497.3593536295
9935000  -5499.13291578875  5497.74061444698
9936000  -5496.84973347208  5495.45975814892
9937000  -5498.98292400082  5498.12725342041
9938000  -5499.97270530795  5499.86676405532
9939000  -5501.45263534601  5501.61991303425
9940000  -5501.01218491815  5500.21893985269
9941000  -5502.27312464983  5500.43899588161
9942000  -5503.00906591681  5501.07942304019
9943000  -5502.71045418604  5502.48378421578
9944000  -5502.39513388801  5501.3847512363
9945000  -5503.6972869821  5504.34425552708
9946000  -5505.57104644822  5503.65933141254
9947000  -5507.20526173981  5504.13795132355
9948000  -5507.99384844213  5503.91770058401
9949000  -5510.34797436701  5503.62608266831
9950000  -5508.72072438065  5506.42553379277
9951000  -5511.37327534584  5507.5739106576
9952000  -5512.24774270828  5505.550642117
9953000  -5512.41196532158  5507.77626801928
9954000  -5510.62923518704  5509.38415812632
9955000  -5511.63568499211  5508.80765690349
9956000  -5512.24715989296  5510.30124782366
9957000  -5513.55092756048  5511.51546016913
9958000  -5511.85439888473  5510.63154924381
9959000  -5513.43377566188  5513.6632012302
9960000  -5510.55968878781  5515.25612513562
9961000  -5513.11271019945  5515.59170130735
9962000  -5512.7619360631  5516.06560514224
9963000  -5512.02494039326  5518.2553403939
9964000  -5514.33972940312  5517.12737886356
9965000  -5517.06066446068  5516.93671778526
9966000  -5517.46933926311  5517.79429135146
9967000  -5516.81538916982  5517.78241534353
9968000  -5517.53466278442  5517.2598644608
9969000  -5518.55629177003  5517.99647423402
9970000  -5516.33054862549  5518.63030742766
9971000  -5518.44924820503  5520.12456991866
9972000  -5517.64724694329  5517.96946329423
9973000  -5519.28167471729  5517.00228541477
9974000  -5518.82990254028  5520.68510930333
9975000  -5520.50639931205  5520.65263369606
9976000  -5519.22774589277  5521.73779159635
9977000  -5520.39718463163  5520.74561300156
9978000  -5520.54404309612  5520.4176837014
9979000  -5519.36179761548  5520.39597127503
9980000  -5520.08899290825  5521.50059979385
9981000  -5518.57575403011  5524.68896553849
9982000  -5518.90462530488  5523.82497814995
9983000  -5518.84501572739  5522.70744876549
9984000  -5519.6365249453  5522.19766974179
9985000  -5520.00487171869  5521.20680158389
9986000  -5522.93337778237  5522.978254882
9987000  -5520.88900058917  5523.41213805664
9988000  -5522.93894335549  5524.64715522249
9989000  -5523.96032276381  5524.56940690161
9990000  -5524.91270543737  5527.2345733684
9991000  -5524.70599381757  5527.45147760659
9992000  -5525.44799567767  5528.14547768679
9993000  -5527.99766465754  5528.87178189486
9994000  -5526.85412708528  5527.55648857712
9995000  -5526.8960829751  5529.5683015539
9996000  -5529.01653470871  5529.45125515753
9997000  -5527.5944142484  5530.17381464378
9998000  -5527.96609357265  5530.94820461854
9999000  -5529.70351729417  5531.28466904653
10000000  -5529.15696494013  5532.27750723188
10001000  -5531.01757096805  5533.16817389702
10002000  -5531.16016978227  5532.72920814422
10003000  -5530.70222487058  5533.82911358292
10004000  -5531.51188310643  5534.61181315718
10005000  -5531.95821861513  5535.89155431404
10006000  -5534.46260509284  5537.01489396458
10007000  -5533.99367727181  5535.33059555697
10008000  -5534.23732014047  5537.05009046432
10009000  -5535.73657103016  5537.0122322029
10010000  -5534.59896430389  5539.83555375934
10011000  -5534.97672409276  5539.0196709113
10012000  -5535.85886955989  5539.05715333149
10013000  -5536.64644757564  5541.4899112499
10014000  -5536.19650046576  5539.12192386644
10015000  -5536.42241086736  5538.61135300634
10016000  -5536.43333790665  5540.07774750546
10017000  -5537.88983237323  5539.43654894712
10018000  -5539.33859788638  5540.67853603279
10019000  -5539.73938933447  5539.72099972873
10020000  -5541.77584375118  5540.79951568066
10021000  -5542.20003587401  5542.90095081258
10022000  -5542.98045672439  5541.29498122566
10023000  -5542.42448239969  5544.78098230086
10024000  -5542.71256545204  5545.27006616584
10025000  -5543.760169252  5544.93673047287
10026000  -5546.32714436965  5547.57063920304
10027000  -5543.66470395329  5546.51580794824
10028000  -5544.76434588108  5548.77348443567
10029000  -5545.84596149511  5549.82744986907
10030000  -5544.38773893642  5550.54390152433
10031000  -5545.07905267839  5551.40184556842
10032000  -5547.81469104343  5553.15414773168
10033000  -5546.19821698726  5550.48183887501
10034000  -5546.61662688856  5552.3259847299
10035000  -5547.28024366111  5551.97879203418
10036000  -5547.76726591497  5550.99198602146
10037000  -5547.76086133842  5550.09253377536
10038000  -5550.13872062637  5551.40242129159
10039000  -5552.44951727025  5550.90773482695
10040000  -5554.37053892533  5552.81581164123
10041000  -5553.23622475238  5552.20426082486
10042000  -5554.01402624761  5554.2864810659
10043000  -5553.33841042338  5553.56535799097
10044000  -5555.25616040128  5552.43955184665
10045000  -5557.43514527304  5551.12244778472
10046000  -5557.8611475018  5553.72657158581
10047000  -5556.86490118841  5555.45745346379
10048000  -5560.97911512605  5555.88039461377
10049000  -5558.31017880916  5557.84757684833
10050000  -5560.57702236706  5557.28475192207
10051000  -5559.97233186487  5558.38537191242
10052000  -5562.77704706909  5558.96746980213
10053000  -5560.97335678336  5560.72759617501
10054000  -5561.26247693378  5560.52773527111
10055000  -5562.38494385661  5561.0036973592
10056000  -5564.93158967295  5563.09999845284
10057000  -5566.02224554008  5562.08138987992
10058000  -5564.30269104958  5561.71780629422
10059000  -5565.95241152174  5563.22259518844
10060000  -5565.85491642593  5565.98257812056
10061000  -5565.96709246911  5564.90118270807
10062000  -5566.81618933694  5565.8025971062
10063000  -5566.73964061957  5564.70042818723
10064000  -5566.96665474024  5565.6039821063
10065000  -5569.45786297073  5566.80318743252
10066000  -5567.85547092033  5567.887155449
10067000  -5570.07299333067  5569.07026001415
10068000  -5569.41114746404  5569.49982586849
10069000  -5571.02348520326  5570.26340089352
10070000  -5571.09377337702  5570.92553596696
10071000  -5572.56187421378  5569.24019050958
10072000  -5573.91665809357  5571.20783700777
10073000  -5576.27372765242  5572.66479334529
10074000  -5576.77112219938  5573.541388054
10075000  -5576.58004594165  5575.63228258839
10076000  -5576.80643524974  5577.00733513519
10077000  -5579.06410648188  5577.78003363457
10078000  -5580.52183999309  5576.30600651565
10079000  -5578.89916329007  5579.75334117633
10080000  -5579.24814035317  5579.62178697974
10081000  -5582.52090616691  5581.44773970394
10082000  -5581.14500115631  5579.19624620821
10083000  -5582.13983703632  5581.42490900666
10084000  -5584.80487703026  5581.44836567265
10085000  -5583.89610831145  5582.17168626372
10086000  -5584.76632944526  5581.61053711682
10087000  -5584.84479305877  5582.88195044791
10088000  -5586.49971459809  5584.4888902341
10089000  -5586.26288190879  5584.31058589339
10090000  -5586.41290180603  5584.85661113223
10091000  -5590.82797847582  5585.95888921789
10092000  -5588.48204024443  5587.40537361362
10093000  -5590.46934110706  5586.90202549014
10094000  -5592.38504101566  5587.91730682578
10095000  -5592.72863473933  5589.06229796207
10096000  -5593.52993992913  5588.610877642
10097000  -5593.08426146161  5588.67463053109
10098000  -5596.93343114902  5589.34240955056
10099000  -5593.20331267671  5589.93190143702
10100000  -5597.3598604595  5589.18709738526
10101000  -5595.27911972176  5587.76200061301
10102000  -5597.7501589185  5588.4467230697
10103000  -5596.84806207436  5590.02006747921
10104000  -5598.73093147414  5591.49288184278
10105000  -5595.91732705898  5592.84101030725
10106000  -5598.0883502824  5592.42541784179
10107000  -5602.29568074468  5592.53377715277
10108000  -5601.6708818031  5594.10670339648
10109000  -5601.21067806927  5591.74198938108
10110000  -5600.39072459567  5592.58671913525
10111000  -5600.03822135056  5591.62153907844
10112000  -5601.00383532066  5594.41930184998
10113000  -5600.40320372238  5593.64316464025
10114000  -5602.18939020928  5593.59466962479
10115000  -5603.29292211824  5595.3853252478
10116000  -5602.25066756805  5596.01834128335
10117000  -5606.29160905385  5595.76518915076
10118000  -5605.71593608247  5595.61706756441
10119000  -5605.21731018094  5596.0148300081
10120000  -5605.09110114102  5597.16060345041
10121000  -5605.75136293453  5597.54315305281
10122000  -5606.39974976773  5598.20923435355
10123000  -5603.98619476767  5600.03418030271
10124000  -5607.87972014  5599.05650582759
10125000  -5605.44795530279  5600.1624871111
10126000  -5607.53342863372  5601.13686816556
10127000  -5608.57571644019  5602.17814093852
10128000  -5610.71034087987  5601.56210898875
10129000  -5609.45108763613  5600.29808298027
10130000  -5613.12482078122  5603.81917516095
10131000  -5613.21914975085  5602.79617172823
10132000  -5614.72350683277  5604.43636178549
10133000  -5612.05500413631  5605.39581733876
10134000  -5612.65319605111  5607.01214538937
10135000  -5612.05012552402  5603.96650313352
10136000  -5613.34249211181  5605.87007819866
10137000  -5612.91265328733  5607.40784294526
10138000  -5615.31399163399  5607.11190788894
10139000  -5615.7814083318  5609.38773300818
10140000  -5614.84232736634  5609.34205178611
10141000  -5616.30341157413  5611.02362810686
10142000  -5613.98697806611  5613.05009658073
10143000  -5615.43098543156  5613.50121237236
10144000  -5616.46526919556  5613.3052108355
10145000  -5616.09415906648  5615.77435551001
10146000  -5616.79210135528  5616.19336144088
10147000  -5615.60629201476  5615.43418737781
10148000  -5617.53322793764  5615.2416661062
10149000  -5617.9944866729  5615.06342330899
10150000  -5614.68877325979  5612.87566872283
10151000  -5618.84695876093  5614.37040434113
10152000  -5619.36264232229  5616.01821084567
10153000  -5621.90449128329  5617.03412347361
10154000  -5621.78686597263  5617.11904241986
10155000  -5620.31391150835  5617.60049461663
10156000  -5621.01929528583  5616.5085306282
10157000  -5622.92366905645  5618.9175545987
10158000  -5624.70767602582  5619.01800120548
10159000  -5622.51145356002  5620.6761468914
10160000  -5623.98977178717  5620.02284950137
10161000  -5627.32732514597  5619.1434724961
10162000  -5626.33577812986  5619.69374741269
10163000  -5626.99186065996  5621.6100915933
10164000  -5628.40579446936  5623.35377290757
10165000  -5627.37037130981  5622.08543767309
10166000  -5628.36708760909  5622.37739214657
10167000  -5629.16618024165  5621.1201816971
10168000  -5627.96385401658  5620.54877021972
10169000  -5627.58063256758  5621.96169250352
10170000  -5630.19122638895  5621.74358624461
10171000  -5627.96885759571  5620.78381539295
10172000  -5629.36266725461  5624.41711356209
10173000  -5629.12574643528  5622.29623223407
10174000  -5630.92293561532  5624.59421914995
10175000  -5633.63682447045  5623.82559910539
10176000  -5631.90866220351  5625.56396987768
10177000  -5634.09180262937  5627.80041973361
10178000  -5633.70872998471  5627.40053953202
10179000  -5635.27457714397  5630.68777138608
10180000  -5633.64305723479  5629.82318317336
10181000  -5635.17818116965  5632.20757272073
10182000  -5636.11149644119  5629.75408614359
10183000  -5636.86563136945  5630.43663237699
10184000  -5635.6154111332  5632.79566850245
10185000  -5636.24878603679  5633.42625609212
10186000  -5636.36821285895  5632.67131413696
10187000  -5637.16601696943  5635.21156903897
10188000  -5634.86457910456  5637.40603887184
10189000  -5636.13874272123  5637.52853956994
10190000  -5636.37986673159  5637.23069161047
10191000  -5637.75427053853  5637.54435164437
10192000  -5639.11153479355  5637.02553536668
10193000  -5636.67640383238  5637.3076384702
10194000  -5640.05345270801  5638.97556419401
10195000  -5638.86662418031  5640.0950361255
10196000  -5640.87272915556  5638.87651904032
10197000  -5640.24982515502  5640.92217565445
10198000  -5642.50559107368  5641.83243295264
10199000  -5642.21940762815  5642.57794173045
10200000  -5643.48132248572  5640.46471944584
10201000  -5641.9204573861  5643.58729406866
10202000  -5642.67905014296  5645.07609454617
10203000  -5644.8223551105  5646.08268345324
10204000  -5643.91834629608  5646.46725539417
10205000  -5646.54251479617  5646.13990799312
10206000  -5643.94523108906  5646.1833599731
10207000  -5646.13390698465  5646.3137306839
10208000  -5644.84727947692  5647.00137053292
10209000  -5644.71444212815  5646.76968875859
10210000  -5647.17246016476  5645.18416214708
10211000  -5648.95660427795  5645.92122962213
10212000  -5648.23712489698  5646.71816742931
10213000  -5647.95050075219  5646.90174680087
10214000  -5649.28796425864  5646.18221720262
10215000  -5649.6900842204  5647.48860913559
10216000  -5649.94764005353  5648.73836562961
10217000  -5650.86150007652  5648.408766968
10218000  -5651.56695007823  5649.78298531833
10219000  -5653.25958696561  5649.33763915978
10220000  -5651.05534688372  5647.77296854831
10221000  -5651.62998626296  5650.49983023324
10222000  -5653.90179974201  5653.06473282335
10223000  -5652.42914652925  5650.94230033196
10224000  -5654.31166978339  5652.66563277206
10225000  -5656.6217745271  5653.34081764457
10226000  -5655.84198962425  5652.31546190905
10227000  -5659.89972174948  5652.03036010999
10228000  -5657.7578862953  5653.44206607579
10229000  -5655.73859479197  5653.36677498465
10230000  -5657.9623723191  5651.73623479406
10231000  -5661.63077725791  5652.02130375022
10232000  -5660.4059598104  5653.66173313551
10233000  -5660.52621080648  5652.28833501525
10234000  -5665.05047385009  5655.92547548569
10235000  -5664.21540119054  5655.44031789881
10236000  -5662.62007314474  5655.30544871941
10237000  -5663.2355575038  5656.46393322266
10238000  -5665.60880702656  5655.66985194276
10239000  -5664.66701553866  5658.60250792126
10240000  -5666.50551834891  5656.57150925301
10241000  -5666.22279689186  5659.98992258519
10242000  -5665.87443395439  5661.33412509063
10243000  -5666.11106907732  5661.60393300672
10244000  -5664.25491453566  5660.79631916718
10245000  -5666.15136076028  5662.197677928
10246000  -5665.36908528715  5662.30909946276
10247000  -5667.2767478943  5663.20565646311
10248000  -5665.53705495786  5663.25786701174
10249000  -5666.46711584945  5664.33207805589
10250000  -5666.05246185947  5664.62918093752
10251000  -5667.520284206  5666.63582856971
10252000  -5669.54925607093  5667.80622698614
10253000  -5668.00237809606  5667.99497049357
10254000  -5668.56167802901  5667.81075715475
10255000  -5669.63400649985  5668.43258983647
10256000  -5669.71260734004  5666.85648094889
10257000  -5672.89184847763  5668.86932704268
10258000  -5672.74768367966  5669.45568081931
10259000  -5674.59162790018  5668.40028025132
10260000  -5674.05151555578  5670.18153854373
10261000  -5676.36283337682  5670.10734066794
10262000  -5678.06672752576  5669.5079203263
10263000  -5674.74069688383  5671.50910988072
10264000  -5676.67658106961  5675.45787194245
10265000  -5678.89406747083  5675.03699821587
10266000  -5677.67725959413  5673.99694606631
10267000  -5678.65850366275  5675.93273755575
10268000  -5679.50191932479  5676.51876725322
10269000  -5679.38865553472  5678.17516658341
10270000  -5681.73449124064  5678.10500881914
10271000  -5679.74843438963  5679.21635399438
10272000  -5681.29400089082  5680.21896265476
10273000  -5683.3860814768  5682.05526421131
10274000  -5683.35260020765  5679.66429193367
10275000  -5681.47870247685  5683.59228068377
10276000  -5681.63562949365  5685.03286517819
10277000  -5682.79494943219  5684.89809848984
10278000  -5684.23778719009  5684.77242306023
10279000  -5684.42134736704  5684.8866863906
10280000  -5684.63067926979  5685.93949606716
10281000  -5684.73720452889  5684.39899791797
10282000  -5686.1302562269  5687.3999905684
10283000  -5683.30622043014  5688.36550064763
10284000  -5684.0981884183  5691.60020376516
10285000  -5687.88877915957  5690.71826649157
10286000  -5687.65025852705  5689.9931694908
10287000  -5689.56770752815  5690.26715050538
10288000  -5690.51466357096  5690.98205522206
10289000  -5691.63836828625  5691.59106801997
10290000  -5690.05860500754  5690.75928446478
10291000  -5689.51960625561  5692.64157039244
10292000  -5691.79309874158  5693.47202660336
10293000  -5692.31514377604  5695.24112666884
10294000  -5691.73354272487  5694.65775315782
10295000  -5690.96125286498  5695.07487078431
10296000  -5691.30794931351  5695.85115715463
10297000  -5692.68186014086  5696.0322300107
10298000  -5695.18250459081  5696.03975084841
10299000  -5693.59679955459  5698.23613921437
10300000  -5693.09963399671  5698.37660036878
10301000  -5695.38542152697  5698.97092546969
10302000  -5696.14377994786  5700.05358575223
10303000  -5695.65003721808  5699.08836195083
10304000  -5697.31313354027  5700.49554184552
10305000  -5696.27524441042  5699.37484770148
10306000  -5696.68965963736  5701.51384088747
10307000  -5697.50667227143  5700.26352153767
10308000  -5698.03468528988  5699.06659115135
10309000  -5698.00714706623  5700.7528337467
10310000  -5697.24062839569  5701.25825066699
10311000  -5696.54195940028  5703.02809011447
10312000  -5699.62517400591  5702.70463468441
10313000  -5699.51922461759  5701.50039090184
10314000  -5701.97106342779  5704.57269267262
10315000  -5701.44629536831  5705.26839277817
10316000  -5700.90237030188  5704.43291022144
10317000  -5702.73066646376  5705.42720724919
10318000  -5700.93734165607  5705.4088274046
10319000  -5701.87479462135  5703.63655065091
10320000  -5703.04345078881  5704.21916721252
10321000  -5706.31525985599  5706.70378300923
10322000  -5706.68713248824  5707.87673692821
10323000  -5707.72198005225  5709.86864805897
10324000  -5708.14121128688  5709.87288722328
10325000  -5707.10611063883  5711.29206071994
10326000  -5708.04801113043  5710.09589109546
10327000  -5709.56547680382  5709.87287939257
10328000  -5710.82071027354  5711.06924372288
10329000  -5710.27523845678  5709.23722222405
10330000  -5711.708241855  5711.62707398093
10331000  -5712.69431367273  5712.339505549
10332000  -5712.64106617694  5711.54709845347
10333000  -5713.83621624736  5711.83646253502
10334000  -5713.76829662469  5713.08661075246
10335000  -5713.54228304505  5713.04196453239
10336000  -5714.96647933463  5714.09148119657
10337000  -5716.80995571816  5714.52361801224
10338000  -5718.05592432112  5714.75536926027
10339000  -5716.63872385453  5716.21985069693
10340000  -5716.32985397183  5717.94103396531
10341000  -5717.69269860851  5716.4193035477
10342000  -5718.10729016267  5717.25919633729
10343000  -5717.2706753723  5717.47280442561
10344000  -5722.19276905731  5719.02896082269
10345000  -5719.14452903844  5718.73988248243
10346000  -5719.1857235085  5718.06139786319
10347000  -5721.49863026347  5720.04236906925
10348000  -5721.1716737399  5721.78302056567
10349000  -5723.85172846125  5721.70230270479
10350000  -5723.18349188266  5723.330470187
10351000  -5723.14378090645  5719.59608089195
10352000  -5723.31408446614  5720.21949944162
10353000  -5722.23676857862  5720.22945932286
10354000  -5726.5728232773  5720.58192286285
10355000  -5724.96342125428  5720.72260486808
10356000  -5724.86302185525  5722.04288089706
10357000  -5728.26300174253  5720.76482558856
10358000  -5727.69426143237  5722.1738279308
10359000  -5727.50330017669  5721.73433589776
10360000  -5728.83022578595  5724.89395779379
10361000  -5729.506804383  5725.2078793434
10362000  -5729.15706716367  5726.30853471349
10363000  -5730.82902033315  5727.50066855268
10364000  -5730.86321867915  5728.91417029115
10365000  -5732.64073483986  5728.17186273331
10366000  -5731.67336925578  5728.05623711678
10367000  -5731.87247102045  5729.31565693643
10368000  -5732.01508910672  5731.75759756714
10369000  -5734.09652923554  5729.66921984107
10370000  -5733.26895181695  5731.43062766747
10371000  -5732.89809591715  5732.07983748019
10372000  -5734.05173106637  5732.80941096415
10373000  -5737.14576384463  5732.29326050121
10374000  -5738.193102458  5733.77772027747
10375000  -5737.70589130476  5733.09175375531
10376000  -5737.77107299028  5734.09102666361
10377000  -5736.94263954156  5736.86513457512
10378000  -5736.40619434422  5736.34500873027
10379000  -5739.9918396882  5737.17576835929
10380000  -5739.94371785907  5737.0298942754
10381000  -5740.95688944773  5737.4526328401
10382000  -5740.90727741648  5739.2378379442
10383000  -5739.7449398855  5740.65622884586
10384000  -5742.54381509176  5738.51744909242
10385000  -5742.90695830724  5740.93632956781
10386000  -5742.42849389185  5742.18779566328
10387000  -5740.79403120009  5742.24894597738
10388000  -5743.44164708327  5741.75381276023
10389000  -5744.70827832579  5741.58155501686
10390000  -5744.89456134223  5742.24695538489
10391000  -5745.95974280723  5743.50913589961
10392000  -5746.3772091597  5744.44530446475
10393000  -5748.44428548631  5744.75120201581
10394000  -5748.14868811869  5744.02307178684
10395000  -5750.49021378375  5744.31032894602
10396000  -5749.26727897851  5743.44867860573
10397000  -5746.97564737179  5745.0785676414
10398000  -5748.74666150481  5745.32439378849
10399000  -5748.64412777528  5744.82167825568
10400000  -5751.62516212709  5747.86511377776
10401000  -5751.44242975859  5745.27002254417
10402000  -5752.23671751187  5746.68560389667
10403000  -5752.120244473  5746.54368732469
10404000  -5753.49124181742  5748.15928229447
10405000  -5753.88859897976  5747.74397520967
10406000  -5754.58258692154  5746.89895066232
10407000  -5757.39412303196  5748.06187797439
10408000  -5756.69083231428  5749.83285705084
10409000  -5757.82933103195  5753.09700667129
10410000  -5758.06282671109  5751.12070961438
10411000  -5759.15936265847  5753.39257819237
10412000  -5760.23858351603  5752.80223314191
10413000  -5758.58026299538  5754.72274267989
10414000  -5757.8530481399  5757.11964442918
10415000  -5761.46087956267  5757.33101795233
10416000  -5758.04543034575  5756.03648329425
10417000  -5760.4536816348  5759.723540411
10418000  -5761.46846601485  5758.0855993164
10419000  -5761.01705711927  5758.21636859611
10420000  -5760.59593005124  5759.3048619653
10421000  -5762.07833348328  5759.17866795663
10422000  -5759.84317262396  5761.55789735847
10423000  -5762.12358820646  5762.62605339383
10424000  -5762.32056726966  5762.53318257164
10425000  -5762.58023162116  5764.31328661153
10426000  -5762.58970349745  5763.6491981073
10427000  -5763.22550187936  5760.94689080725
10428000  -5765.61704199424  5763.6410888267
10429000  -5765.54824387332  5764.00323609638
10430000  -5766.85222017196  5763.51625465798
10431000  -5764.39964963753  5766.72360855263
10432000  -5765.48350513083  5767.02540041497
10433000  -5767.0982373764  5767.51036634151
10434000  -5767.20963067475  5766.75189914687
10435000  -5767.97287126068  5766.69222535861
10436000  -5766.90504240303  5768.0749996482
10437000  -5768.45143802817  5768.55281096304
10438000  -5767.35347552272  5768.11704607186
10439000  -5770.07570346718  5769.02127312804
10440000  -5769.87951936976  5769.6455452854
10441000  -5769.3419489022  5770.05990824703
10442000  -5770.33972313235  5771.21288827463
10443000  -5771.62359102729  5768.6707917937
10444000  -5770.34069890905  5771.64594412853
10445000  -5772.70628613947  5772.85724294358
10446000  -5772.48949887555  5773.13354650813
10447000  -5772.80142451612  5774.4343039074
10448000  -5773.24833042931  5773.94428655838
10449000  -5772.93590566095  5772.74477093482
10450000  -5773.74363402678  5775.70946540196
10451000  -5771.76223646577  5775.23680536424
10452000  -5775.84131308372  5774.85506256455
10453000  -5774.25991401557  5776.09913874752
10454000  -5778.89482124596  5774.97595405783
10455000  -5776.91715346083  5776.41410252334
10456000  -5777.50938360452  5776.6991599797
10457000  -5779.25448427323  5776.55225586285
10458000  -5779.36772649307  5776.89284722407
10459000  -5780.28922979511  5779.23050470115
10460000  -5780.35862073938  5777.03433399869
10461000  -5784.10675375387  5777.11645893707
10462000  -5783.13982469189  5780.14996328634
10463000  -5781.7910360663  5778.63711430836
10464000  -5783.85427538184  5780.70137028355
10465000  -5784.37122820452  5778.21847523609
10466000  -5785.72780357174  5779.2130178471
10467000  -5787.53078290699  5779.27123479296
10468000  -5786.92610346731  5780.4128635594
10469000  -5786.34104631883  5781.66287284569
10470000  -5787.57494295952  5780.80520361515
10471000  -5790.00728656758  5783.07054233063
10472000  -5792.66108662436  5783.23605440686
10473000  -5792.53765784224  5784.64533051836
10474000  -5793.26362717594  5782.99736980079
10475000  -5792.76105436101  5785.32166490856
10476000  -5793.93193001274  5787.2497686205
10477000  -5794.59062889465  5786.56258679573
10478000  -5792.14795099834  5787.57177871131
10479000  -5792.35275795198  5787.06721342949
10480000  -5793.60207024033  5789.56220498649
10481000  -5794.06408487924  5791.16891326266
10482000  -5794.7756933809  5791.2739225159
10483000  -5796.41421381462  5792.50238356966
10484000  -5796.90518566526  5792.14082680696
10485000  -5798.80031482549  5794.19898755635
10486000  -5799.7152682117  5794.43440016971
10487000  -5800.62841121053  5793.46338243234
10488000  -5802.03358659738  5794.99952669381
10489000  -5803.90920195197  5794.87123169703
10490000  -5801.91591752768  5796.43079486229
10491000  -5801.86688283383  5796.80544712829
10492000  -5801.03682538586  5796.74151198409
10493000  -5801.92649888375  5798.81204480935
10494000  -5801.89007325735  5799.80124800912
10495000  -5802.47238347706  5802.74949038564
10496000  -5804.23070306292  5802.72896084536
10497000  -5804.55092155427  5803.26735383389
10498000  -5804.60674055814  5802.37802133684
10499000  -5803.53121999283  5803.83663591912
10500000  -5803.19896047863  5804.71364752422
10501000  -5805.23247281222  5807.45234054498
10502000  -5807.52864757405  5804.47342630836
10503000  -5804.65379874221  5807.66711804669
10504000  -5807.99895898306  5806.13389784373
10505000  -5806.69648704524  5806.70868183093
10506000  -5808.02364941503  5805.97929850527
10507000  -5808.91985669005  5806.20976217596
10508000  -5810.11840769592  5807.10751331993
10509000  -5808.86680787582  5806.41455532085
10510000  -5809.09650828099  5806.97662731535
10511000  -5808.99272977286  5808.38899728239
10512000  -5812.3485583905  5809.80821078657
10513000  -5811.59018412396  5807.55407203783
10514000  -5809.11559165109  5810.54764294358
10515000  -5809.59593222132  5810.94091894602
10516000  -5811.08544810051  5812.00687099567
10517000  -5809.67261284168  5810.91688436646
10518000  -5812.28441304592  5811.70024426395
10519000  -5814.44982178005  5811.37018390136
10520000  -5814.29016836526  5811.30240778627
10521000  -5815.32702603854  5811.0220086921
10522000  -5815.44708997079  5812.64681569195
10523000  -5816.64264555964  5813.24914676219
10524000  -5817.22373979448  5813.84860641105
10525000  -5815.99930470602  5813.08110026082
10526000  -5817.16740847473  5813.54618856045
10527000  -5817.70368022252  5812.78666194972
10528000  -5820.05752342318  5812.12230617851
10529000  -5818.47561586006  5813.2499185972
10530000  -5818.83357570238  5815.55989824107
10531000  -5818.99100747516  5816.42412975115
10532000  -5819.26378268265  5819.26744327081
10533000  -5819.92818731834  5819.0396554871
10534000  -5819.36902245108  5821.06028787763
10535000  -5821.39141949922  5819.92929497744
10536000  -5821.19522586928  5820.67103517406
10537000  -5823.61213887165  5821.71845306436
10538000  -5823.44835560784  5821.26777793575
10539000  -5823.18006781649  5820.01858926323
10540000  -5824.55177357156  5821.09724382172
10541000  -5823.92632514894  5820.99485352404
10542000  -5824.80187763634  5821.75721214814
10543000  -5825.38114483055  5821.45427950781
10544000  -5828.03726711675  5822.55796300064
10545000  -5827.69688918917  5823.72724893965
10546000  -5828.12136912899  5822.52722052476
10547000  -5827.28260711864  5825.18735362865
10548000  -5828.15565288227  5824.65693966653
10549000  -5828.76330853814  5825.98651212504
10550000  -5828.66278008238  5829.0988269153
10551000  -5828.10724104545  5830.03877794032
10552000  -5828.35239857255  5830.01866630405
10553000  -5831.68689160519  5830.83865496146
10554000  -5832.92959395183  5832.11892854439
10555000  -5833.27452201163  5831.83066879556
10556000  -5834.20397942509  5833.79470048554
10557000  -5834.28397900879  5835.53104860822
10558000  -5833.74644298673  5835.97819278798
10559000  -5837.0109251859  5836.30216386866
10560000  -5838.09223777648  5836.89982412121
10561000  -5836.8057424727  5837.98007425555
10562000  -5840.18035491999  5836.94964740015
10563000  -5840.25009200065  5838.39831062672
10564000  -5838.86321487129  5837.69258924223
10565000  -5838.6416628463  5837.97460487365
10566000  -5840.01385489492  5839.08339276709
10567000  -5839.99215123592  5841.36747546131
10568000  -5839.56027935627  5842.95772121916
10569000  -5842.07526621675  5843.13590997685
10570000  -5842.06216694528  5845.47643648619
10571000  -5840.6578314862  5844.55807368145
10572000  -5843.19415257874  5846.41764046188
10573000  -5842.11567056237  5847.97519584852
10574000  -5847.16675136758  5847.66242044132
10575000  -5845.98118049372  5850.45818583492
10576000  -5847.74133735348  5850.30498640837
10577000  -5847.45898609247  5850.93596870249
10578000  -5847.8401652236  5853.17382906509
10579000  -5848.9117753161  5855.28769333592
10580000  -5850.82671045888  5857.07738638602
10581000  -5852.10201284321  5856.95352042775
10582000  -5853.44994431645  5857.34501001741
10583000  -5853.02932519344  5858.43899696884
10584000  -5855.31611312864  5858.33530251416
10585000  -5856.02903734582  5858.22002106863
10586000  -5857.56644515346  5860.31878147638
10587000  -5860.27435972617  5861.17152596279
10588000  -5859.49534137654  5862.97751615938
10589000  -5860.02809390281  5861.5471707353
10590000  -5860.03172598314  5863.08963020327
10591000  -5859.95901990062  5862.0488851237
10592000  -5859.65094818262  5863.64095710125
10593000  -5858.48014243688  5864.3055244976
10594000  -5863.57990797089  5863.25829434828
10595000  -5861.27929996401  5866.5011338652
10596000  -5862.02262285486  5867.1782021959
10597000  -5862.28938756671  5864.25293722375
10598000  -5862.28891967974  5865.79622209943
10599000  -5863.69163072717  5867.62624581755
10600000  -5863.07462031276  5868.14120415003
10601000  -5865.21570209911  5869.08155295852
10602000  -5866.07303027459  5870.46641422867
10603000  -5865.9353105015  5868.28903467522
10604000  -5867.7443439879  5872.01715757937
10605000  -5866.53608595703  5868.82672815818
10606000  -5867.43402869317  5871.8623763436
10607000  -5869.33742890918  5872.33844802045
10608000  -5868.78189302996  5869.87672167213
10609000  -5869.03849319487  5868.60980811738
10610000  -5871.85737773685  5868.42312697711
10611000  -5874.15972133257  5869.77621544553
10612000  -5875.30410941473  5871.32930607249
10613000  -5877.83905126986  5869.64043775307
10614000  -5876.78179338719  5869.95048850639
10615000  -5876.70715104901  5869.36198538446
10616000  -5876.40677093677  5871.0540339868
10617000  -5879.5138064102  5871.04679739873
10618000  -5879.67545040815  5871.73426740828
10619000  -5880.69904115119  5871.99679275077
10620000  -5879.23233174142  5872.84222591774
10621000  -5879.84820815827  5873.04821242777
10622000  -5881.13883564429  5874.7602668931
10623000  -5883.84243690017  5873.29640459553
10624000  -5882.57535492794  5875.69725305367
10625000  -5884.69969825134  5878.19936992564
10626000  -5884.63482370632  5878.44772931694
10627000  -5885.17546297214  5879.9990951855
10628000  -5885.20499463174  5880.6144874076
10629000  -5884.75654803109  5881.79319546024
10630000  -5886.17264115415  5882.29617108698
10631000  -5888.85500793018  5883.99269816999
10632000  -5888.00259709856  5884.35548877825
10633000  -5886.25088386409  5884.68601699684
10634000  -5888.99581129446  5884.68734872433
10635000  -5889.19677565402  5886.89960222251
10636000  -5891.42727731308  5886.3262252931
10637000  -5891.10147670694  5887.31423227188
10638000  -5890.14455851948  5887.83428341652
10639000  -5891.11126278004  5890.65109194386
10640000  -5892.57524942478  5890.19177572912
10641000  -5891.73057394527  5889.19962056292
10642000  -5893.22686075743  5890.95548758078
10643000  -5894.07349276817  5891.34982181579
10644000  -5893.07433519822  5891.37343157664
10645000  -5895.28614398351  5892.68916017368
10646000  -5895.57423607955  5892.58837296291
10647000  -5894.31293355139  5892.91600750828
10648000  -5894.67047928083  5891.99493798147
10649000  -5893.72573104427  5893.4707962289
10650000  -5892.88183558184  5895.5919266228
10651000  -5894.85701238987  5894.84164307286
10652000  -5896.30125045833  5895.0512887953
10653000  -5897.00550500603  5895.70581093126
10654000  -5899.3696176747  5895.68539201753
10655000  -5901.37385823083  5896.825515479
10656000  -5899.41052175556  5897.90366171287
10657000  -5901.02938520465  5899.75643370125
10658000  -5902.45433447624  5900.97599719806
10659000  -5900.28261604002  5899.75644628171
10660000  -5901.40627892011  5900.26537350631
10661000  -5904.37120823028  5900.96670865322
10662000  -5901.95492083784  5901.59107091283
10663000  -5903.02618297393  5903.24380476607
10664000  -5903.927051044  5904.35065915808
10665000  -5905.48414843455  5903.93088688564
10666000  -5903.46312665549  5903.23580986603
10667000  -5904.90571483012  5903.00754402792
10668000  -5903.75477997186  5903.48684663806
10669000  -5905.88088481288  5903.5431036166
10670000  -5906.45805282801  5906.63763533631
10671000  -5907.35776067053  5907.3129383988
10672000  -5907.75047984971  5907.12977092275
10673000  -5908.88276817537  5906.19692283557
10674000  -5909.77312126623  5908.63296863706
10675000  -5910.42121218625  5908.84457248165
10676000  -5909.83101100316  5909.48740441263
10677000  -5912.22085254515  5909.66555717629
10678000  -5912.65072943154  5909.39870832972
10679000  -5912.12247403527  5909.18927025612
10680000  -5914.72829134292  5908.46106213619
10681000  -5916.31067543342  5908.36616119107
10682000  -5914.00150607587  5912.44078644472
10683000  -5916.57536643837  5910.70665304052
10684000  -5915.70450849153  5911.70788490963
10685000  -5915.58079101096  5913.89321664288
10686000  -5916.33526546172  5912.82594377118
10687000  -5918.51934511593  5913.42571883053
10688000  -5918.31255966566  5913.78831170983
10689000  -5919.32495152778  5914.97725470756
10690000  -5920.35711568678  5916.94704371949
10691000  -5921.06642515446  5915.72018077197
10692000  -5920.50640173209  5916.56070170646
10693000  -5919.55666014635  5914.53193005389
10694000  -5919.79465704361  5915.99242941692
10695000  -5922.84694887418  5915.770871689
10696000  -5922.77273009069  5916.72473374782
10697000  -5922.31821207897  5917.92907215705
10698000  -5922.28318444588  5917.94288440412
10699000  -5923.49909468346  5918.74887975913
10700000  -5920.80978515062  5920.28301784137
10701000  -5924.42633870575  5921.5468866228
10702000  -5924.63046791644  5922.53233149432
10703000  -5922.66120963984  5923.83605669328
10704000  -5925.98278056745  5922.00275659972
10705000  -5925.3927788994  5922.53314085791
10706000  -5925.53449262982  5922.83492985647
10707000  -5927.17577480268  5924.43301553298
10708000  -5927.59492227188  5924.0217506419
10709000  -5926.19467910655  5924.32693472221
10710000  -5927.14979118417  5925.53675266124
10711000  -5928.39464971083  5926.56390145725
10712000  -5927.44509632721  5927.28250832588
10713000  -5927.63558216634  5927.31075029499
10714000  -5927.80499836635  5927.31860698574
10715000  -5931.0541096577  5929.71377036365
10716000  -5928.4746426369  5930.41166612429
10717000  -5928.70018372437  5930.37427901934
10718000  -5928.52991074463  5931.41239112735
10719000  -5929.87694672269  5931.05670899832
10720000  -5934.6633252049  5929.34878433843
10721000  -5932.20866225048  5930.10001362009
10722000  -5933.42888946966  5931.58458510817
10723000  -5934.14963607991  5930.81275940462
10724000  -5934.25430359733  5929.96209951197
10725000  -5934.07648083772  5931.75209229282
10726000  -5935.18710423307  5933.19229962937
10727000  -5935.50958629078  5933.09255956843
10728000  -5935.65928527934  5934.87109393834
10729000  -5935.0185990631  5934.62633732181
10730000  -5935.4081881777  5935.080194797
10731000  -5935.40735876113  5933.35340540089
10732000  -5936.87612774073  5935.52547173921
10733000  -5935.78021726153  5937.0902175597
10734000  -5936.74327905733  5936.5315696859
10735000  -5936.62176249118  5938.1771878997
10736000  -5938.15977026834  5938.19698904324
10737000  -5935.96481390786  5935.8851538743
10738000  -5939.77882156036  5939.05394816893
10739000  -5940.45227706814  5936.85957436518
10740000  -5940.04879758492  5938.37361955701
10741000  -5940.22874065236  5940.63312351361
10742000  -5942.44449850429  5941.05620895201
10743000  -5941.47373594797  5938.86543604646
10744000  -5941.27926004226  5941.45133747691
10745000  -5943.44912031688  5940.92609420399
10746000  -5945.46852971578  5940.01663162162
10747000  -5945.08654664719  5941.91706642871
10748000  -5946.72975756566  5943.05067961122
10749000  -5945.05841517603  5943.46169831307
10750000  -5946.20441192993  5942.71818945302
10751000  -5942.9681151491  5943.78276094969
10752000  -5945.86965189369  5943.84983080259
10753000  -5946.80089346194  5943.2829863799
10754000  -5946.17052842074  5943.35383790847
10755000  -5947.59523406878  5946.91721767052
10756000  -5947.88821713291  5946.82879953729
10757000  -5948.18950947076  5946.950565781
10758000  -5951.28322186905  5947.20050634509
10759000  -5951.60591697856  5948.56174703491
10760000  -5953.43921054141  5947.4952501709
10761000  -5955.25792766095  5947.3330420102
10762000  -5953.04275496361  5949.68106786245
10763000  -5954.37900951235  5949.24474835432
10764000  -5956.76550070098  5947.86992080825
10765000  -5957.00871562966  5949.30771639534
10766000  -5958.26313948456  5950.53348456614
10767000  -5958.86294669765  5949.25094822703
10768000  -5959.94882628184  5950.97144326769
10769000  -5960.69024597309  5950.84727860393
10770000  -5960.48968971088  5949.77265782488
10771000  -5959.62870686335  5951.47559223436
10772000  -5958.00449568447  5950.32203972665
10773000  -5960.33338601915  5954.83108000533
10774000  -5961.92803422738  5954.01912750013
10775000  -5961.53348384633  5952.55961537304
10776000  -5962.09630493439  5957.14687305158
10777000  -5965.03772461899  5954.58480523404
10778000  -5964.79382288432  5957.48573951413
10779000  -5964.15641300699  5957.29783546543
10780000  -5962.26228291987  5957.90396660139
10781000  -5964.1105561958  5959.67924510387
10782000  -5962.72116356694  5960.65452959994
10783000  -5965.14758517335  5960.95609142766
10784000  -5966.12536476995  5963.25046222423
10785000  -5965.8688032856  5962.4514007017
10786000  -5966.97953291788  5963.23377450128
10787000  -5967.20292839938  5963.60723514908
10788000  -5968.74807622827  5964.21798407909
10789000  -5968.45435997457  5965.158199067
10790000  -5970.43573168661  5964.86303147958
10791000  -5970.11504937496  5965.66687780603
10792000  -5972.38987246637  5967.1168000338
10793000  -5972.73758205599  5966.29038391276
10794000  -5974.28245185711  5967.45909794441
10795000  -5974.111154709  5967.72690765419
10796000  -5972.95519869993  5968.52992585146
10797000  -5974.2774694942  5968.59601556083
10798000  -5973.11049105956  5968.86518957696
10799000  -5976.53465100564  5969.79052131176
10800000  -5976.51105419897  5968.52000517311
10801000  -5978.76142690653  5968.43064705557
10802000  -5977.85670290832  5967.92559039347
10803000  -5978.59663373558  5969.31085484208
10804000  -5979.58763487552  5967.38381382291
10805000  -5979.22281349124  5972.92037489712
10806000  -5980.85298492896  5972.9631648974
10807000  -5980.23600701874  5971.69648356971
10808000  -5982.00384455225  5971.79558723422
10809000  -5981.38140046335  5973.74880597832
10810000  -5981.73977459658  5973.08603978654
10811000  -5982.70685276846  5974.27178139056
10812000  -5985.02367745479  5974.23481621977
10813000  -5984.7403750113  5973.71951646525
10814000  -5984.61832009863  5975.04668156103
10815000  -5985.20840243102  5974.99687043043
10816000  -5987.40575054382  5976.06180398882
10817000  -5986.75224779305  5975.95494023015
10818000  -5985.89088815966  5975.48472156881
10819000  -5985.37711280451  5975.20470939183
10820000  -5988.08651381622  5976.96521409739
10821000  -5989.30333649154  5978.15738937864
10822000  -5989.42151249898  5976.945254198
10823000  -5990.17204784408  5977.5073601279
10824000  -5991.78065110645  5976.81363611434
10825000  -5991.85602515439  5978.4824387397
10826000  -5994.19269408225  5979.45154198297
10827000  -5993.65149420834  5979.81362938263
10828000  -5994.90546571799  5981.18604910644
10829000  -5996.28008982895  5982.41902804872
10830000  -5996.1863098433  5982.4378701171
10831000  -5995.28432159527  5983.28341963619
10832000  -5995.59422513586  5985.41485899013
10833000  -5998.1276183808  5983.67417535009
10834000  -5999.98041386889  5986.76313556789
10835000  -5999.15004110187  5987.89635422652
10836000  -5999.28678093404  5988.74219016199
10837000  -5999.61536622424  5988.89313297283
10838000  -6000.22935623249  5989.91862859435
10839000  -6001.32133761784  5989.88526212676
10840000  -6001.08995863308  5990.71688389051
10841000  -6001.46617260779  5992.59048582592
10842000  -6002.32271914576  5994.49271564419
10843000  -6002.13089928796  5992.20265075133
10844000  -6003.48818408898  5992.54917924402
10845000  -6000.48135494975  5994.78331625183
10846000  -6002.42549675089  5993.15361889002
10847000  -6005.3648533934  5995.57236316436
10848000  -6003.96103020062  5995.96100439811
10849000  -6003.06796053659  5996.1093681268
10850000  -6003.48881078246  5996.96665883506
10851000  -6004.41564470878  5998.12477097898
10852000  -6006.56128839023  5999.27057951237
10853000  -6006.25679572347  6000.23712784531
10854000  -6005.23342985517  5999.80545383798
10855000  -6005.83511791301  5999.97574134882
10856000  -6007.12217115414  6002.06606681029
10857000  -6006.59347800885  6002.38153254456
10858000  -6007.35086568214  6003.29672621609
10859000  -6009.18498761769  6004.58518958895
10860000  -6010.35227139086  6005.12996912306
10861000  -6011.35226711419  6003.49726330764
10862000  -6010.06102469162  6003.79158820232
10863000  -6008.15241651184  6005.09765564311
10864000  -6010.66369884551  6004.68361215258
10865000  -6009.35811984634  6006.62196470057
10866000  -6010.40152812474  6006.07571101409
10867000  -6011.00643029438  6007.87437682479
10868000  -6013.88189576109  6006.58346133261
10869000  -6013.36472821271  6009.85993421966
10870000  -6014.9609574414  6010.30188629166
10871000  -6013.82786749127  6012.14511291323
10872000  -6013.87312634345  6013.46119649132
10873000  -6016.14889901905  6015.10671895426
10874000  -6014.07141169737  6014.26517534387
10875000  -6014.78976189497  6014.09404190817
10876000  -6015.87614162295  6015.09670601911
10877000  -6018.35090496691  6013.858302736
10878000  -6016.49424794753  6016.59924073535
10879000  -6017.35008791761  6016.3954696362
10880000  -6018.26062416233  6018.693650197
10881000  -6020.52301209813  6015.82844107967
10882000  -6021.39112202334  6016.56827764531
10883000  -6023.20758496405  6017.56895687746
10884000  -6023.17600434016  6016.48805618203
10885000  -6025.61393662712  6017.10102091254
10886000  -6024.44048112333  6017.84948708818
10887000  -6023.82472453566  6020.19240041049
10888000  -6027.20279526372  6020.05679615611
10889000  -6025.32120625859  6022.37420268056
10890000  -6026.11473795335  6023.33697540616
10891000  -6026.91201304785  6023.74806252325
10892000  -6026.07506480703  6023.91615216397
10893000  -6026.19162546503  6025.61770107674
10894000  -6026.68985159538  6026.18534789096
10895000  -6027.76980703517  6026.60964563957
10896000  -6028.38910169512  6026.4296667809
10897000  -6029.20645857544  6026.04853903747
10898000  -6028.79298737812  6029.28700944014
10899000  -6029.95571653742  6029.57188067228
10900000  -6028.74812391123  6030.70289815028
10901000  -6031.55310776852  6030.4231005304
10902000  -6031.80070325533  6031.33168952773
10903000  -6031.91054104524  6033.64018954583
10904000  -6031.21022402879  6031.32718515331
10905000  -6035.21918125246  6031.84418387595
10906000  -6032.52317537427  6032.71916252423
10907000  -6035.36648149969  6034.18550923946
10908000  -6035.7636968618  6032.30461628836
10909000  -6036.91872650866  6033.79021341081
10910000  -6037.1954973551  6034.82693535654
10911000  -6038.55736858041  6035.31385920481
10912000  -6039.79123275733  6034.72590451083
10913000  -6040.82510809203  6036.4002894453
10914000  -6039.40593643767  6035.65766510553
10915000  -6040.43785726872  6036.14141594185
10916000  -6040.60405655515  6035.34680783197
10917000  -6041.68732058505  6036.09156520185
10918000  -6044.2268033556  6036.0423851317
10919000  -6045.38082713871  6037.29325426129
10920000  -6040.99260315688  6037.57059277888
10921000  -6044.22556490702  6038.10151220814
10922000  -6046.91210501771  6038.83435468278
10923000  -6046.66077344328  6039.59545160935
10924000  -6047.91825117357  6039.28933353334
10925000  -6048.36167817703  6042.26914324952
10926000  -6047.60844545889  6041.57961908976
10927000  -6048.37318941445  6041.62118163653
10928000  -6047.47239352425  6041.40301932606
10929000  -6048.11931818154  6041.48706664746
10930000  -6047.6467615038  6044.25950027287
10931000  -6048.32641543671  6042.70928913816
10932000  -6048.51034969586  6042.7761644275
10933000  -6050.24594977469  6044.39101313019
10934000  -6048.79754655719  6045.79113059565
10935000  -6050.52798494661  6046.12914715891
10936000  -6052.5492704441  6048.01020738011
10937000  -6051.93227082554  6047.63199881708
10938000  -6053.77869317828  6047.95193724881
10939000  -6055.3283104584  6048.81533488901
10940000  -6054.4750314064  6047.7079939831
10941000  -6053.55633195503  6048.26464282434
10942000  -6055.68633455733  6051.4470084043
10943000  -6055.63723971669  6049.79809852387
10944000  -6055.11935712974  6051.38733247827
10945000  -6057.78374503403  6051.45574071162
10946000  -6056.9973224991  6050.6827534814
10947000  -6057.62390229499  6051.50583188348
10948000  -6056.10961800785  6051.14133334306
10949000  -6057.60087794063  6050.80787968446
10950000  -6057.2613740911  6051.48185839068
10951000  -6060.00597085168  6052.48315601409
10952000  -6056.48922929843  6053.17827386574
10953000  -6060.7215023084  6054.76485520818
10954000  -6057.86439344093  6054.2048354242
10955000  -6060.44242710094  6054.58437908167
10956000  -6058.38920141938  6054.3489992086
10957000  -6060.71096004359  6054.21404998937
10958000  -6060.53529456345  6054.87045895514
10959000  -6061.63191645778  6056.3779238181
10960000  -6060.60964873387  6056.17416950848
10961000  -6062.11413364961  6059.70143291504
10962000  -6062.51285582523  6060.63825843608
10963000  -6065.76804262389  6059.97637544074
10964000  -6062.87918127758  6061.55142754182
10965000  -6065.44614797213  6061.27621939149
10966000  -6064.90393018426  6063.46660623775
10967000  -6067.69335463141  6063.97663079061
10968000  -6067.46004137265  6067.34321791305
10969000  -6069.94789564967  6068.94584159091
10970000  -6070.09313170896  6068.18499277869
10971000  -6067.46934509791  6069.54282763165
10972000  -6068.91618191726  6067.96585945185
10973000  -6071.53325194219  6069.49501819199
10974000  -6071.40377043557  6071.62917250731
10975000  -6073.85576588982  6072.08561606552
10976000  -6072.18399602025  6071.21559637078
10977000  -6072.84924706405  6070.93262996035
10978000  -6072.15277775798  6071.54721322677
10979000  -6073.23849676111  6071.92808126301
10980000  -6074.80331474419  6073.31268817869
10981000  -6074.21732167712  6075.35903202722
10982000  -6075.51540699727  6073.49326695726
10983000  -6076.87248670434  6076.53666824092
10984000  -6074.92031939728  6077.47129838077
10985000  -6078.59550411864  6078.43561699278
10986000  -6077.81746261109  6078.41708369848
10987000  -6078.35803980339  6080.02767424921
10988000  -6079.25231589878  6078.59439468555
10989000  -6079.28243420089  6079.58805215473
10990000  -6078.16446830055  6080.46448392791
10991000  -6078.89145526224  6079.97327045319
10992000  -6080.76973919769  6080.60196084848
10993000  -6081.17325006847  6079.18266702618
10994000  -6081.59649358041  6079.40511119494
10995000  -6083.71748533031  6081.01871636771
10996000  -6084.41411654312  6080.33122784492
10997000  -6084.49809205191  6082.71553052859
10998000  -6084.35756778165  6080.33151793191
10999000  -6087.11737272932  6081.94136224013
11000000  -6084.12414785237  6082.72041976498
11001000  -6084.94898024302  6085.66170329441
11002000  -6086.66972860436  6085.5750370302
11003000  -6088.03665525221  6084.28338581251
11004000  -6085.0518711873  6085.41196290721
11005000  -6085.36195621188  6085.91726645044
11006000  -6087.38921984908  6086.27194122646
11007000  -6085.8472112135  6088.63289051581
11008000  -6086.64849747465  6087.23826259576
11009000  -6084.58577161161  6086.39695375618
11010000  -6084.36069773739  6085.50598614701
11011000  -6085.94715104812  6088.9180796969
11012000  -6086.04128723947  6089.4773592152
11013000  -6090.62090066265  6087.85691895772
11014000  -6090.72636199127  6090.71539942614
11015000  -6090.50222440152  6091.11674419628
11016000  -6089.9108214765  6091.56107820058
11017000  -6092.7587790351  6092.44695042957
11018000  -6090.23811074404  6091.37397512883
11019000  -6091.44096651791  6092.76937078865
11020000  -6090.74785802193  6088.5267332644
11021000  -6092.1280944676  6088.47914259194
11022000  -6092.5463952352  6091.69026712471
11023000  -6093.32634077201  6090.81799224564
11024000  -6094.82300287808  6091.24218467378
11025000  -6095.08935798423  6092.74284296375
11026000  -6097.19290428221  6092.89687724544
11027000  -6097.02525337946  6093.45008755239
11028000  -6099.41147802511  6093.63166232403
11029000  -6098.71688558352  6094.36781370052
11030000  -6099.59153900803  6096.31513281479
11031000  -6100.09896884374  6095.81462446928
11032000  -6099.76481141012  6097.59753606095
11033000  -6101.64500771931  6095.35874331775
11034000  -6101.43199619038  6095.07098283523
11035000  -6103.03303427059  6097.56871699596
11036000  -6104.12030687193  6097.08899819866
11037000  -6102.56183934548  6097.54783618369
11038000  -6102.445105303  6097.41962225864
11039000  -6103.15234298458  6095.93733052278
11040000  -6101.94244170245  6099.23602669893
11041000  -6104.59998163558  6100.05282208216
11042000  -6105.60344565973  6101.93855354807
11043000  -6106.15639921112  6101.16184172127
11044000  -6104.20066755676  6101.35771627625
11045000  -6106.41957482155  6100.28992116945
11046000  -6107.18760099183  6102.05539404119
11047000  -6106.43492131457  6102.11192306887
11048000  -6104.81273521931  6102.34676307102
11049000  -6107.34188585692  6105.34591699689
11050000  -6107.39545824131  6104.66120888784
11051000  -6109.37526483488  6104.48921666432
11052000  -6110.21352866101  6105.37110815089
11053000  -6111.8163860912  6106.90742924928
11054000  -6110.29055522012  6107.32146878109
11055000  -6109.01537163936  6107.5034749252
11056000  -6112.03406183282  6105.75481949515
11057000  -6113.54822417146  6109.02929064503
11058000  -6113.20471525279  6111.53632983976
11059000  -6114.71590819126  6111.72079535269
11060000  -6114.44428048733  6111.77184921406
11061000  -6115.17788792803  6113.9174394839
11062000  -6116.24765485449  6113.20665740802
11063000  -6115.78177867433  6113.54538953397
11064000  -6118.19221175578  6113.44904023677
11065000  -6117.87079530256  6113.46718346688
11066000  -6118.24189249975  6114.37898021397
11067000  -6117.64352745071  6115.42343996376
11068000  -6120.91811700408  6116.1414523448
11069000  -6121.41782087489  6115.41161112264
11070000  -6122.43120707601  6116.77403175173
11071000  -6123.89091349153  6117.88218286873
11072000  -6124.492746488  6119.24533187731
11073000  -6125.61381748438  6120.15600662272
11074000  -6124.76092909793  6121.09877676556
11075000  -6127.47514343662  6122.41989567004
11076000  -6128.61869503932  6126.15418576321
11077000  -6128.97776797176  6125.47987370925
11078000  -6129.29320084254  6126.66196791917
11079000  -6133.11242659853  6127.41878034645
11080000  -6132.47561741295  6129.29204036283
11081000  -6133.73679891078  6129.96481021935
11082000  -6134.52296548566  6130.7714123998
11083000  -6132.06202659771  6130.72253501404
11084000  -6132.0192604282  6131.30430181136
11085000  -6134.25381857605  6130.63414412693
11086000  -6133.76934485972  6132.35387085817
11087000  -6136.2054791867  6132.63836663879
11088000  -6136.89001098409  6134.1476460077
11089000  -6138.48272680446  6132.48955734806
11090000  -6138.18543520955  6135.98018084538
11091000  -6138.68776949869  6137.36266207793
11092000  -6139.37435310657  6136.89073769216
11093000  -6142.66848801324  6137.31693640051
11094000  -6140.60782052547  6138.49055770509
11095000  -6139.73476835392  6138.69664559795
11096000  -6143.55933310708  6139.42975759657
11097000  -6143.96438512085  6138.7129616363
11098000  -6143.03124466824  6137.56867427283
11099000  -6145.21170756692  6137.73125125796
11100000  -6144.3059259416  6139.38067082994
11101000  -6144.38836865221  6140.54095549696
11102000  -6145.22215442486  6142.7488830078
11103000  -6146.59770260237  6139.97536529133
11104000  -6145.61830206343  6142.50177154059
11105000  -6145.77605968122  6140.87594698692
11106000  -6146.4074532335  6141.60124637761
11107000  -6146.75575923176  6143.60385160196
11108000  -6145.31359517582  6143.47645697975
11109000  -6148.36939134817  6145.63630669268
11110000  -6150.61619015753  6143.30331914587
11111000  -6150.9098590048  6145.88943539769
11112000  -6151.60128773608  6143.78775784164
11113000  -6149.83682950319  6144.54258988053
11114000  -6150.77654910286  6144.2448859917
11115000  -6153.3396667716  6146.64405820081
11116000  -6153.6840182842  6149.23700115663
11117000  -6153.13660237094  6148.21294371095
11118000  -6153.03820999284  6148.48429904115
11119000  -6154.88322649208  6149.68213704313
11120000  -6156.50707833822  6150.37265127553
11121000  -6154.82255940032  6149.21361860487
11122000  -6155.02036472951  6149.32277741063
11123000  -6155.40632751431  6152.19817999609
11124000  -6158.41836778401  6154.25275588623
11125000  -6161.54433891969  6153.23672193442
11126000  -6159.56761873299  6157.05445599959
11127000  -6160.89386407923  6153.43604708502
11128000  -6160.89229998685  6157.93667404192
11129000  -6162.79655426833  6155.60468755459
11130000  -6162.08828288403  6155.46238368504
11131000  -6162.45945781378  6156.73570584272
11132000  -6163.21175465972  6159.20045302362
11133000  -6163.24832957584  6160.79370907146
11134000  -6163.73180906355  6159.93120350025
11135000  -6165.08033956788  6161.60746119279
11136000  -6166.30025323785  6161.28115615023
11137000  -6166.99252083249  6163.97804325982
11138000  -6166.50676110546  6163.50030261002
11139000  -6167.91425286859  6165.50305165
11140000  -6168.75724559571  6166.04894713427
11141000  -6171.67658609546  6164.92746903
11142000  -6170.945065615  6167.06062181067
11143000  -6172.2100149605  6165.92602944683
11144000  -6172.26646223325  6167.83108524148
11145000  -6172.59411596234  6165.99288788297
11146000  -6174.82617733515  6167.48945390677
11147000  -6174.44719725354  6167.10834088963
11148000  -6173.86529001773  6168.7543499649
11149000  -6176.33912673063  6169.39264383543
11150000  -6177.58169621687  6168.93419098899
11151000  -6175.96134532818  6169.51675299906
11152000  -6177.54419371078  6170.79806522117
11153000  -6177.41272820134  6172.13449712515
11154000  -6177.0897371251  6172.17514980637
11155000  -6174.27444499744  6172.07214132159
11156000  -6178.04550280004  6172.11524394758
11157000  -6181.0166891217  6174.5347583711
11158000  -6182.20433498582  6173.14835098706
11159000  -6183.57894368001  6176.76691826485
11160000  -6181.21999761995  6175.11162090941
11161000  -6181.91811209607  6177.26945405869
11162000  -6181.42817945578  6177.62911781889
11163000  -6182.16203058948  6178.89619115818
11164000  -6182.51384284107  6179.04632730354
11165000  -6183.76838422391  6180.90272394391
11166000  -6184.40303086125  6183.60141010893
11167000  -6184.22860132069  6181.51285784192
11168000  -6184.4914354018  6183.79661921046
11169000  -6184.36674621205  6184.12654143767
11170000  -6184.46113246361  6183.18043550802
11171000  -6185.50489492006  6184.88647336935
11172000  -6185.11377905141  6184.65969455409
11173000  -6184.76279056152  6184.56932424101
11174000  -6187.07769253687  6182.61291680518
11175000  -6189.07557031327  6184.8483913956
11176000  -6188.78913687171  6185.79331646001
11177000  -6188.52739133156  6188.02821581335
11178000  -6190.63636301198  6186.01998286971
11179000  -6188.29975738435  6188.76468227321
11180000  -6189.5698499182  6189.59944385719
11181000  -6189.88707464078  6188.19014341523
11182000  -6191.58186579265  6190.12023792358
11183000  -6191.57817905088  6189.02864692501
11184000  -6190.12212984998  6189.85421996532
11185000  -6195.23880890239  6190.45037466098
11186000  -6194.48572907379  6190.78424421855
11187000  -6194.40843452215  6190.6123042896
11188000  -6195.68484882954  6192.10755956187
11189000  -6191.5026260849  6192.88942058756
11190000  -6196.31401961879  6190.72092966567
11191000  -6194.67010725955  6191.5747947396
11192000  -6198.54267968941  6192.75328251104
11193000  -6198.89333980773  6194.33920743164
11194000  -6197.08470315161  6190.90608192714
11195000  -6198.0797994814  6191.23147657129
11196000  -6199.78338742122  6193.21593347074
11197000  -6199.90360599768  6194.60741458259
11198000  -6200.31778936967  6195.09908350075
11199000  -6201.46865336795  6194.0501361744
11200000  -6202.13875678447  6195.73744461005
11201000  -6201.86077018146  6194.52575458188
11202000  -6203.00611775288  6195.13560115122
11203000  -6204.46392658553  6195.18233356152
11204000  -6203.43553318055  6194.09699649733
11205000  -6206.44760565007  6197.14191050386
11206000  -6203.66493416079  6197.80026494483
11207000  -6205.89691597029  6197.65922884475
11208000  -6205.09515860766  6198.73218558275
11209000  -6207.33224622333  6198.9021623007
11210000  -6207.63336664468  6198.69791489272
11211000  -6208.56666164777  6199.76501879891
11212000  -6207.28951806782  6198.6944161601
11213000  -6208.92005513253  6199.64526148522
11214000  -6207.66215009276  6202.01392511654
11215000  -6209.14450358274  6201.93839515944
11216000  -6211.19053795299  6201.27290448215
11217000  -6213.03325944516  6201.33410307877
11218000  -6211.4175932763  6204.99310871334
11219000  -6210.5134681352  6204.78234738461
11220000  -6211.59767981785  6204.14180960426
11221000  -6211.94780189378  6206.11371937286
11222000  -6212.05292160803  6208.14982640574
11223000  -6213.50730516292  6209.23542881742
11224000  -6212.50152368499  6207.08844066258
11225000  -6215.38087344196  6208.90163709817
11226000  -6215.41534836081  6208.03021525536
11227000  -6215.41142281264  6213.85304139164
11228000  -6214.74036733981  6211.93475934744
11229000  -6212.70645792307  6212.32864344032
11230000  -6215.18889559933  6212.5909591594
11231000  -6214.11866776314  6213.10707528997
11232000  -6218.08219199824  6214.79669776734
11233000  -6221.31823661166  6214.07749126029
11234000  -6221.55254910386  6212.87866565521
11235000  -6222.51353062047  6215.9242806463
11236000  -6222.00944850171  6217.75618469944
11237000  -6222.84324839749  6216.71398053939
11238000  -6222.72950494979  6217.00067079761
11239000  -6224.00889467189  6217.73177561478
11240000  -6221.72213659567  6219.56209455719
11241000  -6223.69864675417  6219.074104783
11242000  -6224.12746105261  6220.73267884111
11243000  -6223.16420169622  6218.96107843365
11244000  -6225.39576982267  6220.94226492174
11245000  -6225.46740901549  6223.68799031496
11246000  -6225.07759560971  6221.81519031972
11247000  -6227.41261672541  6222.9302059374
11248000  -6227.32687593781  6225.16890978162
11249000  -6226.15258977668  6225.75952874142
11250000  -6226.99215415815  6227.64782558109
11251000  -6226.68752797655  6225.51604891812
11252000  -6227.07974562823  6230.0842976756
11253000  -6226.6974914319  6228.97345399265
11254000  -6228.79594338201  6231.1385313073
11255000  -6230.29606343807  6229.85270788013
11256000  -6230.11099304522  6231.38699389323
11257000  -6231.26749417989  6229.6707914146
11258000  -6230.33196911766  6228.96005152337
11259000  -6231.05668444672  6229.63357215489
11260000  -6234.12506679396  6230.87391550234
11261000  -6233.90590131493  6233.82165389357
11262000  -6232.18578996907  6232.15400858592
11263000  -6234.14381080349  6234.3491739649
11264000  -6233.31801613483  6234.56348069133
11265000  -6231.90621947812  6236.76090151795
11266000  -6235.43366292197  6235.3108846454
11267000  -6234.69050273424  6236.88819308898
11268000  -6236.47902012354  6236.00068247083
11269000  -6240.40986657324  6238.71291718739
11270000  -6239.33072167316  6239.73191282147
11271000  -6240.55785944989  6238.71172262941
11272000  -6242.59145017036  6238.32352694929
11273000  -6244.24594682925  6239.61465509643
11274000  -6241.87699790183  6239.91169533177
11275000  -6242.54442011334  6239.86260286032
11276000  -6241.7075394318  6237.7691467723
11277000  -6244.81637112182  6239.57578219571
11278000  -6244.91153171038  6238.74292380886
11279000  -6243.43141426027  6237.51419769226
11280000  -6245.39864857997  6239.67893819115
11281000  -6246.04631654818  6238.21203990833
11282000  -6249.25913874498  6236.99397453916
11283000  -6246.32602104508  6237.45879023557
11284000  -6246.42796211263  6239.76679054244
11285000  -6249.38399943217  6238.27301879225
11286000  -6250.75437067192  6239.6718860072
11287000  -6250.23209478762  6239.74124415883
11288000  -6249.1480624745  6238.40205470956
11289000  -6250.11159870268  6237.84470907789
11290000  -6250.60380724635  6238.3269828846
11291000  -6251.49952835024  6240.67946457338
11292000  -6253.19070326234  6241.80029049624
11293000  -6251.25061295615  6243.52831545147
11294000  -6251.31870050042  6243.06717791421
11295000  -6252.44231172195  6243.74164073753
11296000  -6254.71620165514  6243.81108980065
11297000  -6253.84019821711  6246.88983550154
11298000  -6255.75516223556  6248.58488184535
11299000  -6254.49954629739  6247.65498141427
11300000  -6255.01005188743  6248.94498735993
11301000  -6256.27173041917  6251.99897237775
11302000  -6254.46213976602  6252.38390496621
11303000  -6256.68451082258  6254.30981804528
11304000  -6257.30340449127  6254.82080675014
11305000  -6256.10956959801  6255.21498851651
11306000  -6255.14616011622  6255.58966079532
11307000  -6255.0903348581  6258.19381331318
11308000  -6257.38542365228  6258.01461763752
11309000  -6258.87939544606  6257.65232743838
11310000  -6260.07597019739  6257.64923891462
11311000  -6258.79753431394  6257.83447464398
11312000  -6258.68570842905  6258.04702827105
11313000  -6260.72065738143  6258.53594440007
11314000  -6261.8816381371  6259.57328519658
11315000  -6259.75321180247  6260.26809399289
11316000  -6261.81249833388  6261.51609376664
11317000  -6262.89958894358  6260.70100523443
11318000  -6262.37949985417  6262.30221755135
11319000  -6268.87989612366  6264.03603281258
11320000  -6265.45196295771  6260.86883757633
11321000  -6267.46371415011  6265.73820186736
11322000  -6266.81456355083  6265.43511218041
11323000  -6266.25885282478  6266.66267523938
11324000  -6266.8215146796  6266.55986762491
11325000  -6267.95128506117  6268.00733961927
11326000  -6267.28329829748  6267.26164907231
11327000  -6267.93444132882  6268.90799279349
11328000  -6268.23350831176  6269.03793943184
11329000  -6268.15109236251  6269.46672775522
11330000  -6267.41255909265  6268.71062064083
11331000  -6271.31621533348  6267.34657234117
11332000  -6269.89187672548  6268.76304848459
11333000  -6269.62609360025  6270.90239608982
11334000  -6271.89476544568  6272.32489572907
11335000  -6269.52566643956  6273.75280165976
11336000  -6271.01748520176  6273.73205339612
11337000  -6270.68083300239  6273.09021886627
11338000  -6270.84323458957  6272.01063554885
11339000  -6268.79185457807  6272.86947966012
11340000  -6270.74939416131  6273.41524886409
11341000  -6270.33347917218  6274.71570990914
11342000  -6271.34138415401  6276.91349325838
11343000  -6271.33135727977  6276.73893124486
11344000  -6274.35939178922  6278.15481141194
11345000  -6272.79481361741  6276.70097015135
11346000  -6274.63382057104  6278.23650964453
11347000  -6275.63282712451  6279.97215659336
11348000  -6274.84541041652  6282.10393470219
11349000  -6277.65305383261  6282.17794922896
11350000  -6275.55424978801  6282.52508724104
11351000  -6276.69890841699  6283.39362765795
11352000  -6278.87833805963  6282.7309216971
11353000  -6275.73731493781  6283.56911425387
11354000  -6277.32607458998  6283.98844329334
11355000  -6278.70619076628  6284.56228673497
11356000  -6278.53046044149  6284.00905629272
11357000  -6279.86240193365  6285.14250735843
11358000  -6279.51048928518  6286.59644057097
11359000  -6279.77514315055  6285.93080142789
11360000  -6279.27343887241  6286.20480588741
11361000  -6282.40824511559  6286.54003102449
11362000  -6282.18672923981  6287.59035405379
11363000  -6282.40253050612  6288.7097079102
11364000  -6281.23814659606  6288.00364982191
11365000  -6284.45491106407  6288.4302084807
11366000  -6285.20528142084  6289.65398537894
11367000  -6286.60947243096  6290.26867490828
11368000  -6287.18286880245  6289.63498475678
11369000  -6286.19498134127  6290.00513436905
11370000  -6286.09700455167  6291.01648258801
11371000  -6289.39926023282  6290.4476213359
11372000  -6290.05173963336  6292.42594159526
11373000  -6289.8959566855  6293.19763211141
11374000  -6290.52926812806  6294.98309637133
11375000  -6294.52136967146  6294.57794186837
11376000  -6293.92796929788  6293.59980064667
11377000  -6295.40350341568  6295.41506908519
11378000  -6297.74535050926  6298.05455177345
11379000  -6297.88121777531  6297.19280697463
11380000  -6296.86256412311  6298.08473178033
11381000  -6298.33259087597  6296.73076729432
11382000  -6297.11682414843  6296.52496852872
11383000  -6299.70519945491  6297.50985033615
11384000  -6299.35219125191  6297.4153976881
11385000  -6300.15642548738  6297.69756047245
11386000  -6301.35566766425  6298.45722588043
11387000  -6301.88721024974  6299.81524441785
11388000  -6302.04167115239  6301.60636057765
11389000  -6302.08068001505  6303.32447839964
11390000  -6302.26867146833  6304.6140419595
11391000  -6303.16396309194  6304.53718276353
11392000  -6303.96012828166  6304.01204682127
11393000  -6303.93601651986  6305.27330353309
11394000  -6305.17031744648  6305.15989274359
11395000  -6303.30571750208  6306.95920467029
11396000  -6305.10117150026  6306.86261364671
11397000  -6306.62941161592  6307.35614643973
11398000  -6306.09955150882  6307.37478529662
11399000  -6308.08604739851  6307.9244411907
11400000  -6306.63912363885  6307.03088101372
11401000  -6308.65010580155  6309.0095712991
11402000  -6307.57990328302  6308.55427292259
11403000  -6309.46604162634  6309.13178032836
11404000  -6311.36267230132  6308.89325749205
11405000  -6312.14471885187  6307.29152517786
11406000  -6314.11273026921  6308.51987011951
11407000  -6313.99895468709  6309.03192167542
11408000  -6314.65844581002  6312.57280318593
11409000  -6315.31009697558  6312.60160054756
11410000  -6315.96281898411  6313.25349357588
11411000  -6317.3379418588  6313.30438571441
11412000  -6318.28515772959  6312.26750649754
11413000  -6316.33311930139  6314.36937020467
11414000  -6316.78588510364  6314.92591465895
11415000  -6319.62366029168  6317.59695125585
11416000  -6319.8894332087  6316.39924021015
11417000  -6321.87318214206  6318.5189295402
11418000  -6319.59756233354  6318.34792958675
11419000  -6321.74894055318  6318.05743067728
11420000  -6322.57248783938  6318.71381891307
11421000  -6322.8207516058  6319.56351751273
11422000  -6323.32210160855  6319.83200913709
11423000  -6324.97939262867  6319.16250044378
11424000  -6325.36457471051  6318.78699855099
11425000  -6324.22244799158  6319.49021810831
11426000  -6324.79342735264  6322.65404180981
11427000  -6327.96775948845  6321.00646441676
11428000  -6329.37392202046  6320.25867291001
11429000  -6326.47646643388  6320.02092888691
11430000  -6327.96784528527  6321.5123612181
11431000  -6328.19719530454  6322.87058311264
11432000  -6328.80109623138  6324.85363629368
11433000  -6329.39696085622  6323.49106140265
11434000  -6328.86673385287  6326.09046752724
11435000  -6332.46428672344  6327.51672758024
11436000  -6329.06017346868  6326.78300559235
11437000  -6331.51806708175  6326.44293819066
11438000  -6333.85123601653  6327.15614462402
11439000  -6333.92695439707  6326.55486947842
11440000  -6333.19262911594  6325.01494866281
11441000  -6333.29945177095  6326.38678541055
11442000  -6334.54041659587  6327.19279008611
11443000  -6334.2708790288  6326.2912199211
11444000  -6336.12316215924  6329.536215635
11445000  -6333.89391122886  6329.89202576038
11446000  -6334.76973706017  6330.38611584703
11447000  -6337.4244406442  6328.64494704174
11448000  -6336.11188021032  6329.99158559573
11449000  -6335.10912440168  6331.59208221143
11450000  -6336.95280555972  6332.27727674537
11451000  -6336.93826927782  6332.75651270151
11452000  -6336.92600720444  6334.80822493758
11453000  -6337.83340166283  6334.40663943453
11454000  -6338.81572443814  6335.83769894647
11455000  -6339.23378110892  6336.38489685121
11456000  -6338.61919287408  6335.92994534358
11457000  -6338.21433639323  6335.85950259309
11458000  -6341.63840699728  6338.23047325648
11459000  -6342.53528846083  6338.53602358596
11460000  -6342.52472378649  6336.15915217055
11461000  -6342.60385166779  6338.54465826454
11462000  -6342.52615185913  6338.17508371641
11463000  -6345.56400903472  6338.19552712173
11464000  -6344.41733615434  6340.46673029535
11465000  -6345.30176179222  6340.89893975294
11466000  -6346.23170338558  6340.26256071691
11467000  -6348.06411697315  6340.71103549471
11468000  -6346.74144948313  6341.715157614
11469000  -6350.12397309048  6343.89407462964
11470000  -6350.3289532012  6342.45107466382
11471000  -6349.81462732426  6344.42997571714
11472000  -6350.57437018362  6345.95446039734
11473000  -6349.56020860969  6344.04547883237
11474000  -6349.46183578748  6343.70291111787
11475000  -6349.52104545958  6346.36944827414
11476000  -6348.38789912603  6347.82524616239
11477000  -6350.23333758011  6347.51237283056
11478000  -6351.20254322648  6350.15393391082
11479000  -6352.30495006441  6349.49810419665
11480000  -6352.52302852766  6349.86389796702
11481000  -6353.31112244409  6349.67636336738
11482000  -6353.00301759888  6350.65245775403
11483000  -6353.81894998142  6350.2026499209
11484000  -6353.42212628914  6351.12992506939
11485000  -6354.4795907226  6352.52897456984
11486000  -6354.17005980603  6354.36160949502
11487000  -6354.72172756605  6355.91556201717
11488000  -6357.03637807941  6355.44122706052
11489000  -6356.0870274406  6356.40999472844
11490000  -6356.53734755947  6355.96854630457
11491000  -6355.87434474547  6358.34695174187
11492000  -6358.66854804442  6360.49907596351
11493000  -6357.63341318155  6357.76256737493
11494000  -6357.78789405044  6359.3672350213
11495000  -6359.79823491744  6358.85657559752
11496000  -6361.81145389916  6357.66781385561
11497000  -6362.02298788055  6357.88893418896
11498000  -6361.84454376313  6360.40562205126
11499000  -6362.90851476154  6360.52575009638
11500000  -6365.20627886613  6361.69354534169
11501000  -6365.16384275321  6363.19621263966
11502000  -6367.11375734139  6364.7451791087
11503000  -6367.64547793557  6364.98390663172
11504000  -6366.91486950513  6364.9923962555
11505000  -6367.20832221784  6363.94826852214
11506000  -6369.05341522396  6368.19915043914
11507000  -6371.35280732464  6366.4986556769
11508000  -6368.34739070029  6366.98309382668
11509000  -6369.50656603811  6367.20952371581
11510000  -6372.72393754709  6368.4952698227
11511000  -6371.66530658632  6368.09461331655
11512000  -6373.46491529527  6367.22034748912
11513000  -6373.08341446912  6368.89211112824
11514000  -6375.78805215989  6371.07533643658
11515000  -6374.31012341061  6372.90616307923
11516000  -6374.00299384983  6372.30808489245
11517000  -6376.38327569691  6372.7831221289
11518000  -6375.41839539805  6372.76692589813
11519000  -6375.64600543387  6375.77098956112
11520000  -6377.0093456286  6374.62101696603
11521000  -6376.74062482662  6376.11570637951
11522000  -6377.61878668466  6376.39045740485
11523000  -6378.47260144623  6377.88874728682
11524000  -6378.90280409373  6379.3220200949
11525000  -6379.31505441047  6381.06080386553
11526000  -6379.31315151616  6381.77639683962
11527000  -6380.60393428007  6383.66694513339
11528000  -6383.02169919058  6380.65134003361
11529000  -6383.14144033445  6382.48384135335
11530000  -6387.28685331525  6382.79210801235
11531000  -6387.97349894248  6382.44155259066
11532000  -6387.91639222568  6385.75394097231
11533000  -6388.62459647038  6383.80990948382
11534000  -6389.47890963243  6383.81477384007
11535000  -6388.40614595087  6385.02739689285
11536000  -6388.4966294622  6384.37064932687
11537000  -6390.84490235848  6385.74177813475
11538000  -6391.37765994679  6384.909243705
11539000  -6391.52280877889  6388.49969581197
11540000  -6394.86121966371  6387.43588388414
11541000  -6393.98572596689  6387.75057785332
11542000  -6396.84966538643  6390.16802187419
11543000  -6394.68135106618  6389.27430817521
11544000  -6397.35456374598  6388.72016568334
11545000  -6397.05427378133  6389.7542901707
11546000  -6395.85399255982  6387.44351077887
11547000  -6397.89556538483  6390.08314559732
11548000  -6398.35831906982  6388.15551587319
11549000  -6399.11004587073  6389.46730529689
11550000  -6399.86299363176  6390.30378699822
11551000  -6399.61835555474  6390.25899444725
11552000  -6402.01873846212  6390.14869146758
11553000  -6401.57864310719  6390.20431400895
11554000  -6400.99277445486  6391.12815679081
11555000  -6401.14410751164  6394.49050253569
11556000  -6402.17656701801  6394.21588801128
11557000  -6400.17043662717  6393.5489730938
11558000  -6403.18808229683  6395.4408699142
11559000  -6403.56521674999  6395.95485191594
11560000  -6402.93218364059  6395.64555255617
11561000  -6403.08328238569  6396.19083083678
11562000  -6403.52754444466  6397.78064249434
11563000  -6404.45092841402  6397.78857277353
11564000  -6406.33745656007  6400.19057141665
11565000  -6406.22053241319  6401.08622538259
11566000  -6405.9964855256  6401.17961975806
11567000  -6404.90841945228  6401.70614166689
11568000  -6405.93949468354  6401.10654801093
11569000  -6405.63912279777  6404.02289819177
11570000  -6405.6584718807  6403.17898503708
11571000  -6406.80132025513  6401.5820093544
11572000  -6407.22782843498  6403.11754514541
11573000  -6408.84938535563  6403.30575426317
11574000  -6410.8418022321  6403.50197404125
11575000  -6409.81788319903  6402.313452472
11576000  -6409.92100524784  6403.47076071638
11577000  -6408.72855221665  6403.43964800914
11578000  -6410.3041090092  6405.79877311902
11579000  -6410.49596524322  6407.42163826115
11580000  -6411.6028514631  6406.23593896389
11581000  -6412.57089708421  6407.61580840095
11582000  -6411.86723227165  6409.59632553389
11583000  -6411.22006103795  6407.78108772613
11584000  -6412.22805000197  6408.79836376557
11585000  -6413.60096081592  6407.9389518735
11586000  -6414.91303619704  6407.61738740938
11587000  -6414.98312996486  6409.2083212905
11588000  -6416.13250359957  6411.17940160341
11589000  -6414.82812298026  6414.08780198735
11590000  -6413.668735931  6412.94443384472
11591000  -6415.45926409359  6412.05193982988
11592000  -6417.42698866658  6413.98079008184
11593000  -6414.03590612861  6412.56580482545
11594000  -6416.46843460989  6414.16141297279
11595000  -6418.54508961478  6413.75828299953
11596000  -6417.32335182151  6416.22458556555
11597000  -6416.44335400182  6416.8234158633
11598000  -6416.99930730101  6417.66373059153
11599000  -6419.33161996731  6418.177839766
11600000  -6417.89785037623  6417.82087730908
11601000  -6419.21692833873  6420.03245791239
11602000  -6418.59442435581  6420.93680127059
11603000  -6420.29527123552  6421.88443666518
11604000  -6420.58324055576  6422.64965779213
11605000  -6420.14884920425  6422.51143740388
11606000  -6423.07343025551  6423.43380841844
11607000  -6421.96840586333  6424.88949624741
11608000  -6422.25320476798  6424.29918103819
11609000  -6424.21196254849  6426.62981282971
11610000  -6425.38047625818  6427.68820845278
11611000  -6422.92422057312  6425.95861960992
11612000  -6427.29459920449  6427.96317726281
11613000  -6427.87905311894  6429.59235118139
11614000  -6426.99664537048  6429.03456702723
11615000  -6429.19574576274  6429.21087988163
11616000  -6427.47742256329  6432.66898190559
11617000  -6428.94228399421  6432.42325935224
11618000  -6430.27775015735  6432.71258232111
11619000  -6431.57767499184  6432.50123126066
11620000  -6433.25400120589  6432.9352401798
11621000  -6432.78895042461  6432.01031535725
11622000  -6433.8383421675  6434.23071002245
11623000  -6435.44865425016  6436.70645481977
11624000  -6435.66186024559  6436.05099885924
11625000  -6435.2348802602  6433.31029738346
11626000  -6438.25614340846  6436.11892748233
11627000  -6439.19701796124  6437.87406227807
11628000  -6439.95619633838  6435.32819035444
11629000  -6441.36643804177  6437.22704264018
11630000  -6441.22784629746  6439.35013665615
11631000  -6442.36915204029  6441.28480721285
11632000  -6442.06861533341  6442.30869686821
11633000  -6441.73984644832  6443.05108646729
11634000  -6442.73978756431  6442.68863325341
11635000  -6440.36023789466  6443.48368390232
11636000  -6441.24004771231  6441.58798149759
11637000  -6443.8409462451  6443.98598806938
11638000  -6444.29012023556  6445.59914146241
11639000  -6444.69382437275  6445.36837517381
11640000  -6444.95867613778  6445.25479322195
11641000  -6445.55460557539  6447.35406100628
11642000  -6448.07822770465  6449.5650324167
11643000  -6448.07074888481  6449.63596294143
11644000  -6446.72997198377  6450.77361303443
11645000  -6448.32053441047  6449.10200972363
11646000  -6448.79618410534  6450.81529405298
11647000  -6449.29827792225  6452.44496009917
11648000  -6452.29474274085  6452.75302125215
11649000  -6450.07803618145  6451.67021978098
11650000  -6449.70495838441  6452.53223747101
11651000  -6451.1696842947  6454.67720932714
11652000  -6451.48950051466  6456.54394277468
11653000  -6453.22972635945  6455.60387105437
11654000  -6455.53367095345  6453.26675986289
11655000  -6454.58741813588  6457.09068905979
11656000  -6454.60425200971  6457.4111906661
11657000  -6457.65803571392  6457.12557006874
11658000  -6459.07753830925  6459.20650266937
11659000  -6461.84971373786  6456.90921380638
11660000  -6460.89673548232  6459.32881725035
11661000  -6461.22684728571  6457.24000243693
11662000  -6460.08537867876  6461.22307326191
11663000  -6460.14360900856  6458.92085621348
11664000  -6461.48048150846  6461.89201598151
11665000  -6463.90105364745  6462.39037886909
11666000  -6464.56347838409  6460.86691822184
11667000  -6462.09085562649  6459.69780293904
11668000  -6463.55105257446  6462.16400742399
11669000  -6468.15193901065  6460.248949571
11670000  -6468.74046655831  6464.22380747387
11671000  -6467.97348905703  6464.3003697666
11672000  -6469.15724916486  6462.47710702867
11673000  -6470.28528758756  6463.76131166533
11674000  -6472.02028038498  6466.50087431514
11675000  -6472.00208692472  6465.51941703613
11676000  -6471.07116859698  6467.22054547878
11677000  -6471.34562355565  6467.88926528049
11678000  -6473.83167559764  6468.67745463707
11679000  -6475.93997364256  6468.16228590869
11680000  -6475.17909693625  6471.76980397755
11681000  -6472.46775725975  6470.70354450142
11682000  -6474.51882513002  6473.55290464724
11683000  -6476.62176041359  6475.14162975487
11684000  -6473.74901117883  6472.37360529683
11685000  -6474.94760218891  6475.36019808824
11686000  -6475.05871264862  6474.6549253522
11687000  -6474.93201827865  6473.77496994485
11688000  -6476.40518048721  6477.41112141896
11689000  -6477.15683218186  6476.99484015603
11690000  -6476.02956544027  6476.37593318967
11691000  -6477.6887638973  6475.16007272196
11692000  -6475.21751732918  6476.37382854636
11693000  -6479.12499178102  6479.41410779577
11694000  -6479.19987890014  6477.87219033966
11695000  -6480.28722051656  6478.024544106
11696000  -6479.44650539389  6478.7609567699
11697000  -6481.40339353068  6478.50641721806
11698000  -6481.96094282968  6480.66709480142
11699000  -6483.41792678872  6481.89324150272
11700000  -6482.40257004786  6479.30034279932
11701000  -6484.31527419195  6481.19587284664
11702000  -6483.27979257553  6481.31101180808
11703000  -6485.53496378348  6481.69920455162
11704000  -6486.18876173918  6481.46242061851
11705000  -6485.41261298509  6483.1030066599
11706000  -6487.2755280322  6484.03689518583
11707000  -6488.82516095757  6484.33628881124
11708000  -6489.00246853507  6484.82413749529
11709000  -6488.34541607235  6485.94907764548
11710000  -6490.22908786318  6486.75979856075
11711000  -6489.01471606543  6487.58607358467
11712000  -6488.27214550251  6488.10377428109
11713000  -6489.70552395703  6487.8130133525
11714000  -6488.98576756088  6486.43953020058
11715000  -6490.13765075181  6488.54371365354
11716000  -6491.61117393114  6488.47550258871
11717000  -6490.12218084417  6486.68904912208
11718000  -6492.87365396199  6486.24829446898
11719000  -6493.00444715749  6488.2771587351
11720000  -6494.85936495219  6488.71016248465
11721000  -6494.38071122848  6490.31463925233
11722000  -6495.36731581264  6489.9380242861
11723000  -6496.69250495165  6491.25142850693
11724000  -6497.21541772077  6490.86109773231
11725000  -6497.16453495234  6492.52181046647
11726000  -6498.20314528483  6490.19162131003
11727000  -6497.84836500372  6491.30166792186
11728000  -6497.4395473849  6493.43313322649
11729000  -6495.54301953617  6496.84534948423
11730000  -6495.32341821656  6495.30125638208
11731000  -6494.70801575493  6495.32595360944
11732000  -6494.14454903743  6497.06655709587
11733000  -6496.07711947918  6496.88225292062
11734000  -6495.67058548313  6496.55427596324
11735000  -6495.43259879876  6499.07816310904
11736000  -6495.86042376711  6501.25546310721
11737000  -6498.44239759408  6502.62230691789
11738000  -6498.28270224883  6499.89768473868
11739000  -6500.81766799464  6502.1651092249
11740000  -6501.20369136216  6501.07183042875
11741000  -6502.7499052973  6501.80933762792
11742000  -6502.74562180224  6503.52546053491
11743000  -6502.88874573671  6501.1264903105
11744000  -6501.34357072362  6503.78936111207
11745000  -6501.93408269246  6503.66862549377
11746000  -6503.27481939229  6503.47126169869
11747000  -6505.41636865641  6504.46644272606
11748000  -6506.62638579955  6501.95227325028
11749000  -6505.24117603061  6501.78823291079
11750000  -6507.10766119416  6504.16942679927
11751000  -6507.3923323012  6503.39421005212
11752000  -6509.1368685096  6504.45887980188
11753000  -6509.54846681329  6504.15324326851
11754000  -6509.55561848912  6505.30823930362
11755000  -6510.6068305609  6504.8101541319
11756000  -6510.87342389595  6507.97151718876
11757000  -6512.60938434653  6507.12059912073
11758000  -6512.43445595602  6505.94057903452
11759000  -6511.23809684976  6507.29195957893
11760000  -6512.5280885901  6508.3677097844
11761000  -6513.06057565532  6508.27697936016
11762000  -6512.82673683333  6510.60568481778
11763000  -6514.44114207612  6509.5932986902
11764000  -6514.49802088174  6510.74983393832
11765000  -6513.0839950815  6511.63196961479
11766000  -6514.3331241634  6511.86945227158
11767000  -6511.37490818284  6514.00328574426
11768000  -6514.19601643062  6512.23677635854
11769000  -6512.37245433115  6512.32220039669
11770000  -6514.05334301046  6514.84186066775
11771000  -6512.71360261526  6514.46366955407
11772000  -6515.33942420302  6512.19188426705
11773000  -6511.73849861313  6513.13855343195
11774000  -6513.81289190972  6516.52889317824
11775000  -6513.03626076582  6514.89080866202
11776000  -6513.50867446219  6514.82578893844
11777000  -6513.68099626037  6513.43679102323
11778000  -6514.61796349482  6514.79114333564
11779000  -6514.91558574064  6516.84051329286
11780000  -6518.29740943424  6518.73484682917
11781000  -6519.15575201364  6516.87996086945
11782000  -6517.39884105249  6517.24811366482
11783000  -6518.34157467495  6519.19952530356
11784000  -6517.51905179849  6518.05089581606
11785000  -6518.98959237162  6519.16510052447
11786000  -6521.53539743048  6520.89302448757
11787000  -6521.52805597957  6522.74384148701
11788000  -6523.03121505102  6520.90427540597
11789000  -6523.56489569705  6521.7938581433
11790000  -6522.71918782702  6522.26294547457
11791000  -6524.55526136184  6521.44118351403
11792000  -6525.03388912418  6523.90138434281
11793000  -6527.64923860927  6525.16645155538
11794000  -6527.58348711402  6524.87962304956
11795000  -6528.67302781271  6527.58242309931
11796000  -6531.31393456702  6528.01774063367
11797000  -6529.92160925834  6528.48533806486
11798000  -6530.96746565662  6529.18204829384
11799000  -6531.25245765385  6529.0249198556
11800000  -6532.41155573973  6530.03331291559
11801000  -6535.26241441069  6531.7666007775
11802000  -6534.71366424583  6531.45052094053
11803000  -6535.94603743374  6532.20221587017
11804000  -6536.82835220386  6531.96324322362
11805000  -6538.51718575944  6531.1860277428
11806000  -6541.01706795174  6534.39930837209
11807000  -6540.26541885214  6534.09178450678
11808000  -6540.10423025638  6533.27631710211
11809000  -6541.4664267501  6535.4781355676
11810000  -6541.5605678711  6535.09017125612
11811000  -6543.1747421954  6535.14301261689
11812000  -6542.03130420802  6534.59979835917
11813000  -6542.168718002  6534.29974071531
11814000  -6542.0532689047  6536.11857812234
11815000  -6540.03214363859  6535.76217750941
11816000  -6543.04087819417  6537.15696876332
11817000  -6544.24877139565  6537.14957002335
11818000  -6544.10437078276  6539.37157052923
11819000  -6543.22349907786  6539.57075696516
11820000  -6545.42032284542  6538.35525241499
11821000  -6547.40953328054  6539.44041991705
11822000  -6547.86170967992  6540.5220260608
11823000  -6548.22782875885  6540.92259461587
11824000  -6547.61553997943  6540.28491218312
11825000  -6547.8668906841  6542.07658844926
11826000  -6548.99379363293  6546.23531385528
11827000  -6551.5152340025  6547.51829415679
11828000  -6552.11791625145  6547.73733519139
11829000  -6553.17017747634  6548.48460519552
11830000  -6551.84326323661  6549.53727807012
11831000  -6554.18277160386  6550.27014108014
11832000  -6553.37941132384  6551.16960075349
11833000  -6553.99262185536  6550.68841676147
11834000  -6554.55281708018  6549.93826574667
11835000  -6556.03148271714  6551.03766881965
11836000  -6555.27054646121  6551.09618134461
11837000  -6556.60115705769  6553.88756960276
11838000  -6556.86974828085  6552.48323536761
11839000  -6558.59441294581  6554.30910782013
11840000  -6559.00511838947  6554.87282875975
11841000  -6560.15556490346  6556.19624312036
11842000  -6561.51244516767  6555.76934230982
11843000  -6559.89478224611  6556.4054539284
11844000  -6558.07269520415  6558.86039849654
11845000  -6558.27204150491  6557.03811971663
11846000  -6560.2288276251  6559.13086559346
11847000  -6561.4824140883  6559.05612857167
11848000  -6561.25223767008  6559.86994580302
11849000  -6560.68367266179  6559.7490108464
11850000  -6563.14794728676  6560.97147917374
11851000  -6561.23739256867  6562.15180661203
11852000  -6560.95675867134  6561.91489598478
11853000  -6563.79556318804  6562.93218123221
11854000  -6564.9455899935  6563.244957451
11855000  -6564.28185508846  6564.77241722996
11856000  -6563.74033328657  6565.69352185708
11857000  -6562.13020638118  6564.11387975071
11858000  -6566.59190511398  6566.24226936675
11859000  -6567.29801317571  6568.70913779941
11860000  -6567.68317800419  6568.57908552911
11861000  -6568.78726306216  6570.18805268083
11862000  -6569.82724120512  6569.56002162691
11863000  -6568.31424352083  6567.91462095935
11864000  -6569.87479232043  6567.30085335098
11865000  -6569.4931197998  6568.98772945032
11866000  -6570.02809884159  6567.12828394185
11867000  -6570.79032803445  6567.37628801099
11868000  -6574.19862265387  6567.03548314687
11869000  -6571.27926033023  6567.30779320246
11870000  -6573.3599154239  6567.67516952041
11871000  -6573.26460946389  6567.95644063198
11872000  -6573.84231081478  6570.80577493844
11873000  -6574.41702115209  6570.60414980931
11874000  -6574.63958353918  6571.41521729539
11875000  -6575.9402120696  6573.00806430696
11876000  -6576.25034437047  6575.51705691889
11877000  -6576.62399871502  6572.39171417289
11878000  -6577.94440319898  6573.88747869684
11879000  -6576.65617264653  6571.42784153682
11880000  -6573.1055478283  6573.19540377353
11881000  -6575.99237742149  6573.17016365025
11882000  -6576.3344244092  6572.30767720425
11883000  -6577.99817278418  6573.40896206314
11884000  -6578.97697713753  6575.04430876391
11885000  -6578.52638044126  6575.08450079098
11886000  -6578.12692535109  6574.12223688168
11887000  -6577.53948626475  6576.93244457745
11888000  -6579.20828615339  6578.5103683032
11889000  -6579.30772999374  6579.24010132127
11890000  -6580.09292083619  6576.77934752629
11891000  -6583.07791232655  6579.56923539046
11892000  -6580.72982447858  6578.11139960949
11893000  -6580.79426228515  6577.45188098496
11894000  -6583.22598184213  6580.3479688816
11895000  -6582.96268842002  6580.82097668441
11896000  -6582.83296737801  6579.56154693231
11897000  -6580.72801811187  6579.96632739882
11898000  -6582.20928229395  6579.70237933251
11899000  -6583.9227276814  6583.00893435613
11900000  -6583.71465508782  6582.28209097814
11901000  -6587.22245358706  6582.8773123299
11902000  -6588.48946328536  6583.43386717178
11903000  -6590.21767114999  6583.70853056277
11904000  -6590.59968381905  6585.92349614275
11905000  -6592.26090660149  6585.53953521473
11906000  -6591.44951929949  6586.80058512867
11907000  -6595.06862546289  6586.84519517854
11908000  -6595.3407205665  6589.16095975886
11909000  -6596.37048003535  6589.35513186944
11910000  -6598.56482007937  6590.3303257382
11911000  -6597.44215151238  6592.78980697858
11912000  -6599.85088333976  6594.72567185255
11913000  -6599.40909890695  6595.67959628729
11914000  -6599.27687032142  6597.76597200994
11915000  -6600.08491304648  6598.70347707871
11916000  -6599.27549805571  6600.09085615086
11917000  -6600.09073143359  6601.48123970011
11918000  -6602.09097555796  6602.75057440832
11919000  -6600.27453396931  6604.28576205349
11920000  -6600.58743855598  6604.30484677895
11921000  -6602.15899041001  6602.08951094543
11922000  -6603.99991592966  6604.10933189705
11923000  -6604.97952159202  6604.34241398226
11924000  -6605.66907569117  6607.07977959177
11925000  -6607.17494772386  6606.30674678617
11926000  -6608.57638592808  6607.36083101734
11927000  -6608.86303588058  6606.74293870013
11928000  -6609.35349915855  6606.70231405788
11929000  -6608.6066762777  6606.25965246336
11930000  -6608.72374220638  6608.04011763025
11931000  -6612.19714332751  6607.20850596043
11932000  -6611.68856608459  6608.53030199599
11933000  -6613.3836650546  6608.05986845185
11934000  -6614.8907553269  6610.97133264555
11935000  -6615.09590885452  6611.49275863057
11936000  -6615.46139021455  6612.42650804806
11937000  -6613.30098382988  6613.00562268599
11938000  -6615.03798688086  6612.84002381096
11939000  -6616.85125992409  6614.57118083055
11940000  -6618.00951335791  6617.05190515648
11941000  -6614.84727382643  6613.37975506574
11942000  -6620.09208005392  6614.87379311502
11943000  -6616.53113633491  6615.0674406775
11944000  -6616.6599774505  6614.75631687384
11945000  -6617.24054590268  6616.18211021443
11946000  -6620.51464835011  6616.19721621955
11947000  -6620.01346874909  6618.84449213417
11948000  -6620.52306460064  6620.64116030505
11949000  -6622.19621239763  6622.85524888617
11950000  -6623.30596483099  6619.54258447029
11951000  -6623.95492049632  6620.24661590726
11952000  -6625.62304927566  6620.49727211563
11953000  -6623.88764105011  6620.79666350243
11954000  -6625.54419882241  6621.42288780666
11955000  -6624.54895281783  6623.20526259172
11956000  -6625.42421727715  6624.20863851864
11957000  -6625.71146152516  6622.38172940534
11958000  -6626.78720027786  6624.20984756482
11959000  -6625.83324172503  6624.47174900447
11960000  -6626.85935061057  6625.25082439114
11961000  -6627.78459127215  6624.62491403846
11962000  -6625.59856327235  6625.48273517973
11963000  -6626.75275441578  6625.02911489632
11964000  -6627.84313687947  6626.77133930835
11965000  -6628.50483945759  6625.76523087126
11966000  -6628.33062176433  6627.35495417643
11967000  -6628.09305986983  6626.01386236663
11968000  -6627.16072428061  6627.40275548544
11969000  -6630.11390766374  6628.13071059579
11970000  -6629.68837090966  6627.11314645168
11971000  -6631.36136745202  6628.55991209818
11972000  -6627.33769246261  6628.70678368747
11973000  -6630.70462616972  6630.24550854808
11974000  -6629.08576248093  6631.33972705836
11975000  -6629.04306930466  6630.55192418665
11976000  -6630.38239070047  6632.0286384048
11977000  -6628.27906771285  6632.9671858983
11978000  -6633.17871628357  6634.25237517192
11979000  -6634.40025669154  6632.80174023971
11980000  -6636.78865026732  6633.85196124467
11981000  -6635.39648272433  6637.44456528014
11982000  -6634.02790514476  6635.24252602075
11983000  -6635.60736618856  6636.93665332128
11984000  -6635.07893378024  6639.07289641615
11985000  -6636.78704785133  6639.40825248888
11986000  -6634.580902328  6641.77520844594
11987000  -6637.79553930674  6641.54272331531
11988000  -6636.01316644551  6641.76087763425
11989000  -6638.61140448406  6641.39533950324
11990000  -6637.71929959309  6642.27057252874
11991000  -6638.47382715385  6642.74225563408
11992000  -6640.24603184825  6644.90708313809
11993000  -6638.33601556387  6644.24367532591
11994000  -6640.6183822315  6643.44942901281
11995000  -6639.53083167252  6643.14935555208
11996000  -6640.39933730918  6644.70633631734
11997000  -6639.62930015396  6646.32155859936
11998000  -6640.23676709604  6644.00622600826
11999000  -6638.36448459521  6646.62695752302
12000000  -6643.03250948195  6646.56224307064
12001000  -6640.79047261711  6648.41072308207
12002000  -6640.02556618368  6648.5956765455
12003000  -6639.53505795878  6649.74604861107
12004000  -6639.9336632756  6649.91069304955
12005000  -6641.15788772324  6649.96333630997
12006000  -6642.90837088528  6651.51989768397
12007000  -6640.5275097144  6649.38801286574
12008000  -6644.52400385161  6650.87779740032
12009000  -6642.85312804679  6652.94538545272
12010000  -6642.04811084203  6652.86849863334
12011000  -6644.68883281094  6653.15789607354
12012000  -6644.53176432813  6654.44091486434
12013000  -6646.3848769619  6651.90198134219
12014000  -6648.37577749205  6652.62497992084
12015000  -6648.73089603847  6653.65255331325
12016000  -6649.95636007608  6653.55463074871
12017000  -6647.67547219889  6655.06376665318
12018000  -6651.15030700048  6654.4030287755
12019000  -6652.20056519989  6654.13650420819
12020000  -6651.79855561237  6654.19136530042
12021000  -6652.07401618546  6656.2997931134
12022000  -6653.09197857364  6654.48395614672
12023000  -6652.69657137923  6656.28693230363
12024000  -6653.56109941627  6657.67872659868
12025000  -6653.33684264007  6654.6840131485
12026000  -6653.46060095192  6658.14035010972
12027000  -6653.66019120995  6657.11314620345
12028000  -6652.96551403541  6657.67972354022
12029000  -6654.18488168462  6656.71376691519
12030000  -6652.90925301733  6658.42330118514
12031000  -6654.04437302267  6658.57775491246
12032000  -6657.31650418119  6659.72337230908
12033000  -6658.04776475762  6659.8899790555
12034000  -6659.45752920917  6660.11988586516
12035000  -6660.47819568651  6659.58740816858
12036000  -6661.59998006197  6661.26648849512
12037000  -6661.52156650747  6659.82032840843
12038000  -6664.19255444499  6660.35959480149
12039000  -6662.56011957313  6661.35117426083
12040000  -6664.21370532157  6662.48586519832
12041000  -6663.28766308662  6664.02487764098
12042000  -6665.54598960875  6665.45583258635
12043000  -6665.6688889214  6665.22205430304
12044000  -6663.12791309539  6665.79978594021
12045000  -6667.00585677568  6666.32258483217
12046000  -6666.52722771631  6665.79740427112
12047000  -6668.7127980745  6668.05776811437
12048000  -6668.43264547146  6666.96478924519
12049000  -6669.36511679776  6668.33377848535
12050000  -6669.51579357534  6669.36870635507
12051000  -6669.55635009667  6672.02250148469
12052000  -6668.40408955923  6669.34156062371
12053000  -6668.85263357045  6668.59706187132
12054000  -6671.46193800925  6667.03474607299
12055000  -6670.40298236698  6667.27610154901
12056000  -6672.54915038065  6668.53845365882
12057000  -6671.62491848137  6668.31299079926
12058000  -6672.9657846022  6670.47080281236
12059000  -6672.18960645254  6670.66157231032
12060000  -6670.45652719198  6669.89895599619
12061000  -6671.87347393186  6670.34223905422
12062000  -6674.43121078436  6668.18501581235
12063000  -6675.24997792747  6669.23173708535
12064000  -6675.36900555443  6670.66491931725
12065000  -6677.07424718098  6671.15565961247
12066000  -6676.43208985124  6671.63369962935
12067000  -6677.55979986567  6672.06125148946
12068000  -6678.48815852617  6674.70696906079
12069000  -6679.05903477633  6676.08341570682
12070000  -6678.98181147519  6676.58435074805
12071000  -6679.25154725456  6676.72239925318
12072000  -6681.82935896185  6677.53477785689
12073000  -6683.00583635079  6678.45328431743
12074000  -6682.12307292265  6679.56903485217
12075000  -6685.05505256079  6679.47291501183
12076000  -6683.12061079132  6678.68828284768
12077000  -6687.04787469037  6681.01557282166
12078000  -6685.44933072561  6680.7026831657
12079000  -6686.6118582771  6681.06817257362
12080000  -6684.96650340673  6681.34818679326
12081000  -6687.70273613942  6681.68573342078
12082000  -6689.38966345755  6683.32016092638
12083000  -6687.32177544017  6683.09150272315
12084000  -6689.07178855213  6684.0551081178
12085000  -6690.18280393017  6681.89377683545
12086000  -6691.44599288846  6684.44066929027
12087000  -6692.29857460519  6684.0526008045
12088000  -6691.33672031166  6686.2236564231
12089000  -6689.60715081667  6686.13358365924
12090000  -6690.50243317979  6687.95312103006
12091000  -6693.53018617901  6688.42976533092
12092000  -6693.15075542745  6689.45994035246
12093000  -6692.84368550375  6690.61841643323
12094000  -6694.14132001508  6690.99221114342
12095000  -6694.62671970024  6693.45424146494
12096000  -6695.00718926801  6692.69283367835
12097000  -6697.3695307859  6695.72480349767
12098000  -6697.87390179309  6694.78821823234
12099000  -6696.74018756349  6695.53363917051
12100000  -6698.58362384681  6695.63473862754
12101000  -6700.35979491766  6695.80842883143
12102000  -6699.30254901061  6695.98075535551
12103000  -6699.76994635698  6696.48642658377
12104000  -6701.5169509389  6696.97278169157
12105000  -6702.58483568765  6699.78734477502
12106000  -6703.34906721481  6701.96962642597
12107000  -6702.48750096435  6699.21470262067
12108000  -6704.27112073752  6699.60146493862
12109000  -6702.99611405223  6700.74157021435
12110000  -6706.07951258285  6702.14605711083
12111000  -6707.71723739744  6700.61690170146
12112000  -6706.91718285925  6700.8827333572
12113000  -6707.08756661304  6701.97686725178
12114000  -6708.19305787896  6700.98147753422
12115000  -6710.04178472631  6702.50493305464
12116000  -6709.42620645065  6702.74870211749
12117000  -6708.78611260739  6704.59089058121
12118000  -6708.97317360668  6703.99567578355
12119000  -6710.6827623891  6704.2123362007
12120000  -6711.10574907499  6705.474366765
12121000  -6711.66023971007  6705.33336731552
12122000  -6711.9999612383  6707.05891393629
12123000  -6713.10121238181  6710.33766393614
12124000  -6714.12729154936  6711.53028217963
12125000  -6719.80661972265  6711.7744479263
12126000  -6718.21578143747  6711.96316420163
12127000  -6717.31766616363  6713.5733655706
12128000  -6720.0287033277  6713.58860189023
12129000  -6720.70442089797  6714.37886287693
12130000  -6720.59907909248  6712.19742533604
12131000  -6721.96140448673  6713.11434672048
12132000  -6722.28709364066  6713.07017064403
12133000  -6721.72332583607  6714.20111644207
12134000  -6721.79135343755  6713.06884433617
12135000  -6724.92865950016  6714.20264923574
12136000  -6724.65594099145  6714.62737028253
12137000  -6725.02746692426  6715.49696902019
12138000  -6726.65103425561  6716.41606258112
12139000  -6724.50692518144  6716.30141333607
12140000  -6724.39025025084  6717.15947172417
12141000  -6724.70125899439  6717.11813779462
12142000  -6724.75911691779  6719.78979009596
12143000  -6727.28625020436  6719.76789669243
12144000  -6725.35499891576  6719.5844622095
12145000  -6726.46648859773  6721.07462530449
12146000  -6726.22160604752  6722.16326383233
12147000  -6728.61745252493  6720.87809526955
12148000  -6727.17107831199  6722.85147202739
12149000  -6726.86223825788  6722.66636358768
12150000  -6728.0014137675  6725.30223480064
12151000  -6730.3121523105  6724.45178639525
12152000  -6729.17305883661  6724.07299545949
12153000  -6730.37495280227  6725.22304113324
12154000  -6732.06002925525  6725.66163557029
12155000  -6732.03362886564  6725.08268991987
12156000  -6732.17265843108  6725.47146173925
12157000  -6734.76890023228  6724.79056827558
12158000  -6736.03052009669  6725.58039149023
12159000  -6737.52900920835  6727.52477363924
12160000  -6734.15225603822  6728.54168874922
12161000  -6737.39852169889  6728.07880434433
12162000  -6735.33459875102  6728.4131983004
12163000  -6737.36378146788  6729.61977646162
12164000  -6735.57427855253  6728.2934862634
12165000  -6737.08876353616  6729.17603485384
12166000  -6735.85223147067  6731.27023613931
12167000  -6736.71238690717  6732.70001315897
12168000  -6738.10324519021  6731.07503291883
12169000  -6737.17786154206  6730.74506301265
12170000  -6736.2157013986  6732.4427722393
12171000  -6737.142117119  6731.49286656058
12172000  -6736.68555175884  6731.66645565441
12173000  -6738.81498842412  6731.76256498952
12174000  -6740.73812159968  6733.74294897784
12175000  -6740.31371144198  6734.21371268152
12176000  -6739.76169326047  6733.40715122617
12177000  -6742.38361362685  6734.9342326346
12178000  -6741.19165314305  6737.46682366949
12179000  -6743.00128241547  6737.19606273591
12180000  -6742.55000253018  6739.27707783939
12181000  -6744.9912602667  6739.92894622852
12182000  -6743.51386117499  6740.44551290639
12183000  -6745.30690056683  6740.70113201389
12184000  -6746.87902496102  6739.71455467362
12185000  -6748.58659815169  6738.58160949359
12186000  -6747.43035512805  6741.76013737547
12187000  -6748.5673285236  6742.56217875991
12188000  -6749.079852361  6741.2400115387
12189000  -6748.01219214967  6744.89362362681
12190000  -6749.18547026369  6745.75036803426
12191000  -6750.39878630613  6744.48955640098
12192000  -6749.35131337488  6745.40605997638
12193000  -6749.96399295404  6744.5770252345
12194000  -6750.65956480593  6747.28007452736
12195000  -6749.50936549559  6748.82373916897
12196000  -6749.44190921165  6748.76918855579
12197000  -6749.86724008761  6749.16967393516
12198000  -6752.38856150965  6749.6198565312
12199000  -6752.10284172772  6749.84575098297
12200000  -6749.17029525699  6750.25337159957
12201000  -6753.06925516204  6753.00105177455
12202000  -6751.98555354433  6754.35249724014
12203000  -6751.03157524229  6754.17713482911
12204000  -6750.14663717287  6755.44045179574
12205000  -6750.97377901918  6756.45505917539
12206000  -6755.53748967921  6754.21152450431
12207000  -6753.86043622132  6756.10210375274
12208000  -6756.06717804034  6756.11910618922
12209000  -6756.24829677878  6756.66782297498
12210000  -6757.35501283011  6757.77905919325
12211000  -6757.62633405007  6759.97668284672
12212000  -6757.78984854054  6760.82372653239
12213000  -6758.51103180472  6760.5296972491
12214000  -6758.54870965563  6762.06742332152
12215000  -6761.08703539652  6762.50837570848
12216000  -6758.8537355534  6764.42606577431
12217000  -6761.45866110101  6763.49080589378
12218000  -6761.17723186819  6760.55917035642
12219000  -6763.26810381225  6761.96492748603
12220000  -6762.03528967013  6762.16432032382
12221000  -6762.1177742542  6763.72625821941
12222000  -6761.6410095318  6763.33617773883
12223000  -6762.14272379061  6763.38806809476
12224000  -6763.2270222633  6763.91139436145
12225000  -6764.57976638453  6765.38125211308
12226000  -6763.30093313839  6764.37852097032
12227000  -6768.19262653202  6765.44447391092
12228000  -6764.78513608181  6766.70114886158
12229000  -6766.5623053361  6766.70362812656
12230000  -6766.09034080093  6768.2674418199
12231000  -6767.88032216592  6768.794224237
12232000  -6769.04656220072  6769.36092699873
12233000  -6769.11980000661  6769.89611223129
12234000  -6771.15039597575  6771.59787090929
12235000  -6771.69198977858  6774.30307971201
12236000  -6770.92227637342  6772.80641052705
12237000  -6769.90155952619  6771.27152000473
12238000  -6770.8816249752  6774.00268288054
12239000  -6770.99699145333  6773.98375978583
12240000  -6769.38072028214  6773.30221556947
12241000  -6772.32840855896  6772.78400088774
12242000  -6772.34537791057  6775.49991919401
12243000  -6771.71976300652  6776.45758241829
12244000  -6772.37227413774  6775.86869354555
12245000  -6773.03100717536  6774.50400526874
12246000  -6770.39249849552  6776.10789081363
12247000  -6772.10492364897  6777.12629519612
12248000  -6773.21799760375  6780.01577450883
12249000  -6772.95340610312  6779.69965910049
12250000  -6774.26199913845  6778.59881118153
12251000  -6775.07375220167  6778.89993877029
12252000  -6776.08135144806  6778.74881559742
12253000  -6777.42906355472  6778.45464413449
12254000  -6776.78702191426  6780.66609419805
12255000  -6775.93389767408  6781.72218673367
12256000  -6778.19129724159  6779.03171615068
12257000  -6777.97200245769  6781.24091458178
12258000  -6779.83770983278  6780.00790345904
12259000  -6782.40227673307  6781.33627677032
12260000  -6783.27805662879  6781.49067022419
12261000  -6783.3495797567  6781.63852009606
12262000  -6784.57758647722  6779.38453549995
12263000  -6784.21704987918  6781.67582542922
12264000  -6784.90888197661  6782.0444424497
12265000  -6785.64299356402  6782.60199385404
12266000  -6786.16530448996  6783.26632069215
12267000  -6787.72742739985  6782.06173151273
12268000  -6786.10047172769  6783.63953377347
12269000  -6789.16744638156  6785.05654065198
12270000  -6786.81654952856  6785.41645841247
12271000  -6788.79353703289  6785.92102355473
12272000  -6789.33714463591  6787.58831635852
12273000  -6790.52281092601  6786.17383942082
12274000  -6792.61743884937  6787.59519648724
12275000  -6792.41998657288  6789.5304553059
12276000  -6793.41237710005  6789.45427826274
12277000  -6792.91265694879  6791.74814010935
12278000  -6794.54118506116  6790.23826459097
12279000  -6794.14579771075  6792.35708105859
12280000  -6796.15087845097  6792.80390977567
12281000  -6796.02304738987  6793.92169155072
12282000  -6797.83499128927  6794.13984491114
12283000  -6796.5323808935  6794.24453575945
12284000  -6799.04417332012  6795.48682027751
12285000  -6800.54205016685  6796.32186799019
12286000  -6801.82528270563  6797.37170612895
12287000  -6803.91239262781  6797.16619375041
12288000  -6803.24791525495  6796.72905886616
12289000  -6805.42209247759  6799.67080568293
12290000  -6804.8189707042  6798.75463159277
12291000  -6806.3301476534  6798.70309796468
12292000  -6807.59612551828  6800.59709460145
12293000  -6805.58190643206  6800.37505212641
12294000  -6808.61292440688  6803.43398239782
12295000  -6808.18605920138  6804.80371966875
12296000  -6808.90065713946  6805.36510168517
12297000  -6809.50960511784  6805.05711798664
12298000  -6807.21416675948  6806.40900744283
12299000  -6811.73806185106  6806.03201449481
12300000  -6809.93063016183  6804.9366871745
12301000  -6811.57699556117  6807.22238028476
12302000  -6813.31267739112  6810.13402363282
12303000  -6812.46173500868  6810.20563860579
12304000  -6815.19913460025  6810.29659245383
12305000  -6815.32608594835  6811.3920351382
12306000  -6814.87971194609  6810.90740339739
12307000  -6815.88605952981  6810.48209152132
12308000  -6817.66954192918  6811.86368552468
12309000  -6818.45232943143  6814.07443062358
12310000  -6820.21933316434  6812.78634855731
12311000  -6822.22935465332  6814.18013065971
12312000  -6820.04281983023  6815.43236950739
12313000  -6821.79922949784  6818.31377452778
12314000  -6820.52120664228  6816.83699102242
12315000  -6823.37179087578  6817.23549784788
12316000  -6823.41518453184  6818.22250054166
12317000  -6824.13999131436  6818.05193975897
12318000  -6825.44584657005  6817.39779856317
12319000  -6825.27807247526  6818.25853169056
12320000  -6823.69788814708  6821.77541056525
12321000  -6825.79587564995  6821.29234556725
12322000  -6825.2478576406  6819.31598306659
12323000  -6827.66095478483  6821.70817953882
12324000  -6828.44824101762  6823.90004303584
12325000  -6828.86368915304  6822.49821529248
12326000  -6829.68586078583  6825.38793573618
12327000  -6828.83613947365  6825.51408542627
12328000  -6830.65884497001  6824.33773994048
12329000  -6829.36686236313  6826.62633653021
12330000  -6828.97807894384  6826.00821737934
12331000  -6829.96177319625  6825.4333987413
12332000  -6831.54312642541  6825.72102833807
12333000  -6833.03247601039  6828.55380417311
12334000  -6833.76268958751  6830.23616366907
12335000  -6833.24638274939  6829.31208855962
12336000  -6835.72071609327  6830.96911643452
12337000  -6837.10145557255  6831.60058473636
12338000  -6837.07726224304  6834.23667886705
12339000  -6835.07874887374  6833.71890585651
12340000  -6835.97228087651  6838.04930479435
12341000  -6835.33918528901  6839.74893013585
12342000  -6836.43892757672  6839.41101291049
12343000  -6838.79116279632  6840.35962155953
12344000  -6840.25988830742  6839.1296128365
12345000  -6837.33939235725  6840.54802635682
12346000  -6841.77700527495  6841.40994576436
12347000  -6840.78110433698  6841.67715759861
12348000  -6842.54930161281  6840.55029212594
12349000  -6842.74863368115  6843.49939740033
12350000  -6845.8406076303  6842.74601282235
12351000  -6842.84123308426  6843.265895744
12352000  -6844.63905188889  6842.78829283991
12353000  -6845.63522414895  6843.88703018267
12354000  -6845.58803595796  6845.37555860497
12355000  -6847.85227443276  6847.57182450872
12356000  -6848.77384952623  6848.52478142533
12357000  -6847.81644374266  6848.16071849564
12358000  -6849.72721055262  6847.49218504427
12359000  -6850.18768723294  6848.67522828863
12360000  -6851.2091195166  6849.83677320526
12361000  -6851.76386672466  6850.76542203882
12362000  -6852.82651648183  6851.5869571075
12363000  -6849.67965136081  6853.42549304557
12364000  -6852.73803077133  6853.31595672039
12365000  -6853.48507636015  6852.46675938482
12366000  -6855.55128266924  6853.95473959646
12367000  -6855.08858285206  6855.05498652348
12368000  -6854.7216343785  6854.68071706041
12369000  -6856.18658916651  6854.00106896118
12370000  -6857.69652115728  6855.80242759505
12371000  -6857.50846571817  6856.18703528096
12372000  -6857.19736222114  6856.48518519296
12373000  -6858.55365011559  6858.4629951122
12374000  -6855.71811080428  6858.72142068112
12375000  -6860.55803096386  6860.28145236393
12376000  -6858.95783057113  6859.8534137991
12377000  -6858.58927575914  6859.66351784378
12378000  -6859.73545635979  6857.90366575986
12379000  -6859.64156207008  6860.3445597691
12380000  -6859.19197967258  6861.46548625716
12381000  -6859.36202809101  6862.65240194032
12382000  -6860.85031600981  6863.23557551444
12383000  -6859.92121705619  6864.42130985986
12384000  -6861.6521490759  6865.68964975536
12385000  -6860.8845789094  6867.19952518297
12386000  -6863.67657747219  6867.84064054081
12387000  -6865.66099586463  6866.92379910058
12388000  -6866.6433707048  6867.9422293106
12389000  -6863.26790275019  6869.34885068433
12390000  -6865.93486068645  6870.02253201411
12391000  -6866.52543421286  6869.67767977636
12392000  -6865.31006367305  6870.55283395157
12393000  -6867.45195133971  6870.43836666884
12394000  -6869.47288816833  6871.39165775144
12395000  -6870.20185922681  6873.10556734607
12396000  -6871.28756457634  6873.30381656963
12397000  -6873.02579311391  6872.63272791929
12398000  -6872.29728329255  6872.24203156469
12399000  -6874.00866221836  6874.37064441532
12400000  -6875.58070759988  6873.76630013953
12401000  -6876.88799887066  6874.76571482779
12402000  -6876.66557238022  6875.56881896457
12403000  -6879.32060768995  6875.83467081785
12404000  -6881.11120476874  6876.54653334264
12405000  -6880.6116904068  6876.08370039957
12406000  -6881.2593559936  6878.38868106434
12407000  -6881.44697885994  6879.58854342952
12408000  -6883.01682116496  6880.0362092611
12409000  -6884.16651442425  6880.09989193594
12410000  -6883.07317098447  6879.59771699071
12411000  -6884.59669419707  6881.07457501151
12412000  -6886.09721112213  6884.04990539473
12413000  -6885.51898629786  6884.83253910917
12414000  -6885.78521722712  6888.07906942284
12415000  -6886.93031526124  6887.13719802016
12416000  -6886.38016408681  6885.83872915592
12417000  -6887.82233599405  6884.85603630289
12418000  -6886.4312342066  6885.36905654648
12419000  -6888.03870534875  6888.47939953414
12420000  -6888.4674820837  6891.91293447321
12421000  -6888.31956092922  6890.47397628302
12422000  -6888.73831485242  6893.19298408903
12423000  -6889.40459345425  6891.92524427715
12424000  -6888.9412412711  6894.72687486085
12425000  -6890.13265742407  6894.88101065364
12426000  -6888.62043681057  6895.5633697152
12427000  -6890.47933674078  6896.53983017373
12428000  -6890.10775669861  6895.31926820469
12429000  -6891.20512666687  6896.35706139584
12430000  -6894.79293717882  6895.27369965499
12431000  -6896.53251859435  6897.19171654297
12432000  -6895.03371756945  6898.82473829478
12433000  -6895.30582198081  6900.20928873841
12434000  -6893.51538827113  6900.80880657653
12435000  -6897.2831538962  6900.90837194113
12436000  -6894.70033071575  6903.54173339216
12437000  -6897.49175555354  6901.29025783205
12438000  -6897.09167675026  6902.73669202425
12439000  -6900.42738897883  6902.12236335143
12440000  -6901.38862447034  6901.86161867398
12441000  -6901.09624992643  6903.14638316646
12442000  -6901.65578846516  6900.68474889243
12443000  -6904.00846678656  6903.17587855145
12444000  -6902.99477788004  6904.22652716098
12445000  -6906.52216801546  6903.4705132296
12446000  -6905.408132164  6904.94001229709
12447000  -6908.57520690936  6906.69366145702
12448000  -6909.83016130026  6908.47555701541
12449000  -6909.46886193684  6908.63015159997
12450000  -6910.40520068637  6908.39745785918
12451000  -6909.75615886694  6909.86524605071
12452000  -6912.47680749609  6912.43575560181
12453000  -6916.17545805791  6910.97153198031
12454000  -6916.0301722403  6910.11879145077
12455000  -6913.92958624846  6913.56444528842
12456000  -6914.74828987808  6913.45075349395
12457000  -6916.35616868571  6915.17561771207
12458000  -6917.26515751039  6914.62641739086
12459000  -6916.28877383807  6916.70499117706
12460000  -6918.69913402307  6917.33692890545
12461000  -6918.73116800092  6918.2326254714
12462000  -6918.31629778697  6917.31369934668
12463000  -6917.88625709702  6916.42279730918
12464000  -6918.89823720736  6919.57670083088
12465000  -6918.88747388791  6919.55121953264
12466000  -6919.72836069169  6921.90397607939
12467000  -6923.45217649446  6922.96465969194
12468000  -6924.36009372818  6923.75880844905
12469000  -6925.95014866621  6924.69870317131
12470000  -6925.49321106314  6927.47853372684
12471000  -6925.76542022404  6928.77043971087
12472000  -6925.42159525235  6927.1674938958
12473000  -6927.3991692728  6928.38404315827
12474000  -6930.75496661319  6929.96725808328
12475000  -6931.41304123717  6929.35356251001
12476000  -6932.06665570327  6930.80964273775
12477000  -6933.69136594633  6931.80721363404
12478000  -6934.83863273605  6933.85317617048
12479000  -6932.99064637692  6933.95820274419
12480000  -6935.68527831458  6934.13191845654
12481000  -6936.44521098701  6935.62952044807
12482000  -6939.92975214957  6936.67875756758
12483000  -6937.85318017393  6937.60442005432
12484000  -6938.26255399874  6940.02246408719
12485000  -6940.93581082606  6939.65617542692
12486000  -6940.03145539486  6939.68542011167
12487000  -6941.28450227791  6941.1559294062
12488000  -6940.7654483775  6941.12816913666
12489000  -6940.50449560599  6941.94514893501
12490000  -6942.47597722076  6941.90795642779
12491000  -6945.03618309326  6942.81507449189
12492000  -6943.88259281865  6941.77429749806
12493000  -6947.04523782008  6943.56291924598
12494000  -6945.59976966712  6943.36220861367
12495000  -6946.36562396699  6944.07983288118
12496000  -6947.77518504966  6943.81818490427
12497000  -6948.13534946276  6944.21608022825
12498000  -6947.56445992768  6943.75935597094
12499000  -6949.31407078862  6945.17475812019
12500000  -6947.17396490943  6946.200329285
12501000  -6947.99516049999  6947.4811456536
12502000  -6948.92175248724  6947.80961537195
12503000  -6950.46266753919  6947.08836406004
12504000  -6951.74417771526  6947.0222157208
12505000  -6951.51498918502  6947.26097167577
12506000  -6953.96611230671  6946.71979051951
12507000  -6953.26679983661  6948.34787654134
12508000  -6953.16600307622  6949.02195906315
12509000  -6953.71344178897  6949.82216019215
12510000  -6952.30615501598  6950.98787149823
12511000  -6956.09513412291  6952.87852208376
12512000  -6956.21054491309  6950.89385294777
12513000  -6956.72910870491  6952.06511173437
12514000  -6957.48137176347  6953.00138016673
12515000  -6957.46975954877  6952.89560530658
12516000  -6959.4916796641  6953.77332660834
12517000  -6960.18736615886  6954.4472206605
12518000  -6961.9419697974  6956.92124621172
12519000  -6962.93232348272  6956.06069937712
12520000  -6963.26267925881  6958.54089391748
12521000  -6964.19527929707  6959.59201233144
12522000  -6965.11009545661  6961.31642672481
12523000  -6966.04701258148  6961.96145287032
12524000  -6964.44739199676  6960.00000904232
12525000  -6964.268252554  6958.86846592339
12526000  -6964.29066047954  6961.38625025818
12527000  -6967.0894437278  6959.79929076103
12528000  -6966.93388917321  6960.09549894266
12529000  -6966.60536127046  6961.72813642308
12530000  -6967.0986790007  6961.21286149526
12531000  -6966.11696537493  6963.65469117858
12532000  -6967.97576641196  6965.41259585166
12533000  -6968.09845757106  6964.01617886611
12534000  -6968.90918803828  6963.69881049842
12535000  -6969.12961142704  6964.43917378296
12536000  -6968.65831533111  6965.32674310066
12537000  -6971.75535631147  6966.85913319338
12538000  -6971.66306087879  6967.54368470901
12539000  -6971.81739807677  6968.45925749133
12540000  -6973.07950259676  6970.14999089057
12541000  -6973.99372543239  6971.42544989312
12542000  -6975.24697482302  6970.47989582462
12543000  -6974.29255862184  6971.9645542374
12544000  -6975.96994816576  6973.58946710819
12545000  -6977.45003791516  6972.61786126782
12546000  -6976.31663174482  6971.43176600952
12547000  -6979.65624887163  6974.90472410184
12548000  -6980.08035547549  6974.85161268059
12549000  -6979.50699494269  6978.02134100584
12550000  -6979.83061523508  6978.79333013218
12551000  -6980.78308400301  6979.84046513894
12552000  -6983.0950696071  6979.01693984712
12553000  -6984.38273212393  6980.94035863462
12554000  -6984.6855031562  6981.61601751207
12555000  -6984.22127326934  6983.30995952342
12556000  -6985.60071084894  6984.84491138582
12557000  -6984.90160035733  6982.4627917069
12558000  -6981.78175430632  6985.38181446182
12559000  -6986.86420145657  6985.09017753243
12560000  -6986.78920130674  6987.03590760293
12561000  -6988.46313648276  6988.58433258861
12562000  -6987.76721895066  6989.96141709814
12563000  -6988.17095840408  6992.58353324641
12564000  -6988.63949283373  6991.37177733056
12565000  -6988.1609922227  6991.04936081477
12566000  -6989.47958638303  6993.09988176538
12567000  -6990.29620893075  6992.63008712979
12568000  -6992.09072463481  6993.52923246384
12569000  -6991.36249327054  6995.10717685449
12570000  -6992.66844313084  6995.78528562162
12571000  -6992.49523784931  6994.17695935102
12572000  -6990.82196030844  6993.88610724334
12573000  -6993.77816717305  6998.10489527591
12574000  -6994.39103594708  6997.98068610428
12575000  -6993.46998484782  6997.12367356463
12576000  -6995.39020608933  6998.87588718301
12577000  -6993.78542587182  6999.50220954743
12578000  -6994.76719028906  7001.37687089966
12579000  -6994.68875346806  7001.78369497154
12580000  -6998.09607263759  7003.17620577264
12581000  -6998.416553848  7003.09413827026
12582000  -6999.10335024329  7003.61725628514
12583000  -7000.27920499539  7001.15827128522
12584000  -7000.45211691488  7003.83073318667
12585000  -7001.00498292153  7003.82994254781
12586000  -7000.82456965773  7004.29289800934
12587000  -7002.14050943679  7002.78034802321
12588000  -7003.46271048098  7003.97482922937
12589000  -7004.69679834821  7003.25607345763
12590000  -7006.96068838117  7003.36484926241
12591000  -7005.23301893963  7006.64394723962
12592000  -7007.21567950132  7005.44058097172
12593000  -7007.62825511963  7006.70656726558
12594000  -7008.29428251114  7008.20440063442
12595000  -7005.20525081372  7007.7265948313
12596000  -7008.83852727638  7010.77064535557
12597000  -7009.33895769528  7009.24625971795
12598000  -7007.99157517847  7009.5062255302
12599000  -7007.83547377864  7010.86975346284
12600000  -7009.63951786445  7010.79607778055
12601000  -7010.03887100547  7011.51795529658
12602000  -7009.2811313051  7012.66527773082
12603000  -7011.69187061405  7012.17213578321
12604000  -7011.21184960869  7013.81664553254
12605000  -7010.45858128891  7014.15895577988
12606000  -7011.14697980697  7014.64929570658
12607000  -7012.33899736598  7016.22320056688
12608000  -7013.40064441176  7015.8571554885
12609000  -7012.9565029036  7016.90791118044
12610000  -7012.14183135748  7016.69475033768
12611000  -7013.88804410647  7018.3041423934
12612000  -7012.48947846957  7019.42943685714
12613000  -7011.60406725386  7018.02521704564
12614000  -7013.56624109263  7020.23693212276
12615000  -7015.90572469105  7021.46911795299
12616000  -7017.54275716952  7020.72810129916
12617000  -7016.21281154615  7020.01506935336
12618000  -7017.27885388729  7018.89237963626
12619000  -7019.33886767712  7021.68653646411
12620000  -7018.2519353253  7019.53592107587
12621000  -7018.80682095205  7020.58277666539
12622000  -7019.02733369991  7020.96318237835
12623000  -7020.31121147526  7023.29334071472
12624000  -7019.66942364875  7020.1872551713
12625000  -7023.71528071613  7021.16506332391
12626000  -7023.59753217239  7022.12083929231
12627000  -7025.58903450548  7022.72155638898
12628000  -7024.27570245542  7023.7551669203
12629000  -7027.78320874375  7024.36280756034
12630000  -7026.95861249922  7026.2220411108
12631000  -7025.93817586001  7025.08765085798
12632000  -7026.5898143938  7025.99490715365
12633000  -7027.62680734276  7028.73195706251
12634000  -7028.42091797359  7029.20626351326
12635000  -7029.09455252034  7029.21381790166
12636000  -7034.09241745515  7029.04941318762
12637000  -7033.32375447347  7029.85186492745
12638000  -7034.97187185934  7028.95528182081
12639000  -7035.91107555168  7029.70032656849
12640000  -7035.10861200907  7031.96430983555
12641000  -7036.23241628733  7033.23644411289
12642000  -7037.83096417308  7031.7047557055
12643000  -7038.09803273244  7032.46159295965
12644000  -7037.58276383201  7033.2518039636
12645000  -7036.45484252805  7036.48615346842
12646000  -7039.55813630398  7035.47300108839
12647000  -7042.01973737278  7035.23000052055
12648000  -7039.58869662126  7036.32439448046
12649000  -7040.66108062946  7035.73864510273
12650000  -7041.92108949781  7036.60136783774
12651000  -7041.48253331758  7040.71755782568
12652000  -7043.9730170525  7041.58175660354
12653000  -7041.18088481732  7039.81790184001
12654000  -7042.06212150555  7042.76906205437
12655000  -7041.81803983316  7041.35930804903
12656000  -7043.03769261682  7041.13016643928
12657000  -7043.79259782091  7043.39988736842
12658000  -7044.6890036904  7044.65184084899
12659000  -7045.52377781771  7044.94297951183
12660000  -7046.91565562141  7044.92789385298
12661000  -7048.13181091909  7043.71814360539
12662000  -7049.77958087637  7043.62717476865
12663000  -7050.77156468452  7045.51797352764
12664000  -7051.89240397116  7046.34468810249
12665000  -7050.92182576044  7047.8658283643
12666000  -7052.75448194341  7049.28249070515
12667000  -7052.2079333092  7049.04349640873
12668000  -7051.9149669842  7047.84718720662
12669000  -7052.02773277826  7049.44830215072
12670000  -7052.46601413488  7048.11094027063
12671000  -7056.81637747248  7049.20359203885
12672000  -7055.51642831672  7048.87702478889
12673000  -7055.87491790023  7050.67913337651
12674000  -7055.27101052485  7050.11636216337
12675000  -7058.32761342409  7050.58830396816
12676000  -7057.56210596743  7049.8959458815
12677000  -7056.8126755389  7050.26976377793
12678000  -7055.93702461345  7049.94182957738
12679000  -7056.10839736654  7049.04479459932
12680000  -7056.06801409016  7049.57969264404
12681000  -7055.22473294356  7051.71388641948
12682000  -7056.42385518852  7054.16445953284
12683000  -7059.02248599763  7054.67558887289
12684000  -7056.7302037499  7057.65842156181
12685000  -7058.53306978402  7057.8813580652
12686000  -7058.85532500124  7058.28069841555
12687000  -7061.39717442838  7060.55814873422
12688000  -7062.26658321609  7058.62892599086
12689000  -7060.34417198498  7062.9023119774
12690000  -7061.60280938815  7062.34215846946
12691000  -7060.34583323241  7061.9903432186
12692000  -7063.27679225405  7064.79835377306
12693000  -7065.09731874148  7063.7881664218
12694000  -7063.27555179027  7064.04959674722
12695000  -7062.26335282397  7066.42406616181
12696000  -7064.97887652553  7064.73095254957
12697000  -7064.28738895988  7063.99022713461
12698000  -7064.91303039719  7063.85642817217
12699000  -7066.48285379577  7062.71518604843
12700000  -7066.81807691131  7064.61490201221
12701000  -7069.7183843261  7062.2974203194
12702000  -7068.63780171827  7063.80711444498
12703000  -7069.05322916606  7065.5565572828
12704000  -7070.65642502005  7066.88224212423
12705000  -7071.88521430631  7068.41813035656
12706000  -7072.0649562463  7067.2578258005
12707000  -7072.94336123209  7066.78271827104
12708000  -7070.32615858934  7069.21362615258
12709000  -7074.25637297635  7069.54816122952
12710000  -7073.52229279081  7069.00688160411
12711000  -7072.76878269928  7070.90380071942
12712000  -7073.63177293636  7070.28953536336
12713000  -7072.93628615236  7073.03867904631
12714000  -7072.4847550271  7071.49916252834
12715000  -7071.89154823542  7073.81676737617
12716000  -7074.19473253824  7073.12203176033
12717000  -7075.72155912307  7073.47492008689
12718000  -7074.56934336877  7073.72212400034
12719000  -7076.27494655975  7072.98870923849
12720000  -7071.87680267694  7074.82274614461
12721000  -7073.95711699025  7075.02254311635
12722000  -7072.99538501076  7073.8694984891
12723000  -7075.02006593571  7075.27767569385
12724000  -7077.12419142809  7075.13778654338
12725000  -7076.99135277532  7075.57341400662
12726000  -7081.14604979757  7076.70899392071
12727000  -7079.15030225649  7078.76231379101
12728000  -7081.46137758013  7077.97939481872
12729000  -7083.26932314997  7079.10615857496
12730000  -7083.82706436364  7078.1996518238
12731000  -7081.79604227725  7080.54952083389
12732000  -7082.68441583479  7080.89198509293
12733000  -7081.62881921884  7080.17270762963
12734000  -7082.88573455088  7078.94412456864
12735000  -7080.83967556661  7079.82231651663
12736000  -7083.3902944249  7079.81808601458
12737000  -7083.7761176784  7080.43102172994
12738000  -7084.43735044151  7081.15391569729
12739000  -7085.6194093121  7080.7035804596
12740000  -7086.48693434004  7081.71696990322
12741000  -7085.81488547618  7082.50508045941
12742000  -7085.27412120237  7084.09545544076
12743000  -7088.1468753903  7083.63279450915
12744000  -7085.43535988598  7084.29181448167
12745000  -7088.23927975665  7083.95580430859
12746000  -7087.74154253725  7083.57213732951
12747000  -7087.65292597708  7085.15228155381
12748000  -7087.29254750157  7086.08294141291
12749000  -7087.44573285234  7082.97271094698
12750000  -7089.13455938608  7081.41745787151
12751000  -7090.95030571763  7085.1562460227
12752000  -7089.77056836813  7083.90629147414
12753000  -7090.21499486947  7085.14198076204
12754000  -7091.14116475006  7085.85618002505
12755000  -7092.39694364843  7084.94803285652
12756000  -7091.24442912012  7086.47979036021
12757000  -7091.59270126563  7087.79541279626
12758000  -7092.09079472893  7087.22157572586
12759000  -7092.10137716693  7088.32668887335
12760000  -7093.29072543392  7089.37830417899
12761000  -7094.22534211295  7086.81411383588
12762000  -7093.68049850567  7089.18721202426
12763000  -7096.24628778961  7088.22335250665
12764000  -7097.97744929836  7089.26699066134
12765000  -7098.98731211711  7088.98722693518
12766000  -7098.57503601492  7089.40671585542
12767000  -7099.17143221331  7092.13727461572
12768000  -7098.52017880354  7092.55698540029
12769000  -7101.06650204026  7091.54487057011
12770000  -7101.630798141  7091.32716081501
12771000  -7101.09483323276  7093.81668520394
12772000  -7103.0190209289  7094.22965392163
12773000  -7103.15611510057  7094.23453137363
12774000  -7101.93232945122  7095.88246863476
12775000  -7103.15174958757  7096.21898813888
12776000  -7102.69941619917  7098.96714389941
12777000  -7105.87048597665  7100.80421520454
12778000  -7106.24163855204  7101.5974915498
12779000  -7106.70923409615  7099.23345486591
12780000  -7105.95022264833  7101.03405838638
12781000  -7105.97987943507  7099.85663802081
12782000  -7106.37461742123  7102.44011867839
12783000  -7108.14007087014  7103.23201731982
12784000  -7110.93507349924  7101.42678467087
12785000  -7111.67828197654  7103.23945074185
12786000  -7112.11482086044  7103.76707012126
12787000  -7112.92041370324  7103.22848814912
12788000  -7110.87081137925  7104.37860686336
12789000  -7112.45452482182  7106.60554078171
12790000  -7113.84993539455  7107.16187219531
12791000  -7111.94484984787  7105.92315423273
12792000  -7113.59670886545  7106.48024327805
12793000  -7109.97186482241  7107.64483166067
12794000  -7112.679767383  7109.03164809209
12795000  -7114.79735184229  7109.98338897061
12796000  -7115.33088503983  7110.38070554422
12797000  -7114.5302844096  7109.60572353808
12798000  -7114.00506213329  7110.38104226407
12799000  -7114.48141698333  7111.45279120192
12800000  -7115.76006844905  7113.90089817926
12801000  -7115.5935288229  7113.72844600673
12802000  -7116.12647368776  7114.02189910737
12803000  -7119.49928099335  7113.14582548316
12804000  -7118.50850022324  7113.28517026694
12805000  -7121.89281583236  7117.65927513127
12806000  -7120.65956938494  7118.29398779193
12807000  -7120.67942207376  7116.49297068135
12808000  -7122.22951018167  7115.0564798048
12809000  -7125.63503493606  7116.01331943818
12810000  -7124.26964510257  7117.30966562312
12811000  -7124.87077852804  7118.25017917741
12812000  -7125.21351429028  7118.06461887837
12813000  -7126.96316236941  7118.48977411007
12814000  -7126.75595511026  7119.65657579908
12815000  -7126.61568976325  7120.90840572669
12816000  -7127.45066007848  7121.25907999889
12817000  -7128.65169331327  7120.08083841551
12818000  -7129.33250722913  7121.34445862439
12819000  -7128.93317521608  7123.18040394587
12820000  -7129.40215416378  7123.8854714435
12821000  -7131.21062620159  7123.13784153342
12822000  -7129.52064002583  7124.98253168045
12823000  -7130.73765257624  7125.98479401669
12824000  -7128.79323894884  7125.14154377611
12825000  -7130.03371818877  7124.42840802219
12826000  -7132.37485435654  7127.08628095955
12827000  -7134.69313776483  7128.28151034612
12828000  -7132.96684303383  7129.52899626272
12829000  -7134.92102815791  7130.65123405047
12830000  -7135.20297327119  7130.45403610031
12831000  -7135.88199802194  7131.19132956832
12832000  -7135.38989001977  7131.25168472952
12833000  -7133.41974524663  7133.82533814244
12834000  -7134.36845161927  7133.11358420125
12835000  -7134.28571328746  7132.80260243031
12836000  -7134.24284523832  7136.70989292138
12837000  -7138.25737084114  7136.625545892
12838000  -7137.82596097482  7141.26919835207
12839000  -7135.37418346815  7139.13615616845
12840000  -7136.88912396492  7139.86053951483
12841000  -7137.69434502852  7138.82232635207
12842000  -7138.22704025343  7140.57105346
12843000  -7138.50555624737  7141.36936159327
12844000  -7143.06454467643  7140.45444571381
12845000  -7141.61720724254  7140.94687720898
12846000  -7143.84839630108  7142.78119435272
12847000  -7142.11944345306  7144.38846956183
12848000  -7143.67263039235  7143.33314399772
12849000  -7142.65005767756  7145.29126174294
12850000  -7144.04284514539  7146.62755990844
12851000  -7145.94643726861  7147.50084507562
12852000  -7148.52510060406  7148.38938006651
12853000  -7148.37972079146  7147.62760886645
12854000  -7146.90712427568  7149.66696257301
12855000  -7145.99428192337  7150.11380155543
12856000  -7147.75850353425  7152.074467151
12857000  -7148.11955665771  7151.4607597897
12858000  -7150.73760541169  7153.1801056369
12859000  -7152.04444401062  7153.67547659361
12860000  -7152.62860021069  7153.58473094593
12861000  -7151.67268404432  7155.23411798456
12862000  -7152.05088919879  7155.93134796638
12863000  -7152.30180713353  7154.85714655876
12864000  -7150.7435566321  7158.08207809164
12865000  -7152.38041425481  7155.96008309542
12866000  -7153.06936575595  7156.73735836018
12867000  -7155.26985831236  7155.18754840498
12868000  -7154.83541762872  7157.20409993568
12869000  -7157.05913909586  7158.07125469702
12870000  -7156.71921585513  7158.52404916578
12871000  -7157.94477643797  7156.7842038227
12872000  -7158.17862233008  7155.96392718093
12873000  -7159.59599753898  7155.91494358404
12874000  -7159.69292473177  7156.26121266822
12875000  -7158.6965553901  7155.46569878961
12876000  -7159.54947280814  7156.92873504375
12877000  -7161.95250835282  7158.85434306613
12878000  -7162.30529054534  7159.70710655347
12879000  -7161.87628534771  7159.21253663622
12880000  -7162.00895612961  7160.54206870471
12881000  -7163.10762351639  7160.53299665355
12882000  -7164.48208111009  7158.85234034039
12883000  -7164.42493609918  7162.56671666614
12884000  -7162.06127467273  7160.07892932916
12885000  -7164.18551857189  7159.89526287949
12886000  -7165.13107140574  7161.03330373533
12887000  -7162.99129238011  7162.27542283814
12888000  -7165.13738347316  7161.99164926074
12889000  -7164.54160843733  7164.36680874061
12890000  -7166.88102272436  7163.67319056854
12891000  -7166.450161275  7164.24254894438
12892000  -7167.24849250649  7163.17749970203
12893000  -7166.94349088429  7163.02546799268
12894000  -7166.7508902309  7163.52278010814
12895000  -7168.56580488043  7163.92039983624
12896000  -7168.76904788313  7164.42171837609
12897000  -7169.24031407246  7165.91004812105
12898000  -7168.45081870794  7166.03806637341
12899000  -7168.81578665563  7165.07454204947
12900000  -7171.67792524652  7166.20992978062
12901000  -7170.78902323514  7167.66587637199
12902000  -7172.09401024941  7166.77847538025
12903000  -7172.93801084158  7168.72342579969
12904000  -7171.78421178703  7169.74519802642
12905000  -7172.6573349212  7168.72058358346
12906000  -7172.39826802126  7171.97448242189
12907000  -7172.90407095759  7171.37674464563
12908000  -7174.50072527604  7172.60877403018
12909000  -7177.28538575802  7171.85594221177
12910000  -7174.77637103097  7170.48804314464
12911000  -7174.75956931749  7172.73493816566
12912000  -7177.33941583882  7174.21036940326
12913000  -7176.11889351233  7174.92277227271
12914000  -7177.4546302541  7177.33604956358
12915000  -7176.43197356167  7178.10895458352
12916000  -7177.45788896268  7176.51957283486
12917000  -7178.37156595188  7178.43144930115
12918000  -7180.06183724088  7177.86740554647
12919000  -7178.11647919843  7177.0963311659
12920000  -7178.92660275212  7178.5598330013
12921000  -7179.87650670106  7179.4135405047
12922000  -7180.63713259052  7179.1635245593
12923000  -7179.73616371179  7178.53597933179
12924000  -7180.4976312279  7178.57838861626
12925000  -7183.88881883748  7178.86658767767
12926000  -7181.87476799213  7182.111134861
12927000  -7183.28002047469  7181.94821391313
12928000  -7182.11199786237  7182.91672142696
12929000  -7183.16569966672  7184.39873222268
12930000  -7183.33927955121  7182.2803774932
12931000  -7182.79377543414  7184.26203824952
12932000  -7185.39957720337  7185.80411816821
12933000  -7185.97640425089  7184.34361688315
12934000  -7187.76559284381  7185.63361490368
12935000  -7186.09333185141  7186.67578871864
12936000  -7186.38997393861  7189.28540267988
12937000  -7187.39894783351  7187.83397124234
12938000  -7187.76751299298  7188.75921353214
12939000  -7187.578116991  7190.39709365609
12940000  -7188.53585466706  7188.96438034441
12941000  -7190.17560105729  7189.10774858682
12942000  -7190.07266150859  7189.79066447721
12943000  -7191.52201078695  7188.52042064015
12944000  -7189.75147511706  7188.92365576985
12945000  -7193.03194183801  7191.74924106987
12946000  -7195.47822771176  7190.90194560275
12947000  -7197.50174319733  7194.03050412801
12948000  -7198.05054176499  7192.63340713126
12949000  -7195.82461394084  7192.66939850375
12950000  -7195.32148670572  7194.07827047165
12951000  -7198.18447859571  7195.51643086221
12952000  -7198.3815168731  7197.8428939796
12953000  -7197.59492548372  7196.75426345687
12954000  -7197.47264435524  7197.28296616395
12955000  -7197.87715145106  7197.00533805676
12956000  -7198.4990038677  7197.54725095094
12957000  -7201.00701040923  7198.29326493211
12958000  -7200.19362815043  7200.42347083873
12959000  -7200.11200531445  7200.45665015431
12960000  -7199.12512954934  7200.09619807164
12961000  -7201.67637890892  7199.93915765327
12962000  -7200.08990754115  7200.00370905046
12963000  -7200.58708981288  7201.27061499253
12964000  -7200.12064231282  7200.86798524331
12965000  -7202.29585009113  7201.61664794465
12966000  -7201.66429833556  7205.16894222829
12967000  -7201.84112775236  7204.29273187251
12968000  -7202.04738569387  7205.84329153507
12969000  -7201.06129724204  7206.54406821014
12970000  -7202.01738308022  7206.57693754311
12971000  -7202.84991660728  7210.42626577306
12972000  -7203.97770233561  7207.60012127618
12973000  -7205.30904526509  7207.77075706194
12974000  -7204.97947002626  7208.56469290923
12975000  -7205.91077315027  7207.2143393469
12976000  -7205.65584006291  7208.88873767881
12977000  -7205.58177026799  7210.453915268
12978000  -7204.67810660647  7208.65579940568
12979000  -7207.63045820676  7211.42502016804
12980000  -7207.43553517861  7211.27789528561
12981000  -7208.54790038014  7211.61737125651
12982000  -7210.88590568935  7210.87886300717
12983000  -7210.75575770173  7210.23041939721
12984000  -7210.99894922272  7211.87984830073
12985000  -7210.66763709789  7211.18045623941
12986000  -7213.7818677128  7212.63294555521
12987000  -7212.51494696706  7212.17541083697
12988000  -7212.81367017598  7212.383003772
12989000  -7214.21083107145  7213.1281490485
12990000  -7213.98828183547  7212.90188575466
12991000  -7215.24798082049  7213.99362333847
12992000  -7217.36488468744  7215.19738318489
12993000  -7213.67569905773  7213.8535180596
12994000  -7216.74468010104  7214.78499194302
12995000  -7217.52065302079  7213.63694815513
12996000  -7216.79487297522  7215.01836518908
12997000  -7217.9789437735  7215.38689341634
12998000  -7219.29661823436  7215.00965494037
12999000  -7219.84563414339  7215.44439103538
13000000  -7221.85988802282  7217.58914465669
