Time  E_hot  E_cold
0  0  0
1000  -4.87854747457679  1.67581722643329
2000  -3.77454555901275  5.43255680031432
3000  -5.63914066526938  6.48613842473021
4000  -8.05389222079656  10.3835838271182
5000  -5.8762402199164  9.50187638231679
6000  -8.40239075106647  7.61696162747503
7000  -11.195217072051  9.5006620050044
8000  -8.52962253575417  8.20327324797192
9000  -12.7114563521155  9.64717522089524
10000  -14.8421110304803  12.6914048081862
11000  -12.4844696531346  15.0768538532887
12000  -14.2616743333772  15.420216065228
13000  -14.97535425459  15.6828061566172
14000  -17.5411622335572  16.1158988617061
15000  -17.2183108642203  14.7808062991674
16000  -15.6168756102256  17.0067334816071
17000  -18.9040384333066  17.307964487509
18000  -21.8988613806629  20.4231274030969
19000  -21.1847532669713  18.8050223486368
20000  -21.1413227887188  21.1577116754561
21000  -22.7496895171708  24.0722371767239
22000  -22.5664835412377  26.3190145254865
23000  -23.5064603505949  25.5786435815327
24000  -21.2153644154326  26.1283195504389
25000  -22.6667982116402  26.932821533234
26000  -21.3099097840397  26.1369690174397
27000  -24.3416336531875  30.5946727123513
28000  -21.8317270902596  31.1501620989205
29000  -24.0000727921929  32.9129887562045
30000  -25.1821235931724  31.4432009882682
31000  -26.4512040130574  34.2530470621525
32000  -30.634169552643  36.199875064211
33000  -30.0996185153522  36.2047580677603
34000  -30.7865516248722  38.9684922221263
35000  -31.1207607725173  39.0513599960543
36000  -31.9588125713641  37.6941239476058
37000  -30.6151321136688  39.3341452969919
38000  -34.29100420987  40.2372270422733
39000  -33.7041768324035  40.582391497289
40000  -34.9519437309872  40.6128870903042
41000  -36.438822498649  45.485530358623
42000  -35.03977925455  46.9500040142936
43000  -41.9353683955576  43.8531903556474
44000  -38.7140569860951  44.5922818588423
45000  -38.5107603414604  48.5657168655612
46000  -39.8569000670551  48.559555750587
47000  -41.4558829128638  48.3428578406941
48000  -42.1042832292607  50.8560255786271
49000  -43.3876866150139  53.9098413174701
50000  -42.8772183701529  54.0953617682062
51000  -42.8737411916008  51.9907973505047
52000  -46.2775759670901  54.5946827869331
53000  -49.2923106063261  53.2844877043873
54000  -48.5563054766108  56.0409931008194
55000  -50.6160622395498  53.3944661265969
56000  -49.6266264219403  56.3926093360267
57000  -48.7279146143872  56.500780720789
58000  -52.3159915407215  58.7196975386068
59000  -53.6891641216698  60.1009968227578
60000  -55.5655212921862  63.8332664880858
61000  -55.4516903281184  63.229271529853
62000  -58.1075764386078  64.9661292640657
63000  -56.726225757046  65.4278849945878
64000  -58.2991395244725  66.0641722602432
65000  -60.8374447066246  65.1641616171374
66000  -59.9483896229506  65.6632825293154
67000  -63.8677271444348  66.6317248284891
68000  -58.4584691743436  64.6757774553444
69000  -62.4372392109111  68.2021304161839
70000  -66.3701771458214  70.7225106920906
71000  -66.9850024588208  72.3611079444363
72000  -66.5020244511432  73.451698026929
73000  -65.8343344252591  75.230402781884
74000  -66.1832015718324  75.4133621966409
75000  -68.9408719106201  75.2139855765246
76000  -68.5343003403403  77.349937679555
77000  -69.6419161021932  77.2566503036182
78000  -74.4329857449852  75.7413425595192
79000  -75.4651038989708  79.7500569821713
80000  -72.5446605803692  76.0512406510738
81000  -75.0941108067538  80.0173847077483
82000  -79.1337904840418  80.380641213288
83000  -76.66138438313  79.7495010127198
84000  -80.6840091520638  79.73895542038
85000  -86.8875359198747  78.3113084279016
86000  -86.662870794037  83.9002339309497
87000  -83.2491660281123  82.7664669315984
88000  -88.7351241391707  83.639137124951
89000  -88.263813201348  82.7919260589283
90000  -90.2123689140592  83.5231574796573
91000  -91.7668756084741  82.5957963933418
92000  -89.181871532434  84.1692275575533
93000  -94.3692889876825  84.8595348868376
94000  -93.8556879939303  86.2329550965574
95000  -93.3137583408393  90.4011692244887
96000  -99.9216201137713  90.2749801030128
97000  -98.4750922346845  93.74986035644
98000  -97.9635860653902  95.2287828762533
99000  -97.6457998863646  93.67035873153
100000  -102.600288095869  96.8033910652983
101000  -104.247932118262  93.9519548433658
102000  -101.847620423403  93.6187044824071
103000  -106.603925240951  97.3463306955012
104000  -108.225512513072  98.2481310771723
105000  -107.008001156539  99.0620252395199
106000  -105.584196358146  102.986526309298
107000  -107.245382415922  102.826449887457
108000  -109.576751561301  105.214040752333
109000  -106.951398151201  108.736423932688
110000  -110.029159973926  108.851856790052
111000  -110.580122832638  108.699954861803
112000  -112.528588427498  112.634166024714
113000  -112.263024517032  111.974772118932
114000  -110.631659612876  112.53876364715
115000  -114.157125763538  112.747317572651
116000  -113.835697195748  116.370167951776
117000  -117.417322921311  117.288670215012
118000  -118.529336402671  117.545859261098
119000  -117.553575919147  118.140695959141
120000  -120.403671705462  118.762707295721
121000  -121.702491172569  121.530397064108
122000  -125.506855765872  121.542462772445
123000  -121.539957858661  121.250097016146
124000  -123.217826679034  120.109342245303
125000  -121.120687623807  124.418291676685
126000  -127.394328480559  125.785496345847
127000  -128.532711991313  124.395035038204
128000  -128.981052730575  125.229123177306
129000  -129.041566562319  129.348131825522
130000  -132.645591815031  125.054296540142
131000  -129.767416089258  129.459211876146
132000  -135.953108283426  130.272582677407
133000  -135.46936232079  129.859071787528
134000  -139.519392477457  134.114626347747
135000  -138.659795552483  133.292436882885
136000  -143.596564345102  135.906030738052
137000  -138.676938733003  133.665904545308
138000  -137.92989946868  135.639227433163
139000  -141.228577975558  136.207091788515
140000  -141.039995498059  137.327141986445
141000  -143.908563123665  138.528856491183
142000  -143.809423936255  137.038779510272
143000  -146.121520571572  137.452779824377
144000  -146.983351571563  139.242634315656
145000  -148.46093043769  141.568465932803
146000  -147.415896646397  142.750698740606
147000  -146.995637080267  142.33892599664
148000  -148.006994137076  143.694512445724
149000  -149.151715148181  147.87410211458
150000  -149.151925365589  146.439583140209
151000  -152.462462350738  149.917851012608
152000  -152.420552445714  147.213540456368
153000  -151.43458162238  146.143301945959
154000  -151.822723844895  151.637618477324
155000  -152.634003574316  152.213992401276
156000  -154.919419359899  152.76452869477
157000  -153.178479207  151.177421594312
158000  -153.505718191317  151.513040010706
159000  -154.852112693818  153.113983094314
160000  -161.155359372288  153.407762753712
161000  -159.675462458103  153.321116204351
162000  -157.910018018943  157.598877937107
163000  -162.909266948209  152.538392359639
164000  -164.39054204478  151.62600625001
165000  -166.777634867603  153.13371351947
166000  -163.804101850757  155.436972432131
167000  -164.840981251456  158.024280891773
168000  -168.076256097078  159.19168946425
169000  -167.045597196118  157.600215164962
170000  -169.534622602462  159.619214845399
171000  -165.658499493369  160.677614390504
172000  -166.059354359934  158.88758960989
173000  -169.109204896272  163.776780867776
174000  -171.817358646964  160.703132751198
175000  -169.793910798522  162.481461712462
176000  -173.858318558236  165.186081056701
177000  -170.989219891977  161.361512471988
178000  -175.463313215634  164.308982005244
179000  -175.342487947678  166.104856592651
180000  -176.141699953733  165.331744406596
181000  -180.778199891475  165.61696535807
182000  -180.017024275992  167.43499693734
183000  -181.102547058004  170.05959732967
184000  -180.449713535554  168.428381024625
185000  -182.626457283756  172.414567221602
186000  -177.824418610931  171.853037418145
187000  -180.197323018085  175.565839125517
188000  -180.294897455963  175.225129667127
189000  -180.129153076836  177.94806763186
190000  -184.02178414017  181.209410335681
191000  -185.707681079406  180.732594109884
192000  -188.162435399456  182.311528878889
193000  -182.44629798482  184.111750421718
194000  -185.974348126082  184.992118086458
195000  -188.345762027053  186.23153643499
196000  -188.347927232851  188.409610933801
197000  -190.926730047237  189.468379391942
198000  -193.400064259141  189.75526409433
199000  -194.198229120308  190.576411073127
200000  -194.470858187123  190.774887737279
201000  -196.245285602436  192.44437820391
202000  -199.485899060421  191.723907378683
203000  -198.370058161411  194.951992961451
204000  -195.773939966188  193.541384523097
205000  -200.425832446928  192.566175402165
206000  -199.040694513605  196.700925158633
207000  -204.804499292285  199.818117496943
208000  -204.460781405416  199.058019598883
209000  -204.501643193681  203.5292597285
210000  -206.485893810276  203.312639626023
211000  -204.71447146459  203.713804052758
212000  -207.241969027724  205.461487233817
213000  -207.392239861327  205.400558936456
214000  -204.723346633091  202.053084784876
215000  -204.483571372138  203.152419823376
216000  -202.228041204201  205.612850602574
217000  -211.571955735812  206.166094586297
218000  -211.548946106458  209.181406729686
219000  -209.418555282899  211.977706651232
220000  -210.921620766084  208.42738118996
221000  -210.824637534524  207.927407158572
222000  -211.432576904333  210.774230515138
223000  -211.697047827166  210.669784109438
224000  -217.849284483482  214.678311230847
225000  -219.322256410234  213.564116519603
226000  -217.415162742373  213.566271513519
227000  -217.382432061977  215.321292751331
228000  -218.991976311457  213.71929617262
229000  -218.57635682292  215.148093853821
230000  -223.473677750744  213.861665889088
231000  -223.263789355478  216.179460980891
232000  -225.726662247796  217.677348895978
233000  -227.454675129767  215.004036036727
234000  -228.055671624883  218.095585877173
235000  -230.114729937314  218.868246360308
236000  -231.195159293907  220.918439867639
237000  -232.195260534568  221.505419828766
238000  -234.832455422867  222.376012482505
239000  -232.107646096451  225.919969453547
240000  -232.308135842493  227.004042765692
241000  -232.864850749678  227.131264579629
242000  -235.071930294347  227.346408926106
243000  -238.508531934699  227.513936543847
244000  -237.061405108491  228.821830193535
245000  -238.050474133794  228.996173288672
246000  -241.560867907288  231.907011227859
247000  -240.43100671137  233.337273338581
248000  -240.633828418258  234.233831449179
249000  -244.258850666441  232.8487429987
250000  -241.072313626539  233.380563560599
251000  -239.67827388442  234.939879922013
252000  -241.522426716728  236.694525860025
253000  -244.612161448048  238.431015229414
254000  -246.93659755531  238.724313426149
255000  -245.955068668084  242.519346796333
256000  -249.272714748251  244.530361439428
257000  -250.954286021936  243.365646714599
258000  -250.507709034472  241.53557397306
259000  -253.216195742643  243.887652010009
260000  -255.282128770059  243.372452994629
261000  -258.549356940297  246.58227696038
262000  -260.383069800708  245.885733997493
263000  -257.127544435664  246.837666491957
264000  -260.871404024871  246.948185445246
265000  -258.802206833274  249.074944049772
266000  -261.339322131646  248.408032242497
267000  -260.464285471558  249.894628730588
268000  -262.467606015005  249.891512169818
269000  -261.105731695094  251.282978472392
270000  -264.458588388886  253.682828696158
271000  -264.877732488719  253.723248770969
272000  -260.458108653141  256.621582683466
273000  -262.417964429685  257.874664062474
274000  -265.193871967903  258.610335946131
275000  -264.00578052621  257.089124327634
276000  -268.911599353991  257.38266564841
277000  -264.871351289454  260.831426469973
278000  -270.071767115831  259.928561115664
279000  -269.013030544192  266.38736686984
280000  -266.638366200303  267.876102978118
281000  -268.443689989021  266.668579708596
282000  -267.629591776249  265.073510923808
283000  -267.774166478275  266.44786742292
284000  -270.414555699238  264.9500879323
285000  -274.401131694585  266.604700068983
286000  -274.810368935385  268.179883376597
287000  -275.505397713503  268.511327228147
288000  -275.060083980906  272.497413729119
289000  -274.854736072408  269.805712453731
290000  -277.416451253135  272.614974090878
291000  -281.697431365774  275.129728651066
292000  -283.958350068116  275.778478049877
293000  -283.183727599412  275.004376351855
294000  -284.41285847663  275.17832254567
295000  -284.754097317068  276.757404672052
296000  -285.511207734208  278.592464359154
297000  -285.063323745808  278.754540471847
298000  -291.777681071604  277.649142689157
299000  -291.602908510633  280.376122201281
300000  -289.163816565053  282.679436431929
301000  -289.234338959814  281.457847037017
302000  -287.930433752663  284.858668174063
303000  -286.919590504696  283.085250269969
304000  -290.014727862993  282.406434959214
305000  -291.078786219391  285.15022181077
306000  -290.622442616677  288.804268717796
307000  -291.7989691134  289.145532073105
308000  -294.94537402858  289.923832256736
309000  -295.714454986688  290.672278221533
310000  -295.677105757836  290.590025950187
311000  -297.817883798054  289.170388733491
312000  -299.488349317133  291.754997451965
313000  -299.912998750707  292.585569825329
314000  -300.194549082737  291.104253985392
315000  -301.379858906981  293.993158805793
316000  -305.095554850227  294.412742499912
317000  -307.472499408709  295.721716718215
318000  -305.027483289624  293.383955556706
319000  -305.120981343747  295.919220088113
320000  -307.122808781607  297.154324363167
321000  -307.677449000114  295.579898616196
322000  -311.957863115803  294.067812693784
323000  -312.254830248866  294.778345490646
324000  -314.94985030538  296.923037316636
325000  -312.334623964851  298.324873761754
326000  -313.741392810983  294.611825449496
327000  -314.003728176328  298.232290117672
328000  -318.116275555324  300.017907111947
329000  -317.559791755312  301.450825476291
330000  -317.781574396861  301.851920464195
331000  -321.266242287291  303.239903702804
332000  -319.955995998063  304.503299018361
333000  -324.879380810436  307.309198443517
334000  -322.873274745626  305.553504409612
335000  -329.925864944244  307.066086654416
336000  -326.920613402728  307.870279662178
337000  -327.02989355942  309.207482019134
338000  -329.101395620138  308.341014595285
339000  -331.549407347461  311.70994847304
340000  -334.463635770748  312.165303730553
341000  -335.279154574321  312.222592734961
342000  -335.878026775837  313.779544857169
343000  -334.454912997184  314.201968492416
344000  -334.876200130113  313.977648398767
345000  -336.530047055973  316.435194797015
346000  -333.691235086426  321.676183759819
347000  -333.177534615364  319.510126139238
348000  -335.616070590134  321.389475638942
349000  -338.097246003536  326.445571083275
350000  -333.496126684626  325.619844064787
351000  -337.844757529685  326.263471374777
352000  -339.301359232727  327.060518165981
353000  -338.934655311923  322.858913165886
354000  -344.278751514566  323.856372585991
355000  -342.04310227093  326.190642170801
356000  -343.859809794811  328.375201636911
357000  -343.281562278068  327.611986683718
358000  -343.041206487013  328.908842418829
359000  -343.492886781609  334.527230678761
360000  -344.491936814652  335.678639848895
361000  -345.422997932731  339.382389735217
362000  -344.848491428072  338.337682731796
363000  -346.335226854699  338.319359877886
364000  -344.283572809721  341.835754251349
365000  -344.633485486988  342.01987892294
366000  -345.198900316972  342.243378005758
367000  -345.532754813328  344.635815078153
368000  -344.446862549507  349.41528777416
369000  -346.982812520115  349.064916742599
370000  -346.279823632922  346.082646209285
371000  -349.364697123453  350.874475666669
372000  -345.717668077888  352.51014327521
373000  -346.638530518973  350.809114275787
374000  -349.364407683997  352.107650950874
375000  -353.838036178361  354.254078411291
376000  -355.579849185626  354.452593056628
377000  -352.759887383684  355.620978250591
378000  -354.129403348538  355.481973377122
379000  -355.593338381203  356.493215511674
380000  -358.081202895526  360.280301252912
381000  -360.11462127261  358.562061156497
382000  -357.939828925627  360.030920569848
383000  -361.090446731251  363.154694680592
384000  -359.720626289945  362.882537271196
385000  -361.205028633256  360.753490841469
386000  -361.748452510617  363.363575895172
387000  -365.047481842098  361.250567670402
388000  -367.238276935486  366.130463871068
389000  -368.000868599089  365.013183344012
390000  -368.444549429615  365.502787693588
391000  -364.358729969321  366.61802883545
392000  -365.513954375575  367.697033505251
393000  -370.273395859985  370.025648657931
394000  -369.498691780113  373.69096149565
395000  -371.436238305914  371.577152639819
396000  -370.013951500542  376.594289448683
397000  -368.316449419152  376.90103628024
398000  -370.181771084518  375.583586461221
399000  -369.397014079397  376.828454776475
400000  -374.682539008784  375.247657252604
401000  -375.09741055731  379.463613721247
402000  -374.060602693049  375.845881478364
403000  -379.567806180536  381.471253886381
404000  -376.571449718173  381.764654865987
405000  -377.279660413424  380.746219866907
406000  -377.934673430783  383.165873749068
407000  -379.374805405376  379.136693108093
408000  -379.913058240493  384.42622583019
409000  -381.596968730025  384.405760085148
410000  -382.0035319598  386.660211301854
411000  -384.646907651523  386.561590036571
412000  -382.36533673631  389.535205632723
413000  -384.346070458872  385.859325748545
414000  -385.576427086265  386.9898542801
415000  -386.133530018064  389.064670222647
416000  -390.118020800188  390.04854490132
417000  -391.158654780045  391.972500754107
418000  -394.398921785284  391.832752774375
419000  -392.621545110753  395.736156945837
420000  -392.797299098187  396.383936436154
421000  -395.064327076701  394.085545442072
422000  -393.354881449227  396.854259402094
423000  -395.712218753052  395.462473428336
424000  -396.903450330905  396.306940758216
425000  -401.118935276215  397.061010819162
426000  -404.909323517445  398.302780426888
427000  -402.799363850298  401.671270576831
428000  -405.007610429791  402.238335352919
429000  -405.601815616685  401.601542799437
430000  -405.904284172567  407.159996001929
431000  -407.719379693987  403.908063099464
432000  -405.979068604206  406.624068778685
433000  -404.604535957837  406.303891084434
434000  -407.13159954551  407.275923691539
435000  -410.24566567724  408.442700162139
436000  -412.174494688715  412.709261537819
437000  -407.051047192952  409.924378833659
438000  -410.438669712016  412.67881310346
439000  -411.375123266629  411.276637494171
440000  -415.653160466811  412.018659039577
441000  -417.985825191897  414.574911849797
442000  -413.457634262226  411.795359123155
443000  -414.570924327386  415.703745409967
444000  -418.424657091293  414.474659110984
445000  -420.679740124415  417.317335189924
446000  -416.725391918057  414.733258965529
447000  -421.276202907884  416.11184442772
448000  -418.273615711494  420.76981162032
449000  -422.208781685665  418.803285745758
450000  -420.609360357758  422.227429278223
451000  -424.005101107488  425.297494217544
452000  -424.086907108761  425.431400897023
453000  -426.364789384691  424.526970019571
454000  -427.681325736157  425.71966380099
455000  -426.329004702023  427.621418006184
456000  -431.620815614032  429.657116601762
457000  -430.652120256418  428.899756874265
458000  -432.876520943086  430.360398548997
459000  -435.121542850756  433.366124518051
460000  -432.567787306888  430.850918270488
461000  -437.454237738116  433.057640404301
462000  -438.079436544728  430.743543202561
463000  -436.509277493221  432.549546153687
464000  -437.945511234432  435.136104421448
465000  -438.90466010899  433.461068191926
466000  -440.698451673579  434.884401678742
467000  -443.267067402906  435.048974298957
468000  -443.244424995688  430.748233006827
469000  -447.217569190355  431.458890275774
470000  -446.345586628411  432.482883721029
471000  -445.575576514261  435.591118626651
472000  -450.077590971386  433.90552462841
473000  -448.351927608126  437.814647620273
474000  -450.769002359199  435.767597230665
475000  -452.839551676688  438.602754721974
476000  -449.464306110859  438.852504183471
477000  -452.198217392878  437.808056438564
478000  -453.307921061188  439.302540154394
479000  -453.990238251844  440.919555377684
480000  -453.274763771789  444.536404155427
481000  -456.63183241575  446.739542870229
482000  -460.378192561968  444.793903491671
483000  -459.867348536423  446.500918034264
484000  -459.116329165156  447.504755507609
485000  -460.694720237692  451.238451958753
486000  -461.067052811809  452.277706710928
487000  -463.901323052095  450.126665084713
488000  -464.135126515782  450.191626323568
489000  -467.994116659899  454.854815466401
490000  -467.230589645709  454.965423050176
491000  -470.519386813415  458.428229744462
492000  -469.353252416793  457.292417179501
493000  -467.410450416615  457.841485017741
494000  -469.662153801218  456.143525292671
495000  -468.566766079309  458.918666452192
496000  -469.768927590787  459.799659715263
497000  -472.241350200398  459.713285082704
498000  -472.390427712547  458.232422219501
499000  -473.39903789513  462.947714210315
500000  -471.556060875827  460.656759957495
501000  -473.251845670332  465.076150367739
502000  -477.681468334648  466.023653732566
503000  -474.173592495223  467.881922173211
504000  -477.238459006522  465.783662799914
505000  -475.430559581433  467.526690287022
506000  -477.78453895501  467.284127469379
507000  -475.304354577677  463.541992122726
508000  -477.961549676967  467.087093788544
509000  -479.599403255176  467.149980410049
510000  -479.228084122787  465.760039654594
511000  -483.743590829097  464.417903253199
512000  -488.50734874704  469.105898506951
513000  -487.009989541114  468.682962262701
514000  -487.312232482235  473.129312290578
515000  -485.893184761535  474.200367624874
516000  -485.00468309225  475.132676787851
517000  -490.193566077456  476.959801899637
518000  -487.066610215437  474.577410532837
519000  -489.478829372693  474.276267343793
520000  -491.382185902324  477.297310688973
521000  -491.419558877371  479.032140066336
522000  -490.766201241083  477.094396320222
523000  -491.584427270062  479.793248700224
524000  -493.864140533411  482.839919676449
525000  -495.595398834011  485.683310549764
526000  -496.481249336477  483.809787476633
527000  -494.938412677479  486.303943251417
528000  -499.633047234525  486.902166634924
529000  -498.698003136744  486.960820124244
530000  -501.14099638116  489.312963058262
531000  -499.282540296617  490.457711592068
532000  -502.606236624221  492.70969218833
533000  -500.066576183401  490.932910387599
534000  -500.669765935499  497.952027595995
535000  -499.721891530464  496.657141547367
536000  -502.433314190875  498.169822133736
537000  -506.045693277771  496.669039459817
538000  -505.590994115025  498.111114045212
539000  -508.348430751678  496.014587439157
540000  -506.011075966079  499.288698733002
541000  -506.845663484571  500.304000697919
542000  -512.439893526022  501.961975290608
543000  -515.948984139426  501.17365062069
544000  -514.134833730546  503.537445047865
545000  -514.251369319097  503.766616869391
546000  -513.838850354108  505.032654920634
547000  -515.230910347947  503.105465433474
548000  -519.444076753995  505.44400376763
549000  -519.040931664714  504.087404562914
550000  -523.43522989716  507.965128776889
551000  -523.760683519129  506.016204446178
552000  -524.51537473255  508.431712489306
553000  -524.2070664055  507.259982874925
554000  -523.898401012491  510.817770228338
555000  -523.631699958236  509.421720519605
556000  -526.117488581383  510.111739214643
557000  -526.163470953697  509.73760704041
558000  -525.34945015352  513.236539336432
559000  -523.018496800892  510.691614990663
560000  -527.216953886355  511.934291071441
561000  -531.758239298747  508.694656821904
562000  -532.568838890967  512.878682808863
563000  -532.01609587156  513.252361819716
564000  -532.939424801932  513.800929561749
565000  -534.150060093767  516.669026834594
566000  -535.500607057768  516.572197183672
567000  -539.218778302044  515.648029703041
568000  -537.243811156438  514.761369355804
569000  -540.005164601558  519.043762330978
570000  -543.098743028733  522.475186804269
571000  -542.425548907515  522.619646839751
572000  -539.432568682447  525.241890351273
573000  -541.241389295903  522.169008760612
574000  -543.067764747548  521.965439494692
575000  -545.694425760204  524.017354173154
576000  -544.084445654451  524.643304057947
577000  -547.980406658734  528.494802437952
578000  -550.534985165679  527.291399829104
579000  -548.806159530484  527.447786180189
580000  -548.65756039234  529.486654031377
581000  -552.408905727933  529.547662758207
582000  -549.459658901778  535.297920413828
583000  -550.41200942547  535.242519872782
584000  -552.310533502777  534.145807502587
585000  -551.469615859944  535.163177857617
586000  -554.327545256902  535.802528640895
587000  -552.890419028355  539.742683951913
588000  -554.794710912391  540.45495750321
589000  -560.796346327894  540.692934302257
590000  -555.087196011948  541.441774310793
591000  -558.495406614293  542.930328143124
592000  -560.758257665696  547.083307278105
593000  -559.980828227257  548.129549365415
594000  -559.366516873107  547.351600177451
595000  -564.104917043427  550.678086193976
596000  -564.871262930188  551.503661452815
597000  -564.206053765639  552.394069463318
598000  -562.860952889867  550.71941471127
599000  -566.065550252616  554.36083103162
600000  -567.76260198184  554.341619777107
601000  -569.84739163537  553.722709910062
602000  -567.077514485585  554.991462432875
603000  -570.940466782248  556.472598516584
604000  -567.165257038819  558.305327748695
605000  -566.539744033296  559.185850198146
606000  -568.244279543744  560.398449241077
607000  -568.082044273321  561.675588252374
608000  -565.573129143802  562.159624216957
609000  -568.571680510278  561.501345033035
610000  -568.758300889934  562.299242192184
611000  -566.300624004924  563.703281252501
612000  -568.496503941596  566.068764763417
613000  -572.237006538072  565.405521403925
614000  -574.425319661526  565.880397629463
615000  -575.151967800836  565.756202706887
616000  -576.522580251687  563.676501393767
617000  -575.8627354799  571.038085636622
618000  -577.738781699005  570.081937220988
619000  -578.765377358383  568.94404751758
620000  -577.720579520878  567.426913261792
621000  -580.673879228305  568.227328448441
622000  -582.632431870286  571.304555949663
623000  -581.458983732656  574.53490724328
624000  -582.824661117959  569.253647995141
625000  -580.884105339768  573.221769821937
626000  -580.901526759606  574.98599224287
627000  -584.453912822186  576.188886356802
628000  -584.208167725666  579.139729730272
629000  -588.509586148466  578.955799321573
630000  -587.331287613275  579.422278993651
631000  -586.805654395259  580.07348026143
632000  -587.920183445806  581.258947719763
633000  -592.522709406285  581.213697342611
634000  -595.233462211616  583.863407899671
635000  -594.444478691602  585.886973307607
636000  -593.682558445304  586.87583087168
637000  -596.853156634197  588.43612002624
638000  -597.829069030091  590.949943902335
639000  -598.30937385042  590.402805304011
640000  -597.982305909806  591.993938667161
641000  -601.466768725971  593.462730884049
642000  -598.418433469166  595.433681523528
643000  -602.122357026535  593.309466538911
644000  -603.768618404343  595.955194134568
645000  -605.152841707109  597.228188644333
646000  -602.746453465373  596.573993180462
647000  -602.688907234091  598.07040357259
648000  -605.653734656977  600.913216830981
649000  -604.609165601375  597.927734614346
650000  -604.896257237928  600.215002878689
651000  -604.813348291077  598.988460284174
652000  -606.8296956552  602.716666435694
653000  -609.186319560908  601.270023881245
654000  -606.906311503318  602.906691477651
655000  -613.709128749576  606.661865419256
656000  -612.503403397576  607.684865252025
657000  -615.781457995836  608.812055817607
658000  -616.586250878444  609.556416100078
659000  -617.163543994655  609.085610714781
660000  -618.912309045058  609.803450095197
661000  -621.956365668626  614.184782819657
662000  -622.553264946357  609.838489214782
663000  -622.443350653788  611.911544758741
664000  -622.650434708309  614.204695360287
665000  -626.70975500068  612.579608314661
666000  -623.187393342624  611.512121090363
667000  -627.355778412322  614.928062609404
668000  -624.534917316978  615.884122552549
669000  -628.817718325613  618.889641328869
670000  -630.296693550266  621.454188664924
671000  -630.182798553528  621.779618858519
672000  -629.698362179983  621.966112484011
673000  -630.557517595769  624.17615856453
674000  -629.418486885188  626.6471540724
675000  -632.406241755123  626.638059383409
676000  -633.8331506829  626.840285015067
677000  -639.073158473693  625.506635724454
678000  -638.991300814922  631.700708289066
679000  -638.915339334147  630.04576765049
680000  -642.22754984981  633.956072980308
681000  -641.40944256284  634.379494503413
682000  -641.042487353394  638.497730822103
683000  -641.453161955051  637.22031370748
684000  -639.346478273761  637.184941743345
685000  -638.733780214987  639.859983799822
686000  -641.248695724829  638.62918271278
687000  -646.122256597621  641.300314296736
688000  -643.14174287393  641.976846249884
689000  -646.229459029758  638.114199256357
690000  -646.278717857227  642.711317916046
691000  -644.262311747061  645.988358413142
692000  -646.345083107087  646.113099694441
693000  -647.124796093273  645.867138917735
694000  -650.203392575729  648.079944823209
695000  -648.245669965997  648.540278029617
696000  -648.892840935221  646.86163792317
697000  -649.323771644591  649.245488712666
698000  -649.893463194924  648.185232201431
699000  -652.987920833438  646.665305441897
700000  -649.380225408571  645.613773225968
701000  -651.202174250334  648.325427067828
702000  -655.447186055209  650.52114953148
703000  -654.036181839358  651.483352002006
704000  -655.362229922403  653.508306711272
705000  -656.295214666077  652.647341035705
706000  -658.379530055531  650.543709328693
707000  -660.522539093913  653.495654595834
708000  -661.2901615024  657.441655450922
709000  -661.981026878921  655.966284013151
710000  -662.64911629633  658.806228449153
711000  -661.325967713618  658.20296583196
712000  -665.389149441216  658.815656913417
713000  -664.672730762411  660.719812597963
714000  -665.34175520616  662.439089401208
715000  -666.774295948343  661.653829494992
716000  -668.687139590048  663.334591126566
717000  -668.441028820774  663.790107534475
718000  -668.802426579702  659.871031759155
719000  -666.96895985939  660.770717518084
720000  -670.781759584381  665.778334234593
721000  -671.981654892182  664.080562942862
722000  -674.974053593862  664.858586690232
723000  -675.287703331139  668.471571712037
724000  -672.758746120501  666.409045141026
725000  -673.880756447536  667.228111992661
726000  -675.543472998017  669.571881818134
727000  -676.032070414096  671.837509878268
728000  -677.129847321226  671.615032106372
729000  -679.619049331615  673.599050357229
730000  -680.3751101521  674.999840114263
731000  -680.936654022269  672.512191154715
732000  -680.700463185862  677.511750718011
733000  -685.00179611116  675.69867336595
734000  -682.09990969241  677.262983465934
735000  -684.893338431605  677.410537550436
736000  -683.80655658101  677.474951919859
737000  -684.455041507346  682.113061637884
738000  -684.81412621054  682.154422925523
739000  -686.035750802777  681.477576089999
740000  -687.288365462205  679.993010979297
741000  -689.038571052415  686.447617341841
742000  -686.998339993537  685.349881802419
743000  -690.263691230987  687.366941519884
744000  -690.398668234659  689.429340787847
745000  -692.218495440841  691.916779658439
746000  -696.902103671399  693.679117534077
747000  -697.120710064105  690.815861820088
748000  -698.861959691125  691.491666570735
749000  -698.734052833106  693.050809372231
750000  -701.256950246754  694.260779765942
751000  -699.728224369413  694.332955055155
752000  -700.34875013354  697.728087688148
753000  -700.410001616162  696.647530117442
754000  -703.645960435039  695.529574947673
755000  -705.253531957335  702.175713947149
756000  -704.452429922257  700.426206231363
757000  -703.542435640218  703.067639915059
758000  -706.432285042287  707.356821060737
759000  -705.945294500678  705.522784854064
760000  -707.225578363335  706.895745607105
761000  -709.263704455205  705.028078500298
762000  -713.352146062642  707.084572268323
763000  -712.689236810071  709.532428575144
764000  -715.601759934836  704.29378745705
765000  -714.037259912808  708.152451064798
766000  -714.782660949567  704.908795724854
767000  -713.680014322937  705.586996180145
768000  -717.78241054803  708.018186784136
769000  -713.689237055938  710.271139683572
770000  -715.033757635827  708.446602433284
771000  -716.054532598378  710.44681317293
772000  -720.828994799837  710.384582099494
773000  -722.205257888966  712.78744458418
774000  -722.274873332469  712.109665282265
775000  -720.619742828664  712.194229213558
776000  -722.232077262475  713.112300450153
777000  -725.746498644127  714.625670337954
778000  -727.647955378701  715.655427156533
779000  -726.694356749307  715.705079055493
780000  -729.980935023784  714.739215288328
781000  -730.114766270915  716.610179738845
782000  -730.459154122451  719.407589988939
783000  -734.512962309734  718.663592932853
784000  -734.189832243015  721.484322527952
785000  -732.836512301625  723.471775086596
786000  -734.934725647781  724.81532978991
787000  -732.151676722093  725.114486685543
788000  -733.374606817626  726.158981974902
789000  -736.306896265231  726.062912596537
790000  -735.642822236839  724.928173879044
791000  -738.278745703864  728.524866427257
792000  -738.159055192222  729.29940386936
793000  -742.262776800877  730.067402237331
794000  -742.587226686665  733.392575882482
795000  -744.445623680514  733.166474179916
796000  -746.283076581297  732.437394131112
797000  -748.13368178861  736.495799017359
798000  -749.479544660683  737.209754812113
799000  -753.838706533797  737.980633580744
800000  -751.00114791021  736.627948845801
801000  -752.896920479306  739.350496973835
802000  -752.186624998396  741.94712099795
803000  -752.004118944337  739.709115452984
804000  -750.891533138977  744.168706810985
805000  -755.659192771198  743.710716981325
806000  -755.870555292963  745.869413544242
807000  -754.293842387198  743.369884722223
808000  -754.791776585283  745.357138937415
809000  -757.530213755487  747.626046036857
810000  -758.492243923308  748.677131457175
811000  -757.60594607291  745.721826706288
812000  -761.50214175906  747.180267419241
813000  -758.140370795165  749.168169352345
814000  -759.917876794354  750.125227538357
815000  -759.273549167203  750.481705605549
816000  -759.938243460248  749.959540340815
817000  -757.451291130016  752.22967677948
818000  -761.258966371117  750.794144636408
819000  -764.925956040423  749.168716615671
820000  -768.007819688392  750.650754241382
821000  -767.312419381511  751.988279952424
822000  -767.57919974735  754.853714306759
823000  -765.237246205655  756.227034948037
824000  -770.063423335743  758.780215525711
825000  -767.146620612479  760.080498833758
826000  -770.257890559621  759.236127015429
827000  -765.178549850524  760.343506314916
828000  -771.241181031005  762.057611761201
829000  -771.020771636636  760.678401030575
830000  -770.101696136802  764.565450262136
831000  -773.222701582665  765.1521033645
832000  -773.283663315593  765.602568275594
833000  -772.389491103805  766.486424732414
834000  -774.06410780632  768.145642056001
835000  -776.364816991067  766.446765752205
836000  -777.321224790554  771.122314081515
837000  -779.955749433964  769.513224438886
838000  -778.449450533621  771.173837467467
839000  -779.639740878684  775.81848498316
840000  -778.23536874126  772.242206036992
841000  -782.422861837662  776.484426389999
842000  -784.092854851442  774.61340791675
843000  -784.991050931992  778.568619409658
844000  -788.542111857306  779.552978027754
845000  -787.764075833953  780.664124922108
846000  -792.242360335375  778.623762834071
847000  -792.386397773168  778.490567456737
848000  -793.087825256847  775.727577031725
849000  -794.01045970156  778.401444195335
850000  -795.201210737298  778.133490236148
851000  -791.306552285628  780.058933678619
852000  -796.842760023308  778.077068057967
853000  -797.079746851699  779.088876337099
854000  -797.699460449662  778.802919921741
855000  -794.847989509372  781.775576786832
856000  -794.796942451237  780.671529978111
857000  -799.152192671692  781.245195970744
858000  -797.473527392577  782.754209137181
859000  -797.289457538461  781.288189465425
860000  -799.30903346217  785.458071564371
861000  -800.905559868039  784.519731796234
862000  -800.96828118342  784.202487927311
863000  -802.999680514858  786.918932531553
864000  -805.356502437834  787.367191647963
865000  -804.130771505023  789.53787692765
866000  -801.821242309859  788.636001440002
867000  -803.9595201092  791.790622491946
868000  -807.458091601243  789.917684772367
869000  -809.085451927464  792.056354605786
870000  -810.721145764691  795.073084761415
871000  -810.550931396461  792.569680206778
872000  -809.507074072408  795.44144683166
873000  -810.601927551407  796.109419201438
874000  -812.156778297283  796.387278849247
875000  -811.387950545778  797.055099347359
876000  -812.889442849054  798.625931768548
877000  -813.325562602271  802.257614695334
878000  -814.340385407943  801.025377556664
879000  -815.583705619363  804.035700660611
880000  -814.492387568397  802.173544188191
881000  -815.422740175579  801.168244676207
882000  -814.513740563006  803.074705454487
883000  -818.334483655705  805.715149057054
884000  -818.43281535547  806.319583622109
885000  -819.423998713077  807.251404806224
886000  -821.260356188548  807.178068795856
887000  -824.303245407989  804.670505697858
888000  -822.083176058567  811.165684985356
889000  -826.151476672349  810.797150648507
890000  -827.578425471251  809.134612045616
891000  -829.144821899107  812.539490191518
892000  -830.903022125147  815.931522499038
893000  -830.713274173496  814.839477450231
894000  -833.530113034647  814.847135441133
895000  -836.260409507446  816.241251747783
896000  -834.080870633946  816.132699726541
897000  -836.132682143548  821.263815235628
898000  -835.53753393  821.507962492716
899000  -837.931882929907  824.67282623111
900000  -835.600173874913  824.550718084364
901000  -840.418986829676  825.097343775563
902000  -843.565111439754  826.877849469381
903000  -843.734926526053  829.128818277115
904000  -843.50625547024  831.590141940386
905000  -845.559829628961  831.026911259746
906000  -841.190802461336  832.525113187536
907000  -844.287863195885  829.53460961427
908000  -843.40362253104  830.709152406082
909000  -845.956715421751  830.558444942756
910000  -845.045948558386  832.723373483694
911000  -847.142226782963  831.843249233786
912000  -846.763185847469  832.053021361674
913000  -847.048650999691  834.870672959853
914000  -847.77090836513  836.931030727485
915000  -848.808649577267  837.559266061591
916000  -849.165817477334  841.493325588951
917000  -850.086726314067  839.704572621875
918000  -852.888543765846  838.528237773446
919000  -855.102244942519  840.678746569268
920000  -858.909608343303  839.778666566434
921000  -858.583295557384  839.602451881966
922000  -856.416788092252  842.117473818186
923000  -858.637608709629  839.292400051666
924000  -858.166059362957  840.633774631279
925000  -863.708777098914  839.284650958082
926000  -862.539991209335  843.850796096978
927000  -862.258207864262  842.008228006039
928000  -865.027777499879  844.598265312228
929000  -866.607485040992  845.037292571577
930000  -868.624598974973  845.919525123899
931000  -867.723615511718  843.60861421487
932000  -869.147169842807  847.2560110068
933000  -868.551766293144  847.889772414771
934000  -869.956469072788  848.860890743621
935000  -872.27264439712  850.406028540697
936000  -871.147538683401  852.006497145858
937000  -871.618789660384  850.119467890273
938000  -872.26147728784  851.530689986466
939000  -871.854746799439  854.779780878715
940000  -870.69801126423  853.02400125478
941000  -872.366978796793  856.952524912902
942000  -876.455006668226  855.183811969588
943000  -873.723172620326  860.09939594833
944000  -875.460739013959  854.967431274613
945000  -876.088514750704  854.451827849268
946000  -876.31989348149  857.601908423738
947000  -875.804751594091  858.298478437539
948000  -878.719531546702  858.187394625583
949000  -880.90554816412  857.122681287396
950000  -880.548036804179  863.150170317444
951000  -880.535758550598  862.706390805915
952000  -884.773056560607  860.945190011344
953000  -887.059653070641  862.870746142058
954000  -884.287661116358  862.856911856063
955000  -885.056716167473  862.489244177517
956000  -890.126025228118  866.012660915837
957000  -890.326649275828  865.915094509734
958000  -886.81466476198  863.086353690037
959000  -891.159548274662  868.725339673744
960000  -890.311428365657  867.232972335831
961000  -891.066115381197  865.55039588131
962000  -891.05000298027  870.53247051789
963000  -894.015584417556  873.935560972762
964000  -893.194886189818  872.19026160945
965000  -893.052516902376  874.494697785717
966000  -894.991559249882  876.955588921416
967000  -895.62512115666  877.819127364842
968000  -897.239284462243  877.817712611476
969000  -897.188964563284  878.692925627421
970000  -901.064041271136  881.334869326
971000  -900.037200279605  879.887171595354
972000  -905.276527720699  881.116663418004
973000  -901.138293555442  881.08808357723
974000  -904.790871308955  881.253957867182
975000  -903.047034980004  885.414921828628
976000  -903.134262297344  882.094202613554
977000  -902.54838534832  885.286387944433
978000  -903.717480905748  885.410897607717
979000  -904.125809628323  888.202326956357
980000  -905.283993898816  887.705761433489
981000  -907.209369607658  886.199942875798
982000  -904.998062007105  886.81020632291
983000  -905.986421050605  885.717093116817
984000  -908.956308835456  890.717415212606
985000  -909.130862787056  890.365347130672
986000  -913.711488968611  891.496146787113
987000  -913.022026795667  892.325444357258
988000  -912.28840340163  892.358963820494
989000  -918.505869871727  893.018576632887
990000  -914.429730898891  894.846288154339
991000  -919.365581036123  895.931950322286
992000  -918.078548565091  895.6851200874
993000  -919.047767912524  896.898466987692
994000  -914.718780765189  894.996941398002
995000  -923.11373420892  896.969829605564
996000  -923.429320108737  894.30842201886
997000  -922.348797661322  898.747166092993
998000  -923.792031709478  898.060482598007
999000  -921.403406912949  900.199588524863
1000000  -922.597798722622  898.394273073883
1001000  -922.502431314129  899.574070146445
1002000  -925.668904309826  902.576351042407
1003000  -929.118961998037  901.504994295818
1004000  -926.618106699931  905.808081217809
1005000  -926.866998645749  901.337713920449
1006000  -929.603883728829  905.591403352266
1007000  -928.488874166447  907.730332602132
1008000  -930.302809581367  904.734630638286
1009000  -931.248664415275  909.636725137707
1010000  -931.429098535265  909.460611971505
1011000  -932.554155860454  911.969172020665
1012000  -936.489227360276  913.291805345102
1013000  -937.687886661607  915.477566724648
1014000  -939.792705538177  914.974769564651
1015000  -940.426396938543  918.657901080366
1016000  -943.170002246541  916.899114805431
1017000  -943.126946924961  916.963675635384
1018000  -945.131209324881  916.723606178161
1019000  -942.655135229188  921.939008359993
1020000  -945.36390634584  923.883419476855
1021000  -946.850648818047  925.093472608797
1022000  -945.185080293478  924.851123379346
1023000  -944.299969006784  922.746955994727
1024000  -948.560613113386  926.654394421196
1025000  -947.204435173799  927.262616564328
1026000  -950.503281964935  928.174879674084
1027000  -949.442123296265  927.67135572266
1028000  -948.827461708953  931.921068439563
1029000  -950.00827383258  931.275332714473
1030000  -948.506344076144  932.448442199776
1031000  -951.039418579222  932.063351616623
1032000  -948.117154211023  930.960034657053
1033000  -951.078095119032  933.334720794598
1034000  -955.543444200466  933.907186951623
1035000  -953.583091279688  938.309647423954
1036000  -954.700185822958  938.866549604891
1037000  -956.897745371981  940.725596676013
1038000  -958.050167337439  939.928731716636
1039000  -959.091547006489  942.714799477486
1040000  -956.654889415832  940.763280544078
1041000  -962.13675884791  940.570842455477
1042000  -961.24704807687  944.405188423375
1043000  -960.939374506403  940.727226601048
1044000  -961.084718309808  945.923391669283
1045000  -962.151148159698  946.239922201127
1046000  -961.692660087131  946.16230748904
1047000  -964.602147923562  947.205084531153
1048000  -963.634682895642  948.993983837921
1049000  -962.37593496078  949.841739397088
1050000  -963.519810401102  946.545314811085
1051000  -965.316522789932  950.786846515206
1052000  -967.34751188029  951.541911945922
1053000  -964.504941130231  950.319515492842
1054000  -964.886920583078  955.981171425495
1055000  -966.087430749599  953.296703769063
1056000  -970.217731436689  956.044153260196
1057000  -967.595585889918  953.723164268003
1058000  -971.400447350087  954.695948294583
1059000  -976.612081457155  953.964490635148
1060000  -975.356856610727  958.964723350248
1061000  -976.187603508519  953.67996647705
1062000  -977.716834273247  962.17179954707
1063000  -979.109130477797  957.919198156135
1064000  -974.941895846072  957.52065499304
1065000  -978.655684795301  963.73786346615
1066000  -985.72370453691  960.075992346682
1067000  -985.327039523706  961.375802014127
1068000  -986.309615106947  962.639814781464
1069000  -987.165036411093  963.857076620343
1070000  -985.986956239289  964.806106411788
1071000  -987.053942456146  966.821346488998
1072000  -990.974986611627  970.692942848592
1073000  -990.698698236862  968.634939631941
1074000  -994.780451512084  968.563763615836
1075000  -997.469624626868  969.833494507855
1076000  -997.266059614226  970.415625112368
1077000  -995.460935150787  972.259599428436
1078000  -997.78084465758  974.700168464173
1079000  -1001.96081969239  973.020991245207
1080000  -998.516642017882  976.443768778982
1081000  -1001.35434750254  977.876553516269
1082000  -1000.47946063293  979.646343605905
1083000  -1000.78469266021  980.772948687386
1084000  -1003.96795906343  980.011867418406
1085000  -1008.97905878644  980.534163704269
1086000  -1005.81186165689  980.596838143644
1087000  -1007.3047201454  981.128359568832
1088000  -1009.05667436426  984.076255243672
1089000  -1011.92205178817  985.330080275355
1090000  -1011.09215773671  984.911524660043
1091000  -1012.47026154684  986.759586261449
1092000  -1010.59232486243  989.184883854937
1093000  -1011.83789684062  986.829380368429
1094000  -1014.01048806928  992.355332662864
1095000  -1014.60271370159  990.194955248634
1096000  -1014.35968827133  989.082641394636
1097000  -1015.51014919985  992.024821401054
1098000  -1019.36334860809  993.961847944131
1099000  -1016.74405221525  995.841934783823
1100000  -1020.5918842521  994.480836467906
1101000  -1019.86021070467  998.512512214424
1102000  -1016.04669959656  1002.43824330997
1103000  -1020.75783650886  1005.23551094341
1104000  -1019.82324948157  1001.92813308718
1105000  -1022.62350393777  1003.52071631394
1106000  -1020.23889657157  1003.96873179632
1107000  -1024.11913899024  1005.20306719062
1108000  -1022.76275225881  1008.27470071056
1109000  -1022.81872220376  1009.94967223227
1110000  -1025.19125540904  1009.31747793543
1111000  -1027.2515467997  1009.87553867507
1112000  -1025.13077032002  1012.779871218
1113000  -1027.2540934981  1012.07008757285
1114000  -1029.65409034481  1010.15457048837
1115000  -1030.77647250007  1013.82858937039
1116000  -1032.73006997245  1014.29189816133
1117000  -1029.25334016137  1018.10834704309
1118000  -1031.35477235911  1016.41290971633
1119000  -1031.48219347971  1018.69965642478
1120000  -1029.01172012468  1021.33121783804
1121000  -1035.42639951873  1023.08422919837
1122000  -1032.08678814187  1027.45298740289
1123000  -1037.13890845521  1024.70485485415
1124000  -1034.00401506316  1027.12542956039
1125000  -1031.69892096835  1025.60056161785
1126000  -1035.97436018764  1025.55617058932
1127000  -1033.6478985164  1028.82192955794
1128000  -1032.47270974649  1031.120781907
1129000  -1037.26667449577  1029.6283124915
1130000  -1036.82464050864  1028.29436217064
1131000  -1039.44839332589  1029.79701609491
1132000  -1041.05830556654  1031.03540215095
1133000  -1040.9209783724  1031.92517997813
1134000  -1041.00136993601  1032.14441451848
1135000  -1042.49185896692  1033.43279430274
1136000  -1045.20260694415  1035.02002766298
1137000  -1045.21168800647  1032.76421968439
1138000  -1047.74559631743  1034.16307266325
1139000  -1045.31537998831  1034.25317597262
1140000  -1050.56725606027  1038.58530447861
1141000  -1052.39581691083  1039.14708713188
1142000  -1052.51602765464  1037.89383542954
1143000  -1050.02987387264  1039.02328499593
1144000  -1053.59910912513  1038.17496219639
1145000  -1052.91055969225  1042.47813196907
1146000  -1055.21709339465  1040.41992470406
1147000  -1055.18813189384  1047.35853482365
1148000  -1053.70229069449  1046.23219838188
1149000  -1056.7560072763  1049.9939966016
1150000  -1056.3555746056  1050.02629762788
1151000  -1060.90424117413  1049.60339891416
1152000  -1060.86388521776  1051.70250052276
1153000  -1060.5906663734  1054.96180803151
1154000  -1061.41442054693  1054.2617981905
1155000  -1061.27719974541  1059.48016559749
1156000  -1063.06068959348  1059.80730379276
1157000  -1063.86411724496  1061.90390636762
1158000  -1063.76901351345  1060.34885840364
1159000  -1063.8871082065  1060.88454180508
1160000  -1063.01038460649  1063.12871604137
1161000  -1065.65843381227  1062.40706176036
1162000  -1068.50120538137  1065.30702919582
1163000  -1071.74275790654  1068.59312235048
1164000  -1072.95405557648  1068.25474206018
1165000  -1069.26541701899  1067.55632569363
1166000  -1072.14353599697  1068.96139028554
1167000  -1072.85726534814  1070.95994185367
1168000  -1075.3397885769  1070.52033833937
1169000  -1074.69331373922  1070.12125969048
1170000  -1078.72697164173  1070.62167195877
1171000  -1080.75186502128  1076.1836323725
1172000  -1079.99715929084  1072.41219793048
1173000  -1080.58731141672  1075.10174215721
1174000  -1082.92620959205  1075.96761638594
1175000  -1082.67817031031  1078.13855499255
1176000  -1084.84697976085  1076.29783180905
1177000  -1085.76120972354  1076.93662697367
1178000  -1088.26976158661  1079.10452657352
1179000  -1084.12218086555  1076.10057526323
1180000  -1084.75411841848  1079.71763592214
1181000  -1090.19518837957  1077.83418754446
1182000  -1088.41740176766  1080.77385111704
1183000  -1089.62021553412  1080.62344983307
1184000  -1094.08531698731  1081.50497895115
1185000  -1092.82133539088  1080.66108032873
1186000  -1093.18899467635  1082.7276224515
1187000  -1097.41936570601  1084.74135272731
1188000  -1097.20733933548  1087.64281162533
1189000  -1101.4874141922  1086.65076245849
1190000  -1101.66356452924  1085.10322329944
1191000  -1103.02766808809  1087.07891898978
1192000  -1099.44758144899  1088.39414681449
1193000  -1105.51049185551  1096.50508727214
1194000  -1100.72711118147  1092.38041688239
1195000  -1103.00769315568  1094.61211313393
1196000  -1103.62991702003  1096.74466789225
1197000  -1102.09805456358  1096.10157979682
1198000  -1106.80395266043  1097.39520280357
1199000  -1107.44186041758  1098.04114971629
1200000  -1110.73311573877  1096.24151098631
1201000  -1107.64900226742  1099.17859089053
1202000  -1109.74909197512  1100.26033314741
1203000  -1110.12279765333  1100.44575983587
1204000  -1110.16371795904  1100.94036843093
1205000  -1110.58964620444  1100.53933451633
1206000  -1111.75109193611  1103.29611343191
1207000  -1112.5181203872  1103.62573600749
1208000  -1112.77443330754  1105.09047021412
1209000  -1112.09429447371  1105.07517134868
1210000  -1116.9654925155  1101.58878378335
1211000  -1115.80147497632  1103.99971517207
1212000  -1115.0177360488  1107.315583712
1213000  -1112.94138356433  1104.03420393799
1214000  -1116.08005832556  1107.84335752579
1215000  -1115.5957539634  1108.20141284066
1216000  -1119.80190354105  1107.88223603131
1217000  -1121.65065119761  1111.70171914856
1218000  -1120.49892112637  1109.2274669585
1219000  -1121.75294315784  1107.97828516186
1220000  -1125.22143356541  1108.02246319846
1221000  -1123.7198934609  1110.03002825956
1222000  -1124.9299246603  1110.01350863208
1223000  -1123.32469523929  1111.78240998255
1224000  -1128.98599967187  1111.26172176909
1225000  -1130.63776971734  1112.25542802066
1226000  -1129.79352140702  1114.07784269745
1227000  -1133.80064708979  1117.84321345424
1228000  -1135.29892701346  1118.3372217895
1229000  -1132.83047453496  1121.53643807576
1230000  -1134.8267193328  1119.10015131288
1231000  -1135.44670211427  1123.52766024295
1232000  -1137.08651821313  1123.41267644654
1233000  -1135.20317005008  1124.64242969184
1234000  -1137.40135598264  1124.06827238921
1235000  -1139.4333014409  1122.28438334981
1236000  -1139.67524083702  1127.58994728044
1237000  -1138.3666276501  1127.22692915842
1238000  -1144.28637919977  1127.70941802975
1239000  -1144.24208486522  1125.53259575418
1240000  -1150.70550803496  1128.63817752229
1241000  -1151.09954238239  1130.9243736882
1242000  -1151.7984495855  1126.2754405362
1243000  -1152.80948762537  1129.79269413406
1244000  -1154.91039363469  1130.85787220029
1245000  -1151.86294541759  1134.28364491973
1246000  -1152.99444413094  1135.5673343031
1247000  -1156.56623321696  1135.34054123824
1248000  -1150.82433755157  1134.94572157364
1249000  -1157.69592927479  1133.90314704378
1250000  -1155.36619711741  1134.92409042621
1251000  -1153.01157683349  1135.06904698278
1252000  -1153.25657595205  1136.93832805477
1253000  -1153.48587411306  1139.61750267862
1254000  -1154.92201118203  1141.1132853264
1255000  -1155.66150471459  1144.51398038766
1256000  -1160.6862830946  1143.40788560826
1257000  -1163.08135033264  1147.37882769853
1258000  -1161.27786105833  1145.40816212249
1259000  -1163.05141312426  1150.34722638193
1260000  -1166.07046007059  1148.14385403998
1261000  -1168.82755162923  1150.50744808056
1262000  -1169.32214621649  1153.20829249589
1263000  -1170.97708170664  1151.99698076757
1264000  -1171.57606460566  1154.10542992012
1265000  -1167.99281900067  1154.2579373222
1266000  -1171.99112807236  1155.53281632523
1267000  -1175.12903554622  1157.01631516234
1268000  -1175.15846362335  1155.58276045863
1269000  -1174.00453014206  1157.77367160885
1270000  -1175.80630236364  1161.76148433983
1271000  -1178.76852476111  1158.93791800849
1272000  -1177.48517784132  1162.5560956611
1273000  -1177.96759070689  1164.06078755982
1274000  -1180.17854567333  1165.79647943827
1275000  -1185.0434799394  1164.5598396174
1276000  -1185.59578724554  1165.49826831864
1277000  -1186.07820670952  1169.26971817693
1278000  -1188.04862742031  1167.73669770827
1279000  -1189.95817476582  1166.86899259763
1280000  -1190.44857957277  1169.89500929219
1281000  -1190.56104771095  1169.12189338427
1282000  -1192.86824255198  1170.44028636624
1283000  -1191.7642753572  1169.97380155784
1284000  -1193.21899943089  1174.6640947332
1285000  -1192.78888395634  1175.31743416562
1286000  -1197.17657987003  1175.45510670708
1287000  -1197.61176135223  1179.56424619197
1288000  -1196.27751975222  1175.4559400589
1289000  -1195.17175752843  1179.34247776077
1290000  -1203.14991395558  1180.2127225414
1291000  -1204.24526986371  1181.9088201548
1292000  -1200.76496049542  1181.91066965279
1293000  -1200.0735416932  1183.12863230273
1294000  -1201.53235289472  1187.39883161889
1295000  -1202.50216118648  1187.15779921323
1296000  -1202.39404401278  1188.3703401831
1297000  -1204.56604729066  1188.81625349018
1298000  -1205.19063383452  1187.95211458035
1299000  -1206.04233766082  1191.04019630434
1300000  -1204.883831175  1192.29863497004
1301000  -1207.0948616471  1195.34598034398
1302000  -1211.39219530921  1198.27517801198
1303000  -1212.98222998091  1198.27446807443
1304000  -1209.60142090608  1199.36789993434
1305000  -1211.98589519282  1203.8449335439
1306000  -1211.76793474085  1204.88936398749
1307000  -1212.36417299988  1205.71765035829
1308000  -1213.44496618587  1204.36232626476
1309000  -1220.24325309786  1205.32946333848
1310000  -1219.74422398207  1208.83752608663
1311000  -1218.13067565805  1208.94041045212
1312000  -1221.43966206752  1210.54598258952
1313000  -1223.92239096039  1211.09630011934
1314000  -1225.7951731047  1216.0700280654
1315000  -1224.32375768757  1214.23322964657
1316000  -1226.88809566428  1216.92102708425
1317000  -1227.49081699268  1215.19926431679
1318000  -1227.25658208999  1214.4022346491
1319000  -1227.33749464111  1216.06318948596
1320000  -1231.18392464094  1216.08997856436
1321000  -1231.98900662224  1219.52436480576
1322000  -1230.17071546192  1221.62545331715
1323000  -1232.82270488397  1222.25239122877
1324000  -1236.41831235972  1221.58001678549
1325000  -1238.00226532027  1221.8162411059
1326000  -1239.48883990445  1222.64496058312
1327000  -1236.77970201176  1225.34937732977
1328000  -1239.06600436099  1223.90515322461
1329000  -1238.07272723627  1228.59887424575
1330000  -1238.32594049311  1228.5663645853
1331000  -1243.05111180209  1230.00967179553
1332000  -1243.91943267271  1230.23449083623
1333000  -1241.15145183988  1233.61973907087
1334000  -1243.96100233502  1236.88524286412
1335000  -1242.3308565091  1236.40511044287
1336000  -1245.732981361  1234.44086168545
1337000  -1244.55875274507  1237.91069212401
1338000  -1247.65454029138  1238.98163315315
1339000  -1245.69067993591  1236.66744949415
1340000  -1248.41287559121  1237.19415355807
1341000  -1249.25064235346  1237.87306897977
1342000  -1251.83346979616  1243.44869527791
1343000  -1250.99731766843  1243.07592325611
1344000  -1249.96325233229  1242.60707969942
1345000  -1247.69989318369  1246.07597791838
1346000  -1251.36223437684  1245.56565992613
1347000  -1253.30698143771  1242.79458953703
1348000  -1256.23634157443  1245.03519057418
1349000  -1249.64928709425  1244.46923365048
1350000  -1255.19406801247  1248.37809238035
1351000  -1255.50448958354  1248.0653826853
1352000  -1255.4832736621  1250.53661347257
1353000  -1258.67862628398  1251.30793989964
1354000  -1259.26921160766  1252.91884482208
1355000  -1255.70930181255  1252.61988907673
1356000  -1260.95368131049  1251.7308119382
1357000  -1263.22728282812  1253.244926418
1358000  -1266.85850101206  1255.62255020922
1359000  -1265.33175232011  1259.31243566176
1360000  -1272.07266254329  1257.02792116087
1361000  -1268.44271009424  1257.84146712406
1362000  -1268.15762824009  1260.5578041494
1363000  -1272.89265864221  1258.77176751531
1364000  -1270.69887603373  1262.67670785409
1365000  -1272.737924453  1261.7633240771
1366000  -1272.2817515544  1264.05207316445
1367000  -1270.30594423178  1261.56606721777
1368000  -1278.07392156662  1264.55449936725
1369000  -1277.11286592082  1263.78777195841
1370000  -1277.1054088639  1265.56511554349
1371000  -1277.63581613444  1262.83436787833
1372000  -1278.00814169665  1265.61750786912
1373000  -1281.03524630522  1264.86100969198
1374000  -1278.73201040109  1265.69449236687
1375000  -1284.56131705415  1265.15962265061
1376000  -1281.20246809273  1266.69445780816
1377000  -1286.62220596436  1269.81741069805
1378000  -1280.61628121406  1271.78481567296
1379000  -1283.05395846299  1271.67557578429
1380000  -1289.89002916092  1274.67733404764
1381000  -1283.93653010612  1274.42041563206
1382000  -1283.92882953299  1270.98394811777
1383000  -1288.78228256767  1274.14294644339
1384000  -1286.42352585758  1275.42136762593
1385000  -1288.81651966102  1275.90064635519
1386000  -1288.79480538162  1278.06473912824
1387000  -1288.13021276586  1278.04949697771
1388000  -1287.8823387393  1280.60830661803
1389000  -1286.83951418286  1281.15113215655
1390000  -1290.26081420342  1285.19785528251
1391000  -1289.99532114216  1284.42243311534
1392000  -1288.52790009554  1283.15894685443
1393000  -1292.39958937402  1289.06794096838
1394000  -1290.5263666528  1288.16596008892
1395000  -1292.31876367628  1288.7979397029
1396000  -1292.28483784535  1289.62825656734
1397000  -1294.69049916746  1293.59062487599
1398000  -1296.96884609835  1292.02383014362
1399000  -1298.19122635701  1291.38920614765
1400000  -1297.86000324275  1291.11501100602
1401000  -1295.16585523758  1290.76464794468
1402000  -1296.58132338501  1295.15023777738
1403000  -1298.93195384956  1299.0789173781
1404000  -1298.71260316915  1298.4871459517
1405000  -1302.33901454886  1298.90750528596
1406000  -1304.32051718198  1295.89266816727
1407000  -1304.16033484038  1300.8286243426
1408000  -1307.1320251407  1303.69703162556
1409000  -1307.48620310102  1304.45410529606
1410000  -1309.78698169498  1305.87369804474
1411000  -1309.99449830116  1305.36979528343
1412000  -1313.40509623268  1303.9841873021
1413000  -1313.05819704763  1308.03990960237
1414000  -1316.15618159239  1305.9619851596
1415000  -1313.34973219268  1310.31461914848
1416000  -1311.38158766148  1311.71648808912
1417000  -1314.54589142381  1311.99925540242
1418000  -1315.83540495603  1313.5280439988
1419000  -1315.91354290285  1311.40122353673
1420000  -1314.54792206431  1314.21856954032
1421000  -1320.16381823529  1316.84694089299
1422000  -1318.0102668985  1317.47378910632
1423000  -1319.33272269074  1319.09654708972
1424000  -1314.63694795373  1318.97391258006
1425000  -1318.63867861085  1318.44426242043
1426000  -1322.02824372206  1322.99279361759
1427000  -1324.67036149109  1324.25410562155
1428000  -1322.91919217596  1324.64602561879
1429000  -1325.74326150337  1327.33870490136
1430000  -1324.22315162094  1329.73993250326
1431000  -1324.86401982031  1329.20814037829
1432000  -1324.72540259122  1327.95256723541
1433000  -1326.99182214473  1330.57365325325
1434000  -1328.07626533619  1328.90112725129
1435000  -1329.23730818298  1330.93825318474
1436000  -1327.06756489459  1332.02903597707
1437000  -1329.7280263918  1331.54452291486
1438000  -1331.38431131228  1334.01203692797
1439000  -1332.66064113454  1333.66466691982
1440000  -1331.22716105439  1335.62499968178
1441000  -1333.10672528512  1335.39812085231
1442000  -1332.56069873805  1341.08593670759
1443000  -1337.00638544106  1337.84677115245
1444000  -1336.79478886889  1340.67603535484
1445000  -1336.29037551132  1337.16108439791
1446000  -1336.0370039743  1338.10239864359
1447000  -1337.09860676793  1336.98663118422
1448000  -1340.72510817637  1338.20342713701
1449000  -1339.59419430851  1342.79260603654
1450000  -1342.19107033718  1343.04105142097
1451000  -1344.83186203852  1342.36958898268
1452000  -1342.4034234788  1342.09182733667
1453000  -1346.58996823891  1344.48446954728
1454000  -1345.48309332114  1345.31188960072
1455000  -1347.15365218937  1347.4344667379
1456000  -1348.46392620214  1346.18036779649
1457000  -1348.64982905954  1347.21497449431
1458000  -1350.21756393858  1350.01169339658
1459000  -1351.58394502253  1351.71060589778
1460000  -1351.81316354741  1351.14440043433
1461000  -1351.8749630627  1351.56197965238
1462000  -1354.27861102781  1352.61165731727
1463000  -1354.38913021418  1355.00368652144
1464000  -1355.78347097323  1355.71644563098
1465000  -1357.08319885492  1350.12925304295
1466000  -1361.44102467399  1357.21341157395
1467000  -1361.35055014113  1357.92446198633
1468000  -1360.43962018255  1359.05394051615
1469000  -1363.57921820476  1360.63679117106
1470000  -1364.11084148795  1361.40975277092
1471000  -1366.3175177671  1363.10092240051
1472000  -1362.31222594987  1363.7879827859
1473000  -1363.12174150307  1364.36441644376
1474000  -1366.3134098295  1368.80919694388
1475000  -1368.67668083095  1365.96957738876
1476000  -1366.11459754034  1366.80378168919
1477000  -1367.79778141515  1367.69679401127
1478000  -1370.07306942046  1368.72413973508
1479000  -1368.96531208722  1369.82211138532
1480000  -1369.66683068767  1370.87170383653
1481000  -1371.73293804253  1367.94780124941
1482000  -1373.39406407489  1369.3279841569
1483000  -1372.46574462119  1370.33438137611
1484000  -1371.85888707893  1371.55749286073
1485000  -1371.4710519824  1374.64603963855
1486000  -1369.83532278078  1373.40021553256
1487000  -1374.26685544851  1374.82331841881
1488000  -1368.65338214262  1375.48186660841
1489000  -1374.26535572036  1375.67813754781
1490000  -1377.39096228448  1378.6884944141
1491000  -1375.58904830644  1381.57503361903
1492000  -1376.85809558375  1384.14267001772
1493000  -1378.74315427298  1384.19100405121
1494000  -1380.87648813275  1383.45125986001
1495000  -1384.13006211885  1387.59989701721
1496000  -1385.75393865798  1387.77048147256
1497000  -1386.62065084709  1386.83852158788
1498000  -1389.88850547489  1386.11973317576
1499000  -1391.54176674115  1385.66953861369
1500000  -1393.93763137362  1390.30369887641
1501000  -1395.52555538764  1391.05707920264
1502000  -1396.83223695741  1392.03175915327
1503000  -1397.41246978448  1391.88031310247
1504000  -1399.60923308719  1391.36634506668
1505000  -1400.03628544087  1394.32265956958
1506000  -1403.30498680601  1399.65069789131
1507000  -1403.49561060527  1397.34869446131
1508000  -1409.55427038833  1399.5356839836
1509000  -1409.42169645408  1400.88020752952
1510000  -1410.49970482347  1402.80972924266
1511000  -1409.06097649777  1403.00846394709
1512000  -1408.90985773836  1405.92881136125
1513000  -1410.3419147532  1408.55446905254
1514000  -1409.07736502619  1405.39051159699
1515000  -1413.4511046043  1408.02792922279
1516000  -1413.37226465023  1415.85177758294
1517000  -1413.42635735202  1414.54001142564
1518000  -1413.34002554644  1413.89191393479
1519000  -1414.75650775047  1416.80820556434
1520000  -1415.2283168218  1417.00043031334
1521000  -1417.24520926664  1416.12489105828
1522000  -1415.38919050024  1418.36277087127
1523000  -1419.42402621611  1416.81941906397
1524000  -1418.86962638209  1421.18044770704
1525000  -1422.95917480191  1420.43435461984
1526000  -1419.63842011095  1419.17971217072
1527000  -1424.00510770029  1421.16450365289
1528000  -1422.70549650215  1423.49664746982
1529000  -1422.86113195539  1423.59999240088
1530000  -1427.76638071815  1427.01472173877
1531000  -1426.43240239637  1426.97843581103
1532000  -1427.85899338223  1428.88912239415
1533000  -1428.61733726942  1431.44393611144
1534000  -1430.74827786259  1429.13309122674
1535000  -1428.24955418387  1430.47493172248
1536000  -1429.26580970967  1433.89071216369
1537000  -1436.04775077103  1430.97413098758
1538000  -1433.33506192947  1430.4383552427
1539000  -1437.73391959174  1430.48603640795
1540000  -1434.78153282085  1433.04560292598
1541000  -1438.41584425653  1433.43792946302
1542000  -1440.68663570589  1432.92832228764
1543000  -1446.25552593378  1431.95666932978
1544000  -1441.66510551982  1432.71962614639
1545000  -1444.71990795398  1435.88742817259
1546000  -1445.4844672443  1437.27741493093
1547000  -1447.80919974968  1436.69488161823
1548000  -1447.01164774908  1439.54604013777
1549000  -1449.63094777062  1439.49088863287
1550000  -1453.37514312252  1440.9727135372
1551000  -1448.31398390504  1443.22360598782
1552000  -1453.63326222416  1444.10515089527
1553000  -1455.79988275979  1443.31207336952
1554000  -1455.6248383252  1447.09892201464
1555000  -1455.3323073814  1444.38340724413
1556000  -1459.11970314213  1447.99334042588
1557000  -1456.4358111081  1445.44847269304
1558000  -1458.22908773049  1448.72271886812
1559000  -1459.6207874511  1448.45965486447
1560000  -1462.74823510383  1449.82753942296
1561000  -1463.44704010062  1452.0084617581
1562000  -1462.32062610493  1453.21232935967
1563000  -1465.45153440212  1454.32177075123
1564000  -1462.84561157217  1453.34534106577
1565000  -1463.43633839443  1454.60773559
1566000  -1465.9950888295  1455.79837647449
1567000  -1467.51113464859  1454.88150122074
1568000  -1468.33148205094  1457.57092211972
1569000  -1468.20813907921  1456.42998373138
1570000  -1468.06364001816  1459.35302667539
1571000  -1471.50490607564  1459.95724393339
1572000  -1474.75775385234  1461.39775508266
1573000  -1469.40455161597  1462.10090618912
1574000  -1474.17792586822  1464.86632318585
1575000  -1471.73942522004  1465.07858218325
1576000  -1473.05714677604  1468.96821778135
1577000  -1476.1676643089  1468.58501115426
1578000  -1475.58515542704  1471.71432470254
1579000  -1473.64419235485  1469.72373244134
1580000  -1474.89731532342  1469.33970320462
1581000  -1475.83316993824  1470.34909712826
1582000  -1474.99584530751  1471.6137307394
1583000  -1477.62879418147  1471.03805663811
1584000  -1476.36739633721  1470.48253201704
1585000  -1479.09329066213  1475.77781232232
1586000  -1479.71284572802  1474.37625266196
1587000  -1482.38921287727  1473.53307421332
1588000  -1480.27317726057  1474.99751866445
1589000  -1484.15689554684  1477.45801356669
1590000  -1486.22207193014  1477.04724125829
1591000  -1481.18886497197  1478.24058527558
1592000  -1483.33505242035  1477.62684666354
1593000  -1481.95851676551  1479.41572026264
1594000  -1484.14954386174  1479.62349925381
1595000  -1489.10988907501  1482.65148868072
1596000  -1488.3019725644  1482.48768263765
1597000  -1489.8183199474  1481.5257161726
1598000  -1487.73948225632  1483.17661760983
1599000  -1490.81672858073  1486.12706363134
1600000  -1486.02839327643  1485.74800510599
1601000  -1488.70045286608  1485.46740936712
1602000  -1491.7517884785  1483.19256294326
1603000  -1493.11034511919  1487.21266833896
1604000  -1496.39469876194  1485.53206076896
1605000  -1494.9088926682  1488.97286021768
1606000  -1498.01596908641  1489.2530150031
1607000  -1496.41876103839  1488.14489795841
1608000  -1497.21807341196  1488.53716070582
1609000  -1497.95688100211  1486.71703349724
1610000  -1498.07130892728  1489.90734191453
1611000  -1504.95350670249  1491.21756870482
1612000  -1502.34971638188  1488.18336633903
1613000  -1506.81288813849  1491.29116113283
1614000  -1504.610020003  1492.0654900203
1615000  -1509.0492865724  1495.09071951605
1616000  -1506.45055821163  1494.65630435424
1617000  -1506.93712723594  1494.83896859763
1618000  -1512.81794778716  1491.31917408341
1619000  -1512.38712531541  1492.67475388415
1620000  -1514.18806283367  1492.07536514614
1621000  -1513.68619169417  1494.16771008306
1622000  -1515.85280428671  1497.39932634677
1623000  -1514.08632553528  1500.80547099171
1624000  -1516.22388050207  1498.75429402999
1625000  -1514.88745619  1501.24576690131
1626000  -1517.60939391933  1499.7473496824
1627000  -1518.49469474376  1500.61966142537
1628000  -1518.58022479852  1505.47531288816
1629000  -1516.97804259519  1507.133600349
1630000  -1523.58395519914  1509.29213682761
1631000  -1520.24147834695  1508.03063528451
1632000  -1521.07017843392  1511.3465777894
1633000  -1521.09073545511  1511.51954689638
1634000  -1521.42258112488  1508.23808579536
1635000  -1523.12414879437  1511.53406004698
1636000  -1522.24614342531  1512.01030196764
1637000  -1521.28719859918  1513.53550035237
1638000  -1527.2970667305  1512.31117544546
1639000  -1526.22152582062  1509.13920265919
1640000  -1526.65320936058  1509.92022135864
1641000  -1528.88164554528  1510.82756302057
1642000  -1529.61978902104  1513.34844661937
1643000  -1530.29989664061  1511.83023700462
1644000  -1532.50153641404  1512.19817879226
1645000  -1529.16732111201  1518.14160306005
1646000  -1532.99466087085  1516.46084767842
1647000  -1534.00498467994  1520.00248800163
1648000  -1532.71983051262  1516.83694039326
1649000  -1537.28298830366  1517.77210246926
1650000  -1538.06273696654  1518.92632478339
1651000  -1535.76754969582  1518.05527535818
1652000  -1538.52853593632  1519.9962940537
1653000  -1539.83882363682  1516.52415073684
1654000  -1539.21670261674  1518.38147166459
1655000  -1543.91382124448  1523.23258475668
1656000  -1545.30547339371  1519.40701945527
1657000  -1540.71305527877  1525.66061334116
1658000  -1542.08320420326  1526.88705745314
1659000  -1546.97740549208  1529.17278621877
1660000  -1547.57129114667  1529.32390103193
1661000  -1547.56115613107  1528.0246623456
1662000  -1549.08142312635  1531.33362215886
1663000  -1547.51482909048  1532.02200839135
1664000  -1549.29779717908  1529.95301841614
1665000  -1547.68004917438  1535.31614055327
1666000  -1548.85532867582  1532.68992350323
1667000  -1555.05601330175  1536.33939145916
1668000  -1554.75684017793  1538.04853529454
1669000  -1554.14511989786  1537.33633589989
1670000  -1553.96114369511  1537.24129123662
1671000  -1556.07040960657  1539.24653246212
1672000  -1557.78113420202  1544.14604796185
1673000  -1557.23823632342  1544.38751741625
1674000  -1557.07311944822  1546.26064572949
1675000  -1559.52545193298  1547.02919025743
1676000  -1562.38254128544  1548.2022314971
1677000  -1560.56877853288  1549.83456206469
1678000  -1565.90634835543  1554.82247910011
1679000  -1561.58022817308  1552.65267977854
1680000  -1563.93117625908  1552.92432933656
1681000  -1567.77699294104  1552.92902953935
1682000  -1566.98537370178  1553.83631688206
1683000  -1572.32966767795  1550.22149098789
1684000  -1569.35399576645  1553.29604806701
1685000  -1566.26816293728  1552.23460934621
1686000  -1571.20374333564  1554.46503435718
1687000  -1572.82552718202  1558.25789031626
1688000  -1575.47475178651  1561.47264626377
1689000  -1579.49877916516  1556.87472232048
1690000  -1575.55173184622  1558.19008947323
1691000  -1580.55006638347  1564.3884741563
1692000  -1580.62444555299  1563.03853402173
1693000  -1582.5725514859  1561.81406391919
1694000  -1581.24874326723  1563.3329029333
1695000  -1579.77505156838  1565.33788233054
1696000  -1582.20450276342  1567.85706329754
1697000  -1583.31001786766  1568.04208240959
1698000  -1584.95547193091  1567.1308397911
1699000  -1585.29497845569  1569.05585757182
1700000  -1584.86274681387  1569.47267634327
1701000  -1585.54248918987  1570.98008563821
1702000  -1586.87533587868  1567.5900610919
1703000  -1589.12062573576  1572.0718199223
1704000  -1589.65570179637  1573.76678923735
1705000  -1592.40666054381  1575.37593449291
1706000  -1592.19087057402  1576.09034423313
1707000  -1589.45446658546  1575.04468907657
1708000  -1595.44407434754  1574.60786889001
1709000  -1597.17924699538  1579.64050764907
1710000  -1596.89186669402  1577.6440195281
1711000  -1592.75293717537  1582.0241091074
1712000  -1594.2549995095  1582.33171429477
1713000  -1599.83203676078  1582.82802972455
1714000  -1601.64192713538  1582.56346104235
1715000  -1600.70832076209  1583.27337010594
1716000  -1597.71040671944  1584.47174918565
1717000  -1598.92425896674  1586.85672767254
1718000  -1599.94311034853  1587.58243253622
1719000  -1601.98218562891  1587.43868045631
1720000  -1602.02623826547  1590.8115423542
1721000  -1602.60280584054  1587.11664051667
1722000  -1606.84288030006  1591.57876929692
1723000  -1607.81018653373  1592.32149677418
1724000  -1607.07416741996  1595.97704807073
1725000  -1603.21887249169  1594.65029657612
1726000  -1605.02697084165  1599.96797286479
1727000  -1602.62658563388  1598.86800173147
1728000  -1604.50122052932  1596.81722282818
1729000  -1605.31803018197  1599.93421347688
1730000  -1604.4900194624  1596.60861319993
1731000  -1607.05226718599  1599.25205134295
1732000  -1607.79804358469  1599.5733196423
1733000  -1612.06435008303  1602.24922560766
1734000  -1613.33142221472  1604.25034181328
1735000  -1613.7412525144  1604.65908129679
1736000  -1616.82443559165  1603.99085281611
1737000  -1613.74855490006  1604.10639043935
1738000  -1613.68540725592  1605.72598467231
1739000  -1616.88676753635  1604.65264404423
1740000  -1614.99792520848  1609.84431146928
1741000  -1618.99630582861  1608.17372613716
1742000  -1622.66702064858  1606.44881302329
1743000  -1618.90488116359  1613.94601856854
1744000  -1622.17429613149  1610.80108767421
1745000  -1626.43004450411  1612.99114110641
1746000  -1626.16176193863  1613.749885369
1747000  -1629.01986811327  1610.48798128959
1748000  -1628.36373929329  1609.60086178919
1749000  -1631.59054251458  1616.45518633842
1750000  -1630.24911568145  1614.5907342611
1751000  -1630.39180871612  1615.63401137633
1752000  -1636.10984148194  1613.8066839594
1753000  -1635.15795726873  1614.46402953525
1754000  -1635.08498906572  1614.54324254164
1755000  -1634.50390300618  1618.56981047554
1756000  -1634.77601445783  1616.95980787604
1757000  -1639.14983202367  1619.71110586718
1758000  -1637.98496148936  1617.7276120626
1759000  -1639.39475390597  1621.2892683831
1760000  -1636.31304643299  1619.24670095167
1761000  -1640.04752207897  1620.95426535819
1762000  -1639.17349722131  1620.28319397213
1763000  -1638.65038794229  1620.36825806455
1764000  -1643.87212765205  1620.26832790624
1765000  -1643.00779237962  1617.87912298395
1766000  -1645.96026329759  1621.62383753086
1767000  -1645.10120367504  1623.72030311145
1768000  -1647.13304010782  1624.6917582906
1769000  -1646.98495105345  1624.09193334598
1770000  -1648.52783367212  1625.11758797058
1771000  -1645.36774502698  1631.05114049725
1772000  -1648.45099202845  1631.6253469714
1773000  -1647.94125006775  1629.15183390928
1774000  -1649.26526524049  1626.69693109544
1775000  -1648.31472762982  1631.49235075769
1776000  -1649.58055144774  1628.98829744313
1777000  -1646.94261312933  1626.76643647393
1778000  -1649.99875757869  1630.89673943739
1779000  -1651.36393589686  1634.77117199251
1780000  -1649.45884341671  1637.15480921433
1781000  -1648.76562487119  1638.46668468994
1782000  -1647.50761282648  1636.7037690282
1783000  -1651.65087873861  1639.95938588465
1784000  -1652.66331490718  1635.72219443548
1785000  -1652.80440989907  1638.07934619901
1786000  -1653.42388188786  1640.51613681546
1787000  -1654.60354283428  1641.27800767573
1788000  -1653.68663522048  1645.07500270323
1789000  -1655.07514098987  1641.6354928158
1790000  -1656.3966319928  1646.19637726561
1791000  -1653.1360645992  1648.53555883055
1792000  -1655.28746928741  1648.51031656323
1793000  -1654.72103086964  1649.76919746852
1794000  -1655.78443942459  1651.72279054348
1795000  -1658.37711732019  1653.41381727661
1796000  -1657.70220343245  1655.51516996078
1797000  -1659.3650870501  1654.38378493096
1798000  -1657.6090873114  1656.2193129633
1799000  -1662.99323007299  1656.73612335366
1800000  -1659.46125194155  1655.83172450657
1801000  -1663.76449312519  1657.89035675155
1802000  -1661.81486345441  1655.78171908958
1803000  -1663.18832885951  1659.41209111532
1804000  -1664.49216606779  1660.49515749965
1805000  -1666.03845894452  1663.4679718628
1806000  -1667.69422026307  1660.04891427367
1807000  -1669.1354438104  1663.40354549391
1808000  -1667.05640355002  1665.0333204696
1809000  -1668.81073539595  1664.85077026762
1810000  -1669.94185391895  1666.09676932274
1811000  -1670.81912576893  1667.36081677746
1812000  -1673.33576686051  1667.12534451572
1813000  -1670.98246424766  1669.5322387277
1814000  -1673.92248484869  1671.86866757476
1815000  -1676.68086566503  1669.02833410377
1816000  -1671.32258827082  1670.24045731831
1817000  -1675.02537773564  1666.70483401033
1818000  -1677.75909004685  1671.07607114358
1819000  -1679.31522607805  1669.80350283104
1820000  -1680.41282679252  1672.4527228031
1821000  -1680.03639287201  1676.1824162747
1822000  -1681.19051238814  1673.65195337643
1823000  -1680.80529548038  1672.74886475068
1824000  -1682.18095726348  1675.10677320519
1825000  -1684.09633050663  1675.15878186092
1826000  -1686.58547181416  1679.58594834674
1827000  -1686.44103718262  1675.03710985767
1828000  -1689.60888837343  1678.3391770156
1829000  -1688.19952160597  1679.54222493086
1830000  -1689.68441396402  1678.7580078651
1831000  -1690.06074231882  1681.68233473943
1832000  -1688.58858445624  1682.17036158784
1833000  -1694.29478121589  1683.6670933027
1834000  -1692.20078800589  1683.70437562071
1835000  -1690.57955712507  1684.30427337289
1836000  -1692.12181527848  1684.9237316407
1837000  -1695.68926380891  1687.16505338328
1838000  -1695.06558860079  1686.62405941659
1839000  -1693.78160787739  1685.86193536953
1840000  -1692.44632644675  1687.67289776899
1841000  -1691.78504489934  1688.35871463118
1842000  -1693.64703560028  1690.3424537082
1843000  -1697.90824195157  1689.11025466314
1844000  -1697.57104691786  1688.8671158386
1845000  -1695.50136816871  1688.61651188621
1846000  -1697.43129265605  1691.90756760077
1847000  -1701.43405012005  1689.61588536462
1848000  -1697.36376523211  1692.25038801232
1849000  -1698.91492978969  1694.7151970915
1850000  -1699.78430073033  1694.93696040801
1851000  -1702.88234062932  1695.19108783919
1852000  -1702.38945702566  1693.33724691047
1853000  -1704.51428626389  1694.69530858913
1854000  -1707.20395988242  1698.77525975746
1855000  -1705.48908900107  1698.12226916345
1856000  -1712.45575881471  1697.92052048056
1857000  -1710.38852009652  1696.83844175615
1858000  -1715.39466822189  1699.32262536858
1859000  -1713.60662602947  1696.89999352299
1860000  -1712.42467847189  1703.55747102144
1861000  -1711.43552126448  1704.32615209419
1862000  -1716.56009998834  1704.68214911641
1863000  -1713.13636993715  1702.21787040317
1864000  -1715.4012200807  1705.39490123455
1865000  -1713.36134609842  1703.77742028203
1866000  -1715.90401379544  1703.95701066536
1867000  -1718.27637423153  1704.94146958178
1868000  -1715.65745597647  1703.4478816177
1869000  -1715.01569329625  1703.72625542843
1870000  -1718.41863570633  1704.12755523617
1871000  -1720.59984907214  1705.91990664285
1872000  -1720.51263764766  1708.13958642594
1873000  -1718.4998534965  1706.87840828164
1874000  -1718.78479842295  1709.77226429892
1875000  -1722.5627658015  1708.88906349796
1876000  -1723.58706790805  1711.57361277746
1877000  -1724.592335223  1708.99282126946
1878000  -1725.22273372361  1709.52882132945
1879000  -1730.22024411747  1710.00906618755
1880000  -1724.84497555617  1715.09726007949
1881000  -1729.58424302618  1716.24377688822
1882000  -1725.54758781307  1717.42908429572
1883000  -1728.62423743263  1717.29788780567
1884000  -1729.80438535452  1718.74433814922
1885000  -1729.66662939274  1721.82171575566
1886000  -1732.94814058164  1723.03458243868
1887000  -1734.68482125593  1722.67341186636
1888000  -1734.13667258562  1721.94352706456
1889000  -1736.2099625482  1725.77387315754
1890000  -1738.79871848227  1724.77500832341
1891000  -1739.31532954868  1728.53960419135
1892000  -1740.28570454492  1724.76997823001
1893000  -1741.40018125533  1726.8429590999
1894000  -1735.01612380887  1730.14122345156
1895000  -1739.75470685309  1729.01077275907
1896000  -1743.3591183656  1730.78772566332
1897000  -1742.8969170353  1734.57456449866
1898000  -1744.60208820907  1733.3672367132
1899000  -1743.78595982071  1731.80726115628
1900000  -1746.61248926438  1732.82677644841
1901000  -1746.62615476796  1735.52011955148
1902000  -1749.91675882202  1734.47852177588
1903000  -1745.59793818943  1736.77990183527
1904000  -1754.49799199041  1736.80858946196
1905000  -1752.74887069951  1738.22062500796
1906000  -1755.01095180785  1740.27328085344
1907000  -1755.21755832213  1739.97944217373
1908000  -1756.87822947315  1740.23212030853
1909000  -1757.03296981845  1742.44871996715
1910000  -1756.00077570134  1743.36935832131
1911000  -1759.86824870307  1741.5151914317
1912000  -1762.91912008445  1742.0650047573
1913000  -1760.82283239119  1743.08802568604
1914000  -1763.46683291501  1744.24910935279
1915000  -1763.39312215126  1744.34864742631
1916000  -1763.30179890981  1743.82131985104
1917000  -1766.43290294951  1747.86026757621
1918000  -1763.83132944953  1748.81879982448
1919000  -1767.46772306674  1750.56450119721
1920000  -1769.8930824951  1749.09493225619
1921000  -1767.6500617967  1750.30857679088
1922000  -1771.69016609176  1749.44899051336
1923000  -1772.28336386703  1748.8631181128
1924000  -1773.9497730487  1750.59180590129
1925000  -1778.26315236442  1752.98224491599
1926000  -1771.30647988193  1753.42138278419
1927000  -1773.07960006898  1753.00078766377
1928000  -1778.06838976648  1754.9149972533
1929000  -1774.24747287942  1754.46933186581
1930000  -1775.86702386251  1757.07615802562
1931000  -1778.69459199019  1753.96982362681
1932000  -1780.86351699579  1757.25321714556
1933000  -1779.81237142062  1758.03255990297
1934000  -1779.64559137949  1759.30529725811
1935000  -1781.16564288069  1759.12033881288
1936000  -1780.98834408352  1761.27592757506
1937000  -1782.38199549106  1762.24592935741
1938000  -1777.46575831448  1762.00015481482
1939000  -1781.04856509294  1764.31237548928
1940000  -1779.54752101525  1763.832867394
1941000  -1784.43652363222  1767.20747423701
1942000  -1781.30923451869  1765.1709918472
1943000  -1784.26274455279  1767.74522012678
1944000  -1780.27168940733  1766.99544383353
1945000  -1783.26402665022  1768.22617199362
1946000  -1784.57366023117  1770.17991613047
1947000  -1785.11627467572  1770.08443684875
1948000  -1784.48233431019  1770.23806992139
1949000  -1789.51524513208  1771.48762949777
1950000  -1788.1788919175  1774.51022729017
1951000  -1791.15759538767  1772.1164577829
1952000  -1790.32386031524  1774.78260414459
1953000  -1794.07198331159  1778.22237499318
1954000  -1791.50255938555  1775.98953444532
1955000  -1792.69216134823  1776.89402471263
1956000  -1792.28778422233  1778.2687433076
1957000  -1793.71169395641  1781.52810036747
1958000  -1792.84973188558  1784.15267077606
1959000  -1795.45831632589  1784.20384143744
1960000  -1796.34774893588  1782.92987311929
1961000  -1794.61112385195  1784.77693253894
1962000  -1797.41205410755  1788.00065336047
1963000  -1796.67788692602  1786.31430890761
1964000  -1799.62924286144  1788.90924795854
1965000  -1797.96843554794  1789.34893750643
1966000  -1797.84718409319  1791.02905763127
1967000  -1799.1866011894  1792.59811754828
1968000  -1798.94547950658  1789.41036624941
1969000  -1805.44270721561  1788.93303890838
1970000  -1806.98442952872  1788.64040396224
1971000  -1806.45585516144  1790.76904916486
1972000  -1808.44134577259  1795.57554254901
1973000  -1807.0747070151  1798.45685232117
1974000  -1812.19579727809  1800.05276738486
1975000  -1811.49055054551  1797.45958271189
1976000  -1814.97623706315  1798.56661577487
1977000  -1813.80375131976  1798.58551499122
1978000  -1811.7104032089  1802.83111571522
1979000  -1816.41738570597  1803.4627260178
1980000  -1816.3895661056  1805.94271921353
1981000  -1817.32485155447  1807.65527768828
1982000  -1822.58577150131  1808.72028379721
1983000  -1821.20287541486  1811.52758428122
1984000  -1821.13377234286  1810.05643714655
1985000  -1822.64037499693  1810.49033757728
1986000  -1820.86044451352  1811.60406042012
1987000  -1819.80333157811  1814.15149590703
1988000  -1823.62476650572  1816.53441765122
1989000  -1823.5603285809  1816.5882612689
1990000  -1823.6641604248  1820.83312348877
1991000  -1826.0959460989  1819.57526241041
1992000  -1828.72989046942  1819.62182458219
1993000  -1828.03670228742  1820.8770903198
1994000  -1829.5461565249  1821.50849605581
1995000  -1832.27294663661  1820.77791585363
1996000  -1830.55125446662  1828.11446611831
1997000  -1832.72948773473  1825.85299933225
1998000  -1832.21551946858  1827.3793100211
1999000  -1833.19393137576  1829.57078320212
2000000  -1832.56933554551  1831.16480087798
2001000  -1835.11413734124  1831.49194019326
2002000  -1836.21870922616  1832.9338350134
2003000  -1835.91281057509  1835.70376854244
2004000  -1835.49877443333  1835.89137466022
2005000  -1837.62240036443  1836.7982691876
2006000  -1838.58962925182  1838.65615039758
2007000  -1837.74304041362  1837.33747057687
2008000  -1840.91160259889  1839.06622593528
2009000  -1841.62940766711  1840.61092402906
2010000  -1845.66608944013  1840.97814805196
2011000  -1847.24131324726  1839.82777396527
2012000  -1846.32665462703  1842.04557811528
2013000  -1848.95854377472  1841.64861010444
2014000  -1848.65147997222  1843.02461959072
2015000  -1848.71235253405  1842.31367953982
2016000  -1849.32065050558  1845.40384487401
2017000  -1851.25787301414  1848.00156272112
2018000  -1851.87972410542  1850.12735605058
2019000  -1849.74697022954  1848.05782192188
2020000  -1854.8459495487  1852.20829541285
2021000  -1856.53255227031  1847.83594141074
2022000  -1856.1796855369  1852.05256810468
2023000  -1858.29749265962  1853.91127371617
2024000  -1859.63052535997  1854.58302522061
2025000  -1858.43233885873  1853.55850758214
2026000  -1861.47668282703  1856.48832403549
2027000  -1859.2654819093  1855.75508679364
2028000  -1861.16615409463  1858.42514721765
2029000  -1865.40129036571  1859.28710402444
2030000  -1863.85896152453  1860.16227167205
2031000  -1870.18313674193  1860.94991180631
2032000  -1867.52271193162  1863.01610813494
2033000  -1863.70291773436  1865.74460334072
2034000  -1866.64253413882  1865.12262554206
2035000  -1873.33417440199  1866.25978605963
2036000  -1869.89711011185  1867.76188672356
2037000  -1872.07671174125  1866.90513141815
2038000  -1871.16416003666  1868.83363178079
2039000  -1874.03116728551  1870.47933543688
2040000  -1874.95294327962  1870.62018751965
2041000  -1877.44306472996  1868.06126098024
2042000  -1877.8646992784  1872.56987541238
2043000  -1877.0427763127  1873.26709471616
2044000  -1879.14533950302  1872.41592665205
2045000  -1880.04918335092  1874.61987771288
2046000  -1880.072422879  1877.99031856133
2047000  -1878.97825645366  1874.09861447322
2048000  -1880.97962769172  1876.56549194606
2049000  -1881.0892879381  1875.01590890986
2050000  -1883.23730087421  1877.98809148421
2051000  -1880.25310594559  1873.16966867814
2052000  -1885.33689134513  1876.21038268705
2053000  -1881.56462219588  1876.897931337
2054000  -1884.47555974555  1880.83854948699
2055000  -1882.71556932301  1882.02926548587
2056000  -1885.23893687552  1880.60675754014
2057000  -1887.58006985641  1885.46041943522
2058000  -1890.01508681775  1885.74716159276
2059000  -1892.67925580418  1886.4252176554
2060000  -1889.12108426442  1887.89208865161
2061000  -1891.0430236505  1887.55190912036
2062000  -1891.08561042904  1887.89159250348
2063000  -1891.04411584279  1893.71177082098
2064000  -1891.99688070122  1893.46545463083
2065000  -1893.72403977393  1890.12049437169
2066000  -1894.01728646402  1889.61151111659
2067000  -1891.77561098842  1890.82195971928
2068000  -1892.94608643373  1897.30134156675
2069000  -1893.54472482996  1897.52488099378
2070000  -1896.55913811303  1898.74983861346
2071000  -1895.31872832202  1901.12554789957
2072000  -1898.2553743581  1898.83344661044
2073000  -1897.45117648811  1899.55055097463
2074000  -1898.64690293851  1904.84976496478
2075000  -1900.55592669214  1903.64211084757
2076000  -1904.98826194284  1905.65680608381
2077000  -1902.42716674259  1904.53783505349
2078000  -1905.56963041345  1906.99149428952
2079000  -1901.60713160185  1909.06151861707
2080000  -1903.93841306309  1911.81350587306
2081000  -1905.72645634161  1909.63079303628
2082000  -1905.40994401507  1909.69331719114
2083000  -1908.80657505184  1909.61983562109
2084000  -1912.82329793846  1914.34416475719
2085000  -1911.68939155015  1915.64800428333
2086000  -1912.63124148278  1914.19045165867
2087000  -1914.21339582254  1916.02582219736
2088000  -1913.90877943545  1914.45177566781
2089000  -1912.87257961913  1918.00916404284
2090000  -1915.41254643741  1916.13746842082
2091000  -1918.05302260361  1918.05402619032
2092000  -1917.68661180869  1919.92277410648
2093000  -1917.18980008431  1918.37031844254
2094000  -1918.45806767775  1914.10012274194
2095000  -1917.46047033627  1918.14206204434
2096000  -1915.35354432686  1917.70271216283
2097000  -1917.49134101125  1920.95319110752
2098000  -1918.13226980978  1921.60295399479
2099000  -1918.69077153001  1918.35725398761
2100000  -1918.1418518769  1923.55442532294
2101000  -1920.03248194071  1920.78674017688
2102000  -1922.36441297957  1919.837826653
2103000  -1922.06593601846  1928.13734539909
2104000  -1924.14524227611  1921.83373642901
2105000  -1924.6222114262  1924.91840290658
2106000  -1925.57983697883  1924.39262137276
2107000  -1925.99542729988  1926.81688193472
2108000  -1925.71081317894  1927.37247675686
2109000  -1930.51726751241  1927.23447817956
2110000  -1929.74733706367  1928.95427408408
2111000  -1930.56194194587  1931.53104475892
2112000  -1929.50386171421  1933.19565897904
2113000  -1929.26762393134  1931.31796923422
2114000  -1931.48562507573  1932.85031966607
2115000  -1933.66545216084  1933.6407048155
2116000  -1936.26265868116  1936.46630992062
2117000  -1938.10044117132  1933.05707191853
2118000  -1938.18665991188  1931.67178023259
2119000  -1936.01655983471  1931.9680852558
2120000  -1937.34389384417  1930.89544952612
2121000  -1936.48821400967  1932.63667156543
2122000  -1941.94948747999  1931.4663249233
2123000  -1942.99050931281  1933.01380584817
2124000  -1943.64931989875  1935.24568441149
2125000  -1945.03640651549  1936.38196109303
2126000  -1943.87077696667  1936.31333222717
2127000  -1946.23700697263  1937.26437742349
2128000  -1946.9548351145  1936.62285649584
2129000  -1945.58598321704  1940.03724163176
2130000  -1944.70999374557  1936.2816540016
2131000  -1949.17033079306  1938.26415437486
2132000  -1947.88533969164  1943.10477006041
2133000  -1951.35729700589  1940.11413657645
2134000  -1951.49664630283  1944.86157641203
2135000  -1954.20981665455  1943.98884656051
2136000  -1952.25972014002  1944.80790528393
2137000  -1953.78604260398  1946.98238754483
2138000  -1952.34029437355  1948.3442839858
2139000  -1953.3893059182  1946.55171606805
2140000  -1956.05306140452  1948.31639416441
2141000  -1955.45932343192  1948.19982165758
2142000  -1959.56967782728  1950.30936762848
2143000  -1956.89052073223  1949.41375308386
2144000  -1957.69567327034  1951.24947276588
2145000  -1959.62539320078  1953.55976862415
2146000  -1959.34648866943  1952.42660851221
2147000  -1962.47018865521  1952.62397714053
2148000  -1962.80397775889  1956.46435012698
2149000  -1962.26473072695  1958.91639634866
2150000  -1961.55469691457  1957.0802877405
2151000  -1964.08492614608  1956.47917223419
2152000  -1963.18517679438  1956.68170188324
2153000  -1964.49005516582  1958.67338598093
2154000  -1966.3284749681  1959.52105257113
2155000  -1968.48334019801  1962.01552738407
2156000  -1968.4497727923  1961.50429796126
2157000  -1964.729378188  1960.58863173949
2158000  -1969.56148994441  1962.13643621624
2159000  -1965.05214503005  1962.58962720206
2160000  -1969.04095407746  1964.93842388126
2161000  -1969.25484319132  1967.12966194264
2162000  -1965.61995555543  1965.85164913079
2163000  -1972.08703625203  1967.27897222933
2164000  -1974.13873024478  1968.82363637534
2165000  -1977.27447197002  1969.15645259143
2166000  -1973.88015506262  1969.26465240072
2167000  -1975.38847433662  1969.02446690601
2168000  -1974.63033022771  1970.28683628448
2169000  -1977.58307949048  1967.28254934145
2170000  -1975.14197763627  1972.12276821579
2171000  -1975.94115987056  1972.13850664281
2172000  -1978.52107449069  1972.34898166512
2173000  -1974.84477335952  1975.53794329816
2174000  -1978.52033288532  1974.05223688856
2175000  -1979.33701971767  1975.64424743228
2176000  -1981.92747475661  1976.99820886107
2177000  -1987.13510262678  1976.06492915539
2178000  -1982.08300598468  1975.8249403184
2179000  -1985.56772837305  1979.90734158171
2180000  -1985.87742064587  1980.1630144084
2181000  -1984.4056772717  1980.7859181628
2182000  -1987.20784864498  1976.99181474175
2183000  -1988.78185279297  1980.82710140934
2184000  -1991.1486454016  1983.86183855228
2185000  -1990.20528507474  1985.71214938834
2186000  -1993.32475020534  1986.57458519611
2187000  -1992.94756488669  1986.19068236367
2188000  -1996.2725561467  1985.55790711813
2189000  -1995.97176496617  1988.13113276777
2190000  -1998.09599004229  1991.41467323346
2191000  -2002.2594635582  1989.38177010913
2192000  -1999.47804533853  1994.12676229522
2193000  -1999.19235788508  1995.16673842521
2194000  -2002.00189123982  1989.8541766591
2195000  -2003.04275887297  1992.21842293288
2196000  -2002.81032254692  1991.91547117723
2197000  -2006.84599346018  1992.88819957229
2198000  -2005.58889005876  1995.94035913752
2199000  -2007.42118051966  2001.71600212904
2200000  -2006.4550218872  2001.30304217544
2201000  -2006.56668593418  2000.22619647721
2202000  -2010.48735626667  2001.48672520903
2203000  -2007.82526913911  2001.57899201718
2204000  -2012.50958155738  2004.31883158508
2205000  -2012.42623545765  2003.42751593934
2206000  -2010.54597303801  2006.86725379509
2207000  -2014.12883235219  2006.15022986408
2208000  -2015.63019054219  2007.07780216905
2209000  -2017.42974803426  2008.07933702475
2210000  -2015.47551481626  2007.17082055696
2211000  -2016.05960823459  2010.16936726758
2212000  -2017.63750178453  2010.83675863747
2213000  -2021.84527559325  2013.05270236386
2214000  -2018.31362101031  2012.25624014404
2215000  -2020.35018030607  2016.27419873095
2216000  -2024.42193184769  2014.25867982024
2217000  -2021.39710463286  2016.0475890263
2218000  -2025.91540902141  2015.46868889519
2219000  -2024.09745265632  2015.72547465437
2220000  -2023.90042827641  2019.08658260261
2221000  -2027.28855375752  2016.23546704592
2222000  -2025.63698550904  2017.35899982659
2223000  -2026.06724608013  2021.76013206578
2224000  -2026.71085743482  2021.13616751037
2225000  -2025.93756548437  2023.82789879119
2226000  -2028.16011648918  2018.33591324301
2227000  -2028.41854095888  2024.41825951448
2228000  -2029.02759923321  2024.76605273615
2229000  -2028.43464518376  2026.38074961189
2230000  -2028.31122196428  2025.94165309729
2231000  -2029.14446789672  2030.35139835151
2232000  -2031.02710164453  2028.41071187319
2233000  -2032.61253480693  2028.61472979336
2234000  -2028.71868885208  2029.69999200924
2235000  -2030.06754568868  2032.47561988058
2236000  -2031.11305364966  2032.03173259681
2237000  -2033.02464459735  2032.91425874963
2238000  -2035.60908405769  2033.80962129783
2239000  -2035.92132628221  2035.44194265547
2240000  -2035.65551283937  2034.79409365984
2241000  -2037.00983282035  2034.74501415126
2242000  -2036.7119204014  2036.20297012391
2243000  -2038.56147481392  2038.61291364152
2244000  -2041.40608962662  2038.33773385105
2245000  -2039.13569320655  2041.38111065996
2246000  -2040.55418711738  2040.99461971544
2247000  -2046.33202202715  2041.32150561607
2248000  -2043.5254161681  2042.08455470517
2249000  -2045.00403870132  2042.157102054
2250000  -2047.91632048953  2042.13705971303
2251000  -2051.16749847668  2046.60017765799
2252000  -2049.05280485884  2045.74071439749
2253000  -2055.25174569157  2049.72773784816
2254000  -2056.07860139991  2048.89249691883
2255000  -2053.26404286854  2051.80276091298
2256000  -2055.97787408466  2052.10853325068
2257000  -2058.94769898019  2051.78591132929
2258000  -2057.92931472932  2053.70191727295
2259000  -2062.50912817941  2051.98421718428
2260000  -2060.56862913669  2054.04143843574
2261000  -2060.04409021524  2051.74582765319
2262000  -2064.49340604204  2052.1169785413
2263000  -2066.13208592176  2054.57901197175
2264000  -2065.81129704944  2055.46114310664
2265000  -2065.32623047303  2054.38527079152
2266000  -2065.76989926834  2058.01030673308
2267000  -2066.02326911078  2058.21078993672
2268000  -2065.77533216336  2062.47803552592
2269000  -2070.41952420006  2062.06302668049
2270000  -2067.27920178326  2062.57843331131
2271000  -2066.19294710707  2061.46821159792
2272000  -2068.44659797199  2063.78200823334
2273000  -2069.85855238094  2064.63157545857
2274000  -2072.02411201614  2068.39497692659
2275000  -2072.98076975587  2067.80841845841
2276000  -2073.92111549005  2070.61938640966
2277000  -2075.84436176645  2069.80377517972
2278000  -2077.82648728067  2070.88702173809
2279000  -2078.70853462279  2072.83081170987
2280000  -2078.17028313673  2077.12749487843
2281000  -2080.97101241125  2078.40601189358
2282000  -2083.90614776277  2078.4688772187
2283000  -2082.42262947851  2083.66622041286
2284000  -2083.09436683792  2083.76682391287
2285000  -2084.8344538663  2085.09924485582
2286000  -2089.59817931858  2084.30285264181
2287000  -2091.30697874103  2085.03361958171
2288000  -2092.07960917213  2084.7295101026
2289000  -2094.09617775909  2087.00664866159
2290000  -2095.05257119148  2086.96500311172
2291000  -2096.50364012051  2089.99420241308
2292000  -2100.36818457721  2091.23303068082
2293000  -2098.79187316512  2094.59369810665
2294000  -2098.74106236841  2096.36606043521
2295000  -2101.35453290554  2097.87182354723
2296000  -2104.42112434383  2094.91912766944
2297000  -2101.80158999167  2094.57147249958
2298000  -2101.96216626338  2096.04303777496
2299000  -2104.71687830101  2095.19742092341
2300000  -2102.64256265002  2096.9495868296
2301000  -2103.07213942558  2098.69273604548
2302000  -2106.98981071308  2103.19997577396
2303000  -2110.31282331262  2103.14693341461
2304000  -2107.9243279076  2101.90590646156
2305000  -2109.19249397051  2100.64143689389
2306000  -2109.52763323603  2103.53262306477
2307000  -2107.86155401022  2101.78832040578
2308000  -2113.4669643181  2106.07896948809
2309000  -2111.5273628139  2105.61901826824
2310000  -2111.96714997823  2110.24173119052
2311000  -2115.03704437454  2107.84532498465
2312000  -2120.57205292019  2111.21266985892
2313000  -2114.09366057616  2110.70735323951
2314000  -2118.13542104202  2115.28581720976
2315000  -2120.66808349452  2114.76179357355
2316000  -2124.66445230768  2112.67403437144
2317000  -2124.68801590395  2114.41143805653
2318000  -2123.17949623758  2114.88551471541
2319000  -2125.92276296535  2119.03793913405
2320000  -2126.19361453708  2121.59384484897
2321000  -2130.60308218469  2122.85618878171
2322000  -2129.0532696897  2123.45665177524
2323000  -2133.28843441835  2123.99828070026
2324000  -2131.32109012875  2125.54158182551
2325000  -2135.98231627973  2126.23213912539
2326000  -2138.68874003363  2130.97128890502
2327000  -2136.29488422606  2131.87109380143
2328000  -2140.03671299228  2133.88130722594
2329000  -2139.77682586062  2134.70889511085
2330000  -2140.93771358482  2136.93552567373
2331000  -2144.37095926881  2134.14376204637
2332000  -2143.85455549799  2137.34874858177
2333000  -2144.55164524333  2139.53919036779
2334000  -2144.51477389052  2139.53660774746
2335000  -2145.55474672607  2141.37823019324
2336000  -2146.72657563831  2140.89526453031
2337000  -2147.37810489727  2143.80078509101
2338000  -2152.89746048177  2142.00515451427
2339000  -2152.3153961948  2142.90687363386
2340000  -2154.77448627873  2145.63556563002
2341000  -2153.36810149183  2141.89659832421
2342000  -2157.83190276357  2148.38231317446
2343000  -2161.40276376115  2148.41828572425
2344000  -2159.36199195128  2146.63772788257
2345000  -2162.00589295151  2149.36837204052
2346000  -2160.70256470466  2152.4078862692
2347000  -2162.3474707128  2154.79026492812
2348000  -2160.97853684634  2155.59835270298
2349000  -2163.03523948355  2150.60585254287
2350000  -2165.32417360333  2150.73297833465
2351000  -2163.34101183255  2153.01426374209
2352000  -2167.5707001738  2155.38780311459
2353000  -2165.96785213443  2159.11654100331
2354000  -2170.12449025845  2158.3951622795
2355000  -2171.32139882976  2159.04790408625
2356000  -2170.09683958745  2158.90371596523
2357000  -2171.84991424286  2161.65979088712
2358000  -2170.70503462137  2160.44772494112
2359000  -2173.0904381943  2161.10832924241
2360000  -2174.95287298653  2164.26942545507
2361000  -2168.2130307137  2165.82582514587
2362000  -2172.38643436916  2166.7609428811
2363000  -2170.7548134957  2165.28878634942
2364000  -2175.10228782306  2165.74315686397
2365000  -2171.96484654077  2166.6357246997
2366000  -2172.46615140245  2167.89613264025
2367000  -2173.24310281283  2168.40456749282
2368000  -2174.67502551841  2170.73353473817
2369000  -2175.87767474606  2169.29622082796
2370000  -2176.27954716529  2168.87355206383
2371000  -2178.60765316572  2169.371148303
2372000  -2177.11457678397  2170.14216787044
2373000  -2180.98697659345  2170.21871062465
2374000  -2179.90627774775  2172.51565570652
2375000  -2182.72959221231  2170.22234005199
2376000  -2182.49764622898  2172.39802755155
2377000  -2180.54004815977  2170.87801413619
2378000  -2183.63789429266  2173.00860045741
2379000  -2181.77615146734  2172.90173758512
2380000  -2183.92187869311  2176.14695811993
2381000  -2183.70274677094  2177.22974579367
2382000  -2181.26855003077  2175.1048060566
2383000  -2184.86787764639  2178.34755185986
2384000  -2186.51435922963  2178.37242618499
2385000  -2189.46375743749  2177.66183474865
2386000  -2191.74527654385  2177.89629887356
2387000  -2191.01586927552  2178.93013488448
2388000  -2191.2788254012  2176.65610663526
2389000  -2195.64946759294  2176.19207991101
2390000  -2190.66824393774  2178.60723134821
2391000  -2194.99443531082  2180.3923121589
2392000  -2196.54064840405  2182.05853078732
2393000  -2195.67269326725  2178.96294306417
2394000  -2195.07441113293  2181.67328665912
2395000  -2195.49553247236  2183.02757254125
2396000  -2195.87341265383  2186.62162614984
2397000  -2196.21782784093  2185.93318763538
2398000  -2199.14851316431  2186.60309699425
2399000  -2194.88686073058  2191.40962171648
2400000  -2201.07898242295  2185.82256663388
2401000  -2201.70542749014  2193.10279798104
2402000  -2200.82179026144  2193.25795506471
2403000  -2202.90594834087  2197.0251082777
2404000  -2200.75877909242  2194.83506695851
2405000  -2200.22807058282  2197.68029097344
2406000  -2202.75860905981  2198.59299711163
2407000  -2206.54843036931  2198.99161279437
2408000  -2201.36890965613  2197.8146188858
2409000  -2205.28102791407  2203.12003622677
2410000  -2202.84277835484  2201.29518258164
2411000  -2204.33235940467  2201.07462577997
2412000  -2205.29789898074  2207.72459805109
2413000  -2203.71180909869  2206.14953739229
2414000  -2203.37166266716  2208.40316139537
2415000  -2207.2212553383  2207.81045660638
2416000  -2207.41402852513  2207.98592417036
2417000  -2206.90935540171  2209.88220989572
2418000  -2211.85480072557  2206.00168192553
2419000  -2211.14209573354  2207.99802858134
2420000  -2210.54502699083  2210.19506438708
2421000  -2213.92727931178  2211.35143561435
2422000  -2213.32527028682  2209.44119302067
2423000  -2216.78325363892  2213.3824453843
2424000  -2215.37207691509  2209.4885287584
2425000  -2218.0560064059  2209.55481576341
2426000  -2221.04998455605  2211.96309958231
2427000  -2220.18319987801  2213.97871876488
2428000  -2221.16811305936  2214.86819039891
2429000  -2221.49007089285  2214.20599616583
2430000  -2222.9073549269  2218.57336532886
2431000  -2225.39880869602  2218.21660347645
2432000  -2226.44520817129  2217.66965178385
2433000  -2227.30212019808  2220.10470860959
2434000  -2228.13590768351  2217.20381484352
2435000  -2227.84969460198  2216.13286408709
2436000  -2230.11195497989  2218.27141254331
2437000  -2228.8817207123  2220.87984694839
2438000  -2229.56393152754  2218.67454309447
2439000  -2231.69601213094  2225.52430118135
2440000  -2231.18737496658  2221.43644719133
2441000  -2232.05720867814  2225.80425149328
2442000  -2234.69868640823  2224.85870983429
2443000  -2234.60670168108  2227.56075970702
2444000  -2235.44259202428  2228.24494683934
2445000  -2239.05835611055  2230.19999995075
2446000  -2238.8671771153  2228.91488763432
2447000  -2241.65890684109  2233.89396102397
2448000  -2238.97620487074  2232.95545791718
2449000  -2243.47829707083  2235.13244260837
2450000  -2243.17805732471  2235.87371435139
2451000  -2248.09920884706  2233.88147694559
2452000  -2248.90500838881  2233.07336043882
2453000  -2249.06655814928  2234.80453775722
2454000  -2248.38231796954  2236.10059585444
2455000  -2247.53674276765  2240.43849918133
2456000  -2248.13926274822  2241.00125794794
2457000  -2250.68856313653  2242.16385903381
2458000  -2251.18388635373  2240.75660425907
2459000  -2257.34656750045  2247.61588937423
2460000  -2250.84752632052  2244.85825760938
2461000  -2254.63215093748  2244.24962390085
2462000  -2253.54928107927  2249.43489288817
2463000  -2254.71540810862  2247.16789660128
2464000  -2256.37735583583  2248.7946891338
2465000  -2255.20673994689  2251.60580043249
2466000  -2254.99323952332  2251.86504359073
2467000  -2256.15958553311  2252.45392305943
2468000  -2260.0192467654  2252.30967855657
2469000  -2262.34642794174  2252.12547587218
2470000  -2262.97651231521  2255.15387610661
2471000  -2265.21446277535  2254.35882487847
2472000  -2265.17951915869  2257.07812998999
2473000  -2267.54237474057  2259.93716507975
2474000  -2268.79063833955  2263.03579591233
2475000  -2269.78305447941  2263.49077984048
2476000  -2267.58159653799  2259.61195978005
2477000  -2268.11683326934  2263.00509944875
2478000  -2267.64273346894  2265.77082829203
2479000  -2270.74648464142  2266.62165793393
2480000  -2272.30119805769  2265.41150239289
2481000  -2272.78892284927  2267.41155884713
2482000  -2274.49122470622  2265.87617061145
2483000  -2272.75773731324  2269.29058403325
2484000  -2274.57370191174  2267.15074764091
2485000  -2272.48673625017  2270.86606965219
2486000  -2276.72498106432  2272.67441035764
2487000  -2274.10286193826  2271.62206266299
2488000  -2276.30050866162  2272.77520138426
2489000  -2275.89229075565  2271.74143824967
2490000  -2281.19700764214  2274.22524459308
2491000  -2282.74476846921  2278.2499344927
2492000  -2276.16325531575  2276.38282842881
2493000  -2282.32744548163  2277.3190670228
2494000  -2281.73061671399  2278.61770203771
2495000  -2283.43561148725  2280.58967328936
2496000  -2281.04437427901  2277.67583148236
2497000  -2285.48797400614  2281.59728356733
2498000  -2282.14464748591  2280.35919133861
2499000  -2285.83408525653  2281.09175450197
2500000  -2286.49206975173  2283.15989033776
2501000  -2286.31124503956  2281.8418304274
2502000  -2286.69870899966  2287.42051839896
2503000  -2288.61342008565  2288.09047361303
2504000  -2289.88805580592  2289.30748357667
2505000  -2288.78437390224  2289.0788923477
2506000  -2292.52152615635  2290.20189637727
2507000  -2290.00331753498  2288.67762180855
2508000  -2295.33101570189  2290.45052659667
2509000  -2296.03814286039  2287.17957399673
2510000  -2293.89804917696  2289.06615021594
2511000  -2297.98769341978  2291.81310064412
2512000  -2299.51641473716  2288.12852821189
2513000  -2292.40971578427  2288.89625875043
2514000  -2294.78956856066  2291.17410428988
2515000  -2298.52982557741  2290.09203579843
2516000  -2297.36486206278  2291.15589555815
2517000  -2300.62083228386  2289.47099225705
2518000  -2301.54351004177  2291.47795230052
2519000  -2303.84445022821  2290.79594547112
2520000  -2305.2459949445  2295.09264553415
2521000  -2304.85463745387  2296.17009712112
2522000  -2305.76276321297  2297.46697482653
2523000  -2309.05637713125  2296.57161540942
2524000  -2309.89086798712  2297.09597581674
2525000  -2314.16970612813  2297.54197289333
2526000  -2313.45925306484  2297.07769877045
2527000  -2312.77435553162  2297.90829659172
2528000  -2313.62160505338  2297.20059318793
2529000  -2316.94830615129  2299.81107481242
2530000  -2315.93919566336  2299.17330496294
2531000  -2314.86238799086  2300.90116709027
2532000  -2314.61072035361  2302.15791141606
2533000  -2315.80685402344  2302.26275965919
2534000  -2319.9618898344  2305.18104097667
2535000  -2321.65844694242  2305.08889426456
2536000  -2318.35640484693  2308.61163314869
2537000  -2318.29692439705  2309.99642355379
2538000  -2318.54368681881  2308.18229001902
2539000  -2321.26661919542  2310.05343296874
2540000  -2316.50927170183  2308.7845424015
2541000  -2321.68086255602  2310.37373106945
2542000  -2321.21053381153  2311.03654423719
2543000  -2322.38355786996  2311.43994968058
2544000  -2321.71038393334  2314.36733394068
2545000  -2322.3378454933  2312.33112557003
2546000  -2321.26263265812  2310.48223072775
2547000  -2322.59144229065  2313.56206925789
2548000  -2322.85653062241  2316.34254672159
2549000  -2321.96274964672  2317.40877934773
2550000  -2323.8143085143  2319.02176370339
2551000  -2324.86171025416  2318.87190336681
2552000  -2323.84950299549  2318.82996570269
2553000  -2326.1867167974  2321.51527262985
2554000  -2327.27201435054  2324.94752017206
2555000  -2331.79161157743  2325.75013924714
2556000  -2331.95237445856  2324.4474777558
2557000  -2334.06664672876  2323.62661157559
2558000  -2335.02212002796  2325.07819854644
2559000  -2339.25386087578  2326.24433371476
2560000  -2337.73245458592  2326.06092887249
2561000  -2336.75325547118  2329.13114238132
2562000  -2338.8143621781  2325.91203178712
2563000  -2341.03108442723  2326.03485700819
2564000  -2340.34945723424  2329.8954728599
2565000  -2343.43418960653  2331.08696686166
2566000  -2344.15113497924  2330.09757383844
2567000  -2347.48020867066  2331.32456205587
2568000  -2345.12339842053  2332.42461424826
2569000  -2347.31008595031  2332.51272455508
2570000  -2343.62437783321  2335.66307679604
2571000  -2347.12580416597  2335.67123679238
2572000  -2346.03289587239  2333.40036304861
2573000  -2348.33568163046  2335.09258582756
2574000  -2348.76417507262  2335.71023949317
2575000  -2349.73251677612  2337.1281600196
2576000  -2352.5979129788  2339.95769675634
2577000  -2353.95509045651  2338.21977680341
2578000  -2353.87012924789  2336.47975577036
2579000  -2351.93533567146  2339.27367312126
2580000  -2354.2787854186  2339.23630413154
2581000  -2356.65652873452  2336.32572130591
2582000  -2352.28280031448  2340.49734603493
2583000  -2354.48794645768  2338.63895041802
2584000  -2356.89779612769  2342.72955945055
2585000  -2354.77482825743  2344.24703334737
2586000  -2357.59253710137  2342.89097325858
2587000  -2356.77635876379  2347.79898720427
2588000  -2359.41578276357  2346.81942688773
2589000  -2361.7833152737  2346.7257217088
2590000  -2362.64548036781  2346.18896489914
2591000  -2358.67924732148  2348.99265471061
2592000  -2362.43171701044  2349.48537143744
2593000  -2363.41782405352  2351.42624645779
2594000  -2360.73275634326  2352.77801100221
2595000  -2364.17299705889  2356.25820942468
2596000  -2367.44225260608  2357.91891595496
2597000  -2367.1062323028  2357.60653832929
2598000  -2366.10797683943  2359.23130498114
2599000  -2368.20490646963  2360.33431656811
2600000  -2366.23028895462  2364.3225725429
2601000  -2369.96648591426  2358.84865752466
2602000  -2372.65246662672  2363.74858947367
2603000  -2374.23565300621  2364.17593703241
2604000  -2374.00078425833  2364.42661838941
2605000  -2375.79585957955  2362.68033095316
2606000  -2375.11677516821  2366.33171211703
2607000  -2377.11700533203  2367.09797293257
2608000  -2377.27020455651  2369.03901649097
2609000  -2379.95588076108  2369.08141749451
2610000  -2378.04374620103  2369.08310531715
2611000  -2379.99686420806  2368.58261851661
2612000  -2381.16315493925  2365.14936711386
2613000  -2384.1326959201  2365.53562169745
2614000  -2384.2911047979  2369.41485908066
2615000  -2382.69686498517  2371.23402808893
2616000  -2387.30192618708  2369.54155698913
2617000  -2382.32116617095  2372.60078027281
2618000  -2387.15584739999  2373.57126491352
2619000  -2387.26717161832  2374.24320695607
2620000  -2389.39166433996  2374.68301272335
2621000  -2391.84338354774  2373.73708143307
2622000  -2392.98945446461  2376.9516707962
2623000  -2397.29630968855  2378.91803952401
2624000  -2392.41741708698  2381.24118363408
2625000  -2393.5914773613  2382.3482881099
2626000  -2394.62401222674  2380.69179590623
2627000  -2396.20399696411  2380.26010268889
2628000  -2395.8904393739  2384.2683119959
2629000  -2398.48432004555  2387.02226230277
2630000  -2401.30432588654  2385.26767706388
2631000  -2400.70803723143  2387.47434662103
2632000  -2401.42460562143  2389.11119897342
2633000  -2400.30936439657  2388.80053242277
2634000  -2400.15848893922  2386.75278018018
2635000  -2399.78543066244  2387.95963397361
2636000  -2402.66044682663  2388.15301156843
2637000  -2406.25635509419  2393.47994414227
2638000  -2407.65491488456  2393.93523086012
2639000  -2407.96786609829  2397.25692009978
2640000  -2402.26876586136  2397.64329218832
2641000  -2407.14909886593  2397.74757849817
2642000  -2406.83453634707  2400.09002422893
2643000  -2404.74214608416  2400.59760231654
2644000  -2407.97557646317  2399.60989082121
2645000  -2408.28210269214  2404.21239043755
2646000  -2412.5755971872  2406.44109558465
2647000  -2411.107604292  2408.5093925905
2648000  -2414.5029553296  2411.39305877183
2649000  -2413.07099994605  2414.99264611078
2650000  -2413.96623223003  2411.89911867396
2651000  -2412.76211782864  2414.8931299736
2652000  -2415.54196552243  2412.07288716998
2653000  -2416.8416801212  2416.0744575287
2654000  -2419.02789470324  2416.14758772008
2655000  -2423.5707633482  2414.29785976303
2656000  -2419.72111422651  2416.9164664083
2657000  -2422.45678983784  2415.61870024195
2658000  -2424.40817571886  2415.67565262283
2659000  -2424.85426197797  2420.52366559105
2660000  -2426.46899418674  2421.63016888291
2661000  -2425.78507044778  2422.12690243379
2662000  -2425.22165968555  2418.61579563903
2663000  -2429.01544746252  2419.23211023956
2664000  -2428.59523687053  2420.5669659832
2665000  -2429.53212218766  2421.90135056391
2666000  -2431.92731592736  2425.89853755184
2667000  -2436.14761035304  2424.90953500012
2668000  -2437.59042294169  2426.38646033307
2669000  -2437.06402621658  2428.14352801575
2670000  -2440.08332586452  2429.28728237815
2671000  -2440.85724446828  2429.72833321174
2672000  -2441.71942128562  2430.11873085725
2673000  -2442.18394301023  2430.11596111437
2674000  -2445.69072158542  2431.76380122909
2675000  -2448.37119681549  2433.6584302269
2676000  -2448.5739153628  2433.08819429967
2677000  -2447.70399146587  2433.60183192396
2678000  -2452.06262833328  2431.99731356127
2679000  -2449.79291046344  2434.70857274482
2680000  -2452.43945073757  2434.14444610659
2681000  -2455.8138970599  2435.74685123487
2682000  -2458.07091288592  2433.56041751627
2683000  -2458.68597093059  2435.31644609877
2684000  -2457.18323856547  2437.74163658535
2685000  -2458.32093530233  2441.93399472952
2686000  -2462.42020664486  2442.03724942549
2687000  -2461.05687665244  2443.18121001332
2688000  -2462.37881000668  2442.27298288694
2689000  -2467.95590559506  2442.35718010583
2690000  -2465.00933661939  2442.68652193045
2691000  -2463.16353739436  2445.26974354111
2692000  -2465.88198781394  2443.93160887202
2693000  -2466.93768219318  2446.18965849345
2694000  -2467.46468134724  2447.76321148289
2695000  -2468.15937225654  2450.1999358452
2696000  -2468.39155274025  2450.57952013989
2697000  -2469.70752502312  2453.06468849483
2698000  -2470.08156969844  2450.25919121607
2699000  -2469.32756851765  2451.12483191118
2700000  -2472.15694400186  2456.84993224291
2701000  -2470.65046031387  2454.15598191758
2702000  -2474.63945589352  2458.7137322374
2703000  -2469.85813070797  2457.54537009385
2704000  -2471.96335812349  2456.43251471924
2705000  -2471.82277201817  2459.65100472406
2706000  -2475.89895800947  2461.55235104892
2707000  -2473.36900240874  2464.48738883144
2708000  -2478.1544246015  2461.85323388446
2709000  -2479.45678353768  2466.02190430321
2710000  -2481.27706655016  2465.03051207637
2711000  -2478.84783704676  2464.89382339216
2712000  -2479.65868331952  2463.96732985135
2713000  -2482.02947707154  2467.79507371014
2714000  -2481.76090138267  2466.49749424153
2715000  -2481.98194919328  2470.22063491057
2716000  -2479.36187073233  2468.78555981265
2717000  -2482.35327274543  2473.23706843037
2718000  -2484.06491345147  2477.57665481574
2719000  -2484.65013624928  2473.88643450296
2720000  -2482.89523744099  2478.18272948407
2721000  -2484.3114192299  2477.01071082315
2722000  -2487.61244232606  2478.92992179545
2723000  -2485.39778802454  2480.2457204251
2724000  -2487.85898513906  2476.14445775974
2725000  -2488.61083961064  2479.91480429203
2726000  -2487.32966876155  2481.54033454559
2727000  -2491.07691256102  2482.1048295806
2728000  -2492.2578433103  2480.22235889116
2729000  -2491.77213936752  2486.14421717244
2730000  -2492.83528884166  2487.21957515163
2731000  -2489.65992180793  2486.29305137522
2732000  -2491.44657191628  2487.61001570612
2733000  -2496.66816509303  2486.89941841086
2734000  -2497.29079379823  2488.14828781189
2735000  -2496.59884717494  2487.3013085526
2736000  -2497.30715863431  2488.14120042677
2737000  -2496.65460020676  2490.31749458782
2738000  -2495.90504068072  2491.16519043636
2739000  -2501.70015882292  2491.07616531206
2740000  -2497.43221921026  2494.03843389365
2741000  -2501.08289150779  2496.78701002006
2742000  -2504.29862727975  2496.9672241262
2743000  -2506.49997751545  2497.48638834618
2744000  -2505.0939249848  2498.66777344142
2745000  -2510.38759808929  2499.80286979273
2746000  -2506.8746834288  2501.08350606237
2747000  -2506.10709318935  2500.66289718327
2748000  -2509.54223952775  2503.33071957078
2749000  -2508.30836211229  2503.40881498248
2750000  -2510.88617538327  2503.05193260684
2751000  -2510.18986925455  2503.32369996755
2752000  -2511.77694217948  2504.87848433998
2753000  -2512.62098383594  2504.16469749772
2754000  -2515.33686925949  2508.67281418524
2755000  -2513.79955001577  2507.63474082024
2756000  -2515.89825203437  2508.79497400614
2757000  -2518.68556719241  2513.11048912278
2758000  -2516.95420816197  2513.42107292591
2759000  -2518.71082333666  2512.46495093083
2760000  -2517.38967336569  2512.96258689976
2761000  -2518.96993509517  2515.91390278007
2762000  -2519.54540959778  2516.09935184428
2763000  -2523.48840802265  2519.39261565617
2764000  -2523.65166166007  2518.88927303041
2765000  -2520.82233920197  2516.74089602655
2766000  -2522.75139316285  2519.37659974204
2767000  -2523.18896658481  2520.10064726908
2768000  -2521.45083955038  2519.43321521588
2769000  -2523.87550076929  2523.22155676374
2770000  -2520.51084237099  2520.41748765527
2771000  -2522.32442745508  2523.76311860091
2772000  -2521.1173559248  2525.42396124828
2773000  -2523.44220404776  2526.59933061303
2774000  -2526.49240895229  2528.8518556002
2775000  -2527.05541410568  2529.05816409753
2776000  -2530.24162540944  2530.70100934809
2777000  -2536.93350583233  2530.58350413174
2778000  -2536.13620675683  2527.89159197351
2779000  -2534.6158647689  2530.6094944027
2780000  -2535.16671703505  2536.46765488302
2781000  -2535.79254664724  2536.30396303353
2782000  -2537.27019779858  2534.00482851721
2783000  -2537.63891436612  2536.65623556534
2784000  -2536.49892599907  2535.82604163689
2785000  -2539.9155432738  2538.55200067182
2786000  -2540.24344017365  2537.8965057591
2787000  -2541.37912136735  2541.49000058331
2788000  -2540.93349855448  2539.26850532473
2789000  -2542.22519030338  2540.7461491994
2790000  -2541.71268588561  2541.88213369499
2791000  -2546.68621960485  2542.01327926684
2792000  -2544.62049922525  2544.22101509087
2793000  -2547.21828907534  2545.71376049189
2794000  -2547.84420395691  2547.81961809761
2795000  -2553.05889809471  2545.7307089927
2796000  -2553.29375781266  2548.84095719128
2797000  -2554.60923691976  2549.2997680832
2798000  -2557.74107162514  2547.43905186971
2799000  -2554.13634138117  2550.82362431588
2800000  -2559.55359239168  2551.06379953779
2801000  -2558.93221198512  2552.08066284846
2802000  -2559.38323544162  2552.80878635063
2803000  -2559.79497526199  2552.4560647249
2804000  -2562.36629340969  2551.32286704111
2805000  -2560.95273470383  2554.63860693652
2806000  -2564.63464663684  2556.16528203152
2807000  -2564.74461514157  2556.80944150386
2808000  -2568.28587988573  2555.15391054232
2809000  -2565.67208805916  2556.50724535502
2810000  -2566.46002102812  2556.10457993375
2811000  -2565.06776550457  2555.68429725487
2812000  -2566.51620826824  2554.72262846115
2813000  -2571.77105214825  2554.94382784341
2814000  -2572.16987695157  2553.2224084271
2815000  -2570.33286060917  2554.72052530545
2816000  -2573.62502779607  2558.21927354037
2817000  -2577.26868805221  2557.19520400415
2818000  -2574.57719930663  2560.92408495451
2819000  -2576.23020791991  2557.97829185432
2820000  -2576.74027005078  2558.76335243353
2821000  -2577.7155348186  2559.35861455417
2822000  -2577.76371636898  2559.51141632166
2823000  -2578.1897052328  2563.36578919494
2824000  -2578.08200846124  2564.23546882874
2825000  -2577.42134949066  2564.40732871915
2826000  -2581.48537823257  2566.98358323115
2827000  -2580.17765205975  2568.34234146018
2828000  -2579.391188036  2569.13455547179
2829000  -2579.72099144669  2567.80074984107
2830000  -2580.23245536392  2570.66087514088
2831000  -2581.67431740962  2573.62609852047
2832000  -2581.29828001486  2574.43802927157
2833000  -2581.38894245871  2574.21846406804
2834000  -2582.70217202681  2577.40872536068
2835000  -2582.30050193393  2576.26658623375
2836000  -2583.53540883398  2579.82459213465
2837000  -2584.6588914813  2580.24358373861
2838000  -2586.45182801364  2580.69903194792
2839000  -2584.22386963003  2583.56327489086
2840000  -2589.44747858333  2580.48986902198
2841000  -2590.35399998801  2582.38744849897
2842000  -2588.28777541039  2584.02871750785
2843000  -2588.92731082242  2585.11182948028
2844000  -2590.96642545992  2586.52154516175
2845000  -2593.8930406847  2585.89005329892
2846000  -2592.88042225509  2588.2222326845
2847000  -2595.58398908515  2587.43658222829
2848000  -2595.18856061959  2588.77717789445
2849000  -2594.96961720214  2587.93822821305
2850000  -2595.66858033114  2591.14430761412
2851000  -2594.03119657108  2590.79404501731
2852000  -2597.11874515763  2589.52624472646
2853000  -2598.65469842117  2588.49579009855
2854000  -2598.823383322  2590.14561583207
2855000  -2598.74817031138  2592.22785780092
2856000  -2603.33711429182  2592.47607404673
2857000  -2603.22277940357  2594.63799365674
2858000  -2605.74155206866  2592.1385224567
2859000  -2605.04328787319  2594.96148912214
2860000  -2607.85479791358  2593.23033777572
2861000  -2609.7857686017  2594.79440234986
2862000  -2607.83509018409  2594.7577363747
2863000  -2611.77079834277  2596.91377299203
2864000  -2611.91480413936  2593.61778632534
2865000  -2614.92147448239  2600.41866902105
2866000  -2615.98406564326  2597.87747583765
2867000  -2616.58150630968  2598.55875225474
2868000  -2613.18647890323  2603.19781218132
2869000  -2613.90591736502  2595.97040664364
2870000  -2615.84595398797  2600.67657924202
2871000  -2616.87582335278  2602.59128975261
2872000  -2618.55140992814  2607.17592342134
2873000  -2624.10564731424  2607.13508724048
2874000  -2619.19978975  2609.10457696527
2875000  -2622.78877361575  2609.95130294635
2876000  -2621.29042367227  2611.11694725678
2877000  -2622.35530188523  2612.16803576577
2878000  -2623.2185256713  2611.93772831693
2879000  -2625.15934805569  2612.3461714605
2880000  -2624.55231170348  2614.46766861423
2881000  -2622.71742103162  2617.4517228457
2882000  -2622.2892681273  2618.65277379575
2883000  -2623.06385151046  2620.01948875254
2884000  -2624.67708487095  2621.35706901742
2885000  -2628.50456547912  2623.99226853848
2886000  -2629.18126967676  2624.63048207065
2887000  -2629.1893248357  2622.26330897247
2888000  -2631.03168518187  2623.01584564509
2889000  -2630.53261918008  2625.01034218106
2890000  -2633.28253318776  2624.54192166363
2891000  -2632.84147044302  2625.59038243764
2892000  -2633.62052164494  2627.9235134399
2893000  -2637.14896197206  2628.45263011067
2894000  -2636.12783957247  2628.68758827561
2895000  -2636.1161188181  2629.49097929999
2896000  -2636.64758084712  2629.72198883225
2897000  -2635.11038887659  2633.43536802109
2898000  -2638.18793258125  2631.62557954966
2899000  -2636.88889169949  2633.51434190344
2900000  -2639.07290773089  2631.76266382207
2901000  -2639.50191097346  2632.81174707102
2902000  -2640.00371545024  2633.28061680498
2903000  -2640.63388794771  2639.10562544983
2904000  -2641.47323637638  2638.90175697
2905000  -2641.79775689263  2639.06287289559
2906000  -2642.60875147526  2639.43101088832
2907000  -2645.96328659087  2640.16637518069
2908000  -2647.36163464876  2641.94819237736
2909000  -2649.32311008106  2640.70731102179
2910000  -2649.64163973063  2640.71888751029
2911000  -2647.4912816944  2642.54826211374
2912000  -2649.50867163996  2641.591814303
2913000  -2648.92885668193  2641.73050004201
2914000  -2650.82183071589  2644.7436117247
2915000  -2653.22993286984  2645.35058455923
2916000  -2655.54546842523  2646.36286694057
2917000  -2655.14050811299  2642.76884076231
2918000  -2653.4149451478  2649.32205729899
2919000  -2652.56304663012  2643.88267332844
2920000  -2654.61380529495  2648.68574235914
2921000  -2658.25231373382  2648.28021532634
2922000  -2653.94465554055  2650.22281872573
2923000  -2661.25884269242  2650.97598185654
2924000  -2658.68730384098  2652.06149350791
2925000  -2661.40514623614  2652.25205703774
2926000  -2658.34377260467  2651.6447371006
2927000  -2660.18655934481  2654.21435652043
2928000  -2664.37824548096  2653.70207319389
2929000  -2662.9778806541  2657.11281907666
2930000  -2663.47294056825  2657.34563261343
2931000  -2665.39256325491  2660.04166217023
2932000  -2669.38421041624  2659.73574995491
2933000  -2665.75499414013  2659.73203303077
2934000  -2667.08928973939  2661.58358673408
2935000  -2667.13482622114  2662.57614785959
2936000  -2664.54994434395  2662.41529957304
2937000  -2666.64845613949  2662.28225584545
2938000  -2665.81949480237  2661.83107392176
2939000  -2665.41537685399  2667.06632621683
2940000  -2670.92718738895  2664.98233218543
2941000  -2670.95581606715  2664.01730864536
2942000  -2671.63592057107  2667.63296168188
2943000  -2671.7119342808  2669.4124864081
2944000  -2670.3378815361  2669.53632450306
2945000  -2670.29471451526  2668.51892733256
2946000  -2674.53251958831  2669.93411469625
2947000  -2674.65106234258  2669.23253010112
2948000  -2675.95671901237  2670.06183341503
2949000  -2678.00945721153  2674.17005479092
2950000  -2681.84830234783  2670.71896040139
2951000  -2677.83829934498  2677.1082198942
2952000  -2679.8095738185  2676.55208402974
2953000  -2681.57983289977  2674.6051405211
2954000  -2680.21496122135  2677.13778574239
2955000  -2679.25772344754  2680.8659924373
2956000  -2681.57052689588  2682.00108681142
2957000  -2685.22377755832  2683.17529428189
2958000  -2678.1876734773  2681.01503569823
2959000  -2684.01184582521  2682.8159101406
2960000  -2684.00916427279  2683.13740576898
2961000  -2685.42581709169  2685.07337866169
2962000  -2689.18641869863  2684.10443101962
2963000  -2687.53996768897  2681.09306780148
2964000  -2687.99750780011  2685.18272113329
2965000  -2689.68164324061  2682.9069478396
2966000  -2691.86504875116  2681.93675906846
2967000  -2693.13610215496  2682.17234067451
2968000  -2691.71558382355  2681.97364971428
2969000  -2698.55087664437  2683.67857394557
2970000  -2696.11093105254  2681.15052296164
2971000  -2697.02116500146  2684.69038645736
2972000  -2693.77597906391  2685.26541460488
2973000  -2695.24136399986  2691.10577786237
2974000  -2696.21471843415  2688.6771140362
2975000  -2699.61480454876  2690.07643637233
2976000  -2697.25138096832  2691.30254581918
2977000  -2700.89279270066  2692.98523649465
2978000  -2700.24984800523  2691.66959042804
2979000  -2699.76500196305  2690.55506115523
2980000  -2703.40568726297  2696.55020452668
2981000  -2701.57126518649  2695.47217940486
2982000  -2702.80883734741  2697.56497714907
2983000  -2706.352253165  2696.81720347292
2984000  -2706.80209791829  2695.09863077304
2985000  -2707.99960367834  2698.77354922358
2986000  -2707.74587872866  2701.23954180869
2987000  -2708.40926924132  2700.01287841542
2988000  -2711.17772003723  2699.79067493441
2989000  -2712.20193448344  2698.8184519975
2990000  -2708.58145408869  2700.59917414742
2991000  -2707.9961467385  2701.06532517094
2992000  -2709.08943679992  2703.70469271331
2993000  -2711.97306133797  2704.7162619998
2994000  -2711.39020564549  2706.35801393014
2995000  -2713.04238361626  2703.57920771314
2996000  -2714.33032970951  2709.13381070241
2997000  -2714.02620645592  2708.13471959772
2998000  -2718.6655541159  2711.89116456601
2999000  -2716.04501614884  2712.49478975561
3000000  -2717.4190184835  2713.7032268834
3001000  -2718.8972915558  2714.03515034324
3002000  -2722.01568553145  2713.81549838781
3003000  -2720.62103368423  2713.93547760976
3004000  -2726.54850432137  2717.02688004101
3005000  -2724.33458140612  2718.33746784491
3006000  -2726.36676716793  2715.27180091989
3007000  -2727.95858876525  2715.49990619026
3008000  -2729.45612923003  2720.55486626703
3009000  -2728.94576957539  2721.68879662419
3010000  -2725.5682733082  2721.44006626761
3011000  -2725.96223515977  2719.45251468863
3012000  -2728.38218235576  2722.16445261026
3013000  -2731.89403230756  2721.38015963908
3014000  -2728.0565979787  2720.66641171797
3015000  -2727.34371026414  2723.30028253917
3016000  -2730.87583625089  2725.288387591
3017000  -2731.30477843955  2725.70073748861
3018000  -2736.07670040783  2727.98183944597
3019000  -2731.39898316647  2728.1213498759
3020000  -2733.33508831974  2728.35987440093
3021000  -2735.99803904853  2731.67607732057
3022000  -2734.44549792529  2725.08656257989
3023000  -2733.34401795676  2732.10674419547
3024000  -2738.93778688933  2737.00724133591
3025000  -2738.03032904739  2736.59901980249
3026000  -2742.00640603578  2735.55692146419
3027000  -2741.04939246254  2736.02568063076
3028000  -2738.95275807369  2734.48957926151
3029000  -2741.10051485982  2737.60102470034
3030000  -2739.72015057472  2735.13904878674
3031000  -2739.78329183869  2737.41056219742
3032000  -2747.04130424923  2739.29948500721
3033000  -2749.0458777487  2739.40548470174
3034000  -2749.68321795754  2740.3516564169
3035000  -2747.2388032612  2741.47965491295
3036000  -2747.48294348081  2743.55193633909
3037000  -2751.81673664906  2743.05909003467
3038000  -2750.99099129954  2742.28726269806
3039000  -2750.75607403468  2744.18986065378
3040000  -2752.71032493581  2749.03968488055
3041000  -2754.93432333913  2745.53350555992
3042000  -2752.15345412336  2746.36396458655
3043000  -2758.49441978148  2748.45848596812
3044000  -2756.39161989358  2749.53726863363
3045000  -2759.83420765871  2748.56081825056
3046000  -2758.1769710967  2747.67373174581
3047000  -2758.93751694912  2746.94245412719
3048000  -2760.44885939222  2750.70396015314
3049000  -2762.5073338621  2747.32307192811
3050000  -2765.29957487894  2751.03735709284
3051000  -2763.3794451727  2750.84146846796
3052000  -2761.88606108391  2752.77427121642
3053000  -2763.31310092955  2753.24145968614
3054000  -2762.34381482406  2754.55404522241
3055000  -2765.85150183378  2752.20568484063
3056000  -2765.73405645321  2751.74649826345
3057000  -2768.02394513111  2752.52612130052
3058000  -2768.32162067732  2749.96430185786
3059000  -2768.23966272472  2754.62999111537
3060000  -2770.14210351022  2752.84646392869
3061000  -2768.93730031603  2755.44387598575
3062000  -2773.06226385026  2755.26328301879
3063000  -2769.8273711478  2759.351972115
3064000  -2770.69100845834  2759.95547756991
3065000  -2773.63590621433  2761.08800932724
3066000  -2772.89744266383  2761.13796746023
3067000  -2775.49168340529  2761.04703605115
3068000  -2776.55062107132  2765.55406163459
3069000  -2774.92913543302  2765.9506600357
3070000  -2777.26765101208  2763.17281136683
3071000  -2780.92585943606  2765.74682028167
3072000  -2779.75412916624  2766.25987531788
3073000  -2782.70349498325  2766.60622142845
3074000  -2781.95289679616  2766.81426573333
3075000  -2781.13850030797  2768.61760784396
3076000  -2783.04398556106  2770.74900083508
3077000  -2784.53116552249  2773.07840641779
3078000  -2784.66733058295  2774.20864144596
3079000  -2786.5225281015  2777.46992355867
3080000  -2788.31748987165  2773.64138453744
3081000  -2785.31716563171  2775.305636383
3082000  -2787.97021426729  2777.36136421442
3083000  -2789.4686668938  2782.1158661635
3084000  -2788.17046033992  2784.29504428658
3085000  -2788.94275590645  2781.79033576002
3086000  -2790.09723754397  2787.09149030044
3087000  -2795.08064959585  2789.62177645722
3088000  -2793.69922284246  2789.70316757614
3089000  -2795.23804727798  2790.62706318538
3090000  -2798.74513480314  2790.8264451815
3091000  -2800.81379780924  2791.88679148204
3092000  -2799.75632390296  2793.36224022593
3093000  -2801.64669460987  2796.25696649763
3094000  -2803.82602742641  2798.57621209645
3095000  -2806.19066184071  2795.98401386572
3096000  -2804.88757729742  2802.13641799967
3097000  -2808.21865068716  2801.92946313162
3098000  -2810.5338185213  2800.40787486454
3099000  -2811.17632312318  2803.5029989714
3100000  -2812.50253029774  2802.37111385454
3101000  -2813.66442102025  2803.73763802428
3102000  -2815.6795873656  2803.34313599708
3103000  -2817.52057081672  2804.44256924595
3104000  -2819.848317738  2808.97982375103
3105000  -2818.97274971835  2807.15180312972
3106000  -2817.12707115478  2808.61040759831
3107000  -2821.27647025262  2809.42978897714
3108000  -2823.19629063508  2811.20783245229
3109000  -2823.11283496957  2814.45271682872
3110000  -2824.56428820514  2814.04858420848
3111000  -2823.46268002083  2812.02146380374
3112000  -2825.19670530721  2812.338848438
3113000  -2828.45810286274  2816.13859216448
3114000  -2823.88502894332  2816.71851399447
3115000  -2830.03227517832  2817.50993943757
3116000  -2829.59793598469  2820.62725875842
3117000  -2829.10266489062  2818.49216614795
3118000  -2831.55356407388  2819.57182333982
3119000  -2830.03208688249  2822.9230342804
3120000  -2831.29578975791  2821.52351553219
3121000  -2835.80496815679  2823.25429663469
3122000  -2836.06196317509  2825.80049635411
3123000  -2836.22014387837  2825.87267361418
3124000  -2835.82484509296  2831.42006665875
3125000  -2838.84587788034  2831.29602295158
3126000  -2836.22006058503  2831.18389849438
3127000  -2840.80517796013  2831.49070369627
3128000  -2836.73819382535  2832.00701386608
3129000  -2841.13165809353  2832.2067339858
3130000  -2842.97286310694  2832.15403089663
3131000  -2843.8307139732  2838.43054886813
3132000  -2843.91595254043  2833.84500938953
3133000  -2842.42181133731  2837.91767746041
3134000  -2845.09346996026  2841.50447327752
3135000  -2847.84170741568  2839.62580385929
3136000  -2843.76974957606  2838.18150747789
3137000  -2846.4150416788  2838.12917354255
3138000  -2845.43551908048  2841.43645739397
3139000  -2846.95808329011  2841.70976636914
3140000  -2850.54138457151  2842.72648185121
3141000  -2851.40977039681  2845.59080914829
3142000  -2853.63768329763  2846.75472438739
3143000  -2853.54156202001  2848.49871532005
3144000  -2856.40327098469  2849.35113456034
3145000  -2855.57582715188  2850.43258339509
3146000  -2859.41508725798  2851.81471731503
3147000  -2857.94556754933  2851.15540324789
3148000  -2860.08840433742  2850.75454434157
3149000  -2859.04559503477  2851.54350030615
3150000  -2858.53078666303  2854.29673848436
3151000  -2862.09741027684  2858.51932079451
3152000  -2860.6233760503  2857.90252608375
3153000  -2862.23634140137  2857.20859315565
3154000  -2862.28398517275  2861.1228616358
3155000  -2865.64420545162  2859.82095142952
3156000  -2864.42991763153  2857.9823085946
3157000  -2865.62393975677  2857.47343668107
3158000  -2867.89819002781  2859.41919372604
3159000  -2867.94376072647  2860.64193685624
3160000  -2866.59038227275  2862.9249921909
3161000  -2869.32782027014  2863.00118906593
3162000  -2868.9081234058  2866.52844810159
3163000  -2868.95642972999  2868.24480243129
3164000  -2871.80010443999  2866.76185918724
3165000  -2871.94278735705  2867.14707891043
3166000  -2876.68924043067  2871.58602310617
3167000  -2873.80836115204  2870.1578506551
3168000  -2875.76272880328  2874.32823840348
3169000  -2881.58201986069  2872.07114733581
3170000  -2880.18234915334  2875.84977263763
3171000  -2879.4146565522  2876.476282628
3172000  -2879.04264053003  2879.33728675323
3173000  -2880.96544005409  2878.5500640933
3174000  -2882.52005401031  2880.64328332834
3175000  -2880.95449479318  2880.88440364195
3176000  -2880.77810687156  2879.83631579503
3177000  -2881.27235172706  2882.14750768028
3178000  -2881.90334851345  2880.42299884844
3179000  -2883.96008088141  2882.30032960379
3180000  -2887.81663523481  2880.36499994494
3181000  -2888.66393972021  2883.24797591251
3182000  -2886.58708749168  2882.69674826818
3183000  -2888.42621991472  2881.04493086919
3184000  -2886.67679149246  2879.34414298704
3185000  -2887.25919429657  2879.53011265459
3186000  -2891.15082317309  2884.49862406069
3187000  -2890.47350155575  2885.59457597631
3188000  -2886.8211033177  2888.50425600844
3189000  -2892.89345013696  2888.19238037754
3190000  -2890.1392830693  2886.61730001255
3191000  -2889.76585389699  2889.08725697696
3192000  -2890.35442484979  2889.38260056049
3193000  -2892.41194952477  2893.16019494554
3194000  -2892.57493869622  2889.87710604158
3195000  -2893.12912099209  2896.48420375409
3196000  -2895.1767348369  2891.97999476124
3197000  -2899.44034450563  2895.79604863175
3198000  -2899.10259448239  2895.967107423
3199000  -2898.71798554178  2896.34287025739
3200000  -2898.92725981928  2898.87962886755
3201000  -2902.1930959057  2900.376084238
3202000  -2901.87673284398  2898.89406340757
3203000  -2901.54715168457  2897.03231491052
3204000  -2901.03329812767  2899.68888646555
3205000  -2903.02885948608  2902.50362464128
3206000  -2903.21009384316  2903.14166091555
3207000  -2904.97287796967  2900.31135995691
3208000  -2905.45726120708  2901.63842166678
3209000  -2904.42008649751  2900.59368710078
3210000  -2905.84959109701  2902.72205855997
3211000  -2909.5318692625  2903.79200851929
3212000  -2909.62285172301  2904.33283487365
3213000  -2910.06006396115  2906.10424683653
3214000  -2911.97235167442  2907.08332122932
3215000  -2914.76597463286  2904.25652157065
3216000  -2913.3483800548  2906.06087617861
3217000  -2916.65842002125  2907.33235672438
3218000  -2916.89291980179  2908.00686498917
3219000  -2920.07794709154  2912.13545847568
3220000  -2918.98816083689  2910.62177242564
3221000  -2920.25569178025  2911.97423441657
3222000  -2917.21886414554  2913.23500932232
3223000  -2920.22192767127  2913.10927166743
3224000  -2920.76512974688  2913.77977053505
3225000  -2923.1150539339  2913.72128421231
3226000  -2918.0329731407  2917.60306044654
3227000  -2920.93444266224  2919.06675017314
3228000  -2921.43674193147  2920.24225425459
3229000  -2922.65366534395  2921.68974098823
3230000  -2924.28378254926  2925.84698965034
3231000  -2922.27130860797  2925.6329585244
3232000  -2927.50201036135  2923.67668272147
3233000  -2927.67309910957  2925.44291466793
3234000  -2930.9552691499  2927.44390353328
3235000  -2931.93639901396  2923.4407634655
3236000  -2930.48073609618  2929.02598870781
3237000  -2929.43493845121  2928.47214598684
3238000  -2930.73114770946  2926.48760346223
3239000  -2934.06855185158  2926.67510843108
3240000  -2934.12210902805  2930.01958243312
3241000  -2936.17547800139  2930.86709864248
3242000  -2936.7522861741  2929.2072464937
3243000  -2942.234042618  2931.21737796998
3244000  -2940.42356732375  2933.01094549141
3245000  -2939.74960525889  2936.03784824174
3246000  -2939.90885920766  2933.38160402304
3247000  -2941.20726468694  2934.71211858998
3248000  -2942.49505655567  2933.9901742833
3249000  -2944.52126899478  2933.1872174965
3250000  -2942.88903202769  2934.47208920237
3251000  -2943.99378128433  2933.68746652286
3252000  -2945.1500216462  2933.82468801345
3253000  -2947.48533231095  2936.37096389273
3254000  -2948.883044569  2935.73825471718
3255000  -2947.92929188418  2940.07056931469
3256000  -2946.01930810164  2941.22117017108
3257000  -2949.57321156845  2937.83953572209
3258000  -2947.06968423692  2940.32414263538
3259000  -2948.5910251937  2943.46721534605
3260000  -2951.26364164838  2942.08453053597
3261000  -2948.48389678489  2943.33701584344
3262000  -2951.40277268725  2945.89726812612
3263000  -2951.1738381009  2945.21682726325
3264000  -2957.44016324676  2947.18081054802
3265000  -2954.14499530808  2948.94163194918
3266000  -2957.83260866722  2947.18132781881
3267000  -2957.7115285113  2950.1034114742
3268000  -2958.81061747339  2951.25285953066
3269000  -2959.61024475228  2950.1853375436
3270000  -2961.36178149241  2951.15601772239
3271000  -2963.49549925731  2955.11606562634
3272000  -2961.608944283  2953.53595981969
3273000  -2962.36896185234  2952.98374047809
3274000  -2964.49562410518  2950.13331622218
3275000  -2962.65157774797  2956.42690408961
3276000  -2962.15462664446  2954.52476262664
3277000  -2964.73099076957  2957.00908862106
3278000  -2967.62241945782  2956.67654097446
3279000  -2964.80533117072  2958.42750695364
3280000  -2965.98829456807  2957.25446936675
3281000  -2968.76205834672  2958.74934273607
3282000  -2968.20909952184  2959.11381386737
3283000  -2967.92586242856  2958.66356346769
3284000  -2970.61194587851  2959.98962171314
3285000  -2971.83866511664  2958.32367872901
3286000  -2971.26558045153  2960.34976438036
3287000  -2970.85183573786  2964.53601662343
3288000  -2972.99920767071  2965.92457296806
3289000  -2975.24353323041  2967.00434903517
3290000  -2973.59054747973  2967.12563105169
3291000  -2972.47755944423  2970.62736392749
3292000  -2974.26092766974  2971.01273083774
3293000  -2974.46800030114  2971.53447633073
3294000  -2976.50716061858  2974.12387581142
3295000  -2977.44183326176  2973.23772231985
3296000  -2977.61657991729  2973.47080861968
3297000  -2978.00189788203  2975.08646243808
3298000  -2979.73477719713  2978.07328365452
3299000  -2980.98895748719  2978.28084850868
3300000  -2981.59517475562  2980.38076611948
3301000  -2982.83847485629  2979.08588486475
3302000  -2983.81678292788  2979.58747158984
3303000  -2985.71190174478  2979.86792329073
3304000  -2983.62854362289  2980.98350206786
3305000  -2987.81906186749  2983.53812262647
3306000  -2986.73819211232  2984.52119472456
3307000  -2986.24056510861  2987.99004556355
3308000  -2988.66745551609  2987.88213285185
3309000  -2987.44873858898  2988.09339822521
3310000  -2987.94621323  2990.36173741412
3311000  -2986.96742657292  2991.02719133639
3312000  -2990.80462464597  2992.0898667426
3313000  -2988.7282576367  2995.55303030804
3314000  -2994.18459738997  2996.03554083549
3315000  -2991.38622143386  2996.81332967848
3316000  -2991.34867559188  2998.15799974495
3317000  -2993.63805449934  2996.2638319198
3318000  -2995.5097938647  2994.51420855082
3319000  -2996.51990621357  2997.33533329778
3320000  -2995.20229713574  2996.02083109578
3321000  -2995.22247031664  2998.75631958166
3322000  -2996.50250052497  2996.14435072769
3323000  -2996.99467665631  3000.01881499543
3324000  -2999.42399065794  3000.5384728123
3325000  -3000.48101347088  3003.77542485769
3326000  -3002.02310993999  3002.92970666327
3327000  -3003.34376417102  3002.41037204186
3328000  -3005.41175977684  3006.89628957007
3329000  -3003.14356239157  3005.40224551593
3330000  -3004.61311663624  3006.95603010466
3331000  -3005.51364714809  3009.90774503512
3332000  -3007.90419434078  3009.11436223139
3333000  -3004.04817700649  3008.07524646141
3334000  -3007.61169842419  3010.26836845599
3335000  -3007.03403708377  3015.21206055808
3336000  -3010.85775152055  3012.98688950248
3337000  -3011.85545806867  3015.95515701444
3338000  -3011.65244342872  3015.47267399272
3339000  -3013.74338330689  3015.10982272214
3340000  -3014.73703395243  3017.01275678634
3341000  -3016.15419922299  3015.46327867395
3342000  -3019.37329700109  3015.11951921691
3343000  -3021.24428430987  3018.62074843601
3344000  -3020.00212978585  3014.86066377972
3345000  -3020.98575710776  3015.03281849078
3346000  -3021.19438767287  3019.71031005559
3347000  -3020.02486388703  3019.29449324435
3348000  -3021.86279828716  3019.01950131063
3349000  -3022.46868525824  3018.9025480201
3350000  -3025.15874309022  3021.19985245565
3351000  -3023.76835078478  3020.73710208098
3352000  -3025.56886596083  3024.35347827124
3353000  -3025.31301553521  3024.74330357561
3354000  -3027.93139888212  3021.85142215977
3355000  -3029.26386903659  3027.31560840359
3356000  -3029.00659433822  3028.77949851616
3357000  -3026.81040537124  3028.7598126492
3358000  -3030.74144489172  3031.18193864427
3359000  -3030.16641645703  3032.24821182186
3360000  -3031.10877902695  3034.0506158542
3361000  -3029.11378993057  3032.81627819
3362000  -3031.71577352928  3032.7928488336
3363000  -3030.94614603293  3032.84975303995
3364000  -3033.87273217763  3035.92512551035
3365000  -3035.25206800177  3037.24590138193
3366000  -3037.82618291877  3035.7904256868
3367000  -3037.82632649411  3034.78846388692
3368000  -3038.04921988532  3038.8121301688
3369000  -3041.18743952485  3039.53708815222
3370000  -3040.37775830205  3039.4821664153
3371000  -3048.02454789045  3042.36448830141
3372000  -3049.33024715562  3039.20220437859
3373000  -3048.02717217215  3039.1247396062
3374000  -3050.44029599903  3040.08268899347
3375000  -3052.04728877617  3041.96004294344
3376000  -3054.32636050889  3042.54967363803
3377000  -3054.26780952998  3043.79114843213
3378000  -3054.26397860401  3045.88723868254
3379000  -3055.68878364852  3046.1183017038
3380000  -3053.03793941389  3046.09013410017
3381000  -3056.19897710084  3050.68268281046
3382000  -3057.03067116865  3049.26596292296
3383000  -3059.2228257756  3051.25247936246
3384000  -3065.08908026423  3052.9200193301
3385000  -3063.38447055122  3052.83471964265
3386000  -3061.47252118419  3053.58175511041
3387000  -3066.24103965912  3052.30515499381
3388000  -3065.16690008132  3054.49229673654
3389000  -3068.55874571328  3053.58652430452
3390000  -3065.68242262817  3054.97491930689
3391000  -3067.61591494251  3054.87229319502
3392000  -3068.77633813541  3055.57015633542
3393000  -3067.36869238859  3055.88219837032
3394000  -3069.67451551561  3059.70297022399
3395000  -3070.14265005724  3060.50375020396
3396000  -3073.66657386953  3060.29083809398
3397000  -3072.98914006893  3064.9493600057
3398000  -3073.30172717912  3068.41317194711
3399000  -3075.78240663856  3064.20981103876
3400000  -3074.21077552775  3068.09795910064
3401000  -3077.75167568815  3069.15813893801
3402000  -3073.35983593228  3068.24038193913
3403000  -3077.87262691174  3070.2803060556
3404000  -3081.93617502294  3070.83062934373
3405000  -3082.1731387818  3070.9929275227
3406000  -3081.20790665774  3070.08643994887
3407000  -3083.17917242386  3071.78298386914
3408000  -3082.21485273208  3075.85620898545
3409000  -3082.51361752048  3076.25456084612
3410000  -3084.3786783725  3074.64222487822
3411000  -3083.84485167722  3079.14455469916
3412000  -3088.76474901067  3079.06084592167
3413000  -3085.7386865289  3074.89227255883
3414000  -3088.9795176676  3076.98859267079
3415000  -3089.72873405402  3077.57572535
3416000  -3089.54150953494  3080.80061403833
3417000  -3094.18126721166  3084.99187936293
3418000  -3095.30041239428  3086.48239384363
3419000  -3093.01507753931  3086.45450288897
3420000  -3094.98296967742  3088.80347976394
3421000  -3094.43423677202  3084.50796473883
3422000  -3097.42302918042  3085.46166289805
3423000  -3096.8489471611  3088.68917788717
3424000  -3100.277751789  3089.22440945217
3425000  -3097.62789752563  3089.25201652372
3426000  -3100.34158851116  3088.72903590669
3427000  -3101.94177979714  3089.60563962957
3428000  -3102.2723792588  3091.18059450756
3429000  -3104.12299680408  3092.3194184002
3430000  -3107.34862533122  3094.28906805741
3431000  -3106.3092248016  3093.80028367654
3432000  -3106.89790717407  3095.07588630987
3433000  -3104.80888110018  3094.67645517803
3434000  -3103.3346477196  3093.32175645764
3435000  -3105.36817734094  3098.00984425341
3436000  -3107.61479656286  3096.46942052708
3437000  -3108.44458704538  3096.12107944911
3438000  -3109.67190891827  3100.13397032853
3439000  -3108.03529804441  3098.97491733168
3440000  -3111.55387582656  3099.22971153218
3441000  -3110.90958742049  3098.81457310229
3442000  -3112.42426913531  3103.00183933988
3443000  -3114.43564739832  3104.19948744676
3444000  -3117.26153000451  3106.85597474222
3445000  -3115.71027518884  3107.47240039349
3446000  -3119.82055333207  3105.58009584932
3447000  -3119.04900366135  3108.51682722739
3448000  -3122.25631122309  3107.48437573958
3449000  -3120.54213048318  3108.71769901956
3450000  -3125.06681272587  3108.81445672549
3451000  -3122.96786676621  3107.87108594496
3452000  -3125.77669641559  3107.69572330942
3453000  -3126.58724303155  3109.20700928895
3454000  -3124.78799712321  3109.81434704718
3455000  -3130.64675202456  3109.96389796621
3456000  -3125.34939604134  3110.27935153609
3457000  -3131.62344182024  3110.63402858507
3458000  -3131.51158522677  3113.0627379459
3459000  -3133.55918069814  3113.28674077874
3460000  -3134.36741968231  3117.21189617741
3461000  -3133.87399234325  3115.15556344758
3462000  -3137.11102724744  3120.34642402992
3463000  -3136.94739089934  3117.71357094041
3464000  -3137.74556797705  3121.93239915838
3465000  -3137.69245226218  3121.91570463911
3466000  -3140.83356508189  3122.64787278731
3467000  -3142.22341172804  3124.0736932792
3468000  -3141.68454918544  3124.06829618242
3469000  -3144.07625098354  3125.44880489341
3470000  -3145.86232642014  3125.68125493099
3471000  -3148.21774189578  3127.09734133291
3472000  -3143.89479796481  3130.60292455592
3473000  -3147.10312524923  3133.18699380166
3474000  -3148.80677829092  3130.96597692968
3475000  -3151.12411750349  3131.31361141732
3476000  -3151.89950342704  3135.34750104923
3477000  -3150.33604220067  3132.95207587356
3478000  -3152.78039417215  3131.75085642142
3479000  -3154.35902150664  3133.06444126669
3480000  -3154.50319634917  3134.74558464372
3481000  -3152.2144572922  3136.78542913334
3482000  -3152.10374984759  3138.70581964231
3483000  -3152.07409876033  3141.7597385946
3484000  -3154.61980284489  3140.65204517467
3485000  -3151.98503732758  3141.9974870394
3486000  -3156.97332762366  3140.29551096361
3487000  -3156.83573986668  3140.19466922132
3488000  -3157.47129147872  3145.29609030278
3489000  -3160.20572584882  3143.07695023574
3490000  -3158.41545380987  3145.1317179766
3491000  -3161.97172209684  3145.08613384731
3492000  -3165.15340309275  3145.76953649093
3493000  -3162.75277420107  3148.136653537
3494000  -3163.58840747201  3148.56798854512
3495000  -3162.75670513994  3148.58912046635
3496000  -3163.87049810034  3148.49288300779
3497000  -3166.77004033618  3150.79707539964
3498000  -3167.32786804326  3147.63886297055
3499000  -3165.06187824886  3149.47210091749
3500000  -3170.66929801956  3152.88515949561
3501000  -3167.96951654977  3153.73213236447
3502000  -3171.51873784566  3157.72619667746
3503000  -3167.47866484711  3158.59777427893
3504000  -3168.06520553869  3159.00760935127
3505000  -3172.21668120369  3159.2018220812
3506000  -3171.84756290257  3160.59100346217
3507000  -3174.96331004921  3160.9502283051
3508000  -3174.98807176477  3161.90493748529
3509000  -3175.13111652875  3163.3700966912
3510000  -3174.19526260518  3167.18697254232
3511000  -3176.99824672876  3167.51562185322
3512000  -3179.24573120667  3166.97944778314
3513000  -3182.0323303592  3166.0122800881
3514000  -3184.15168678942  3167.4829657101
3515000  -3184.87703018347  3170.29164288405
3516000  -3186.38538571359  3171.65287790618
3517000  -3190.61349591562  3172.61891711397
3518000  -3188.5156163415  3175.69508693766
3519000  -3189.87297954896  3176.64074390921
3520000  -3188.66389441624  3176.83191514798
3521000  -3195.29478085109  3178.06458303083
3522000  -3191.45503589616  3175.82057318153
3523000  -3194.33086490358  3179.34692677704
3524000  -3195.3118483782  3180.22334820321
3525000  -3192.95066307286  3181.72336579853
3526000  -3195.87615978226  3179.52007728322
3527000  -3200.66548956968  3179.77242911405
3528000  -3196.60191090368  3184.07042572745
3529000  -3199.30445166959  3183.91587596022
3530000  -3201.45124410452  3186.41172488668
3531000  -3204.05566512844  3186.82842336518
3532000  -3203.90457113491  3185.56487305519
3533000  -3202.05744032517  3189.01530365194
3534000  -3203.30576656936  3188.39937320846
3535000  -3202.04005751933  3189.21878738211
3536000  -3207.86220487931  3185.92291480985
3537000  -3206.57801523624  3188.43612603504
3538000  -3208.00412097549  3188.08613198489
3539000  -3208.76836961993  3190.58656231143
3540000  -3208.0030480435  3190.57905371986
3541000  -3212.61287660021  3193.05477913224
3542000  -3210.55588395809  3195.61668963944
3543000  -3210.71909140154  3196.1251506486
3544000  -3211.20734368418  3196.6214479662
3545000  -3212.77545906892  3195.25007628666
3546000  -3215.08163215492  3199.4986420928
3547000  -3216.08072132361  3197.3523613529
3548000  -3213.54068476736  3200.18242791811
3549000  -3217.15054136166  3198.67821604251
3550000  -3218.18771146428  3201.50031793365
3551000  -3220.76390863789  3201.17940027475
3552000  -3222.41573900609  3200.25847040077
3553000  -3220.85043386984  3203.84935972436
3554000  -3223.01015293596  3205.56852282666
3555000  -3221.93003319844  3209.14519992134
3556000  -3223.2111241457  3208.02171895558
3557000  -3221.10493202372  3210.16269565896
3558000  -3222.7904517051  3207.66239655254
3559000  -3221.32305684438  3210.32290247951
3560000  -3222.56659295958  3208.35675100321
3561000  -3223.81098206468  3211.77929029521
3562000  -3223.22131795188  3211.17810106946
3563000  -3226.84127246945  3209.63094254603
3564000  -3225.30198181137  3212.52282445167
3565000  -3227.02644093204  3213.51190496218
3566000  -3226.71362613027  3214.23397801816
3567000  -3228.33834808227  3214.7324390216
3568000  -3229.88116485945  3217.56478599945
3569000  -3231.01078482006  3218.22160160583
3570000  -3233.02800781719  3221.74985022418
3571000  -3233.77114037014  3221.54535002147
3572000  -3233.37823814901  3220.93432901743
3573000  -3236.79605311276  3223.94178928844
3574000  -3235.75436782544  3224.01451471989
3575000  -3235.36679683682  3226.13287095926
3576000  -3236.66107896309  3225.45652466092
3577000  -3236.93609054084  3227.06848227697
3578000  -3240.78095086937  3227.79125968763
3579000  -3241.66353824983  3226.17630483861
3580000  -3241.34582699215  3227.78344824264
3581000  -3239.69530335465  3228.88445342548
3582000  -3243.96568887144  3230.10529052799
3583000  -3243.93603176934  3232.28409714042
3584000  -3245.6023613601  3233.02204833963
3585000  -3247.51196306676  3234.46107289928
3586000  -3243.70365928138  3233.175305922
3587000  -3244.55509156534  3234.44155371891
3588000  -3246.10093649701  3237.40681042888
3589000  -3248.01083707822  3235.79980955182
3590000  -3247.65288560095  3237.52014705203
3591000  -3248.41495171462  3239.51390161912
3592000  -3249.34934335186  3238.3213045387
3593000  -3251.06645453347  3238.55573337874
3594000  -3251.03850799014  3242.27828867311
3595000  -3254.54304474548  3243.07600104287
3596000  -3252.08100286538  3242.9696333792
3597000  -3258.20394799656  3243.40015286173
3598000  -3255.84861218461  3243.3726011076
3599000  -3257.43965526836  3245.92896039829
3600000  -3259.02399623286  3246.28344579589
3601000  -3260.78765201381  3248.90452927806
3602000  -3262.5496885301  3248.88646945547
3603000  -3261.67231063585  3247.65589039519
3604000  -3261.61637859206  3250.6873002618
3605000  -3262.97875245563  3248.69336779522
3606000  -3262.39597385358  3251.45191819019
3607000  -3264.39592154571  3251.68173640983
3608000  -3263.46447142786  3251.6373462479
3609000  -3267.61097063787  3251.09064596031
3610000  -3266.63517439938  3253.28293828591
3611000  -3269.57813469362  3256.13992152551
3612000  -3272.66982665831  3257.43541780792
3613000  -3268.96813801808  3255.44007473216
3614000  -3269.6741964785  3253.83352662628
3615000  -3268.49601357766  3256.09351238354
3616000  -3268.05317505481  3260.50267211697
3617000  -3272.78975197691  3255.10216661237
3618000  -3269.76417498816  3260.56484946429
3619000  -3266.06706032318  3262.18949187126
3620000  -3270.66341324734  3261.93908126999
3621000  -3270.20998575708  3259.93950629981
3622000  -3271.03733354625  3262.42315540278
3623000  -3273.62537454127  3263.92045272409
3624000  -3275.44741568229  3265.88324028998
3625000  -3271.14868210779  3266.40472467385
3626000  -3272.79087064387  3267.22589598022
3627000  -3270.42207523822  3271.03577561807
3628000  -3273.11940223083  3267.83592824578
3629000  -3272.51145707903  3273.69841972758
3630000  -3279.64760821749  3271.45514055486
3631000  -3275.24715686378  3272.5699613688
3632000  -3279.18258779314  3274.35487418344
3633000  -3278.88771900188  3274.76597856421
3634000  -3280.79226405273  3275.06754513324
3635000  -3282.37053064406  3276.0502637777
3636000  -3285.87752193556  3276.2326212581
3637000  -3284.15430965084  3277.78658795378
3638000  -3282.79408496506  3279.0173886734
3639000  -3283.84883052936  3276.3153787594
3640000  -3281.14063170557  3280.75096083955
3641000  -3284.58461475801  3283.24035820814
3642000  -3286.78057990121  3282.75501025997
3643000  -3288.70034090279  3284.38678052755
3644000  -3288.54241280827  3285.26075212438
3645000  -3293.81760512996  3282.75714616575
3646000  -3289.97373525368  3287.57876602898
3647000  -3294.22880549406  3289.9686564382
3648000  -3291.74305809878  3287.34625497848
3649000  -3296.84472591694  3288.42836884449
3650000  -3295.49974776249  3288.02078489468
3651000  -3297.31730460395  3286.60557639525
3652000  -3299.42682397689  3286.61419069235
3653000  -3297.75871457198  3287.76206780586
3654000  -3300.33596172439  3288.38213717089
3655000  -3300.90128382427  3289.20803225792
3656000  -3301.7261729168  3291.52816020396
3657000  -3305.30587507055  3294.22254981061
3658000  -3303.60887653123  3292.92312766942
3659000  -3307.34583976813  3293.54619295951
3660000  -3309.08120232769  3296.59248358519
3661000  -3307.4996650181  3296.56495606819
3662000  -3308.10858589752  3298.00935481521
3663000  -3311.39405103134  3300.7208928194
3664000  -3313.78394886943  3299.37094488856
3665000  -3316.98234517205  3299.34833532955
3666000  -3314.21852078166  3298.09116355039
3667000  -3319.67083604769  3299.72472412025
3668000  -3317.4900808314  3297.43635763288
3669000  -3321.66717756211  3301.32103020261
3670000  -3318.08443776328  3304.80345772611
3671000  -3320.31427980869  3302.346513505
3672000  -3317.86790004037  3305.57008470698
3673000  -3320.04551636285  3303.79919197715
3674000  -3322.71013378242  3308.37348221792
3675000  -3322.34474983438  3308.54730227795
3676000  -3323.21882042893  3308.82010358306
3677000  -3323.17740908699  3313.66648824423
3678000  -3322.29496317687  3313.10256657178
3679000  -3319.27948047595  3314.01507284146
3680000  -3322.99595492228  3314.56102794289
3681000  -3324.69950410399  3313.87876737027
3682000  -3327.59757170399  3319.48371213247
3683000  -3322.73781841198  3319.6081243848
3684000  -3324.66532214435  3318.54782301426
3685000  -3324.10715774421  3320.82643367552
3686000  -3328.27340586577  3319.92606744764
3687000  -3328.80004522855  3321.84518808574
3688000  -3330.29537773557  3321.07328931697
3689000  -3337.03749787543  3319.68373449152
3690000  -3334.51075642185  3322.65832599987
3691000  -3338.39369050282  3325.7544376699
3692000  -3336.34084753751  3322.30368360512
3693000  -3336.83728095428  3326.90407382416
3694000  -3336.21586278012  3327.88755890128
3695000  -3338.53220993154  3329.65540767243
3696000  -3339.75105569932  3326.19307815029
3697000  -3341.9145945138  3331.7818306001
3698000  -3342.11671927027  3329.90373038064
3699000  -3346.43381944781  3332.52577248471
3700000  -3345.90791450778  3333.07426732559
3701000  -3350.64207814816  3331.71870169446
3702000  -3351.48167287251  3333.12986281217
3703000  -3351.88752937981  3334.91084233404
3704000  -3351.89279304742  3336.50223497575
3705000  -3351.50576813143  3335.92001932436
3706000  -3350.81940595047  3334.5047232183
3707000  -3353.01927655462  3337.92310387828
3708000  -3354.23413747547  3339.05707252967
3709000  -3355.07646365196  3338.9579292813
3710000  -3354.78349245437  3341.79823219229
3711000  -3355.40066398989  3342.00889276708
3712000  -3355.85243009638  3342.69919694063
3713000  -3354.15053523019  3339.03160410653
3714000  -3354.86665736553  3343.04073310082
3715000  -3356.93458571311  3344.34572377537
3716000  -3357.92848768498  3343.15376409525
3717000  -3356.85104419224  3341.29937077922
3718000  -3357.94244329563  3346.76604499836
3719000  -3362.45631432271  3348.73082124031
3720000  -3363.41054104102  3345.49733797051
3721000  -3365.84288649193  3350.3830567921
3722000  -3363.8963139194  3354.59425014883
3723000  -3364.38078918044  3351.73695276317
3724000  -3365.72547611106  3353.00279209228
3725000  -3365.6964497711  3355.10531031579
3726000  -3368.2877781155  3355.66582375845
3727000  -3373.04535102191  3359.37243734544
3728000  -3375.05607870044  3360.38751979551
3729000  -3376.23021876953  3357.91822802223
3730000  -3374.2661045401  3360.37968132978
3731000  -3378.1376150055  3360.08244901668
3732000  -3378.26881051634  3361.1069611546
3733000  -3377.29426973171  3362.72781535196
3734000  -3378.2013407222  3364.06793779471
3735000  -3381.68716497395  3365.27835896624
3736000  -3379.91860286873  3366.22040466228
3737000  -3384.03113823538  3369.43023863168
3738000  -3382.18683835608  3367.19820196818
3739000  -3386.19340747352  3371.30005663546
3740000  -3384.4369114986  3369.41111500853
3741000  -3384.23206130062  3371.35783442712
3742000  -3382.51810392035  3374.92393738095
3743000  -3389.08071654137  3373.68700065512
3744000  -3387.27896855188  3374.63351832283
3745000  -3391.40581121408  3375.3163158058
3746000  -3387.59490395817  3375.98117274249
3747000  -3389.64993566386  3378.09544651913
3748000  -3391.60593550874  3377.2928351504
3749000  -3392.5804370552  3379.33788164354
3750000  -3393.91297438832  3381.56805494239
3751000  -3394.1369666119  3384.16181739033
3752000  -3391.06446990871  3385.90728470068
3753000  -3393.34775144024  3383.15876436299
3754000  -3394.20456630881  3383.20962119066
3755000  -3394.96702244082  3387.42858902133
3756000  -3394.99624335787  3383.58551573063
3757000  -3392.61149573365  3384.2118064308
3758000  -3394.72419065182  3381.30406930402
3759000  -3398.16926697006  3385.85023141372
3760000  -3399.36588595176  3385.25286614269
3761000  -3397.61777752501  3382.06713287177
3762000  -3402.47070624633  3382.33184259937
3763000  -3399.31577332456  3385.44443727829
3764000  -3400.50672717046  3380.40048037507
3765000  -3400.02334393623  3386.00388890053
3766000  -3401.56587930225  3385.78613643682
3767000  -3408.04949450082  3385.96694101258
3768000  -3405.75380408127  3390.59567829935
3769000  -3409.4889821573  3387.57580618064
3770000  -3405.69722466045  3390.04680269478
3771000  -3409.1462387828  3390.53409283418
3772000  -3408.50208711226  3392.56613997841
3773000  -3406.2072084266  3392.76868218445
3774000  -3408.63775804955  3393.8995059388
3775000  -3410.20680284384  3392.66159737301
3776000  -3408.80223498626  3396.54612283426
3777000  -3404.29486281439  3394.5669100925
3778000  -3408.08459654651  3396.39564666117
3779000  -3408.73957680218  3395.81499295283
3780000  -3408.68061715918  3401.28232330473
3781000  -3411.9810113553  3399.52290462827
3782000  -3412.02313863093  3398.80868680539
3783000  -3412.84413944172  3400.92265007141
3784000  -3412.39666675386  3400.87685105403
3785000  -3409.42733423518  3401.91527457189
3786000  -3416.78419731912  3400.47247070538
3787000  -3414.01026949023  3403.11125996644
3788000  -3413.96038498476  3403.23190577438
3789000  -3413.21954749003  3404.39243863317
3790000  -3412.9871517636  3404.71996928734
3791000  -3418.41123687344  3406.30385020034
3792000  -3418.406543599  3406.96579161439
3793000  -3415.80159589177  3406.77521995223
3794000  -3419.04197331287  3405.29489750758
3795000  -3418.56499199542  3410.66051349837
3796000  -3420.77290320954  3411.52865774057
3797000  -3427.2713546658  3413.10020419842
3798000  -3417.79154023886  3412.75867309891
3799000  -3423.6688028987  3412.45940120859
3800000  -3422.39472100744  3414.24905616564
3801000  -3424.0407323282  3417.7231868111
3802000  -3428.01960066175  3416.35484183895
3803000  -3429.15677216526  3417.36497583435
3804000  -3425.5363930024  3415.41487554345
3805000  -3426.51182189974  3415.87487503515
3806000  -3426.85549960981  3420.93698717676
3807000  -3425.74934785811  3421.58697973501
3808000  -3428.48230299444  3417.4114940601
3809000  -3429.60921710959  3419.30887987248
3810000  -3430.57897972681  3422.42898542781
3811000  -3432.10569934258  3423.30049213713
3812000  -3435.38281598096  3425.54809549094
3813000  -3435.73460939634  3426.41539299164
3814000  -3435.85290704934  3422.13714520174
3815000  -3437.30862489593  3425.85985563107
3816000  -3440.60868142124  3429.45828188312
3817000  -3439.49092004507  3426.09910946598
3818000  -3441.78863842734  3425.64309353799
3819000  -3440.61904723758  3428.89869459525
3820000  -3439.91873026222  3431.83316605192
3821000  -3442.86427438659  3429.62922104641
3822000  -3444.19643413874  3433.60950394128
3823000  -3444.62223902964  3432.94749520139
3824000  -3444.51132406564  3433.61637062302
3825000  -3444.07870013383  3435.00987281378
3826000  -3446.99518894211  3433.75930771844
3827000  -3447.48370681298  3437.00791060458
3828000  -3448.57484797546  3436.7733986195
3829000  -3448.48449411725  3435.86752887774
3830000  -3446.73561397839  3439.35798609073
3831000  -3449.14792571694  3436.99162614427
3832000  -3450.93813527604  3439.31249304876
3833000  -3450.00099147314  3441.96022062183
3834000  -3452.89785173843  3441.48090691573
3835000  -3455.74126251439  3444.54778179971
3836000  -3456.41884868208  3446.25427902321
3837000  -3455.8368188662  3446.16284636233
3838000  -3457.53718149757  3449.80562562512
3839000  -3456.46007841515  3447.84901743868
3840000  -3457.84590248656  3448.39538316358
3841000  -3457.40961664767  3452.22067473432
3842000  -3461.52930285612  3452.36586989566
3843000  -3458.36448541222  3453.45479402584
3844000  -3462.10923466989  3454.17617310564
3845000  -3461.28219866756  3454.69372742214
3846000  -3465.80329582901  3453.40268952849
3847000  -3463.60039438457  3457.38574082624
3848000  -3466.68517346433  3458.45918708854
3849000  -3463.00158271077  3461.92297008417
3850000  -3466.3839057477  3461.33464547894
3851000  -3468.77502278182  3465.42548472599
3852000  -3466.32098524356  3464.70325504203
3853000  -3467.58565383851  3466.00439407506
3854000  -3471.77576837929  3467.70867654202
3855000  -3470.30092736956  3469.63134596111
3856000  -3471.11294155506  3467.56219525704
3857000  -3474.80461674881  3469.14266043133
3858000  -3475.62832421314  3472.74769771425
3859000  -3476.1417399722  3471.63984579099
3860000  -3473.60274888479  3467.61321925546
3861000  -3474.37538545456  3472.01247297317
3862000  -3476.86194420552  3472.87713648456
3863000  -3476.10984937524  3473.9824128605
3864000  -3477.23001451921  3474.2805442786
3865000  -3477.61020115717  3476.42043941863
3866000  -3479.17238444252  3477.89936308372
3867000  -3479.30437761018  3478.56426938667
3868000  -3480.5109838568  3480.84582566281
3869000  -3484.72516530038  3477.01589674862
3870000  -3482.25615506343  3480.94679261159
3871000  -3484.84467766213  3484.30872850473
3872000  -3487.00305522787  3481.23073371899
3873000  -3487.99907462672  3483.94273853985
3874000  -3489.71438602654  3485.3145844567
3875000  -3492.48212138081  3488.83090710667
3876000  -3492.25057809231  3489.77303740588
3877000  -3495.90225425335  3488.18158214402
3878000  -3495.14750417681  3488.72261161907
3879000  -3491.30855060356  3489.35550249493
3880000  -3495.66730950429  3487.5535663234
3881000  -3495.51888059797  3490.27804466906
3882000  -3492.92618292791  3494.29162920272
3883000  -3494.01670342883  3491.93422368813
3884000  -3495.1577920251  3492.9210695196
3885000  -3496.98256203244  3494.52905176561
3886000  -3501.9211455974  3494.42675404214
3887000  -3501.07999291288  3494.39663877015
3888000  -3500.28537310461  3496.47931963159
3889000  -3502.24285422273  3498.52280301167
3890000  -3504.12138978021  3496.57035065353
3891000  -3504.19854748373  3496.75444227467
3892000  -3506.69771896097  3498.23084441676
3893000  -3508.73265377735  3498.42460396788
3894000  -3508.21053566669  3501.40403793132
3895000  -3512.18024067853  3498.91851611922
3896000  -3514.26336302944  3499.97712910132
3897000  -3518.63925480119  3502.62676643115
3898000  -3515.73935838871  3502.34876429359
3899000  -3518.07893671285  3501.88407736662
3900000  -3522.07542191002  3505.5459787047
3901000  -3518.85434028612  3505.63616797666
3902000  -3517.39170377338  3505.8955466743
3903000  -3520.07899564754  3507.97156591089
3904000  -3519.93104396302  3510.1501093115
3905000  -3520.9562349901  3509.03630908869
3906000  -3521.36124582373  3510.36025438238
3907000  -3522.57357122479  3511.95382765048
3908000  -3525.70492272417  3511.08190287647
3909000  -3526.23346063905  3514.19842856164
3910000  -3524.33074300571  3515.26486384464
3911000  -3525.81565344651  3515.84902733849
3912000  -3522.3084249704  3514.93973751732
3913000  -3527.70442753545  3514.26746820137
3914000  -3528.68886979382  3515.71631244512
3915000  -3529.45892799121  3516.99115218556
3916000  -3533.72303226041  3517.72000700906
3917000  -3532.63969174286  3521.48929514827
3918000  -3531.38669072031  3519.5808007116
3919000  -3532.33527489088  3520.16618419199
3920000  -3535.55187780479  3523.27679527669
3921000  -3535.00163916912  3522.66841318969
3922000  -3536.55483973937  3524.38708162656
3923000  -3532.80373131589  3524.30740005994
3924000  -3537.22658773042  3526.09598012085
3925000  -3535.51386094647  3527.40761735809
3926000  -3537.80450267641  3529.33996941992
3927000  -3536.91505520367  3527.90118637791
3928000  -3538.55667761546  3530.8548609277
3929000  -3543.68343117873  3532.37165530856
3930000  -3541.16320266112  3533.1215617636
3931000  -3543.91885870176  3531.60559045077
3932000  -3545.84402954516  3535.57649329664
3933000  -3547.11416456201  3531.29136859785
3934000  -3549.86605841973  3531.04333160653
3935000  -3548.04652883562  3532.86343723881
3936000  -3552.53672070192  3536.11830673124
3937000  -3550.5729784873  3533.91992887755
3938000  -3553.90899172501  3535.26501403502
3939000  -3553.07630502122  3537.77990045403
3940000  -3552.88468649696  3537.41023503601
3941000  -3556.50080836671  3539.20943883455
3942000  -3557.03129144767  3542.27926651953
3943000  -3557.35280324232  3542.07333633542
3944000  -3553.19885251297  3541.78217929011
3945000  -3554.37013351204  3544.36717934074
3946000  -3555.64054363241  3540.67772690065
3947000  -3556.90497616824  3544.06246557616
3948000  -3557.96858956582  3545.76480896314
3949000  -3557.90371924724  3546.62924005747
3950000  -3554.62397749386  3546.33910281618
3951000  -3559.43787424418  3545.54545991555
3952000  -3554.98167970191  3549.86164095665
3953000  -3559.24060870761  3547.62372070989
3954000  -3561.83073834699  3551.37154786427
3955000  -3560.55372362345  3554.15746466223
3956000  -3562.37228629789  3554.72455010166
3957000  -3566.38915489424  3558.03338488777
3958000  -3564.33695738043  3557.25647636316
3959000  -3561.82089847059  3556.44208942238
3960000  -3567.71434312427  3556.67676348731
3961000  -3566.7827201754  3557.25156331655
3962000  -3568.98926748078  3557.18681569512
3963000  -3565.44164971632  3557.35145956193
3964000  -3567.4572232265  3557.26614066134
3965000  -3569.92868114928  3556.68764960204
3966000  -3569.9277601628  3560.1580912601
3967000  -3573.11843388083  3556.95102835566
3968000  -3572.15525143817  3558.12115158704
3969000  -3572.978502243  3558.46479593427
3970000  -3573.55515822171  3560.57711908499
3971000  -3576.45068776871  3562.87108309195
3972000  -3575.7643230488  3563.88080361457
3973000  -3574.82513074828  3559.83374961076
3974000  -3574.81938233935  3561.65624823579
3975000  -3576.66656463471  3562.30155612749
3976000  -3580.26779964266  3564.07504289472
3977000  -3579.79612356115  3565.09922630932
3978000  -3577.64532798711  3565.51125702829
3979000  -3581.9510222198  3566.58971503986
3980000  -3576.09246195982  3569.65044705524
3981000  -3577.38998595932  3568.08908490318
3982000  -3580.36435163026  3570.85404232591
3983000  -3584.44303725099  3571.38470227965
3984000  -3583.09474924369  3572.94278001227
3985000  -3582.55983123674  3573.55738184902
3986000  -3583.33045109179  3576.15193218051
3987000  -3582.1018350208  3575.99321906525
3988000  -3584.89080904307  3574.86741385369
3989000  -3585.47499129208  3575.9032237514
3990000  -3583.96282599419  3576.737893061
3991000  -3587.9025657782  3577.21395171567
3992000  -3590.3116717187  3577.82833012592
3993000  -3588.0114705654  3580.53577485686
3994000  -3592.42616142198  3579.16735333462
3995000  -3586.44442365995  3581.32760888948
3996000  -3592.85719634399  3584.99435007729
3997000  -3592.65906022331  3583.99165831717
3998000  -3593.74541942198  3588.09110967513
3999000  -3590.23395445541  3587.68673765584
4000000  -3590.95890522178  3587.7812069694
