time_ps,DeltaT_mean_K,DeltaT_SEM_K,Integral_DeltaT_Kps,Q_hot_mean_eV,Q_cold_mean_eV,Q_sym_mean_eV,Q_sym_SEM_eV,T_all_mean_K,fit_mask,Q_sym_fit_eV
0.0,51.58687603930639,1.2764934620597719,0.0,0.0,0.0,0.0,0.0,299.267964885318,0,nan
0.5,50.8448355875136,1.2807170813477164,25.607927906704997,0.748327325068567,0.7483111649191414,0.7483192449938543,0.1039014103499951,299.7243887301014,0,nan
1.0,50.36386535863922,0.8234539385343678,50.910103143243205,0.34871455474221874,0.34860806698052327,0.34866131086137103,0.1915733892379938,299.2321468107226,1,-0.09969842772018062
1.5,50.33632371866738,0.9181484225193481,76.08515041256985,0.5734917473928363,0.5737430759807467,0.5736174116867915,0.277581187955798,298.9743736035688,1,0.14538512915848079
2.0,50.12976877471001,1.2345275872748505,101.2016735359142,1.0365211927459312,1.03629749407919,1.0364093434125607,0.22298402093903769,299.5813960974094,1,0.3898989430806671
2.5,48.64524011046797,1.2646205466771987,125.8954257572087,1.4129936465404171,1.4127776962188363,1.4128856713796267,0.2320622823405374,299.45026505753384,1,0.6302970071768175
3.0,48.374340117038585,1.0229475658940173,150.15032081408535,1.5597622605102515,1.559614655198675,1.5596884578544632,0.32058739499706446,299.20393592043877,1,0.866422718825461
3.5,48.52355656148401,1.1825225084344606,174.374794983716,1.7277764960967033,1.7276584919593005,1.727717494028002,0.22054996382352446,299.2256112308432,1,1.1022522777332617
4.0,47.3837612227192,0.6853547512484773,198.3516244297668,2.191788414710755,2.1919675062803443,2.1918779604955496,0.19271515561892671,298.9004636884482,1,1.3356709712691777
4.5,45.793869787975815,1.1605026916879229,221.64603218244054,2.7563372217666258,2.7562339298194276,2.7562855757930267,0.3452614437286621,299.05990151018295,1,1.5624461684050774
5.0,46.58419498270981,1.4388388129148293,244.74054837511193,3.000333215250066,3.0004148977786826,3.0003740565143744,0.4177216518642875,299.1056356660482,1,1.7872753856986638
5.5,45.81757832628758,1.3677740771973705,267.8409917023613,3.0986013973681112,3.098695784919255,3.098648591143683,0.3813730046001364,298.741076603741,1,2.0121623047001727
6.0,46.046045563740776,0.8267149072600589,290.80689767486837,2.984547357145857,2.9846658261194534,2.984606591632655,0.49852478240381876,298.9912435640338,1,2.2357394786561
6.5,45.73359921911756,1.120140822313764,313.751808870583,3.1416854181226883,3.1415653596988706,3.1416253889107795,0.3139545935264804,299.33659264820824,1,2.4591122647307597
7.0,46.03183138095039,1.7322044009560305,336.69316652059996,3.405526916046438,3.4053526606221567,3.4054397883342973,0.32586999408047906,299.4242593622332,1,2.6824504564068556
7.5,45.73586714955799,1.2134940676338097,359.63509115322705,3.4695157273905353,3.469534174119326,3.4695249507549306,0.22354506472615635,299.207632805286,1,2.9057941677593715
8.0,46.49425396734381,1.3621402055819691,382.6926214324525,3.8506954267320905,3.850583876259043,3.850639651495567,0.31445977455636226,299.20970064491763,1,3.1302633206159474
8.5,45.462396941876776,1.3188663796157918,405.6817841597576,3.695431080990238,3.6953196716596723,3.695375376324955,0.4940014252836854,299.301712723162,1,3.354066903210809
9.0,45.25354819109042,1.2534653823406026,428.3607704429994,3.6129899555960945,3.612748069239751,3.612869012417923,0.550004237163169,299.451941228594,1,3.574850863027697
9.5,45.34372027451364,1.4644579938627527,451.0100875594004,3.933693478480927,3.933342388379242,3.9335179334300845,0.413679514490118,299.84386523828397,1,3.795345988235411
10.0,43.7345080855816,1.0640808849764765,473.2796446494242,3.993656171047951,3.993612274179031,3.9936342226134913,0.5380841059984173,298.9707541376374,1,4.0121440821315595
10.5,45.0063148595594,1.0078410862226577,495.46485038570944,4.218454227432266,4.218127356439799,4.218290791936033,0.6932291644980931,299.905921266316,1,4.228121000616174
11.0,44.15939366315541,1.2259136903362817,517.7562775163882,4.549123192202205,4.548847841680254,4.548985516941229,0.7686729988280924,299.45629744008875,1,4.445132003242758
11.5,43.586941294957036,1.0650007332307436,539.6928612559163,4.707831794496269,4.7076769240600695,4.707754359278169,0.8125515300462742,299.1730668256482,1,4.6586885424275195
12.0,43.100905434910565,1.9125535426305957,561.3648229383832,4.797679857193179,4.797449181760749,4.797564519476964,0.5950233043578427,299.3397935952134,1,4.869668938883359
12.5,44.23761705268881,1.1945581709735908,583.199453560283,4.641104390885994,4.640610844358162,4.6408576176220775,0.5167572294532623,299.8249501912066,1,5.08223294635861
13.0,42.731530536589204,1.245100455078239,604.9417404576025,5.206482713872356,5.206386871060386,5.2064347924663705,0.6922775386086193,299.117924032624,1,5.293897971272539
13.5,42.85787970674524,1.1510885429504978,626.3390930184361,5.511286925943932,5.510951750919048,5.51111933843149,0.442934875702222,299.5567741753528,1,5.502204999151899
14.0,43.116536519569785,1.5610414509340764,647.8326970750148,5.569780302982326,5.569364478720672,5.5695723908515,0.44564822900734147,299.18322846219456,1,5.711449052438987
14.5,41.648289819348996,1.592705358469864,669.0239036597445,5.742516105190407,5.7422752711390785,5.742395688164743,0.569263452444207,298.991989181513,1,5.917749212624346
15.0,41.80917734415941,0.8338266974670974,689.8882704506216,5.80198982828224,5.801788217280409,5.8018890227813245,0.6716993436915818,299.0567851403218,1,6.120867529361709
15.5,40.96431451979881,0.9572681080367632,710.5816434166111,5.943643914084713,5.9434272842998315,5.943535599192272,0.6650138416119202,299.35437304304025,1,6.322321190841054
16.0,40.95772446246557,1.4278328704267385,731.0621531621772,5.791915756523849,5.791564199799905,5.791739978161877,0.7151866636620045,299.1464927188818,1,6.521702591059799
16.5,42.955515795552365,1.0986303509896285,752.0404632266817,5.737986840004669,5.737633552159968,5.737810196082319,0.5984812241179013,299.3006991586402,1,6.725930165805072
17.0,40.909961809061585,0.8054539262894134,773.0068326278351,6.322271265304517,6.322073419160006,6.322172342232261,0.6101833165093481,298.9870676182006,1,6.930041496071665
17.5,40.98477873006641,1.0563509687031631,793.4805177626172,6.554242522259665,6.553663073998905,6.553952798129285,0.6144264177514915,299.44555077989963,1,7.129356457492206
18.0,40.08745138352683,0.4423828706101683,813.7485752910155,6.824328024620445,6.823819138500403,6.824073581560424,0.7501769726755263,299.2985413279086,1,7.326669597640048
18.5,39.99940886376322,0.5547510269816345,833.7702903528381,7.410475030798262,7.410211491380323,7.4103432610892925,0.7540388132688723,299.34756794925244,1,7.521584550119253
19.0,40.22442238230779,1.2019351296941272,853.8262481643558,7.391872118722676,7.391338461900159,7.391605290311418,0.7617319694103235,299.7423246566976,1,7.7168328618491016
19.5,39.657262888643615,0.6382476319047258,873.7966694820936,7.8448111488562065,7.8444128461189395,7.844611997487573,0.5721949935328562,299.3949443086344,1,7.911248460618602
20.0,39.65199771124544,0.6120086039005105,893.6239846320659,8.021243514350498,8.0207182629405,8.0209808886455,0.6446075428482161,299.5500286677926,1,8.104270895425707
20.5,37.96719011992418,0.6563929474044159,913.0287815898583,8.09674618269437,8.096170829841139,8.096458506267755,0.6717428533844788,299.5663233966105,1,8.293180040582246
21.0,37.810914986117794,0.5593845672524478,931.9733078663688,8.21698532710434,8.21679766321904,8.21689149516169,0.6706260445728103,298.90131569696223,1,8.477608368901038
21.5,38.12367932701521,0.7210005431934563,950.9569564446521,8.030842270912036,8.030222490458982,8.030532380685509,0.5302201156099642,299.38141158855143,1,8.662417559776674
22.0,39.111557308740224,1.1799177845855404,970.2657656035909,8.040255096333567,8.03977487298107,8.040014984657319,0.39501840211577294,299.58079832957543,1,8.850392246661567
22.5,37.97977894752121,0.9997811372794891,989.5385996676563,8.345433972390856,8.345092786780151,8.345263379585504,0.3389124198343134,298.8956517732688,1,9.038016709607799
23.0,37.95358515493721,1.0213118254122573,1008.5219406932708,8.440546660943074,8.440013196021027,8.44027992848205,0.3490119019883683,299.2958287779666,1,9.222822906403575
23.5,36.96763625687301,0.2928083832424647,1027.2522460462235,8.833984082166172,8.833615162099886,8.833799622133029,0.45258725684032364,298.92520370164993,1,9.40516575598059
24.0,36.61619691113035,0.8266752564569755,1045.6482043382243,9.193617631551934,9.19329065451966,9.193454143035797,0.46327512431030443,299.23033233734657,1,9.584253677530924
24.5,36.695636772966225,1.1463063946023735,1063.9761627592484,9.204356904516317,9.204051292360964,9.204204098438641,0.4097264725534903,299.4118186330776,1,9.762679608258836
25.0,36.2973443376618,0.8484664551037484,1082.2244080369053,9.3224535174626,9.321958706681471,9.322206112072035,0.48652379365936693,299.4046101120202,1,9.940329517377041
25.5,36.95906891962742,0.9192505131482023,1100.5385113512275,9.472858263086346,9.472584030759027,9.472721146922686,0.4897247796271756,299.2775421071636,1,10.118620566180201
26.0,35.40953103086298,1.0556825074262246,1118.6306613388501,9.884718011790028,9.884326046299247,9.884522029044637,0.47168998619628943,299.3595930520058,1,10.294750859923532
26.5,35.06684884162039,0.9964297515914835,1136.249756306971,10.037875456258371,10.03738935545989,10.037632405859132,0.6585316658077199,299.33487561545303,1,10.46627587902573
27.0,35.5213688192538,0.9480536782331122,1153.8968107221895,10.015241381262422,10.014881044640788,10.015061212951604,0.7353043288477038,299.11440855512444,1,10.638073088311714
27.5,35.37523344009577,0.9322058549461447,1171.6209612870268,10.055563048250951,10.055125720439538,10.055344384345243,0.611591512416525,299.35571162473155,1,10.810620842308424
28.0,33.72223310739702,1.2053379343544568,1188.8953279239,10.475053937466328,10.474577979960305,10.474815958713316,0.6224695473900571,299.2197598816238,1,10.978789869873637
28.5,34.3553899693522,0.7084775461599242,1205.9147336930873,10.540065328324454,10.539455991819704,10.53976066007208,0.5416100319022636,299.58205550252603,1,11.144476808104564
29.0,33.41538338757101,0.8801389336808145,1222.8574270323181,10.675184336972233,10.674762425499647,10.67497338123594,0.613538745024257,298.96214119946563,1,11.309416937203842
29.5,33.68528038619439,0.9650239202531362,1239.6325929757595,10.89981594708497,10.89941651663903,10.899616231862002,0.6249393935549409,299.05441028105514,1,11.472726157348092
30.0,33.4221535059754,1.0879233320028852,1256.409451448802,11.12875152845827,11.128472023699578,11.128611776078923,0.5437638056870796,298.8961853622278,1,11.636051854568645
30.5,32.655937996491005,0.8202813034496427,1272.9289743244185,11.341002872216086,11.340428650419199,11.340715761317643,0.5528424911991326,299.2869674862592,1,11.796872344039084
31.0,31.990843175428996,1.2016877531216426,1289.0906696173986,11.386757935118112,11.386434180261858,11.386596057689985,0.5758956511523899,299.106535793854,1,11.954209318433517
31.5,32.52329870338601,1.335120863624552,1305.2192050871024,11.44823796588862,11.447521146241343,11.447879556064981,0.6176520991816815,299.65175200601715,1,12.111223476058349
32.0,33.44432033223558,1.3041586333945137,1321.7111098460077,11.725519611164781,11.724815826860867,11.725167719012825,0.5237518679061651,299.66675763493157,1,12.271775098256942
32.5,32.157887964799386,1.2151599841222422,1338.1116619202664,11.9717888231884,11.971197009639582,11.97149291641399,0.5525713605323308,299.5496697643176,1,12.431437385844
33.0,33.073442222903374,0.6901627183179939,1354.4194944671922,12.097745795680385,12.096968734938855,12.09735726530962,0.7490334312293623,299.8378663014452,1,12.59019703236319
33.5,31.853074742067417,1.0726385600471415,1370.6511237084349,12.585643367917873,12.584694506639062,12.585168937278468,0.7662815892020522,300.2869952896954,1,12.748214826165956
34.0,31.044385812485757,0.6778575200435877,1386.3754888470733,12.98623869170242,12.985682443120458,12.98596056741144,0.6889515003516293,299.220605571378,1,12.901294313827211
34.5,30.64282204340119,0.950433875424298,1401.797290811045,13.073613818191006,13.072941817498213,13.073277817844609,0.5403700637853075,299.60298190773256,1,13.05142829524037
35.0,30.42091768296557,1.0648699722997894,1417.0632257426369,13.653655768996213,13.652992177839042,13.653323973417628,0.5254754305722968,299.5273280832468,1,13.200044883407468
35.5,30.459770192514192,1.2782106120842023,1432.2833977115067,13.698029273502652,13.697450392139581,13.697739832821117,0.4774883424917706,299.5985204951856,1,13.348215961003831
36.0,30.556768064082007,1.294139777016297,1447.5375322756558,13.435384381557014,13.434646721879108,13.435015551718061,0.6902608883421643,299.1123361560274,1,13.496717670497837
36.5,30.78529894222479,0.31384101884033505,1462.8730490272326,13.534014550862413,13.533079201020154,13.533546875941283,0.8059526887063356,299.7067449916744,1,13.646011650041942
37.0,29.760457893482783,1.039656043109608,1478.0094882361595,13.967231257606182,13.966485149920482,13.966858203763332,0.5448654093375179,299.317722726481,1,13.79336757434725
37.5,29.190808812676163,0.750822787716878,1492.7473049126993,14.163928327752728,14.163353529479355,14.163640928616042,0.5488526256949733,298.9892383435284,1,13.936842837494538
38.0,29.603453539586155,0.6532077291489082,1507.4458705007648,14.209678249481659,14.208862972219503,14.20927061085058,0.510837752536108,299.20158336142435,1,14.079935984323562
38.5,29.048776903561578,0.8623457536551609,1522.1089281115517,14.397652659106097,14.39661631617928,14.397134487642688,0.6261322849445742,299.481569475991,1,14.222683454686681
39.0,29.284791021757407,0.8534260907788478,1536.6923200928813,14.550289644132135,14.549295933999383,14.549792789065759,0.7157860465249258,299.4340025815766,1,14.364655365996448
39.5,28.588852124187213,1.176370554466931,1551.1607308793675,14.620275274074084,14.619439969121595,14.61985762159784,0.6633451906660414,299.6465290247926,1,14.505507914950908
40.0,27.82561727153377,0.853060975485892,1565.2643482282979,14.739752815207975,14.738866948038776,14.739309881623376,0.5364337907690175,299.2376326114994,1,14.642809134994412
40.5,27.36075803993822,0.8680213234544552,1579.060942056166,14.889201057542413,14.888193084759404,14.88869707115091,0.5705757607413015,299.32413391037,1,14.777121426525394
41.0,27.43335549155959,1.2643209329000626,1592.7594704390403,15.301800798375917,15.300699589818397,15.301250194097156,0.4846160898569093,299.4593702816478,1,14.910479033530514
41.5,27.17686959412581,0.43736832143113374,1606.4120267104618,15.535546908098514,15.534484303939825,15.535015606019169,0.6912705091934485,299.58169332681393,1,15.043389093864853
42.0,26.9738905181404,0.5656720704483397,1619.9497167385284,15.493253217642268,15.492223604559694,15.492738411100982,0.7675649155654981,299.619509675236,1,15.175180910917042
42.5,27.166331964551794,0.5296421465759228,1633.4847723592015,15.812811711722679,15.811967411900696,15.812389561811688,0.5603996263324154,298.9869554815762,1,15.306947081545324
43.0,26.198695557947826,0.5468705014686408,1646.8260292398265,16.155547295514587,16.15446831942172,16.155007807468156,0.5194389747743748,299.41430298971136,1,15.436826587015776
43.5,26.12803234587799,0.48161807880635504,1659.907711215783,15.706001607170037,15.704927824260086,15.705464715715062,0.6625690967522919,299.32980517390723,1,15.564179084682355
44.0,26.188595953560956,0.8626438722496655,1672.9868682906426,15.924784693502989,15.92364675094068,15.924215722221835,0.4602506291240421,299.6695370670946,1,15.69150700198827
44.5,26.238480577099416,0.7996528724847357,1686.0936374233077,16.002658146262185,16.001701150160805,16.002179648211495,0.45814230619139834,298.7478250781858,1,15.819103727581503
45.0,25.96688626125342,0.3389465608829515,1699.144979132896,16.21945473095675,16.21829071605971,16.21887272350823,0.7754332269145936,299.5164833556893,1,15.946160857365804
45.5,25.704462761775197,0.8407828891997997,1712.0628163886531,16.14406797335814,16.143039800418773,16.14355388688846,0.8315476360470985,299.0305169858526,1,16.07191829757836
46.0,25.175574026276784,0.5741816930273383,1724.7828255856662,16.09384222557055,16.09269913711905,16.0932706813448,0.6320133526122506,299.3818794243614,1,16.195749846499883
46.5,25.052816987753214,0.8188224059719963,1737.3399233391738,16.17452995119256,16.173305265719684,16.173917608456122,0.5942480636780182,299.56866009814223,1,16.317995423581774
47.0,25.20909098795621,0.904833529165916,1749.9054003331012,16.281573320591633,16.280514853220666,16.28104408690615,0.6443682827876105,299.10025116159824,1,16.44032257405751
47.5,25.36640559938718,0.8959413890031022,1762.549274479937,16.6425135847443,16.64144036289945,16.641976973821876,0.7533994459220168,299.14976327571173,1,16.563412934742086
48.0,25.322198044874632,1.4838907485189454,1775.2214253910024,16.908356099082447,16.907260172640235,16.90780813586134,0.8023591718260858,299.2669292955708,1,16.68677857474909
48.5,24.566666116485976,0.8734106975157119,1787.6936414313425,17.104523390037684,17.10349372515848,17.104008557598082,0.8005236242810885,299.1757970373712,1,16.8081978132762
49.0,25.95363953612441,0.9414211491297527,1800.3237178444951,16.891514713207833,16.890362385359914,16.890938549283874,0.7402921606075177,299.7130681967666,1,16.931153850572553
49.5,25.2599960427416,1.829927157112774,1813.1271267392117,16.970290862823095,16.96900612805839,16.969648495440744,0.7800984582642669,299.83548329208617,1,17.05579731036507
50.0,24.660825303134185,1.1897362991135174,1825.6073320756807,17.14273490119613,17.141498394658992,17.14211664792756,0.7598221900757424,299.43939232188995,1,17.17729432610909
50.5,24.505733477015973,1.1366241970953166,1837.8989717707182,17.048195042622137,17.046913925780974,17.047554484201555,0.7912718154566739,299.34590954015357,1,17.29695562183985
51.0,25.210530402437996,0.6732437067360483,1850.3280377405817,17.445286789275997,17.444009335038572,17.444648062157285,0.7797205684380976,299.8204429639748,1,17.41795478676635
51.5,24.54359094417621,1.2715924209725327,1862.7665680772352,17.50030369321248,17.498967390261534,17.499635541737007,0.7847022879256241,299.63638444384276,1,17.539046088984655
52.0,24.139850505969584,0.889329230449655,1874.9374284397716,17.26247264543381,17.26112182252109,17.26179723397745,0.7513173978941924,299.43721602279777,1,17.657531576460116
52.5,24.221203020454812,0.7991975940662108,1887.0276918213776,17.54484644748245,17.543325021000054,17.544085734241254,0.5626302908189129,299.7913922048254,1,17.7752324380102
53.0,23.648393828717598,1.1735768624995426,1898.9950910336706,17.93444737532809,17.93315450513983,17.933800940233958,0.6149203361213136,299.25286259663244,1,17.891737195048304
53.5,23.363150094097204,0.6510869859276871,1910.7479770143743,18.303973610582215,18.30255621714023,18.30326491386122,0.7780086471527352,299.72407748846217,1,18.006153627674024
54.0,22.571089114360802,1.1470610667402994,1922.2315368164889,18.006543190856426,18.005186073860386,18.005864632358406,0.8436381620322113,299.3168619063305,1,18.11794812211218
54.5,23.278019637824617,1.2286634864404977,1933.6938140045352,18.11313154743657,18.111807811121253,18.11246967927891,0.8524810228667951,299.2068677009088,1,18.229535426522062
55.0,22.579005652855177,1.5407991896438098,1945.1580703272052,18.27673096228464,18.275352248939452,18.276041605612043,0.7904307420102854,299.417651010178,1,18.34114199815905
55.5,22.403564864874635,1.256797056250881,1956.4037129566377,17.89522654891898,17.893892898139164,17.894559723529074,0.6873515944960583,299.26332598676316,1,18.450620326661166
56.0,22.58207841750941,1.6833051963750183,1967.6501237772338,18.249036099264412,18.247603401618836,18.248319750441624,0.8098077655065689,299.61449145568474,1,18.56010613364071
56.5,22.111840913661798,1.6473019382332006,1978.8236036100266,18.602965118816247,18.601466663579778,18.60221589119801,0.7229573774875817,299.6357523389194,1,18.668881944499635
57.0,22.699125819317402,1.607492263379376,1990.0263452932713,18.71010556440651,18.7084378800806,18.709271722243553,0.7464240602093581,299.8406370084044,1,18.77794262467034
57.5,21.23333094539007,1.2434894625141386,2001.0094594844481,19.118217602436374,19.116749798379164,19.117483700407767,0.8536119029841627,299.2898316333661,1,18.884865192194486
58.0,21.08165160899581,1.0385618761105477,2011.5882051230446,19.076814166383702,19.075481514039712,19.076147840211707,0.8588233036596411,299.0123950993378,1,18.987851160033394
58.5,21.59389196173499,1.2656810181851141,2022.2570910157274,18.779448238260013,18.77789946189951,18.778673850079763,0.7687415209756848,299.29084978444723,1,19.091714659256972
59.0,21.811115840953242,1.4308164483010886,2033.1083429663995,18.877176306210096,18.875516761399194,18.876346533804643,0.8329964843055977,299.97400722202553,1,19.197353524447806
59.5,20.922046368942006,1.0598773516405255,2043.7916335188734,19.126812310696547,19.125296804979005,19.126054557837776,0.9572685604087122,299.3217897443016,1,19.301357255593075
60.0,20.65641880871957,1.2432911391014787,2054.1862498132887,19.208250468200273,19.206937658119564,19.20759406315992,0.7918325840281886,298.8459629044816,1,19.40255069156045
60.5,21.98079009958879,1.462473509237845,2064.845552040366,19.045596858474347,19.043975161718848,19.044786010096598,0.8051968690548259,299.68049597563686,1,19.50632089209706
61.0,21.15873293507601,0.7638822461171728,2075.630432799032,19.40922688547234,19.407772083199227,19.408499484335785,0.5743342099619296,299.47869092147283,1,19.611313621944547
61.5,21.683501085123822,1.1569088970783525,2086.340991304082,19.484533550963896,19.482694012800494,19.483613781882195,0.44241929194259116,300.171887203566,1,19.715582811451608
62.0,19.876363582332434,1.119099550530911,2096.730957470946,19.73542787096212,19.73412272750065,19.734775299231384,0.43157856762666574,299.12487133794957,1,19.816730977601292
62.5,20.7586964059004,0.6197736657336715,2106.8897224680045,19.707430729770568,19.705942802600475,19.70668676618552,0.5587526523389158,299.3342953886522,1,19.915628359295866
63.0,20.815317287923996,1.015231816367286,2117.2832258914605,19.75060584016628,19.749295963259648,19.749950901712964,0.6540688099567851,299.428511384804,1,20.016810961266778
63.5,20.87650314728979,1.0904918329739155,2127.7061810002638,19.833458365706065,19.83207329352008,19.832765829613074,0.6094730120157872,299.33432845749985,1,20.118280280625893
64.0,20.232451302338387,1.1239449020915295,2137.983419612671,19.897013961576338,19.8956448376397,19.896329399608017,0.5095376061358571,299.250479016169,1,20.218331024009732
64.5,20.010882773351398,0.8415191792846468,2148.0442531315935,19.79186499961397,19.79038362732099,19.79112431346748,0.38532301159959237,299.1951863166996,1,20.3162750253696
65.0,20.01460580325439,1.2088515736836645,2158.050625275745,20.189632949476618,20.18815775637995,20.188895352928284,0.3920038273146993,299.55295524429897,1,20.41368883557238
65.5,19.35627475026779,1.6686799863126525,2167.8933454141256,20.499317048096238,20.497857783559446,20.498587415827842,0.48400942647065076,299.37882098793943,1,20.50950946443033
66.0,19.41403170076318,1.180303755748831,2177.5859220268835,20.53993568471833,20.53867651988039,20.53930610229936,0.5567640639618456,299.09554546830725,1,20.603868419397138
66.5,18.955217785533364,1.4575234112425712,2187.178234398458,20.79114626845203,20.789728702361753,20.79043748540689,0.7324695177305228,299.4240127022786,1,20.69725128416661
67.0,18.2566524569354,1.0040358280967332,2196.481201959075,20.955627364938664,20.954400470998372,20.955013917968518,0.5423717319286117,298.96312070629443,1,20.787817325806614
67.5,18.54830248366337,1.8193748978595115,2205.6824406942246,20.78282520394623,20.78136079594042,20.782092999943323,0.41299968113724883,299.1867990536904,1,20.87739301926113
68.0,18.29872163403478,1.4776849721554457,2214.894196723649,20.91048261837168,20.9092823044979,20.90988246143479,0.4496888397587936,298.84508733511655,1,20.967071100443547
68.5,18.923295712530205,1.2160626067145528,2224.1997010602904,21.11306594857397,21.111687490699843,21.112376719636906,0.49310222037681684,299.5082722425242,1,21.057661838048737
69.0,18.487127258634153,1.4276287298994197,2233.5523068030816,21.01513626842643,21.01366010447964,21.014398186453036,0.5083939164739416,299.0666756702682,1,21.148711116209174
69.5,18.060016440017627,1.5470026235631247,2242.6890927277445,21.315892628685834,21.314454785059205,21.31517370687252,0.5383388763822115,299.368628512809,1,21.237659350105186
70.0,17.503778265856816,1.4787353385692972,2251.5800414042133,21.595294521186407,21.593779622478905,21.594537071832654,0.48997757611584086,299.3382656636498,1,21.32421431472325
70.5,18.322939537099764,1.0346090807044381,2260.5367208549524,21.498641265544574,21.497083385520817,21.497862325532697,0.42063324296651283,299.527057870567,1,21.411409180104247
71.0,18.444900662237785,1.2942266227730836,2269.728680904787,21.31660766398236,21.315058198798944,21.315832931390652,0.30886466734423884,299.41249430895436,1,21.500894543909094
71.5,18.094835843335602,0.7724329882493215,2278.8636150311804,21.385106403462306,21.383528839262,21.38431762136215,0.2927085846596301,299.1130021187998,1,21.589824750220032
72.0,18.633861074311596,1.5411821491957618,2288.0457892605923,21.315301302688205,21.31363058246061,21.314465942574408,0.36481697155809717,299.4764036183394,1,21.679214847324864
72.5,17.72042048186462,1.2573770888562479,2297.1343596496363,21.64462903865824,21.642936931320584,21.64378298498941,0.3518076858446159,299.3154928419722,1,21.767693694417353
73.0,19.02004576638119,1.1491696135313731,2306.3194762116977,21.660511714598215,21.65852508628086,21.659518400439538,0.37944038249662637,299.81715933237956,1,21.85711243565316
73.5,17.69259296462501,1.7891254931518408,2315.497635894449,21.775614063328067,21.773825144859437,21.774719604093754,0.42466332144093055,299.82140593274863,1,21.94646345043317
74.0,17.10255173729663,1.3589961389131933,2324.1964220699297,22.177154076120132,22.17544029618075,22.176297186150443,0.351935530195978,299.32983970788666,1,22.031147678971294
74.5,16.454216562974022,1.565249423879815,2332.585614144997,22.06852101721652,22.066777875799744,22.06764944650813,0.3391522769369501,299.27886057848156,1,22.112817953950316
75.0,16.849360796160386,1.6266062831513513,2340.911508484781,21.81942668175652,21.81769367710003,21.818560179428278,0.3315381531273025,299.4914852136778,1,22.193872014233108
75.5,16.667722639226405,1.2527510149687786,2349.2907793436275,22.049730354096027,22.04812513339857,22.0489277437473,0.4043349873942293,299.38135039014776,1,22.275445704409968
76.0,16.36382255303679,1.413340944305976,2357.5486656416933,22.498629083411835,22.4971057697192,22.497867426565517,0.5244019675490902,299.1623976904616,1,22.355837694326723
76.5,15.90408193747578,1.5859332913051674,2365.6156417643215,22.493460579192288,22.49182181991855,22.49264119955542,0.44569266885041336,299.448438214659,1,22.434371139775216
77.0,15.680205232910192,1.5128934457710481,2373.511713556918,22.644509729192396,22.642674330899172,22.643592030045784,0.49752428936322146,300.02919589350125,1,22.511240801214015
77.5,15.203062802990406,1.7346336041027972,2381.2325305658933,22.45745150269977,22.455902900822547,22.45667720176116,0.5819900005256115,299.2153404389258,1,22.58640432620467
78.0,14.973130413890624,1.8795141257916281,2388.7765788701136,22.745685652776594,22.744221450858458,22.744953551817524,0.5782281689180798,298.8668920679362,1,22.65984697645603
78.5,16.147696936961825,1.7347692244369908,2396.5567857078267,22.744146344534236,22.742234142460074,22.743190243497157,0.6936720880969376,299.42789021767345,1,22.735588671978554
79.0,15.56532700408584,1.2555426573018422,2404.4850416930885,22.857666842426624,22.856188869081233,22.85692785575393,0.6834398571035839,298.8472264580008,1,22.812771652249655
79.5,15.397349858216774,0.9585748971416641,2412.225710908664,22.747413854020124,22.745736455461884,22.746575154741002,0.6557967803204425,299.07691563199444,1,22.888128441997807
80.0,14.381190338341389,1.5513322012958077,2419.6703459578034,22.925986656898385,22.924426416539063,22.925206536718726,0.6565800875485559,298.7935284219432,1,22.960603286552704
80.5,14.656711379147612,1.9082941867776926,2426.9298213871757,23.134347067540695,23.132646216040303,23.133496641790497,0.7536373689002146,299.22082874445596,1,23.031275569320233
81.0,14.266852377255953,1.443979126162023,2434.1607123262766,23.634668202716238,23.6327646894395,23.63371644607787,0.7395446730107309,299.72860992705483,1,23.101669576997658
81.5,14.60453509753919,1.432986521144345,2441.3785591949754,23.811641841224265,23.809778334978184,23.810710088101224,0.7571642797002447,299.82539881355524,1,23.17193659833277
82.0,14.14938584468481,0.9902431156684497,2448.5670394305316,23.747866513068402,23.746036594900215,23.74695155398431,0.6756090290415487,299.3465159272194,1,23.241917730277997
82.5,13.479740280855628,0.7238965372617339,2455.474320961917,24.06698697967058,24.065424105178682,24.066205542424633,0.8123531136585818,299.0619293325698,1,23.309161342890267
83.0,13.716308951785583,0.6563883305629991,2462.2733332700773,23.73277498038624,23.731004582659807,23.731889781523023,0.8254763872196779,299.3235830302454,1,23.37535093538315
83.5,12.557750692580168,0.8232257010922615,2468.8418481811686,24.086239625332382,24.08452640787873,24.085383016605554,0.7057577270094504,299.3070609386062,1,23.439296594773516
84.0,13.531853404115008,1.3521558320891454,2475.3642492053423,24.1805318838904,24.178565521341806,24.179548702616103,0.6480188087643707,299.69867959322744,1,23.502793327283776
84.5,14.403767201991377,0.8075493090918815,2482.3481543568687,24.249503009646105,24.247741298540497,24.2486221540933,0.7055591132516833,299.3767976149534,1,23.57078288444837
85.0,14.156589144091175,1.4454362388249105,2489.4882434433894,24.397509622595862,24.39566018323967,24.396584902917766,0.8672286320957688,299.2103916454512,1,23.64029291996227
85.5,13.773997727735559,1.5870833228659498,2496.4708901613462,24.276821438143816,24.274735885541304,24.27577866184256,0.8159178891948236,299.54553376460603,1,23.708270226052537
86.0,13.595540803866765,1.3442974357412563,2503.313274794247,24.156540419480006,24.15436076807964,24.155450593779825,0.8683747752626232,299.2812112377374,1,23.774882055830762
86.5,13.269068746477217,1.7652713596698393,2510.029427181833,24.10024742261594,24.098220947298977,24.09923418495746,0.8167573098014267,299.31491232422104,1,23.840264992278883
87.0,14.334976225153014,1.4785932496820853,2516.9304384247407,24.085473125224052,24.083551785119198,24.084512455171627,0.7668501700190798,299.4434946752166,1,23.907447562519064
87.5,13.811953746143775,1.3408984328149496,2523.967170917565,24.299445062082487,24.297593556821084,24.298519309451784,0.8229461050501682,299.3044346141632,1,23.97595140323464
88.0,13.649846756832403,1.6733097719489498,2530.8326210433092,24.567113008060005,24.565054141619477,24.56608357483974,0.8594000393704209,299.6926124604018,1,24.0427877796827
88.5,13.519345942301992,0.977116344824126,2537.624919218093,24.644931433159947,24.642948383181647,24.643939908170797,0.8041962608777158,299.15399079249084,1,24.108912008894563
89.0,13.489624567523402,1.099527979647357,2544.3771618455494,24.594798185994296,24.59290581963869,24.593852002816494,0.8609942930411149,299.2410657164918,1,24.17464629023834
89.5,12.860234595343991,0.9693928023656541,2550.964626636266,24.49451522649797,24.49259119077906,24.493553208638513,0.7961137436950092,299.3924695769548,1,24.238776430072825
90.0,13.268966607973402,1.4932817578363298,2557.4969269370954,24.5736184764437,24.571442948660113,24.572530712551906,0.9260281966237619,299.74846985787343,1,24.302369533799684
90.5,13.811440121309976,1.9000535288350668,2564.267028619416,24.44017602378826,24.438086192318586,24.439131108053424,1.0415647767465768,299.36767229715895,1,24.36827767621477
91.0,13.602595025543815,1.6041741345436733,2571.1205374061296,24.46303653230425,24.46083608265908,24.461936307481665,0.9412794046679862,299.7452944829736,1,24.43499780160629
91.5,12.35809402060778,1.2600101557604313,2577.6107096676674,24.58130607669791,24.579133580940105,24.580219828819008,0.9627888336580761,299.442484769604,1,24.49818078138766
92.0,13.312909740211023,1.4803971706758055,2584.028460607872,24.542730079478495,24.540847970579488,24.541789025028994,0.845772924433527,298.776571689626,1,24.560658726742034
92.5,12.774470628142797,1.0890717817980664,2590.5503056999605,24.6525397022855,24.65045497119936,24.65149733674243,0.7210983481404306,299.2786613308358,1,24.624150047154693
93.0,13.444347139254399,1.325851757200665,2597.10501014181,24.33534788459383,24.333264949720615,24.334306417157222,0.8197326958447552,299.7994818923464,1,24.68796125917391
93.5,12.860146774699036,1.1040422907225889,2603.681133620298,24.534677070174077,24.532505513040814,24.533591291607443,0.8544492524508194,299.7519553214208,1,24.751980989319357
94.0,12.48279454352679,1.4307250406903018,2610.0168689498546,25.122781812568245,25.120970768079133,25.12187629032369,0.9037880322056276,299.422896900031,1,24.813660498136066
94.5,13.299507907357418,0.46914308243344116,2616.4624445625755,24.96875859941065,24.96689618902019,24.96782739421542,0.8110118138088811,299.33365971913133,1,24.876409321619736
95.0,12.203448219609594,1.2691997991655244,2622.8381835943173,24.901470705688553,24.89946546005958,24.900468082874067,0.7636249225173274,299.4533158078996,1,24.938478273582867
95.5,12.40776854362997,1.024852382531481,2628.9909877851273,25.130749234426368,25.12867020427875,25.129709719352558,0.7556124209079179,299.690814311826,0,nan
96.0,11.911460919702188,1.076029610330396,2635.0707951509603,25.085915525730705,25.084003183558526,25.084959354644617,0.64716302024428,298.9514965932612,0,nan
96.5,12.758591501419982,1.2962848379105987,2641.238308256241,25.07534283498426,25.073424552057986,25.07438369352112,0.8246813206974755,299.3703907145788,0,nan
97.0,13.31205513139422,0.783841794053612,2647.7559699144444,24.9925224700748,24.990416579939485,24.99146952500714,0.8545087384576733,299.77910566129515,0,nan
97.5,12.209806846682795,1.4944408267483136,2654.1364354089637,25.028487981318722,25.026458130440005,25.027473055879362,0.9197916702684107,299.3628725198886,0,nan
98.0,11.722945127599223,1.3280142647628006,2660.119623402534,25.289864767212386,25.287870594058766,25.288867680635576,1.0189319312184946,299.2982330727182,0,nan
98.5,10.37093651039197,1.0210507780524898,2665.643093812032,25.277012312212538,25.275013126259,25.27601271923577,0.7633549344069354,299.105849664284,0,nan
99.0,11.364749621426586,1.2767296136967725,2671.0770153449866,25.216440528026034,25.214493424078682,25.215466976052358,0.8447447358936516,298.91770314463156,0,nan
99.5,11.118412919321974,0.8981881682689461,2676.6978059801736,25.286390682000455,25.284266101400863,25.28532839170066,1.0189389715294561,299.115196534735,0,nan
100.0,10.61190321865978,0.8004699386276292,2682.130385014669,25.51932992852453,25.517102395040276,25.5182161617824,0.9893106613132068,299.39389094616763,0,nan
100.5,10.483922699019217,1.0412723710236267,2687.404341494089,25.78322609517054,25.781187066160054,25.782206580665296,0.9475181338022443,299.1527904574114,0,nan
101.0,11.149511157893608,0.6450708559910682,2692.812699958317,25.713311436288315,25.711068292080018,25.712189864184165,1.1090108717696394,299.37529522614506,0,nan
101.5,12.17777673010861,0.8063680861260815,2698.6445219303173,25.391746641118335,25.389497221900093,25.390621931509212,1.1115588613171152,299.50253567826684,0,nan
102.0,11.92569685237935,1.300847253849779,2704.6703903259395,25.6155609350124,25.61315911405909,25.614360024535745,1.2037468667257072,299.629428947484,0,nan
102.5,10.313246011832018,1.0932635414485599,2710.230126041992,26.12244302234194,26.120202338899254,26.121322680620597,1.2228245226788972,299.18244867606535,0,nan
103.0,11.058173966681817,1.2855516639574145,2715.5729810366206,25.919611360808084,25.917213315078698,25.91841233794339,1.2693434160074626,299.63072735579533,0,nan
103.5,10.5540029028856,1.650694118188059,2720.9760252540123,25.853820986740356,25.85153297798097,25.852676982360663,1.2677871813691284,299.0107369079784,0,nan
104.0,10.687030371284607,1.1682362608239687,2726.286283572555,26.06323296599039,26.060889810438674,26.062061388214534,1.1834231325700273,299.2306514204132,0,nan
104.5,10.032460856628177,0.6908481952095596,2731.466156379533,26.53815124970388,26.53582895669897,26.536990103201425,1.0825225795788578,299.2536688209404,0,nan
105.0,10.684041819080198,0.9388109447868807,2736.64528204846,26.25075999838227,26.248407264560957,26.249583631471616,1.0047546971889574,299.6224453049364,0,nan
105.5,9.727474440499794,0.9800361431828222,2741.7481611133553,26.27626421993009,26.274008265839804,26.275136242884948,1.0639425746814295,299.18012805979686,0,nan
106.0,9.420586263226028,1.0127135691641445,2746.535176289287,26.582686826879762,26.580361033701045,26.581523930290405,1.1403056231201,299.302567570968,0,nan
106.5,10.471657800865808,1.0572376552406084,2751.50823730531,26.855100223023875,26.852671850500336,26.853886036762106,1.1812419750656762,299.67846211507776,0,nan
107.0,9.732080474624615,0.6476912614220268,2756.5591718741825,27.130077870522108,27.127737780139434,27.12890782533077,1.0833960179210511,299.5603530202626,0,nan
107.5,9.499859645040193,1.1449046918303651,2761.367156904099,27.235878017820504,27.233666246501524,27.234772132161016,1.1472411219173007,299.6162268891804,0,nan
108.0,9.650783822976802,1.4486659530348154,2766.1548177711034,27.391520712076634,27.389111726840202,27.39031621945842,1.3083685474554332,299.76761972411583,0,nan
108.5,9.841979350667817,0.8467307350724934,2771.0280085645145,27.23420790563414,27.231685418920826,27.23294666227748,1.1908790922353285,299.68150983965603,0,nan
109.0,9.087601582535218,0.9961883852171263,2775.7604037978153,27.282297790268785,27.28000023720015,27.281149013734467,1.0929335189416314,299.25835247766497,0,nan
109.5,8.018473322872797,1.3967476433148596,2780.0369225241675,27.677938872223603,27.67575730485987,27.67684808854174,1.2994769011226162,299.01825706584435,0,nan
110.0,9.080552784688212,1.4915120628498264,2784.3116790510576,27.703311845918325,27.70075682245806,27.70203433418819,1.2535583656466582,299.89710096177,0,nan
110.5,7.813935484149193,1.416136039431431,2788.535301118267,27.64167006007683,27.63949075844066,27.640580409258746,1.2502131076569893,299.3389394053928,0,nan
111.0,8.92319402132539,1.1831756180019208,2792.7195834946356,27.647442023899565,27.645227702977717,27.646334863438643,1.166494664245383,299.606820107742,0,nan
111.5,8.258661670904633,1.8981134795640764,2797.015047417693,27.53402258454844,27.53174008431961,27.532881334434023,1.201932482695251,299.25313829723075,0,nan
112.0,7.957025766225229,1.7619855986987762,2801.0689692769756,27.595039882746097,27.592774909279978,27.593907396013037,1.2268368544926105,299.2387265499042,0,nan
112.5,9.68537403464361,1.7362598056377323,2805.4795692271928,27.257081706121973,27.254808751861127,27.25594522899155,1.277444218399677,299.0146739890662,0,nan
113.0,8.76670465677356,1.21920309013619,2810.092588900047,27.20361289160646,27.20113570163958,27.20237429662302,1.1457672799444525,299.1725458259816,0,nan
113.5,7.932723325022232,0.8514842135521563,2814.2674458954957,27.37634933452864,27.37401849875896,27.3751839166438,1.0611441177542682,299.0026966678266,0,nan
114.0,8.958083800438612,0.9790124435190448,2818.490147676861,27.28951743936286,27.2869862937594,27.288251866561133,1.1515371476302472,299.4594024290974,0,nan
114.5,8.493118309924569,1.327210052533862,2822.852948204452,27.268400635550826,27.266092518479855,27.26724657701534,0.9759995507248109,299.42439258626,0,nan
115.0,9.49705775368759,0.7607735752265828,2827.350492220355,27.22544478155214,27.222987925981577,27.22421635376686,0.890832392418528,299.77619653616364,0,nan
115.5,8.802350779469975,0.9816548942192063,2831.9253443536445,27.496005126808086,27.493634515120355,27.49481982096422,0.9719084458629723,299.2782043081942,0,nan
116.0,8.677246027314402,1.1263775984612687,2836.2952435553407,27.521323759158804,27.51881496394053,27.520069361549666,1.0404221829556468,299.6711752620674,0,nan
116.5,9.015719253861027,1.0319620450417704,2840.7184848756347,27.178238985151257,27.17579817724036,27.177018581195806,1.0397842904303989,299.28481447261436,0,nan
117.0,8.634816176296784,1.72749594186631,2845.131118733174,27.21894287165451,27.216607963459683,27.217775417557096,1.0121676668328616,299.1160596075736,0,nan
117.5,8.317861590229416,1.6125819662346934,2849.3692881748057,27.448479978901922,27.446147582239792,27.44731378057086,0.9888604819650989,299.39819226242463,0,nan
118.0,7.77167094706881,1.2981434986070162,2853.3916713091303,27.456469709584418,27.454143718200065,27.45530671389224,1.061215555307832,299.304324913441,0,nan
118.5,8.1427897342586,1.708879237204834,2857.3702864794623,27.57790334225829,27.575491607319417,27.57669747478885,1.1568420323188642,299.271772363851,0,nan
119.0,8.109977568636817,1.5492023807119912,2861.4334783051863,27.568716209822195,27.56620260428026,27.567459407051228,1.1261307794713884,299.27530022450355,0,nan
119.5,9.340446894424815,1.461637240317516,2865.796084420952,27.53583398693663,27.533519229700325,27.534676608318478,0.9918769457086097,299.55947913431436,0,nan
120.0,8.146314688142605,1.2431587292315773,2870.167774816594,27.69762981690037,27.69527650174059,27.69645315932048,0.9961740229323124,299.31447406709157,0,nan
120.5,7.727202734276011,1.5402463530861987,2874.1361541721985,27.737128737794773,27.7347582924398,27.735943515117288,1.0040302077172887,299.442924166061,0,nan
121.0,7.8414141921517855,1.14478409282349,2878.0283084038056,27.616664008558292,27.614331857978687,27.61549793326849,0.9699060324945995,298.9691582218538,0,nan
121.5,8.400615364730175,1.2733896148242807,2882.0888157930262,27.509885458074315,27.50749720386084,27.508691330967576,0.9171964210859436,299.44320198295156,0,nan
122.0,9.007022944140612,1.0867437538106814,2886.440725370244,27.54223091531203,27.539853281099205,27.541042098205615,0.9046714544466411,299.4372201973174,0,nan
122.5,8.305772040285182,1.4225215596954042,2890.7689241163503,27.986032025760505,27.983692177299236,27.98486210152987,0.8165518338325062,299.51077116923,0,nan
123.0,8.566889388415415,1.4575007841684442,2894.9870894735254,27.971131077259997,27.96874486788074,27.96993797257037,0.9658394686927063,299.28233163842395,0,nan
123.5,8.331624821982825,1.0931219060005903,2899.211718026125,27.798867847406108,27.7964785020813,27.797673174743704,0.882239917379871,299.53522750301556,0,nan
124.0,8.3205699296744,1.1381971428652307,2903.374766714039,27.885646617416207,27.883364668940338,27.884505643178272,0.8986650292798802,299.4311893499704,0,nan
124.5,7.057270509845035,1.0999274556896488,2907.219226823919,27.939962861704952,27.9376360231603,27.93879944243263,0.8379980330791802,299.3899764055166,0,nan
125.0,8.432651286109182,1.1047262137082694,2911.0917072729076,27.96319219452016,27.960904981720525,27.962048588120343,0.855126077731151,299.18195468612885,0,nan
125.5,8.688662591048603,1.1146081328080786,2915.372035742197,28.133650015470085,28.13126538613942,28.132457700804753,0.7870063989956564,299.34592455932795,0,nan
126.0,8.641478779258012,1.5233994088019382,2919.7045710847738,28.152580496634435,28.150171808119193,28.151376152376816,0.7585013827583211,299.56790657279697,0,nan
126.5,6.994935464252603,0.7983394596292114,2923.6136746456514,28.104839478386566,28.10246099444048,28.10365023641352,0.7263113357018609,299.168078868104,0,nan
127.0,6.690962505896778,1.0598594934000496,2927.035149138189,28.114820331192277,28.112442910119718,28.113631620655998,0.8017978270472644,299.0188204196254,0,nan
127.5,7.530577431107008,1.500629979976713,2930.5905341224397,27.71837177409634,27.715965525740465,27.717168649918403,0.8408142305372935,298.94703601182164,0,nan
128.0,7.760101578052206,0.9840029102124104,2934.4132038747293,28.008083616492332,28.005575434598722,28.006829525545527,0.7821179003731391,299.32168337911423,0,nan
128.5,7.6959943719950274,1.3768503342791831,2938.277227862241,28.526683300254263,28.523884081679718,28.52528369096699,0.713337124752767,299.7733812597018,0,nan
129.0,6.509141886566465,1.3399781438518314,2941.828511926881,28.57530567896047,28.572697263400187,28.574001471180328,0.675894389208971,299.6270384239104,0,nan
129.5,8.02852211403341,0.7615324200897081,2945.462927927031,28.02691720965031,28.024538725799356,28.025727967724833,0.5298989730902594,299.33892211973335,0,nan
130.0,7.591850238430402,1.1530435084702102,2949.368021015147,28.14971391724048,28.14715524803978,28.148434582640128,0.6381596671982888,299.46684574525864,0,nan
130.5,7.041399590327979,1.0327249258036795,2953.026333472337,28.917686923106523,28.915269137758877,28.9164780304327,0.6990073038438384,299.4087149434452,0,nan
131.0,5.5291639943971855,1.1510365432592906,2956.168974368518,28.931550125790455,28.928947215200605,28.93024867049553,0.586115694660054,299.31504175048224,0,nan
131.5,6.764362004540021,1.4256112195003294,2959.242355868252,28.603793639702417,28.601447104720865,28.60262037221164,0.5834906335706964,298.9004482574126,0,nan
132.0,6.428952826989212,1.403761563006382,2962.5406845761345,29.046697467274317,29.044218996840936,29.045458232057626,0.6952188660668984,299.5212964876752,0,nan
132.5,6.213253548221997,1.4366421313152389,2965.701236169937,29.16098081622804,29.158480917881388,29.159730867054712,0.7040162064234302,299.15741945218616,0,nan
133.0,5.674402988933787,1.6881357512185133,2968.673150304226,29.25970448456628,29.256962507039134,29.25833349580271,0.8475131064358055,299.89472510839175,0,nan
133.5,6.717337809081618,1.4017530037154338,2971.77108550373,28.97862370364619,28.975840684820287,28.97723219423324,0.8815340154033047,299.71760321670564,0,nan
134.0,5.75803747727482,1.3373741444326375,2974.889929325319,29.044579227954273,29.041996858381026,29.04328804316765,0.848180461872827,299.4934541926424,0,nan
134.5,6.517489113154147,1.7241019094786243,2977.958810972926,29.33910623820848,29.336573682880406,29.337839960544443,0.8696401569470754,299.6446650952036,0,nan
135.0,6.194759672388568,1.8989297662808597,2981.136873169312,29.24279638484186,29.240295572600008,29.241545978720932,0.8761488795514376,299.5176545912768,0,nan
135.5,5.5532031514641975,1.5791469524285457,2984.073863875275,29.254781818572518,29.25232292553992,29.25355237205622,0.9381924606151489,299.43266473222303,0,nan
136.0,6.1644589590608,1.2636243542174543,2987.003279402906,29.103356031416478,29.100979226700293,29.102167629058386,0.9440539289185885,299.0240560537936,0,nan
136.5,5.578992645960364,1.8509672525648653,2989.9391423041616,29.171824563226618,29.16938648380019,29.170605523513405,0.944372759433616,299.4934776140738,0,nan
137.0,4.849765758510773,1.8997553855337195,2992.546331905279,29.443666519496947,29.44137972253957,29.442523121018258,0.8638396066775667,299.0610022106662,0,nan
137.5,6.09626690476141,1.2175657419249797,2995.2828400710973,29.595653981760734,29.59332065474082,29.594487318250778,0.862366850652347,299.61907068240316,0,nan
138.0,5.5052745023076,1.7207184386104966,2998.183225422865,29.316727304502457,29.31433100453942,29.315529154520938,0.8313516474704084,299.2682268147696,0,nan
138.5,5.437313901804998,1.7654241438941032,3000.918872523893,29.21262575027031,29.21021659295875,29.21142117161453,0.8008501973405646,299.41421418619245,0,nan
139.0,5.3479088851039815,1.5220501138396643,3003.6151782206202,29.346720915502193,29.344289912800015,29.345505414151102,0.8524325140196742,299.31679893242153,0,nan
139.5,5.1651685321357945,1.795672779668226,3006.24344757493,29.307457876288208,29.304756857040775,29.30610736666449,0.7987319836324964,299.5024257622148,0,nan
140.0,4.648601502218616,1.4398343992430283,3008.6968900835186,29.56606042154599,29.563755232559195,29.564907827052593,0.7823502401026793,299.2147637133,0,nan
140.5,5.946395779594786,1.794757612747859,3011.3456394039717,29.33999328336413,29.337673564061696,29.338833423712913,0.9560008046897642,299.423282480928,0,nan
141.0,5.80292210588384,1.8731178882309294,3014.2829688753413,29.362297235968253,29.359837774959306,29.36106750546378,0.8450157751819167,299.6012312131394,0,nan
141.5,4.60200099302283,1.6851909180393199,3016.884199650068,29.378127669483547,29.375973030259775,29.37705034987166,0.8631122776718662,299.00485462767136,0,nan
142.0,4.448789205719595,1.6470621876144116,3019.1468971997533,29.569747053848552,29.56731432175875,29.56853068780365,0.9834741582194064,299.35724780620984,0,nan
142.5,5.043962313358213,1.674520365330075,3021.5200850795227,29.639059449864362,29.63645612725959,29.637757788561977,1.0467531468261941,299.7444655764836,0,nan
143.0,5.371587641794827,1.4485273051083325,3024.123972568311,29.816009584894527,29.813783039499686,29.814896312197106,0.862750789476309,299.7115939219394,0,nan
143.5,4.4269473687057825,1.375665254460953,3026.573606320936,29.908998291256466,29.906535101880582,29.907766696568522,0.7673707013737623,299.65923618221296,0,nan
144.0,4.622656021402998,1.2070211596601097,3028.8360071684633,29.80301168016649,29.800943787940195,29.801977734053345,0.7480993106577352,299.22943517335483,0,nan
144.5,4.9824682743740025,1.4554577955608372,3031.2372882424074,29.963881436182966,29.961724660820618,29.96280304850179,0.7420717043996102,299.3108751959328,0,nan
145.0,4.797664637039804,0.9450188736521697,3033.682321470261,29.822454361665404,29.820156849299384,29.821305605482394,0.524856650662756,299.4336072099516,0,nan
145.5,4.54401257842801,1.1544466492628065,3036.0177407741276,29.731685696556088,29.72930316896018,29.73049443275813,0.6605306368574478,299.2209385199854,0,nan
146.0,5.1745826846855945,1.7233858413071552,3038.447389589906,29.68175012226002,29.679494730859734,29.680622426559875,0.8686865561074855,298.9747325698394,0,nan
146.5,4.130569704743403,1.360136201830085,3040.773677687263,29.916133534000256,29.913846299800205,29.914989916900232,0.905269339297198,299.01228322261323,0,nan
147.0,3.615525439440205,1.7090935604384545,3042.710201473309,29.72056267768021,29.718169226220198,29.719365951950202,0.8975903978670657,299.06134602578237,0,nan
147.5,5.119843711605017,1.2643827175295828,3044.8940437610704,29.309361070918204,29.30686361234184,29.30811234163002,0.7682435223067853,299.3484227004552,0,nan
148.0,4.991590092998388,1.4990731088709928,3047.421902212221,29.812552191146096,29.810055773360364,29.81130398225323,0.841510702636047,299.39067598178116,0,nan
148.5,3.930441872205813,1.7568081837239216,3049.6524102035223,30.295093580054345,30.292498434161097,30.293796007107723,0.8506553166757526,299.5553126964244,0,nan
149.0,4.212970136602996,1.1712575370649694,3051.6882632057245,29.912118869226834,29.909687742499226,29.91090330586303,0.9448826176602767,299.25157759955056,0,nan
149.5,4.668276090216023,0.9950248691844796,3053.9085747624295,29.81448513930245,29.812241156620438,29.813363147961446,0.9286808361925964,299.0189931323492,0,nan
150.0,4.090782189166816,1.5622651405634798,3056.0983393322754,29.84073908706396,29.83833534242076,29.839537214742357,0.9662350293538519,299.2439559464872,0,nan
150.5,4.755201095339169,0.8801168457630459,3058.3098351534018,29.73456969705785,29.731931702180738,29.733250699619294,1.0250143884415812,299.7716612402868,0,nan
151.0,3.8965418517743613,1.1309294419343179,3060.47277089018,29.99091816394266,29.98845464887854,29.989686406410602,1.0642519990062802,299.3295971269098,0,nan
151.5,4.115672477083024,1.7453211540529598,3062.4758244723944,30.186135232126254,30.183633935258694,30.184884583692472,1.1236565992678509,299.420553952889,0,nan
152.0,4.236927386221419,1.6796981397584287,3064.5639744382206,30.155478706171742,30.153035674098646,30.154257190135194,1.143171824313764,299.17537582414803,0,nan
152.5,5.105224539738799,1.2221769055922171,3066.899512419711,29.733551783262737,29.73146352192125,29.732507652591995,1.1673447791164118,299.0062031788434,0,nan
153.0,5.4839758735749795,1.893196204939475,3069.546812523039,29.542493306614414,29.539958316897536,29.541225811755975,1.1277535043190745,299.26455290055117,0,nan
153.5,4.676840437440762,1.4353021857982309,3072.087016600793,29.912998121406236,29.91032685346145,29.91166248743384,1.10564427244065,299.9728225044238,0,nan
154.0,5.820479511319218,1.862973731347838,3074.711346587983,29.655820599390246,29.653484227499575,29.65465241344491,1.1868122325760955,299.4733659960619,0,nan
154.5,5.115365433749787,1.8006984572441604,3077.44530782425,29.740729494312472,29.738725642900683,29.739727568606575,1.1850310446244439,298.9433395164356,0,nan
155.0,5.999845817721393,1.5657799302628288,3080.224110637118,29.738616151383575,29.736403299482483,29.73750972543303,1.0964451027498716,299.3668524866792,0,nan
155.5,4.48577105807019,1.724578696316622,3082.845514856066,29.830977661929683,29.82859630907915,29.829786985504416,1.0142237620397745,299.59886430532,0,nan
156.0,4.132649534625602,1.486505278043928,3085.00012000424,30.230889924868098,30.228524377839495,30.229707151353796,1.150529724421938,299.62987643008137,0,nan
156.5,4.921157809513204,1.4785487872069882,3087.263571840275,29.90593046822869,29.903697514859232,29.90481399154396,1.0315898622609618,299.37863718704546,0,nan
157.0,4.799845803867174,2.1811401228331504,3089.69382274362,29.98576045213631,29.983557544759968,29.98465899844814,0.9316587818603908,299.3935327639139,0,nan
157.5,3.7932620183214114,1.7976714236278846,3091.842099699167,30.27567977648432,30.27349517467883,30.274587475581576,0.957742266763854,299.248837829872,0,nan
158.0,4.522511496580807,1.2181981400034614,3093.9210430778926,30.313254186862103,30.31082545658137,30.312039821721736,0.8135328834081533,299.90586800023254,0,nan
158.5,5.070646156350972,1.5796573705256722,3096.3193324911254,30.46856033953991,30.46610201966032,30.467331179600116,0.6438630850779009,299.5803957830796,0,nan
159.0,3.6294738300845895,1.726204871612812,3098.494362487734,30.65711785978292,30.654831131280663,30.65597449553179,0.6499049830167181,299.2415764972702,0,nan
159.5,4.2066910834612035,1.7733535493996067,3100.4534037161206,30.839630115786896,30.837015349081774,30.838322732434335,0.7342024365950695,299.91081655218443,0,nan
160.0,3.524012951552436,2.0331948657577663,3102.386079724874,30.73175348924833,30.72961853707893,30.73068601316363,0.8274060716708572,299.39286014721745,0,nan
160.5,5.241530995747018,1.7464241647234011,3104.577465711699,30.27475130669227,30.272512681179798,30.273631993936032,0.8720528447345217,299.3222153125422,0,nan
161.0,4.557124358237798,1.6152923009889026,3107.0271295501952,30.294327029385386,30.291917889820617,30.293122459603,0.9035552570482294,299.5971410471204,0,nan
161.5,3.77976208582362,1.4863156141464409,3109.1113511612107,30.69153115908466,30.6891377054817,30.69033443228318,0.8572630990974917,299.54118641013804,0,nan
162.0,3.595973990459606,1.4303739121081591,3110.9552851802814,30.446271893798258,30.443847284740333,30.445059589269295,0.8809890698522015,299.19936683651974,0,nan
162.5,4.623027794418192,1.5951187299973293,3113.0100356265007,30.159402781538482,30.156834888819866,30.158118835179174,0.8505661789253925,299.9045025961062,0,nan
163.0,3.4528577805915917,1.486334654989096,3115.029007020253,30.442449210144694,30.44026299383986,30.441356101992277,0.9338854394936736,299.223770978037,0,nan
163.5,4.517443087398419,1.7345200908813674,3117.0215822372506,30.525535963600124,30.523195975780254,30.524365969690187,0.7914464905970441,299.52803781092496,0,nan
164.0,3.567950651208014,1.3703186392290139,3119.0429306719025,30.58860422575617,30.586398903121882,30.587501564439027,0.8721388171844849,298.90431309879824,0,nan
164.5,3.666329961771396,1.5533906564294677,3120.8515008251475,30.882209206418338,30.879874423079308,30.881041814748823,0.7869469250308707,299.8050185094204,0,nan
165.0,3.074289351246557,1.606595003532076,3122.536655653402,30.559421846172153,30.557286494239815,30.558354170205984,0.683518413283097,299.1235463652062,0,nan
165.5,4.14474096812678,2.0585423864634467,3124.341413233245,30.366943590217126,30.364908474339607,30.365926032278367,0.6397451470893042,298.7355243007488,0,nan
166.0,3.168117877795646,1.0015808853259716,3126.1696279447256,30.52834318602836,30.525852889180534,30.527098037604446,0.8067374609536706,299.69376065533817,0,nan
166.5,2.644358358374575,1.3791328429966188,3127.622747003768,30.328718235409724,30.326839325820764,30.327778780615244,0.9241747421599663,298.5902866520261,0,nan
167.0,3.0308039104054045,1.0013312851025573,3129.041537570963,30.157547823275856,30.155324668918183,30.15643624609702,0.8713143017766916,298.9398764879484,0,nan
167.5,3.194698450420378,1.7417630669224862,3130.5979131611693,30.306393329212007,30.30395005485989,30.305171692035948,0.8702832477240574,299.755085066358,0,nan
168.0,2.32426582876019,1.4213257616883017,3131.9776542309646,30.234863477098408,30.232383105839837,30.233623291469122,0.8555683007498179,299.33482416005097,0,nan
168.5,4.814939970087403,1.248897563846673,3133.7624556806763,30.03901346463099,30.03673400100015,30.03787373281557,0.7797074884251209,299.45114360488304,0,nan
169.0,3.507976156961399,1.6845453698964952,3135.8431847124384,30.26447350435974,30.262022235839687,30.26324787009971,0.8655925726351108,299.295583534835,0,nan
169.5,3.1407851213234155,1.8253341558614493,3137.5053750320094,30.246169101648594,30.243849349059747,30.24500922535417,0.8861427140909758,298.9273040157928,0,nan
170.0,4.454337530650571,1.323382976731392,3139.404155695003,30.237640781359367,30.235389358799875,30.236515070079623,0.8721020520684178,299.516247198774,0,nan
170.5,3.930499425231983,1.4475428003786106,3141.5003649339733,30.01232369253812,30.01006739246004,30.01119554249908,0.8114937845158959,299.06947469400933,0,nan
171.0,2.874522806555592,1.0553368871175746,3143.20162049192,30.13769898426217,30.13544871871927,30.13657385149072,0.6353303223001491,299.0438442158124,0,nan
171.5,4.402289425396191,0.9558758979270373,3145.020823549908,30.034662840205964,30.032102765940362,30.033382803073163,0.7719196740324286,299.999653325419,0,nan
172.0,3.8485609725784,1.3139575129031125,3147.083536149402,30.34337544761238,30.341114013839253,30.342244730725817,0.7878449136478446,299.3804531524696,0,nan
172.5,4.017239570369384,1.2349904070274236,3149.049986285139,30.291365606491855,30.289197369939938,30.290281488215896,0.7605064458030216,299.4901417352646,0,nan
173.0,3.6610324058290074,1.2956050065750808,3150.9695542791883,30.250004477752555,30.247839343899976,30.248921910826265,0.8627326039755272,299.129837005434,0,nan
173.5,3.5089717031827945,1.060919517145987,3152.762055306441,30.23092645477245,30.228615547678054,30.229771001225252,0.80884829265979,299.3453458033212,0,nan
174.0,5.093561468294615,1.1490364171735086,3154.9126885993105,29.99450650864237,29.99220552475963,29.993356016701,0.733440649431772,299.5772308619684,0,nan
174.5,3.24445306049862,1.2216735489123438,3156.997192231509,30.392744103444965,30.39051781458038,30.391630959012673,0.6743095311793852,299.19619468227984,0,nan
175.0,3.671124256897815,0.9357990876580907,3158.726086560858,30.514666631088584,30.51241310612022,30.513539868604404,0.8946622534620986,299.62678004381377,0,nan
175.5,3.9867854921830483,0.87992807913201,3160.6405639981285,30.369921849812634,30.367715087579562,30.368818468696098,0.9280754875493862,299.190179991182,0,nan
176.0,3.52312626407479,0.7130951691638433,3162.518041937193,30.48644305047019,30.48434635779777,30.485394704133977,0.8313453128124713,299.1480897879772,0,nan
176.5,3.8148484042012,1.2445731960563946,3164.3525356042624,30.454724879574133,30.452469643959923,30.453597261767026,0.8137109148437169,299.4612543624476,0,nan
177.0,2.862845285504625,1.3716454988517617,3166.021959026689,30.681607664682815,30.679321633799553,30.680464649241184,0.9632305571668469,299.4254961211126,0,nan
177.5,2.8170398241967747,1.0963382195465896,3167.441930304114,30.88925141232776,30.887122147459014,30.888186779893385,1.0467313587063831,299.62331022330534,0,nan
178.0,3.704483031345569,1.1273394817884204,3169.0723110179997,30.635642969482433,30.63356493161991,30.634603950551174,1.1103479318491767,299.5279880399982,0,nan
178.5,3.4216045336004184,1.6043187304741582,3170.853832909236,30.95323111544003,30.95103022822004,30.952130671830037,1.3157620086746948,299.7101241677992,0,nan
179.0,3.4792255742430145,1.4964264519778945,3172.579040436197,31.02881185440401,31.026701296120155,31.02775657526208,1.2356825076521423,299.48068761291745,0,nan
179.5,3.663194101381407,1.6201924404778096,3174.364645355103,31.30041050344662,31.29823654107895,31.299323522262785,1.2185141768174617,299.5803821647348,0,nan
180.0,3.4311983222022038,1.5793547232899827,3176.138243460999,31.18392753272419,31.181777253479957,31.182852393102074,1.1620460068141314,299.5711172905796,0,nan
180.5,3.3345492489267827,1.5611506124701837,3177.8296803537814,30.97712811843103,30.975265583678265,30.976196851054645,1.1752610483928798,298.986364132312,0,nan
181.0,3.016188609645371,1.4321241263679818,3179.4173648184246,31.215844273105724,31.213463875139134,31.21465407412243,1.3105999037296643,299.7582511754466,0,nan
181.5,2.821338411333022,1.5412291344029652,3180.876746573669,31.29071438992214,31.288610885938397,31.28966263793027,1.3461565584413742,298.8031317205156,0,nan
182.0,4.2277843478947945,2.196285822235719,3182.6390272634762,30.927811419522914,30.925352981319158,30.926582200421034,1.3213186647984607,299.6547313700708,0,nan
182.5,3.2764646262908057,1.8510625853480867,3184.515089507023,31.048118566394077,31.045647897159505,31.046883231776793,1.1571140922312502,300.1564791736438,0,nan
183.0,4.402684911950996,1.2277768659667774,3186.4348768915834,31.038887279528716,31.036639702599494,31.037763491064105,1.1213511629170865,299.4700843537234,0,nan
183.5,3.286741869893001,1.559589916445535,3188.3572335870444,31.220591949360276,31.218465684980764,31.21952881717052,1.1913755405986108,299.4183722512504,0,nan
184.0,3.1533840481001905,1.8725878309920516,3189.967265066543,31.30020261678237,31.297641234400363,31.298921925591365,1.2332391467068258,300.000842918114,0,nan
184.5,2.705992103316407,1.2324352153909346,3191.432109104397,31.526705420378494,31.524445811020268,31.52557561569938,1.0478263687007547,299.2706204316538,0,nan
185.0,3.234913252721378,0.8165953940402885,3192.9173354434065,31.5614977941088,31.558946956298314,31.56022237520356,1.0806737185404207,299.9198323704028,0,nan
185.5,3.228665075894196,1.6608350136474759,3194.5332300255604,31.426185544540566,31.424005998118083,31.425095771329325,1.2544257249825708,299.24604011039366,0,nan
186.0,1.873924767313008,1.6639855855659125,3195.8088774863622,31.281917828388394,31.279375963098573,31.280646895743484,1.152976883311479,299.8801021242462,0,nan
186.5,2.4831096464197913,1.1365210813705215,3196.8981360897956,31.261213851006506,31.258788830440608,31.260001340723555,0.9039500967434844,299.74173110276706,0,nan
187.0,2.4032469441797844,1.3861406966996987,3198.1197252374454,31.358012645190684,31.35554101355883,31.35677682937476,1.067141770918763,299.54291155858823,0,nan
187.5,2.2119786723890003,1.0010989875398206,3199.273531641588,31.413324575836306,31.410944475660653,31.412134525748478,1.2597238002594024,299.18937301596117,0,nan
188.0,2.4805889911149848,1.4169362822504503,3200.446673557464,31.0553567981342,31.052871603400853,31.054114200767525,1.0839365631628735,299.53752410881896,0,nan
188.5,1.770363369110612,0.7279783907077283,3201.50941164752,30.836945067312264,30.83469755216065,30.835821309736456,0.8384104676377455,298.7948762157672,0,nan
189.0,2.872615418953967,0.928692187227939,3202.6701563445363,30.789540964437947,30.786953771761183,30.788247368099565,1.0240829523263661,299.6708423565976,0,nan
189.5,2.9763403114218137,1.0161749143912855,3204.1323952771304,30.76239846347853,30.759935204980867,30.761166834229698,1.0637395728683081,299.7374149876958,0,nan
190.0,2.6215531685667885,0.9405906273288258,3205.5318686471273,30.965265665232437,30.962879297338805,30.96407248128562,1.1149502815009193,299.26782232847256,0,nan
190.5,3.5536292613718046,1.4872712957410819,3207.075664254612,30.97705790862674,30.97453195700073,30.975794932813734,1.2273794749202314,299.7911238336598,0,nan
191.0,3.5033571119678184,1.0306515567043888,3208.839910847947,30.862719816333993,30.860100541899737,30.861410179116866,1.1386413899706174,299.659526405531,0,nan
191.5,2.950578509162176,1.0427377894754857,3210.4533947532295,30.753731592074654,30.751426776441075,30.752579184257865,1.0751014581345435,299.5064430903802,0,nan
192.0,2.856920302512003,1.2697829465665127,3211.9052694561483,30.684460157226386,30.682323208939486,30.683391683082938,1.0817262401867085,299.26456830272684,0,nan
192.5,3.1063673263851683,1.349243606170437,3213.3960913633728,30.52872356693224,30.526459075240563,30.5275913210864,1.0124986802586968,299.42874969315983,0,nan
193.0,3.385568276925403,0.4628768373548869,3215.0190752642,30.79761523221405,30.795187548319518,30.796401390266784,0.9654058633361947,299.5632035022114,0,nan
193.5,2.6395191709077834,0.4132970851959989,3216.5253471261585,30.913163754701053,30.910826307780372,30.911995031240714,0.9261151642140993,299.4866806059306,0,nan
194.0,2.991693627297616,0.6989458583022379,3217.93315032571,30.815370173196605,30.8132393951797,30.814304784188153,0.9442137066099014,299.6478106464166,0,nan
194.5,3.5810350472900154,0.805450787892139,3219.576332494357,30.566709708064263,30.564570503879075,30.56564010597167,1.0152940754135953,299.23842584249223,0,nan
195.0,2.556515882792212,0.9050610258582712,3221.110720226877,30.63301127003633,30.630880813180557,30.631946041608444,0.95268798296907,299.25920451966357,0,nan
195.5,3.0629304674221887,0.4919193137407707,3222.515581814431,30.73173923144477,30.729561378420478,30.730650304932624,0.8998610841825643,299.3236276509832,0,nan
196.0,3.0828276128602057,0.8478341001080544,3224.052021334501,30.583512928330855,30.58138443469943,30.582448681515142,0.8670960862095073,299.0515728512196,0,nan
196.5,3.5425551884630293,1.1913286795435551,3225.708367034832,30.864753730315897,30.862570455999958,30.863662093157927,0.9798225366978204,299.291331408345,0,nan
197.0,2.8967311450497846,1.1170859721771835,3227.31818861821,30.94590390839421,30.94380169327851,30.94485280083636,0.9268266678843496,299.16647987844215,0,nan
197.5,2.435743064039593,0.5660392917176646,3228.6513071704826,31.155921774300076,31.153779499420487,31.15485063686028,0.8223221337535621,299.2754127638028,0,nan
198.0,3.922188775891027,0.8497243038977622,3230.240790130465,30.89667073518449,30.89432352484073,30.895497130012608,0.7502931986875722,299.648152617945,0,nan
198.5,3.7187807989451924,0.6627512557360374,3232.1510325241743,30.972780350366882,30.970779674260122,30.971780012313502,0.7665486177392475,299.49535645931303,0,nan
199.0,2.39963864718361,0.81190020311964,3233.6806373857066,31.338912204050576,31.336638840400703,31.337775522225638,0.6498563774406935,299.502740123871,0,nan
199.5,3.2622022976059952,1.1402981539854988,3235.096097621904,31.25786864302554,31.25557435689989,31.256721499962715,0.5511659961150048,299.7078168037322,0,nan
200.0,2.8170778822394142,0.43744346011707574,3236.6159176668652,30.94784714437992,30.94580287001954,30.94682500719973,0.7375408404324323,299.09587193996856,0,nan
200.5,2.9801408947512074,0.3829730646253696,3238.065222361113,31.009586725440204,31.00746740177856,31.00852706360938,0.7890647481166907,299.2387159159128,0,nan
201.0,4.57214579004941,1.1602550537797178,3239.953294032313,31.01117371682485,31.008783938219132,31.00997882752199,0.621059531584979,299.7834119296752,0,nan
201.5,3.3834117795496015,0.5877338932106404,3241.9421834247128,30.982183876662383,30.980074903079366,30.981129389870876,0.555299812943719,299.26110525039496,0,nan
202.0,3.8974947504148076,0.5859848660989883,3243.762410057204,31.378513288803514,31.376343840960907,31.377428564882212,0.676981275864002,299.4215165621896,0,nan
202.5,2.6576035928364035,0.5334325771079708,3245.4011846430167,31.606491939082115,31.604237439238933,31.605364689160524,0.8101432677773452,299.37748615720255,0,nan
203.0,2.900322876030782,0.9143205232506908,3246.7906662602336,31.484713868538712,31.482692625578785,31.48370324705875,0.9525796477497716,299.2383658189068,0,nan
203.5,3.1945390687121744,0.8821056818966051,3248.3143817464193,30.910480047227974,30.908391415661026,30.9094357314445,0.8874970555060381,298.85114201703107,0,nan
204.0,3.4952428030935834,0.8050743439777098,3249.986827214371,30.85753878464984,30.855292977519277,30.85641588108456,0.8149962844868164,299.3176398762744,0,nan
204.5,2.85600710456157,1.0762376344157005,3251.5746396912846,31.43363314221606,31.43149981535753,31.432566478786793,0.7718935249510557,299.3453258381522,0,nan
205.0,2.5840935818959907,0.7139098538048764,3252.934664862899,31.201997941490664,31.199766978960543,31.200882460225603,0.739540409117544,299.3556699142582,0,nan
205.5,2.530190748738414,0.6658018789763736,3254.2132359455577,31.1383209905709,31.13620844988109,31.137264720225993,0.8030229652772379,299.7002021717406,0,nan
206.0,3.221213988318186,0.8416218915410789,3255.651087129822,31.172852549050184,31.17057531697865,31.171713933014416,0.7569621692509161,299.9135330021898,0,nan
206.5,3.812131995285017,0.8428359647024105,3257.409423625723,31.069062131295688,31.066828334461025,31.067945232878355,0.7720434599703142,299.642052381762,0,nan
207.0,3.109668618865385,0.40802911029925293,3259.1398737792606,31.256597013490683,31.254557674361422,31.255577343926053,0.8001493528667168,299.0937525526224,0,nan
207.5,3.2389640359426153,0.4238297040738107,3260.7270319429626,31.055491037828325,31.053326910160102,31.054408973994214,0.9878130138110692,299.3081370733124,0,nan
208.0,2.396533995380389,0.49081888785109246,3262.1359064507933,31.04224716467379,31.03998450618019,31.04111583542699,0.9149630222318191,299.7592984517768,0,nan
208.5,2.960261055438991,0.649509794682253,3263.475105213498,31.16347144105803,31.16121596837911,31.16234370471857,0.892146871587219,299.63370181032417,0,nan
209.0,2.0071200524105963,0.5416875837436106,3264.7169504904605,31.310685013034163,31.30879813003994,31.309741571537053,1.0144174664338326,298.8728588765774,0,nan
209.5,2.6200811933202433,0.9064596617526681,3265.873750801893,31.076816505510397,31.07464385179992,31.075730178655157,1.096723151611537,299.2819306022808,0,nan
210.0,1.3767746139397787,0.9026379436977362,3266.872964753708,31.285656292454767,31.28348560785962,31.284570950157196,0.9510822763060978,299.15591460284764,0,nan
210.5,2.3416609021517956,0.9939627212756628,3267.802573632731,31.249042645138253,31.246887244579558,31.247964944858904,0.9156644442818436,299.3299959937584,0,nan
211.0,1.015961122105989,0.5093379973832982,3268.6419791387953,31.39366254899833,31.391470335120538,31.392566442059433,0.9886452167419792,299.2039087020042,0,nan
211.5,1.9540352665550018,0.8836512511624997,3269.3844782359606,31.0695594384566,31.06728615493994,31.06842279669827,0.7532893586450712,299.48720245296397,0,nan
212.0,2.4243442981017664,0.8659428142884427,3270.4790731271246,31.177286647432446,31.17519040513944,31.176238526285942,0.7503403223150307,299.27668798744196,0,nan
212.5,0.8865366285852019,0.7637302899599999,3271.3067933587963,31.70068785508847,31.69856394117887,31.69962589813367,0.8486704259080732,299.238185978487,0,nan
213.0,1.458421563086779,0.30237030263783615,3271.8930329067143,31.620768395940466,31.6186193131005,31.619693854520484,1.0772959255530763,299.3744749304268,0,nan
213.5,1.8061086639808308,1.1411393012230016,3272.7091654634814,31.216704819026383,31.21452207150069,31.215613445263536,1.1105535993466764,299.3454865857712,0,nan
214.0,1.0080484048524112,1.0722794148872183,3273.4127047306897,31.293667090322195,31.291441331039824,31.29255421068101,0.932783293155144,299.05651908331185,0,nan
214.5,1.7337384052808034,0.7421873277978663,3274.098151433223,31.56407107041614,31.56194540694123,31.563008238678684,0.9990154590423613,299.34973095149996,0,nan
215.0,1.187285331137207,0.48191152368100004,3274.8284073673276,31.84992720872815,31.847950694918108,31.84893895182313,1.17596993005025,299.1209246756048,0,nan
215.5,1.6174179936999848,1.2162954225539004,3275.529583198537,31.72712330543836,31.724779186541127,31.725951245989744,1.0929669533914474,299.6811946680524,0,nan
216.0,1.273899528152424,1.0177690470889205,3276.252412579,31.636578230301893,31.63437952809909,31.63547887920049,1.1044194950817423,299.1651135320402,0,nan
216.5,0.4309421470492339,0.5502544145333214,3276.6786229978006,31.88299119723397,31.88084569050043,31.8819184438672,0.9051356397433068,299.15783252299013,0,nan
217.0,-0.0205702275919748,1.6265580116924554,3276.781215977665,32.093483663378905,32.09142283198016,32.09245324767953,1.1431406453669755,299.1340742996914,0,nan
217.5,0.6251127358303847,1.2344535065081086,3276.9323516047243,32.141752720129986,32.13920648427884,32.140479602204415,1.2898283205924437,300.06779732940885,0,nan
218.0,0.7187276591284217,1.3099254041698916,3277.268311703464,32.467209239244404,32.465076307700656,32.46614277347253,1.177139462480108,299.3441220521384,0,nan
218.5,-0.08905762935900156,0.8916097901885268,3277.4257292109064,32.986936371238336,32.98481055395896,32.98587346259865,1.0407785099131783,298.9661858682788,0,nan
219.0,0.2868276639839678,1.0596827027646096,3277.4751717195627,33.221584196004734,33.21924460220034,33.22041439910254,1.0801772314127536,299.4164310199006,0,nan
219.5,-0.6951070606649978,1.165484783835605,3277.3731018703925,32.908044022114154,32.905680703159305,32.90686236263673,1.0566971378374237,299.1507775680466,0,nan
220.0,0.5064068540516246,1.4942943718430985,3277.325926818739,32.78240081726435,32.78042894214086,32.78141487970261,1.027610033029848,299.0644584104114,0,nan
220.5,0.15927536268358153,0.8935348019123519,3277.4923473729227,33.14471942582659,33.142387165402035,33.14355329561431,1.0437015890321664,299.55857967960156,0,nan
221.0,0.7252494422559949,1.59058863680022,3277.7134785741578,32.778201287824416,32.77594426781943,32.77707277782192,1.1669601432573085,299.136696015424,0,nan
221.5,0.40543430402005926,1.2204241571883359,3277.996149510727,32.97259976187197,32.97029242310091,32.97144609248644,1.2562363402390428,299.7323259846454,0,nan
222.0,-0.637084285096796,1.3320243235020857,3277.9382370154576,32.971162573588664,32.96896184375946,32.970062208674065,1.2633780683042923,299.3520135697772,0,nan
222.5,1.1477240182998343,1.0916834169855836,3278.0658969487586,32.71495698374056,32.71269750482024,32.7138272442804,1.0171924007290258,299.5850397378078,0,nan
223.0,1.1969270861124186,0.9051992263693435,3278.652059724862,32.7742881561684,32.77210487831908,32.77319651724374,1.2373001304540634,299.29925443346644,0,nan
223.5,0.4502706144097942,1.8778104762366365,3279.0638591499924,33.00730503614996,33.00485933612072,33.00608218613534,1.2921571828031522,299.732162180677,0,nan
224.0,0.7016133768305736,1.1126116788141647,3279.3518301478025,33.114003481052166,33.11153447018005,33.112768975616106,1.2313858534929023,299.38962060725964,0,nan
224.5,-0.908725128262381,1.185402766611336,3279.3000522099446,33.266906700961954,33.26438429657865,33.2656454987703,1.211606905660475,299.30019148693384,0,nan
225.0,0.024218497955189378,1.1644028742625396,3279.0789255523678,33.49981842219804,33.49727676924012,33.49854759571908,1.21856036868858,299.6315326108426,0,nan
225.5,0.09695873005179009,1.2616254517476682,3279.1092198593697,33.70537958327422,33.70268193527954,33.70403075927688,1.3046711004393832,299.9435340679514,0,nan
226.0,-1.1931985125627989,1.1977977321562305,3278.835159913742,33.750466783006594,33.748028678798434,33.74924773090252,1.3077977699241803,299.49178407067143,0,nan
226.5,-0.35420735649423707,1.3952285526129558,3278.4483084464773,33.51856171535637,33.51616324880015,33.51736248207826,1.44557290740011,299.5556060767176,0,nan
227.0,-1.543516925627216,1.5926092564028287,3277.973877375947,33.99449253674684,33.992348105579005,33.99342032116292,1.5801655596135256,299.3051899120862,0,nan
227.5,-0.2399477770477596,1.5578014898355446,3277.528011200278,33.6346150933925,33.63246354402145,33.63353931870697,1.5430571595563198,299.349619451282,0,nan
228.0,0.1206239926067221,1.2397662904170754,3277.4981802541674,33.615189168937675,33.612619861400184,33.613904515168926,1.662102891440376,299.95519773291875,0,nan
228.5,-1.1651204432918116,1.653764633847557,3277.237056141496,34.02093035642282,34.01845436999936,34.01969236321109,1.5435294546265648,299.4810752537718,0,nan
229.0,-1.3531716619747713,1.561298471329748,3276.607483115179,33.73464150945454,33.73232687551934,33.73348419248694,1.4786049374424224,299.0478075482305,0,nan
229.5,-0.33169771449125474,1.615532446597795,3276.1862657710626,33.43733985987693,33.43492093937895,33.43613039962794,1.6140624862899267,299.6025374870474,0,nan
230.0,-1.065587849404515,1.2743154749171322,3275.836944380089,33.587579464402,33.585287675638384,33.58643357002019,1.571585676865587,299.1705797032374,0,nan
230.5,0.1668277676873547,1.2673954707537802,3275.61225435966,33.42641914994475,33.423952029919754,33.42518558993225,1.5126314685420077,299.6815794238566,0,nan
231.0,-0.0761542240532115,1.6992250537807903,3275.6349227455685,33.49289643798036,33.490218468480435,33.4915574532304,1.5944656955844994,299.8291943053432,0,nan
231.5,-0.11483076122902638,1.6739935453078694,3275.587176499248,33.16683353748611,33.16430333203897,33.16556843476254,1.6116389505572,299.79285138650937,0,nan
232.0,-0.4585857057188079,1.6313016772274207,3275.443822382511,32.9576106933706,32.95518149961937,32.956396096494984,1.7207758525152559,299.37424186424477,0,nan
232.5,-0.9302979359131743,1.5493931583226972,3275.096601472103,33.14274844441207,33.140373023977745,33.141560734194904,1.605296501029706,299.3305617132346,0,nan
233.0,-0.8867326759812345,1.7259234841434221,3274.6423438191296,33.26740627152247,33.26511237323792,33.26625932238019,1.5483712857308152,299.3046484429622,0,nan
233.5,-1.0160528155029716,2.0358144592959615,3274.1666474462586,32.93369484780031,32.93133644329936,32.932515645549834,1.578958443676423,299.36201789814845,0,nan
234.0,-0.37682924222385,1.5077168344809553,3273.8184269318267,32.59823563622851,32.59565886396014,32.596947250094324,1.571006301057162,299.32596621388603,0,nan
234.5,-0.6478787450498199,1.7961418642683156,3273.5622499350084,32.89642001485264,32.89364300539892,32.895031510125776,1.5908608402457385,299.49567878215095,0,nan
235.0,-0.6407355308765592,0.6584731136061314,3273.2400963660266,32.95743149656807,32.95489723822172,32.95616436739489,1.4660554194723834,299.25393213729,0,nan
235.5,-0.12361039680535546,1.640687336282467,3273.049009884106,32.49732429426403,32.49476481563979,32.496044554951915,1.4969051664354498,299.2891821115532,0,nan
236.0,0.17655025691838905,1.3358483558761278,3273.0622448491345,32.529143336117194,32.52645632757998,32.52779983184858,1.6227705187248869,299.27330475315523,0,nan
236.5,-0.4784422744390785,1.2798654609496056,3272.9867718447545,33.140804260460584,33.13823329968001,33.1395187800703,1.4235352897600384,299.6242111024806,0,nan
237.0,-1.2849102680546463,0.9966767212426161,3272.545933709131,33.3546518101262,33.3517863831206,33.3532190966234,1.4080650929670613,299.9660345048079,0,nan
237.5,-1.453479991790702,1.6113918701853878,3271.86133614417,32.73458992741415,32.73213165815904,32.7333607927866,1.407122317419947,298.8425997453881,0,nan
238.0,-0.1214178616038227,1.1675922956664522,3271.4676116808214,32.541904424747756,32.539157125559015,32.540530775153385,1.321235253664713,299.5495928403524,0,nan
238.5,-0.12586244855942647,1.6604544577866907,3271.4057916032807,32.918063338750315,32.915603143518844,32.916833241134576,1.4770678191309443,299.215432860421,0,nan
239.0,-0.6948133787450261,1.428414292199765,3271.2006226464546,33.31623353285194,33.3133303756389,33.31478195424542,1.4610677894944077,299.7148624367795,0,nan
239.5,-1.073355945270965,1.1181792216575912,3270.7585803154507,33.268594674156496,33.26594013691863,33.26726740553757,1.3666506210475473,299.2135339855545,0,nan
240.0,0.5152947869891408,1.3860605591758388,3270.61906502588,32.8833432220703,32.88040202097983,32.88187262152506,1.2133190799738112,299.9759665748544,0,nan
240.5,-0.6055441361175888,0.9651122771689902,3270.596502688598,33.04303317430203,33.04054237359814,33.041787773950084,1.2809747878674875,299.2425878980884,0,nan
241.0,0.005913699644438175,1.4898694986668615,3270.4465950794797,32.91094395667077,32.90832497811933,32.90963446739505,1.3097159483677947,299.5772151966909,0,nan
241.5,0.3594019939281918,1.3372198808113998,3270.537924002873,32.62722065096516,32.62453396856073,32.62587730976294,1.352924203747897,299.58509126957176,0,nan
242.0,0.1792487132986043,1.5705344594299242,3270.6725866796796,32.90864369592656,32.90602569859912,32.90733469726284,1.4796388339941207,299.33487010583997,0,nan
242.5,0.4116457705074407,1.5592828371996528,3270.8203103006313,33.00522794059468,33.00257223624136,33.00390008841802,1.387611154817695,299.6545874050038,0,nan
243.0,1.2833760500490095,1.8935236547308918,3271.2440657557704,32.508022509780304,32.50543002744015,32.50672626861022,1.4213530945064212,299.4169340221098,0,nan
243.5,0.9939320921420679,2.1641726272689796,3271.813392791318,32.394683077350805,32.392317810081316,32.393500443716064,1.3475884645045089,298.91137605948524,0,nan
244.0,-0.5221844171307387,1.67564205035116,3271.931329710071,32.778827276128496,32.776383155581414,32.777605215854955,1.4360539314503566,299.05741907376716,0,nan
244.5,0.7936675866406697,2.2600445173757646,3271.9992005024487,32.617266296494364,32.614643415739536,32.61595485611695,1.6180779551534883,299.0963516722527,0,nan
245.0,1.7089536908862997,1.986661712734481,3272.6248558218304,32.249592000936374,32.24715611286085,32.24837405689861,1.6265044524769297,299.6581122155384,0,nan
245.5,0.48168112798247986,2.4290897101983564,3273.1725145265477,32.61709115221838,32.61458666317994,32.615838907699164,1.7162391232430383,299.5893999140896,0,nan
246.0,1.2137329881485937,2.1120276713397548,3273.5963680555806,32.55142978136027,32.549002193100016,32.550215987230146,1.6891106863677718,299.2747145918768,0,nan
246.5,1.028109922300581,2.5547388796706634,3274.156828783193,32.42491289330191,32.42250228522024,32.42370758926107,1.806549382489404,299.36291203315625,0,nan
247.0,0.7270095833298211,2.0213219319672024,3274.5956086596007,32.14808983460169,32.145521546000225,32.14680569030096,1.7708465272759664,299.22535045942453,0,nan
247.5,1.0954625425660054,2.194170895787223,3275.0512266910746,31.9712880952886,31.96869080222097,31.969989448754784,1.7572321959131683,299.2491347034484,0,nan
248.0,1.239608815178426,2.1221235233282507,3275.6349945305105,32.254466008286535,32.25173896263876,32.25310248546265,1.800895667022685,299.2975145123425,0,nan
248.5,1.5932558230579879,1.975114681139376,3276.3432106900696,32.031530891274265,32.02892389067928,32.030227390976776,1.779967518888061,299.51512276210644,0,nan
249.0,1.6504042166215054,2.001282021082426,3277.1541256999894,31.893856365781005,31.891239273620897,31.89254781970095,1.6800974675557991,299.41201112351575,0,nan
249.5,0.42083375538450196,1.9468834948511613,3277.671935192991,32.12955373266777,32.12689648339801,32.12822510803289,1.7980450618038324,299.51020160887424,0,nan
250.0,2.2292221892427544,2.411319189757917,3278.3344491791477,32.15396420180058,32.15120376805934,32.15258398492996,1.874723087740961,299.670188742905,0,nan
250.5,1.899725458740345,1.9777376592246074,3279.3666860911435,31.8984717684283,31.89575915076055,31.897115459594424,1.8118711873417097,299.61706108324796,0,nan
251.0,0.7797812673020189,2.193095749220538,3280.036562772654,31.57988456402819,31.577217095960087,31.57855082999414,1.9465624020789913,299.12631110903925,0,nan
251.5,1.3810253817490747,2.564864284615479,3280.576764434917,31.810934281656774,31.808342007300233,31.809638144478505,2.0374756719625258,299.5615805558944,0,nan
252.0,2.333244908149946,2.1689615206532826,3281.5053320073916,31.86279569923992,31.86010510862108,31.8614504039305,2.13210887461343,299.52136725222044,0,nan
252.5,1.7021262765152578,2.018487498793988,3282.514174803558,32.12489366111383,32.12214452449914,32.12351909280649,2.083704127488332,299.66948188365785,0,nan
253.0,2.190099941295995,2.276660024810924,3283.487231358011,31.669049502687812,31.666361928759578,31.667705715723695,2.030841452359719,299.94013544424354,0,nan
253.5,2.2948687905231555,2.7449551957517344,3284.6084735409654,31.721206491120036,31.718447998540075,31.719827244830054,1.9934481802007935,299.5091284103166,0,nan
254.0,1.5827749556727695,1.829552329185802,3285.5778844775145,31.778016413228222,31.775183080680296,31.776599746954258,1.9533887406471697,299.6168595203804,0,nan
254.5,1.2276428515781677,1.99194971453713,3286.2804889293275,31.88530848508436,31.88258804311991,31.883948264102134,1.9994283641862978,299.34745048272396,0,nan
255.0,0.930987929327042,2.2434819050723775,3286.8201466245537,31.987892055325936,31.985107970739772,31.986500013032856,1.9759859633677903,299.23137952948304,0,nan
255.5,1.474712149867191,2.4020608153016094,3287.4215716443523,32.04942312246221,32.04665531807986,32.048039220271036,1.8947371853406376,299.56734848698363,0,nan
256.0,1.9881227309033875,2.437764204512272,3288.287280364545,31.97472409074235,31.97216081046063,31.97344245060149,1.841628523017484,299.3122604049946,0,nan
256.5,2.3164552604109643,2.107516945107107,3289.3634248623734,31.59829981205421,31.595795938199444,31.597047875126826,1.8960291153949498,299.09672368447445,0,nan
257.0,1.9319429722714063,2.2358591062502295,3290.425524420544,31.584981861650885,31.582575348039246,31.583778604845065,2.0396369001277597,299.5699060071838,0,nan
257.5,2.677452056200002,2.279677002648779,3291.5778731776622,31.58303973524835,31.580256795218883,31.581648265233618,2.0067011873728093,299.7758949265452,0,nan
258.0,2.571196317598594,2.1857922075983764,3292.890035271112,31.68965269705823,31.686874046200682,31.688263371629454,1.846124498414514,299.6785362624384,0,nan
258.5,2.416149129940402,2.941037705888304,3294.1368716329966,32.23119142249434,32.22846719793961,32.22982931021697,2.050180086519583,299.765727565628,0,nan
259.0,0.7490740776216285,2.6790526436128608,3294.928177434887,32.33493229364867,32.33232731657991,32.333629805114285,2.1261601159056784,299.5225309869954,0,nan
259.5,0.9095714756823895,2.3483085781912574,3295.342838823213,32.16416700245827,32.161473191320695,32.16282009688948,1.9600226171485022,299.609287909121,0,nan
260.0,1.033549957279797,2.9874324822488423,3295.828619181453,32.18978939394238,32.187253564679125,32.18852147931075,2.0749702827236978,299.10667120624,0,nan
260.5,1.8237556710708305,2.8283688602490913,3296.542945588541,32.290968156734195,32.28825718261942,32.289612669676806,2.2902488052154575,299.76238257231836,0,nan
261.0,1.0924297783746169,2.6815765919355448,3297.2719919509022,32.0704446897138,32.06783738719969,32.06914103845675,1.9411097314098558,299.7924366221434,0,nan
261.5,1.7791968468333834,2.862291064664265,3297.9898986072044,32.10467241662427,32.101955920940966,32.10331416878262,1.8273726851659184,299.73964703427157,0,nan
262.0,0.6553242514388102,2.4520472228558803,3298.5985288817724,32.217804435878314,32.21509026787826,32.21644735187829,1.75751477366257,299.613303524232,0,nan
262.5,1.3825235198026236,2.2025528995049473,3299.107990824583,32.35833375743823,32.35572152283858,32.357027640138405,1.8641447295132014,299.41742191732703,0,nan
263.0,1.6314229727099814,1.661432205754831,3299.861477447711,32.13660490753718,32.13403027035965,32.13531758894842,1.8669501314811348,299.37448641708784,0,nan
263.5,1.4995314737423882,2.6907705559639594,3300.644216059324,31.804643103382112,31.80205892397862,31.803351013680366,1.7210767456609346,299.567416380286,0,nan
264.0,1.5379961205999848,2.436589862802062,3301.40359795791,32.03764180242833,32.03488487556096,32.03626333899465,1.881507710550076,299.24756150756025,0,nan
264.5,0.9328624365812062,2.6723000952289313,3302.021312597205,32.068053334756044,32.065586871260166,32.066820103008105,1.982426705247609,298.9393998843228,0,nan
265.0,1.5928278649960022,2.171497535032613,3302.6527351725995,31.852348850451744,31.849684048679045,31.851016449565396,1.7811149889635993,299.236803862259,0,nan
265.5,0.829299674974186,2.5567308357477088,3303.258267057592,32.03888873157848,32.03652024054027,32.037704486059376,1.7379777272797812,298.5106394936434,0,nan
266.0,0.7250371802412132,2.686057658161892,3303.646851271396,32.229485792642116,32.22713320805924,32.228309500350676,1.9325930310875712,299.3373272690822,0,nan
266.5,0.92489947625902,2.882971103748487,3304.059335435521,32.07815385702397,32.075837669100295,32.07699576306213,2.0292086615998457,299.07771150100643,0,nan
267.0,1.5326774101659908,2.7215981064405446,3304.6737296571273,32.0311904988961,32.028730978858945,32.02996073887753,1.835019375406772,299.4111440097292,0,nan
267.5,1.7282652211864047,2.639137527657322,3305.4889653149653,31.92364726201613,31.921081100778974,31.92236418139755,1.731170478775726,299.2874721514866,0,nan
268.0,1.6690792061184083,2.6742258090755406,3306.3383014217916,32.09854768526456,32.095924950040356,32.09723631765246,1.9348156752105359,299.75611184490447,0,nan
268.5,0.25738596520740203,2.9520551716156698,3306.819917714623,32.22865776761282,32.22615650833977,32.2274071379763,1.95345755013824,299.226256320473,0,nan
269.0,1.1130127139402248,2.3473964091508845,3307.16251738441,32.10667140727419,32.10420521990018,32.105438313587186,1.8813628562948703,299.10184102633286,0,nan
269.5,1.779129608913229,2.5925445436002295,3307.885552965123,31.993192058974092,31.99074553846076,31.991968798717426,1.8662542146915706,299.3221904162898,0,nan
270.0,1.5731739047020028,2.7776077248116025,3308.723628843527,31.854122164824002,31.85178763175936,31.85295489829168,2.011603907361711,299.0253867423976,0,nan
270.5,1.6028908846661807,2.790425762212457,3309.517645040869,31.860312221356434,31.857898474980175,31.859105348168306,2.061910843853481,299.5019830178442,0,nan
271.0,1.423570235487,2.7672524853048452,3310.274260320907,32.0623042478026,32.059608837679846,32.06095654274122,1.8112251820322343,299.6257424659408,0,nan
271.5,0.6807007886608176,2.1596306699140864,3310.800328076944,32.08516689202825,32.08283924383868,32.084003067933466,1.7196105448560846,299.4884228867236,0,nan
272.0,1.4699993040126174,2.364186667452273,3311.3380031001125,31.742403307063977,31.740259640160367,31.74133147361217,1.7926146638787819,299.173254250661,0,nan
272.5,0.8677666532320018,2.5928552394611044,3311.922444589424,32.042229405233954,32.039961130519806,32.041095267876884,1.8035343702572046,299.30613289652536,0,nan
273.0,0.973516050788976,1.6852655723511263,3312.382765265429,32.082820327828266,32.08066942295845,32.08174487539336,1.6570829507432137,299.1265144614114,0,nan
273.5,0.1527908569872011,1.6848780009349538,3312.664341992373,32.323034618810745,32.32054420650093,32.32178941265583,1.6386288109929588,299.6671882469824,0,nan
274.0,0.6629174891304274,2.612689762248195,3312.8682690789024,32.501560684900504,32.49917250469953,32.50036659480001,1.655823369907577,299.3975946342838,0,nan
274.5,0.8113834703422071,2.139204121388452,3313.2368443187706,32.48149903099638,32.47934755983806,32.480423295417225,1.6407805970209608,298.98779259702394,0,nan
275.0,0.8904374826303865,2.230804297242948,3313.6622995570137,32.39023022371057,32.38782302991895,32.389026626814754,1.748119611680576,299.4223451723122,0,nan
275.5,0.5843325114387994,2.4758300469616006,3314.030992055531,32.3386582606543,32.33640272012053,32.337530490387415,1.634511859602656,299.52783176959986,0,nan
276.0,-0.14232257928164244,2.2828025209739864,3314.1414945385704,32.723444787516016,32.72092610287946,32.72218544519774,1.5805486835549012,299.4531718115426,0,nan
276.5,0.23521908650820933,1.9647221865488662,3314.164718665377,32.891535033848776,32.88902120570128,32.89027811977503,1.5250403214512422,299.6930237645684,0,nan
277.0,0.5376860207449681,2.029391197979208,3314.3579449421904,32.9044389129318,32.90199783109929,32.903218372015544,1.6083527558476844,299.5403301393136,0,nan
277.5,0.9118964572761683,1.7735250143016958,3314.7203405616956,32.76565870448212,32.76300944400136,32.764334074241745,1.5768709332871258,299.35928494319177,0,nan
278.0,0.565299917349978,2.015921597951935,3315.089639655352,32.6353843746665,32.63284890743962,32.63411664105306,1.5178698314862966,299.6066708817674,0,nan
278.5,0.7468172757055982,2.1973215426365003,3315.417668953616,32.537287589028345,32.53487523238073,32.53608141070454,1.5249015102355674,299.59414304212584,0,nan
279.0,0.35117803667953923,2.309173517565262,3315.6921677817127,32.808556945302186,32.80600527902061,32.8072811121614,1.5032767686803399,299.44683039275856,0,nan
279.5,0.21267620771759538,2.618306037402312,3315.833131342812,32.95000126872255,32.94733285054099,32.948667059631774,1.4826638743403115,299.82045761954424,0,nan
280.0,0.009002787820202229,2.405330447333643,3315.8885510916966,32.950337147136636,32.947866391500426,32.94910176931853,1.437166719740066,299.3329340681194,0,nan
280.5,-0.1867728826957773,2.225964581585084,3315.844108567978,33.04536060994415,33.04303009725991,33.04419535360203,1.5783135120958955,298.95968322066324,0,nan
281.0,0.07831656954958817,2.521599661638212,3315.8169944896913,32.67029696673872,32.667921842278886,32.6691094045088,1.485425641202638,299.32731035890754,0,nan
281.5,0.24128291546760466,2.0343449103646587,3315.8968943609457,32.78086194043608,32.77848297218079,32.77967245630843,1.3987550339149448,299.54676095722897,0,nan
282.0,0.43977745969278886,2.2917333541479548,3316.0671594547357,32.72100570286839,32.71848713724103,32.719746420054705,1.5647623647594515,299.60200938846083,0,nan
282.5,-0.45468296082701726,2.195344799952979,3316.0634330794524,32.68498428865969,32.68277873426196,32.683881511460825,1.4944258856966415,299.03409491100444,0,nan
283.0,0.24558611925316426,2.2642203456701173,3316.011158869059,32.50774238782251,32.5055407330794,32.50664156045095,1.446658008313841,299.4098181057478,0,nan
283.5,0.8797935212279867,2.75167763233872,3316.2925037791792,32.28200436555399,32.27976375595972,32.280884060756854,1.6184847199581478,299.45079051739117,0,nan
284.0,1.1010571934489803,3.3750175471046995,3316.7877164578485,32.21004571466201,32.207876192119144,32.20896095339058,1.7378299719892238,299.5285587376974,0,nan
284.5,0.5783582992948141,2.2275679908896375,3317.2075703310343,32.10457546094021,32.10211989461968,32.10334767777995,1.5668822956939812,299.7228400427342,0,nan
285.0,1.2196593622098362,2.469181381266578,3317.65707474641,32.343150105320454,32.34073128219897,32.34194069375972,1.5572167680055198,299.43576065592424,0,nan
285.5,1.5948836896895728,2.9317864434206578,3318.360710509385,32.18092998790216,32.17833840959865,32.179634198750406,1.674358399906898,299.59295842039194,0,nan
286.0,0.751528926855815,2.5034048137028764,3318.9473136635215,32.274843605728165,32.27245967702038,32.27365164137427,1.6580663742329103,299.37228387417224,0,nan
286.5,1.191718181801764,3.0088711740119627,3319.433125440686,32.041340927526655,32.03896868878,32.04015480815333,1.699169830100181,299.409887805819,0,nan
287.0,1.204456072153573,2.076404360766094,3320.032169004175,31.999630914422415,31.99722616406143,31.99842853924192,1.5512322427112224,299.13213313334364,0,nan
287.5,1.5587073446768045,2.451722810192094,3320.7229598583826,31.85393988838623,31.851521274219703,31.852730581302968,1.6537288321923338,299.36726704396557,0,nan
288.0,1.3755443909630116,3.0501808076881978,3321.4565227922926,32.00857052538468,32.006320521779706,32.00744552358219,1.6675131910882872,299.24382701069,0,nan
288.5,1.2527726643604182,2.4666190502538945,3322.1136020561235,32.198323498390344,32.19601128518043,32.197167391785385,1.694138265104155,299.2615452142346,0,nan
289.0,0.9444482495723833,2.832040251001102,3322.6629072846067,32.315193170510426,32.31292725702006,32.314060213765245,1.5536668033211953,299.16363134356527,0,nan
289.5,2.2794537482222155,2.5809172408385286,3323.4688827840555,32.11258082405584,32.10994153606007,32.11126118005795,1.4936679866159885,299.7337436876443,0,nan
290.0,1.3357583155563701,2.805834677547111,3324.3726858,32.04072221962451,32.038305502299046,32.039513860961776,1.5215007072678655,299.1631535783252,0,nan
290.5,2.448005458553405,2.808380906433677,3325.3186267435276,32.195153258304344,32.192894547080506,32.19402390269242,1.5375125009388122,299.74078111597,0,nan
291.0,1.3743667245983828,2.576411859546024,3326.2742197893153,32.15736596057068,32.15474182185862,32.156053891214654,1.5952308367634958,299.924660418775,0,nan
291.5,1.7183809414875668,2.499462893909651,3327.0474067058367,31.800379886474,31.7982406840405,31.799310285257253,1.68643281001709,299.272660538243,0,nan
292.0,0.870440799427388,3.089884888369797,3327.6946121410656,32.16199878431089,32.159650317120395,32.160824550715645,1.684623672017923,299.47645497490674,0,nan
292.5,1.4384676558835963,2.6443284861592318,3328.271839254893,32.00386713399221,32.001560714960945,32.00271392447657,1.5943962502969362,299.6565025402544,0,nan
293.0,2.184973658230388,2.02492405547506,3329.1776995834216,31.461422402782773,31.459092535640956,31.460257469211864,1.4697202518143746,299.449973736571,0,nan
293.5,1.565093720044399,2.5543055227325966,3330.11521642799,31.77739438257395,31.775178191300075,31.77628628693701,1.48706229632391,299.45697622947154,0,nan
294.0,1.348290440619212,2.2559389692890113,3330.843562468156,31.98002336954596,31.97755423863928,31.97878880409262,1.572393362593916,299.53117495819845,0,nan
294.5,1.249521353627563,1.7117056545372695,3331.4930154167178,31.965366821143835,31.963041478781086,31.964204149962463,1.4263643745142756,299.2858318054814,0,nan
295.0,2.2880006147502057,2.634055974491104,3332.377395908812,31.973221986996577,31.970726181600913,31.971974084298743,1.5198157337656115,299.6109846923938,0,nan
295.5,1.5926736214895982,2.2975562506738223,3333.347564467872,32.032901145800864,32.030516007280674,32.031708576540765,1.4314653197951732,299.4144544073668,0,nan
296.0,2.262254603678798,2.6075445871019447,3334.311296524164,31.871681632123,31.86926246373987,31.870472047931436,1.5128085164657168,299.6058714827228,0,nan
296.5,1.416460341076163,2.0516018010429153,3335.230975260353,31.778000704538318,31.775540128502325,31.77677041652032,1.5388140800969345,299.4967784396048,0,nan
297.0,2.033586499707428,2.0833141427401585,3336.093486970549,32.02009916837251,32.017645351598915,32.01887225998571,1.5167286768412072,299.1377023372946,0,nan
297.5,0.6867164071903517,2.65834375197689,3336.773562697273,32.187723042860306,32.18522830465954,32.18647567375992,1.6908893738557014,299.2032627260286,0,nan
298.0,0.23135353983981305,1.9500273148801146,3337.0030801840308,32.09781111087068,32.09507976694003,32.096445438905356,1.5961069242005432,299.6231138062246,0,nan
298.5,0.6794235625299848,2.050999019967814,3337.2307744596233,32.09157318198013,32.08919002180046,32.09038160189029,1.595915931804309,299.5326879706006,0,nan
299.0,1.2264653861630221,2.056401564570896,3337.7072466967966,31.73661793726169,31.734225286160655,31.73542161171117,1.4582037597178426,299.26466225584056,0,nan
299.5,0.37309124164839885,1.9684485862031245,3338.1071358537492,32.010855023174734,32.0083561290805,32.00960557612761,1.4777395975299943,299.61903337137267,0,nan
300.0,0.24779802227936898,1.3997667242901592,3338.262358169731,32.0839489910446,32.081487581480175,32.08271828626239,1.373495275826,299.44277575522943,0,nan
300.5,0.7526197345102105,1.9283371484596197,3338.5124626089287,32.530818310997894,32.52835290408184,32.529585607539865,1.2730562392424463,299.3658767143224,0,nan
301.0,0.04138453559762638,2.2395699609299355,3338.710963676456,32.39713174448607,32.39458095732116,32.395856350903614,1.4410986818081524,299.53670009187454,0,nan
301.5,0.5322813357302152,1.7201003085163544,3338.854380144288,32.23218153585058,32.22984150346092,32.23101151965575,1.3136583497393586,299.1524104228286,0,nan
302.0,0.02072357836717629,1.6353770545335171,3338.9926313728124,32.15120833202254,32.14885128134047,32.1500298066815,1.2065049497140727,299.26710053471703,0,nan
302.5,0.6979656660759929,1.5426041540422908,3339.172303683923,32.38373382645641,32.38106068393972,32.382397255198065,1.3376749995731958,299.8523085771706,0,nan
303.0,0.7032374376920189,1.2678113311388357,3339.522604459865,32.30237210033429,32.2999275905182,32.301149845426245,1.3679210237757204,299.27716932617756,0,nan
303.5,0.24032056058317722,1.6762813092131015,3339.7584939594335,32.328239950260105,32.3259818396793,32.3271108949697,1.3711289088384468,299.44916747043015,0,nan
304.0,1.3692116305511945,2.5323312791676273,3340.160877007217,32.39129052068838,32.3888166583587,32.39005358952354,1.510727567431064,299.6093926137788,0,nan
304.5,0.38852640390020954,1.9520904852892846,3340.60031151583,32.58412885786838,32.58207453216092,32.58310169501465,1.463991462022408,298.9315154564278,0,nan
305.0,0.4506717131181972,1.9134309866986383,3340.810111045085,32.36946742585642,32.36695066058019,32.3682090432183,1.2985354059470757,299.70757114328757,0,nan
305.5,0.46924850797743145,1.6018163984951597,3341.0400911003585,32.48802105472059,32.48558083051903,32.48680094261981,1.270197740047776,299.6309628366088,0,nan
306.0,-0.33904611622836,1.9657219368815393,3341.0726416982957,32.899024720954365,32.89670725515898,32.89786598805667,1.3801141621165047,299.44593903668795,0,nan
306.5,0.024805240455987133,2.2414797940346856,3340.9940814793526,32.97054332100633,32.96830593340128,32.96942462720381,1.4803432342875793,298.8720287060908,0,nan
307.0,-0.2828076815699774,1.8107331458196398,3340.929580869074,33.190132508786704,33.187618682699394,33.18887559574305,1.3176398745543523,299.3603599652828,0,nan
307.5,-0.47851460551598846,1.4347821796378437,3340.7392502973025,33.21132478862255,33.20907951752088,33.21020215307171,1.1300762558576458,299.4329802311388,0,nan
308.0,-0.43491046659979704,1.9652043487670559,3340.5108940292735,32.949014280018126,32.94665737965988,32.94783582983901,1.1277257653559627,299.20472320005626,0,nan
308.5,-0.23581057563461627,1.983091914403238,3340.343213768715,32.979493700882266,32.97707699854,32.97828534971113,1.274962857457469,299.395297791982,0,nan
309.0,-1.5292848959063803,2.466677318486922,3339.90193990083,33.29052663544244,33.28777991152092,33.28915327348168,1.0599577671135558,299.35441778585044,0,nan
309.5,-0.3372176520339963,1.8839980489454775,3339.4353142638447,33.35161581862267,33.348940917760046,33.350278368191354,0.8808311662659813,299.7279999893256,0,nan
310.0,-0.2538423545427918,2.2110127111803304,3339.2875492622006,33.06377155443424,33.06110386439832,33.06243770941628,1.0007189308018984,299.5532839910406,0,nan
310.5,0.4025301874545903,1.9699999178966234,3339.3247212204287,33.296070086894,33.293417263760055,33.29474367532703,0.9720949831297766,299.7705902077576,0,nan
311.0,-0.17077358027522677,2.0623673122275545,3339.3826603722237,33.40294204958245,33.400337471340755,33.401639760461606,0.8582055649668012,299.7050931266788,0,nan
311.5,-0.16038201957900355,1.6603634722742766,3339.2998714722603,33.11280903928419,33.110373962698944,33.111591500991565,0.8313387359737191,299.4831771589488,0,nan
312.0,0.17877146591938525,2.0917240205658865,3339.3044688338455,32.95994868720027,32.957350440441225,32.95864956382074,0.9252616388002102,299.8762436922216,0,nan
312.5,-0.3334646062816091,1.8834797521452613,3339.265795548755,33.23518122992609,33.23283746469897,33.23400934731253,1.0154337797686577,299.1689856560514,0,nan
313.0,-0.7695881955356185,2.1475641404617107,3338.9900323483007,33.45366247352231,33.45121150039995,33.45243698696113,0.7911817309997582,299.2386721426196,0,nan
313.5,0.004350711112590488,1.5454286041646674,3338.7987229771948,33.169906987972716,33.16742708659949,33.168667037286106,0.7647719112790183,299.3847709816884,0,nan
314.0,1.3540637684472245,1.9748510277673197,3339.138326597085,32.855955851609906,32.853329950762415,32.85464290118616,0.9637189722254218,299.5585882341774,0,nan
314.5,0.31191978835279316,1.781012211366907,3339.554822486285,32.94133707651618,32.938834844799565,32.94008596065787,1.1565001185788726,299.44883453442844,0,nan
315.0,-1.735178162184593,1.9312358875877338,3339.199007892827,33.14019430824028,33.13793734048086,33.13906582436057,1.1446166817828707,299.1839366443914,0,nan
315.5,0.12475420504584918,1.7562881922648865,3338.796401903542,32.90503352947216,32.90265833050071,32.90384592998644,1.0503828122868568,299.35300288614997,0,nan
316.0,0.5162665831422032,1.9162055402443745,3338.956657100589,33.17366042027625,33.1710859914012,33.172373205838724,1.0093327978780458,299.836806414038,0,nan
316.5,0.33612316759101757,2.3549786341859735,3339.169754538272,33.22197126102837,33.21956241612061,33.22076683857449,1.127256062148026,299.20230840433436,0,nan
317.0,0.6733145540325836,2.0382530416634705,3339.422113968678,32.84529625191608,32.842666611399906,32.843981431657994,1.0113801460906107,299.62826528184115,0,nan
317.5,0.6516064542191771,2.0033031240954866,3339.753344220741,32.61239719093828,32.60979232085956,32.61109475589892,0.906521181397066,299.288382497882,0,nan
318.0,-1.2321573041124225,1.6618829795468604,3339.608206508268,33.084065727058075,33.08161216757944,33.08283894731876,1.0261622230727796,299.3160034464314,0,nan
318.5,-0.5166799661365985,2.0763907551821585,3339.1709971907057,33.173812245976116,33.17160418022176,33.17270821309894,1.0988039482547396,299.24935566972505,0,nan
319.0,0.9669739124662101,2.0492009177516084,3339.283570677288,32.95638245666614,32.95394533480139,32.95516389573377,0.9605867721382035,299.51959513364784,0,nan
319.5,-0.057464772999617254,2.062965440881777,3339.5109479621547,33.08555290994409,33.08315732962001,33.084355119782046,0.9288118300341408,299.3386164693628,0,nan
320.0,-1.7124369383166482,1.9252044900804504,3339.068472534326,33.34906411078991,33.346599126039656,33.34783161841479,1.0187267602481993,299.5926805365114,0,nan
320.5,-0.26968667891999304,2.3010078301935373,3338.5729416300164,33.03791166965457,33.03544158961959,33.03667662963708,1.0507321095553213,299.42758328665275,0,nan
321.0,-0.5442162941123684,1.7793804657211423,3338.3694658867585,33.085006982596134,33.082569796620376,33.08378838960825,1.0180134375009438,299.1169051551668,0,nan
321.5,-0.7869236688139722,1.7688863693524246,3338.036680896027,33.21838526069623,33.21590827439941,33.21714676754782,1.0702108307070528,299.542425584673,0,nan
322.0,-0.6189856110602137,1.9878128670882753,3337.6852035760585,32.943464917114035,32.941242843019424,32.94235388006673,0.8958066281616384,299.2465764614438,0,nan
322.5,1.6917924270430036,1.479693440007943,3337.953405280054,32.49630302710666,32.493701738019446,32.49500238256305,0.7307381297379568,299.7951748413134,0,nan
323.0,0.44044849943982173,1.9764918222926273,3338.486465511675,32.59253292867415,32.590334373380756,32.59143365102746,0.79302930098477,299.1660275516702,0,nan
323.5,-1.0159732838267928,1.9264287548885375,3338.3425843155783,32.845813174270916,32.84356711682049,32.8446901455457,0.9477647699577535,299.12180593815435,0,nan
324.0,0.296206962050212,1.8137824194294876,3338.1626427351343,32.78053056013177,32.778286713541455,32.779408636836614,0.807880096334256,299.1969256437572,0,nan
324.5,-0.09541318213737213,1.4229127347344817,3338.2128411801127,32.728787385092076,32.72643740676067,32.72761239592637,0.7043981050735313,299.473430534862,0,nan
325.0,0.4670397539384112,1.4947646778598387,3338.305747823063,32.80124960303256,32.799000339358464,32.80012497119551,0.5762220042437534,299.4226308731721,0,nan
325.5,0.2800325389757973,1.6776969144425657,3338.4925158962915,33.058435592577915,33.056216579118335,33.057326085848125,0.7610709661039816,299.5784831200168,0,nan
326.0,-0.1333428619948222,1.5486071032857818,3338.529188315537,32.86068897327023,32.85824095468051,32.85946496397537,0.8427182445802494,299.2788457647116,0,nan
326.5,-0.5104416561517837,1.556086709249515,3338.3682421860003,32.58721902163798,32.584857056300095,32.586038038969036,0.8309703174133715,299.613801030186,0,nan
327.0,0.33561841302744144,1.587964978477243,3338.3245363752194,32.81322661781651,32.81091687439912,32.81207174610781,0.9030094173469488,299.084287898216,0,nan
327.5,-1.2218736067365967,1.5603582556965074,3338.102972576792,33.17977644673101,33.17726401038017,33.17852022855559,1.0171038871414686,299.4547272520566,0,nan
328.0,-0.7983200707423862,1.137103478490564,3337.5979241574223,33.30877630961477,33.306147474161115,33.30746189188794,0.8250981712235115,299.7995383036784,0,nan
328.5,0.9072520707662306,1.0313596969710557,3337.6251571574285,33.12732596429832,33.12476437424048,33.1260451692694,0.6990310537486422,299.8647612450098,0,nan
329.0,-0.44837950575257535,1.8010192015522077,3337.739875298682,33.253836127724206,33.251302530939576,33.25256932933189,0.6591961431871992,299.9514535874246,0,nan
329.5,-0.7504095163533862,1.4691170860218292,3337.4401780431554,33.294627436029806,33.29220167757885,33.29341455680433,0.7275658631785638,299.318524627212,0,nan
330.0,-1.4093731677950132,1.239289617491783,3336.9002323721184,33.14887764432424,33.1464322238593,33.14765493409177,0.7156292064542701,299.57724884938796,0,nan
330.5,-1.275846881086818,1.6664485472530712,3336.228927359898,32.9417889403685,32.93931958737958,32.940554263874034,0.7936172683020947,298.9684095348756,0,nan
331.0,-0.3968477338545995,1.9998107766743545,3335.810753706163,32.98973927215211,32.98721136735912,32.988475319755615,0.9888000212759529,299.1413408749208,0,nan
331.5,-0.32435425456657185,1.5443550924456404,3335.6304532090576,33.24560349445856,33.243121042819254,33.24436226863891,0.6696928579975668,299.5980969463526,0,nan
332.0,-0.49150187408804413,1.3718278376915354,3335.426489176894,33.09466594776241,33.092267690780865,33.09346681927163,0.7494425711389655,299.259126404599,0,nan
332.5,-0.15224082226798147,1.1839960252698272,3335.265553502805,32.9098933149191,32.90732164582005,32.908607480369575,0.7144141855164389,299.4254702857708,0,nan
333.0,-1.2261289213311783,1.0896114470998752,3334.920961066905,32.9839102555683,32.98175780520178,32.982834030385035,0.8596194394683159,298.9835727574656,0,nan
333.5,0.8686918069908302,0.815134334006165,3334.83160178832,32.840528451030515,32.83810716409935,32.83931780756493,0.8544880711411348,299.4667569382262,0,nan
334.0,0.1367003620191781,1.2656851477238624,3335.0829498305725,32.978515719104145,32.97582722338048,32.97717147124231,0.7450606585045343,300.0737330444842,0,nan
334.5,0.7708177544530145,1.1220704708590676,3335.3098293596904,32.71116351370601,32.70887070997924,32.710017111842625,0.7330974885858974,299.3039063489446,0,nan
335.0,0.44567181623760915,1.7376630260336121,3335.613951752363,32.7824288989983,32.7798528775791,32.781140888288704,0.850403185571116,299.890777719516,0,nan
335.5,-0.5010134818745883,1.806927829718073,3335.6001163359538,32.972378835862216,32.969779897520496,32.971079366691356,0.7063511771865906,299.48884196285155,0,nan
336.0,0.39473066038081017,1.3769466004010518,3335.57354563058,32.98613131592447,32.98375553565929,32.98494342579188,0.5259801063935613,299.64570872719617,0,nan
336.5,-0.06357350012860934,1.6452325377406662,3335.656334920643,32.84261004099589,32.840265943499254,32.84143799224758,0.6655334366764089,299.2818318985828,0,nan
337.0,0.06109232599937968,1.3345599589530848,3335.6557146271107,32.91353443657827,32.91129159129923,32.912413013938746,0.6334459892595382,299.32100468118557,0,nan
337.5,0.32198641679998447,1.8034297576436873,3335.7514843128106,32.76418875387954,32.761676001120215,32.76293237749987,0.7731701774280617,299.8041763205676,0,nan
338.0,0.49723712713758916,1.303056472462094,3335.956290198795,32.76554354769432,32.76327761943903,32.76441058356668,0.6703048513380105,299.3703319245318,0,nan
338.5,1.2126178922464192,1.5688500797243246,3336.383753953641,32.79840804264204,32.7959474434203,32.79717774303117,0.7383323590494695,299.62950894958897,0,nan
339.0,0.31457385636223306,2.0321466574143945,3336.765551890793,32.737188127118316,32.7347721133403,32.73598012022931,0.944017807045222,299.6248244243542,0,nan
339.5,-0.00011176743300893577,1.7876861400051833,3336.8441674130254,33.00091587370607,32.99846517834012,32.999690526023095,0.98171456724988,299.621060934196,0,nan
340.0,0.8249397437028051,1.2128112430156175,3337.050374407093,32.55076484524034,32.54856545381917,32.54966514952976,0.7789211315561072,299.2694715692198,0,nan
340.5,0.660752323441568,1.5779125265309213,3337.421797423879,32.53520239968475,32.53280822317974,32.534005311432246,0.7254027182013292,299.0648762558504,0,nan
341.0,0.9991177686166225,2.0567474680431785,3337.8367649468937,32.57804452168439,32.57557870164019,32.576811611662286,0.6988720623840201,299.3323670799236,0,nan
341.5,0.7085634902519814,1.2603203734404747,3338.263685261611,32.40722346772763,32.40489865957861,32.40606106365313,0.662057804473581,299.43616892998523,0,nan
342.0,0.6813929330918086,1.8368348213765462,3338.611174367447,32.499575007672505,32.49725813482,32.49841657124625,0.6853850082763148,298.9682877249224,0,nan
342.5,0.14025314010301598,1.9523076520942808,3338.8165858857456,32.6615422413126,32.65922237602062,32.66038230866661,0.8543213023413976,299.392930449237,0,nan
343.0,1.4181130058847429,1.5314261581819035,3339.2061774222425,32.38188723688927,32.37954113008091,32.38071418348509,0.9297043041607258,299.4133323265952,0,nan
343.5,0.9332822179759888,1.8134901747688816,3339.7940262282077,32.35155977771028,32.34934120030012,32.3504504890052,0.8724939521416551,299.5475683224946,0,nan
344.0,0.4560247623730106,1.7669997658493868,3340.141352973295,32.34591981488611,32.34351903474017,32.344719424813135,0.8624405072604407,299.4685516445984,0,nan
344.5,0.8265580444107968,1.909631390502712,3340.461998674991,32.5847701599836,32.58256223537828,32.58366619768094,0.9074297602499166,299.2168834662908,0,nan
345.0,0.7112743716084082,1.3429120136610855,3340.8464567789956,32.630385463464336,32.62831423125972,32.62934984736203,0.921384277044158,299.1100149498252,0,nan
345.5,0.562445977741595,1.7567097463765682,3341.1648868663333,32.69810491228272,32.69590598774157,32.69700545001215,0.9221450403794387,299.2554966325278,0,nan
346.0,0.2562002057120253,1.9433270892932022,3341.3695484121968,32.68818059328769,32.685964136198166,32.687072364742924,0.8652298324579843,299.440179174478,0,nan
346.5,1.5496164722270236,2.0782700059051136,3341.8210025816816,32.34616289051828,32.34412180670115,32.34514234860971,0.8434271797666975,299.1325825786362,0,nan
347.0,-0.08995141080678196,2.316036554191025,3342.1859188470366,32.407743197333915,32.40544535772133,32.40659427752762,0.9325959359902514,299.6865081887896,0,nan
347.5,1.2507761488542086,2.107693042290185,3342.4761250315487,32.43333051599056,32.431053053100186,32.432191784545374,1.1214735201465522,299.3843833295474,0,nan
348.0,0.3812955672127941,2.663699869325055,3342.8841429605654,32.26164377845616,32.25915707072272,32.26040042458944,1.0521700539848016,299.67421025733137,0,nan
348.5,1.0536836913181786,2.162643581907207,3343.242887775198,32.03007921275039,32.027917886820795,32.02899854978559,0.8394809509738409,299.2960887769376,0,nan
349.0,1.5098752601635623,2.0098148093178625,3343.8837775130687,31.841087788234653,31.838731692400323,31.839909740317488,0.8712344312072557,299.527814705506,0,nan
349.5,0.7813287883797898,2.132090780418861,3344.4565785252043,32.198149871208805,32.195932615880885,32.197041243544845,0.9196676622590775,299.21870346626343,0,nan
350.0,1.1373622328741817,1.9900165380255814,3344.936251280518,31.959388767962263,31.95709930312005,31.958244035541156,1.0192017151012882,299.70900414537823,0,nan
350.5,1.4657179930987922,2.3030003908228833,3345.5870213370113,31.664694192010394,31.662581034719913,31.663637613365154,0.7961264681289986,299.3785119639182,0,nan
351.0,1.07665040725999,1.8597115407006524,3346.222613437101,31.730309778064473,31.728108422439256,31.729209100251865,0.8284115128595873,299.072303621908,0,nan
351.5,1.3989936307766015,2.4062976609589293,3346.84152444661,31.46688694331806,31.46450693121951,31.465696937268785,1.0409597248675526,299.65780854856405,0,nan
352.0,2.6417622459226093,2.0282980988946475,3347.8517134157846,31.350478691454917,31.34810449173965,31.349291591597286,0.9666229454555806,299.63659027802885,0,nan
352.5,2.344691865753839,2.1036376613587855,3349.098326943704,31.457652968960065,31.455535894158675,31.45659443155937,0.9137405159942976,299.4274203793308,0,nan
353.0,2.482602092074228,1.9078535380803894,3350.3051504331606,31.43415575515446,31.43188662582106,31.43302119048776,0.9332164188958249,299.72386133582097,0,nan
353.5,1.5031901462743804,1.9791380624950674,3351.301598492748,31.397997263733124,31.395720636178158,31.39685894995564,0.9608945244696172,299.51405319704935,0,nan
354.0,2.3602599824884125,1.9593323089626484,3352.2674610249387,31.56179251232097,31.559498767862532,31.560645640091753,0.7763464277675184,299.362843363147,0,nan
354.5,1.0710710667499939,1.4749288507291067,3353.125293787248,31.84642202442428,31.844159354520524,31.845290689472403,0.7183516400388863,299.47575474552457,0,nan
355.0,1.3166400887791951,1.7777240189894896,3353.7222215761303,31.784054195596763,31.781749860699346,31.782902028148055,0.9518404595897413,299.2889368075862,0,nan
355.5,2.251300737215024,2.194295759845834,3354.614206782629,31.985777755025993,31.983362428440888,31.98457009173344,1.0326366834019394,299.40461452307875,0,nan
356.0,1.1239596233826092,1.9495273723945516,3355.4580218727783,32.17093246986478,32.1684205932419,32.16967653155334,0.8158056098480457,299.529592304508,0,nan
356.5,1.7116789161216162,1.8287886190634748,3356.166931507654,32.178828776436056,32.176345306677106,32.17758704155658,0.8784381990678638,299.64057719723377,0,nan
357.0,1.2627807894835428,1.838821139658428,3356.9105464340555,32.1916999526502,32.18919268849932,32.19044632057476,0.8510429984035492,299.6095262191084,0,nan
357.5,1.5131981699532162,1.8675686465424017,3357.6045411739146,32.59679261763267,32.59438123817963,32.595586927906155,0.7617698882865963,299.38838753240015,0,nan
358.0,2.011337432167636,1.9285701073946937,3358.4856750744448,32.267108032464606,32.26440611012076,32.26575707129268,0.7742428323165166,299.6378149218946,0,nan
358.5,0.9460546657038094,2.118252052145893,3359.2250230989125,32.048246224388095,32.04568818448024,32.04696720443417,0.8938714592385119,299.43080541928845,0,nan
359.0,1.532114207476002,2.402003482148857,3359.8445653172075,32.024841167266274,32.02246901894032,32.0236550931033,0.791510262979596,299.411109891976,0,nan
359.5,0.3728176956817606,2.059853066990724,3360.320798292997,32.16916233215652,32.16677841975907,32.16797037595779,0.7667442388698786,299.04968247453183,0,nan
360.0,0.3055419535558258,1.9131285256377053,3360.4903882053063,32.23654501714445,32.2344197188002,32.235482367972324,0.756160739203416,298.908052424164,0,nan
360.5,1.1909999493569785,1.9339340848754154,3360.8645236810344,32.18082017525048,32.17871982075958,32.17976999800503,0.7195517163889424,299.10339451010276,0,nan
361.0,2.036634691504594,1.9770988050067833,3361.67143234125,32.00584626245018,32.003674333439996,32.00476029794508,0.6764340269840801,299.0734081855482,0,nan
361.5,1.0668668567528017,2.08293345248127,3362.447307728314,32.264547086336464,32.26240504651869,32.26347606642757,0.6897805239794895,299.2310995311882,0,nan
362.0,0.7916241687971592,1.778846959454157,3362.9119304847018,32.25751488029819,32.25512808368076,32.256321481989474,0.6808733973077942,299.118519224135,0,nan
362.5,1.3041067487068176,1.6881506231912964,3363.435863214078,32.15199777282051,32.14966469933934,32.150831236079924,0.7340912299706709,299.4138778249238,0,nan
363.0,1.7047149581253849,1.884156674703944,3364.188068640786,32.22469113471434,32.222260368398565,32.22347575155645,0.5545506259557256,299.5343981409852,0,nan
363.5,1.9257031897502315,1.2632764892470139,3365.0956731777546,32.37250550909848,32.37023927011978,32.371372389609135,0.5763971080025188,299.326414639215,0,nan
364.0,1.3809965704201772,1.4958616982711703,3365.9223481177974,32.26448075464032,32.26220238561946,32.26334157012989,0.5389223494067841,299.42273948641963,0,nan
364.5,1.767090926190781,1.682953506330249,3366.70936999195,32.066338447416456,32.06410978556014,32.065224116488295,0.48270165655555014,299.4425300572684,0,nan
365.0,1.4764333873717987,1.8376292516248582,3367.5202510703407,32.19142916897599,32.18906169477996,32.190245431877976,0.5856325419874394,299.83002377616015,0,nan
365.5,1.5480714465116079,2.0063141872436248,3368.2763772788117,31.85438404881279,31.852106429619745,31.853245239216267,0.6843988076134174,299.42411280891963,0,nan
366.0,0.37204947640400404,1.4851463984781512,3368.7564075095406,32.21369789814653,32.21136298351921,32.21253044083287,0.5807199140527479,299.4450117463934,0,nan
366.5,2.0709182241011717,1.7084396900009307,3369.3671494346668,32.092373718322236,32.09026232813922,32.09131802323073,0.7046599514029858,299.4844141993743,0,nan
367.0,1.8233709680222205,1.4938010171500988,3370.3407217326976,32.169689054333865,32.16738158445878,32.16853531939633,0.7976087114228201,299.6034569895872,0,nan
367.5,0.7980849649975766,1.4537737040498948,3370.9960857159526,32.27605941136844,32.27385949818127,32.27495945477485,0.7017719371358869,299.1109185624256,0,nan
368.0,1.8552762606374131,1.1633406187903368,3371.6594260223615,32.21161589258063,32.209348182898246,32.21048203773944,0.6572847371710451,299.76016808516226,0,nan
368.5,1.6945166090176031,1.8192169318167137,3372.546874239775,31.96124948007837,31.95917015958039,31.96020981982938,0.6207361320117285,299.06447361114084,0,nan
369.0,1.2427530334228094,1.2673130186845687,3373.281191650385,32.004412486964796,32.0020697856613,32.003241136313044,0.7153999276602636,299.4926858574766,0,nan
369.5,1.8081315287515962,0.9794392707562124,3374.043912790929,32.01691519051055,32.014702344880064,32.015808767695304,0.6236989956051631,299.50774267628157,0,nan
370.0,0.9097004127330137,1.0506460774133395,3374.7233707763003,32.028794770946845,32.02626630070081,32.02753053582383,0.5949158913235781,299.4241493957902,0,nan
370.5,2.633022771393212,1.4293014192382745,3375.6090515723317,31.781288811034393,31.77888872231997,31.78008876667718,0.7727026603605668,299.81926058139663,0,nan
371.0,1.855486847298232,1.1937398164577324,3376.7311789770047,31.744569083146054,31.742331683938392,31.74345038354222,0.7535750327697194,299.3719067371588,0,nan
371.5,1.3001026741424084,1.5697555058017705,3377.520076357365,31.71933879538228,31.717082753559225,31.718210774470755,0.6252756297966855,299.6736103625234,0,nan
372.0,1.0419696836753929,0.8999247923763122,3378.1055944468194,31.719055754672628,31.716527411359856,31.717791583016243,0.4536882903781125,299.4393371931274,0,nan
372.5,1.3039427807362016,1.7568841544815024,3378.6920725629225,31.991333760822634,31.988919898260793,31.990126829541715,0.6650546788084547,299.37948941745,0,nan
373.0,1.3540756367232347,1.5315369663425218,3379.3565771672875,31.936052780222052,31.93335960061886,31.934706190420457,0.7409986644545887,299.64128166686976,0,nan
373.5,0.47899324485279066,0.9122339887382226,3379.8148443876817,31.75705411029612,31.754662028540043,31.755858069418082,0.7204045121669848,299.2477500018648,0,nan
374.0,0.6371424043513911,1.0836724702871043,3380.093878299983,31.819446281671844,31.817056122180656,31.818251201926252,0.8209222303221786,299.3737480028018,0,nan
374.5,0.6760581674794139,1.8338301033461737,3380.4221784429405,31.853178519110408,31.851078497001435,31.85212850805592,1.0039469852719993,298.8243926278474,0,nan
375.0,1.2101997533481494,1.5868784314747686,3380.8937429231473,31.882105568564658,31.879772811180736,31.8809391898727,0.9357325042822622,299.2223349948414,0,nan
375.5,1.002546628279606,0.9020864132554163,3381.446929518554,31.76456029839064,31.762404518538823,31.763482408464732,0.8598714299289308,298.67495869632637,0,nan
376.0,1.0553603329124144,1.2691825418307376,3381.961406258852,32.00925851287084,32.006936124779166,32.008097318825,0.8501116296094315,298.9675226209804,0,nan
376.5,1.8182035387711948,1.328707731602093,3382.679797226773,32.19774457697277,32.195267472058916,32.19650602451584,0.7803429757125823,299.65460283136383,0,nan
377.0,0.9304119224209899,1.205486715049486,3383.3669510920713,32.04114453442817,32.03869073484166,32.03991763463491,0.9570695995068959,299.0279461706882,0,nan
377.5,1.0393079168479744,1.3994891642724303,3383.8593810518887,32.22352789094457,32.221147005019155,32.222337447981864,0.9325485620333392,299.2751415351528,0,nan
378.0,0.9645234036515717,1.2160433474169878,3384.3603388820134,32.440587673348816,32.43816732131963,32.43937749733423,0.867234592534683,299.3890768800808,0,nan
378.5,0.8746411826280109,1.5985407879171811,3384.820130028583,32.36286493151656,32.36033714088044,32.3616010361985,0.7754087019129072,299.61833737312537,0,nan
379.0,0.2600124715296374,1.2322365488736087,3385.1037934421224,32.17994608336412,32.17764063708019,32.17879336022215,0.6835488340639158,299.3231027331218,0,nan
379.5,0.9398206448415977,1.0579024723400638,3385.403751721215,32.31653523833811,32.31401174982093,32.31527349407952,0.6653187677601736,299.6342751618764,0,nan
380.0,0.9424607596093892,1.1617176248999037,3385.8743220723277,32.41364301375015,32.41126068588128,32.41245184981572,0.681999891029814,299.46362602386023,0,nan
380.5,1.7663729377203707,1.099269745410142,3386.5515304966602,32.190752957468064,32.18848107067824,32.18961701407316,0.6048081650436155,299.42960403314265,0,nan
381.0,1.539797022669609,1.2790194556633903,3387.3780729867576,31.95997843897221,31.95759554239921,31.958786990685713,0.6432173924528102,299.36258064866763,0,nan
381.5,1.5460332128850383,1.0164789111913684,3388.1495305456465,32.09762904467061,32.09508095437995,32.09635499952528,0.7000170120266735,299.7310829396422,0,nan
382.0,1.288026242146998,1.2357161999790516,3388.8580454094044,32.24173856429006,32.239411961618316,32.24057526295419,0.7925190513617174,299.18187052951663,0,nan
382.5,0.4755054278056036,0.8188829176006579,3389.2989283268926,32.47493541373096,32.47278334583971,32.47385937978534,0.8447654984134098,298.8962279689778,0,nan
383.0,0.7990251918033892,0.7736706180519155,3389.6175609817947,32.56662300263779,32.564414291561114,32.56551864709945,0.9109809964846467,299.27735954043817,0,nan
383.5,0.8746657754649846,0.7710933131313779,3390.035983723612,32.30011986090049,32.29795388198109,32.299036871440784,0.9302956287314822,299.1393227959018,0,nan
384.0,1.1373241100090126,0.8013051089189198,3390.5389811949804,32.09684303028443,32.09468737682037,32.0957652035524,0.9732311600670788,299.0537751851658,0,nan
384.5,1.6042871295568149,0.7791578221302974,3391.224384004872,32.14598507160408,32.14360669450034,32.14479588305221,0.9293752670631484,299.6636763748796,0,nan
385.0,-0.45875015083380505,0.964674138719446,3391.5107682495527,32.478300045764264,32.475851146899366,32.477075596331815,0.8710012897417696,299.492533787071,0,nan
385.5,0.8313028363612147,1.2789158763707078,3391.6039064209344,32.59195817958025,32.58955721886086,32.59075769922056,0.9601476084173045,299.4891167118484,0,nan
386.0,0.6411836349171949,1.3636120281406803,3391.972028038754,32.56390974588394,32.561585200081026,32.56274747298248,1.0681577809200904,299.75424976469037,0,nan
386.5,1.1148338626291547,0.9998603788132496,3392.4110324131407,32.4171451433971,32.41483638576028,32.415990764578694,1.1028163428883053,299.45650529250855,0,nan
387.0,0.846948853576032,0.9652440190721255,3392.901478092192,32.559362680410416,32.55692500529913,32.55814384285477,1.1744079163646537,299.81174110861565,0,nan
387.5,0.9809812446621891,0.7614257446187985,3393.3584606167515,32.31124023867851,32.3091004761598,32.31017035741915,1.1805735965775364,299.2519490413878,0,nan
388.0,1.0259344225500286,1.3790133265019222,3393.8601895335546,32.392214615554806,32.38974363048037,32.39097912301759,1.2814751145199905,299.5140513851594,0,nan
388.5,0.5752983922002273,0.9727506333274997,3394.260497737242,32.551823614178105,32.54953303284056,32.55067832350933,1.223118166055592,299.54886149252883,0,nan
389.0,-0.010256753366377325,1.1352183651567456,3394.4017581469507,32.32726789499666,32.32501039178023,32.326139143388446,1.312854727210987,299.104460136344,0,nan
389.5,0.12950510584460062,0.7601690261123781,3394.43157023507,32.58338852780999,32.5812074179601,32.582297972885044,1.348310273055824,299.0749767154418,0,nan
390.0,0.5253583764442056,0.7948791741310142,3394.595286105642,32.42104092185436,32.41867714264008,32.419859032247224,1.1112632304112855,299.493009634642,0,nan
390.5,0.44643213221600037,1.1933060847802177,3394.838233732807,32.4362933673483,32.43420258294136,32.43524797514483,1.1368826464646848,299.27854142016093,0,nan
391.0,0.19776858689378968,1.3479814054940173,3394.9992839125844,32.45838332466447,32.4564625991603,32.45742296191238,1.2999281279064245,298.7369759608264,0,nan
391.5,0.580536864486578,1.6094436894232602,3395.1938602754294,32.43691233200006,32.43455419116144,32.43573326158075,1.3048913325821094,299.41526918283597,0,nan
392.0,1.2201303638940317,1.6267544864740209,3395.6440270825246,32.48733051577601,32.484895605178465,32.48611306047724,1.2404781873907735,299.6094093148862,0,nan
392.5,0.39786904439775983,1.449065154868722,3396.0485269345977,32.4618182160164,32.4596589854802,32.4607386007483,1.3337384021468601,299.30037667146445,0,nan
393.0,0.4548680497018154,1.2341112528300424,3396.2617112081225,32.553312824372554,32.551091534199806,32.552202179286176,1.2815917243684143,299.21948710991063,0,nan
393.5,-0.23342357504378697,1.8754839462227109,3396.317072326787,32.84045365062612,32.83811276190026,32.83928320626319,1.3169726069711722,299.5243906675368,0,nan
394.0,-0.11726287219563573,1.476487107677852,3396.229400714977,32.78867733312836,32.78615357508024,32.787415454104305,1.3666254329329357,299.48986709958643,0,nan
394.5,0.30905292400700546,2.160712585750908,3396.27734822793,32.73083149509621,32.72826245425968,32.729546974677945,1.4685906800416186,299.5399490766984,0,nan
395.0,1.6143582603121558,2.0040808749093366,3396.75820102401,32.77678480387076,32.77403820472027,32.77541150429552,1.4955390433019518,299.8792806020456,0,nan
395.5,-0.4757472822361706,1.2492712342132075,3397.042853768529,33.109289644782805,33.10674602432046,33.10801783455163,1.4522614974150894,299.5821640618086,0,nan
396.0,0.4996654393653898,1.8599778158025022,3397.048833307811,32.86681974294006,32.86448936633751,32.86565455463879,1.485995515956108,299.398283962087,0,nan
396.5,0.07789637185620676,1.0934825681864944,3397.1932237606165,32.984974273202354,32.9826985824795,32.98383642784093,1.3734642792744955,299.3531270321546,0,nan
397.0,0.0986222332252055,1.5538527372206066,3397.237353411887,33.160374185556066,33.158050730719694,33.15921245813788,1.3687742763992297,299.15280497345896,0,nan
397.5,-0.5103129920470224,1.8702733906845406,3397.1344307221816,33.460553999288095,33.45808481304048,33.45931940616428,1.3672805278094875,299.5757187654216,0,nan
398.0,-0.07979271792978579,1.6493586748820332,3396.9869042946875,33.78052332246843,33.77807053555953,33.77929692901398,1.5412531583535005,299.41492643896856,0,nan
398.5,-0.23985284352639838,1.9761354540356257,3396.9069929043235,33.52595212256674,33.52319824758088,33.52457518507381,1.590967087641893,300.07085546810777,0,nan
399.0,0.29491680273140447,1.9290403448580635,3396.920758894125,33.43301875688248,33.43048515995979,33.43175195842114,1.3449288546594989,299.993827934958,0,nan
399.5,0.48263366295200283,1.469360569599325,3397.115146510546,33.07952242790452,33.07705478999924,33.07828860895188,1.2722379849800134,299.75853977645085,0,nan
400.0,-0.08991500138781702,1.6323218566749012,3397.213326175937,33.34655548558694,33.34437112679952,33.34546330619323,1.3410872444761615,299.2601788537928,0,nan
400.5,-0.12609315800399373,1.3676861541386338,3397.159324136089,33.16798898008601,33.165604549158886,33.16679676462245,1.3291098871716873,299.3456384891852,0,nan
401.0,0.9486634231412268,1.7509303614486058,3397.3649667023733,33.23765296096808,33.23507584724066,33.23636440410437,1.4319800030748078,300.00622027311965,0,nan
401.5,-0.6470826769579958,1.7704842235712255,3397.440361888919,33.58198034111028,33.57975602038132,33.5808681807458,1.5095847393906392,299.1122461051982,0,nan
402.0,0.7310786461894054,2.2858865812923637,3397.461360881227,33.59783892077703,33.59541700153932,33.59662796115818,1.5395133467917157,299.805664125976,0,nan
402.5,-0.33882823904039017,1.3667348876064493,3397.559423483014,33.33743763760831,33.334981113160026,33.33620937538417,1.4549758228921372,299.67677490656837,0,nan
403.0,-0.3854809317323884,0.8855084965277027,3397.378346190321,33.24117257433045,33.23894110003967,33.24005683718506,1.4065304897564788,299.03095040191243,0,nan
403.5,0.2792274925795823,2.125950770569823,3397.3517828305326,33.17471363429595,33.172523221559096,33.17361842792752,1.462506182260488,299.1353813860227,0,nan
404.0,-0.6069624936447895,2.0532593164119795,3397.2698490802663,33.51403063623402,33.51170634901937,33.512868492626694,1.5814888592765153,299.56860465571515,0,nan
404.5,-0.8219972093950105,1.7855975186376638,3396.9126091545063,33.20099380892443,33.19879114389914,33.19989247641179,1.496266176440729,299.0109861297492,0,nan
405.0,1.2229597612008092,1.8142436616357367,3397.012849792458,32.88431943580417,32.881760857418705,32.883040146611435,1.5088220546174422,300.131288269251,0,nan
405.5,-0.8126798144144004,1.2542758833676666,3397.1154197791543,33.1592298848298,33.15702819270082,33.15812903876531,1.553689531443332,299.44173916089414,0,nan
406.0,0.9951839722790282,1.6665274958177911,3397.1610458186206,33.162334286028454,33.1598155145788,33.16107490030363,1.4946390855018787,300.02825083613595,0,nan
406.5,-0.04615043218298069,1.7525406395732666,3397.398304203645,32.831992760256256,32.82979684041929,32.830894800337774,1.6929844633840283,299.08098192151385,0,nan
407.0,0.04439772150400358,1.9060970457476216,3397.397866025975,32.73130473538422,32.72899058282055,32.730147659102386,1.7973773297693103,299.1190961123148,0,nan
407.5,0.8049824297043642,1.846580274975561,3397.610211063777,32.8927464641627,32.89040835763954,32.89157741090112,1.8663173614886868,299.8306815073442,0,nan
408.0,0.9203162671500081,2.2868928535908957,3398.0415357379907,32.60296931458451,32.600678760479056,32.601824037531784,1.8279689791456466,299.34243860514414,0,nan
408.5,0.13628876543040178,2.385526939958647,3398.3056869961356,32.852823079893824,32.850838857000056,32.85183096844694,1.8821865060287213,298.9719545588224,0,nan
409.0,0.14607034011338554,2.253830655883218,3398.3762767725216,32.726315342122504,32.72426212615901,32.72528873414076,1.9434839085054831,299.2995441234542,0,nan
409.5,0.7069480593510094,2.5087791292858497,3398.5895313723877,32.62342522903418,32.62130564995969,32.62236543949693,1.9908896236768239,299.5373131473592,0,nan
410.0,-0.6854572842973881,2.3835880879470586,3398.5949040661512,32.765688825440336,32.76351239971918,32.76460061257976,2.023690080813528,299.130957991568,0,nan
410.5,0.7570286323981804,2.0735102031507657,3398.6127969031763,32.41650093549288,32.414390286379785,32.41544561093633,2.0864532734711254,299.46269868758736,0,nan
411.0,0.7644764459946145,1.9367383170863643,3398.9931731727747,32.25999027555863,32.257913591401305,32.25895193347996,1.9338769469884045,299.182485649513,0,nan
411.5,1.1332031099400068,1.5093262765312234,3399.467593061758,32.20232624904602,32.1999464372595,32.201136343152754,1.8403578644500629,299.59940718823543,0,nan
412.0,1.082410893033159,2.378148061339651,3400.0214965625014,32.00193438215465,31.99979001998072,32.00086220106768,1.7732005947008602,299.2251413077024,0,nan
412.5,0.15096501177339405,1.802199535809639,3400.329840538703,32.31438755199306,32.31223818080034,32.3133128663967,1.6910071344703963,299.40170724063,0,nan
413.0,0.10970763643401824,1.6681216230242095,3400.395008700755,32.33016838378226,32.32785514926072,32.32901176652149,1.6635370448122284,299.8314945132702,0,nan
413.5,1.1086486024817872,1.4533465087188477,3400.6995977604843,32.22229549786407,32.22004224775956,32.221168872811816,1.6689667092930753,299.6195774698034,0,nan
414.0,0.7202252885032181,1.2703376905203738,3401.1568162332305,32.13765423061013,32.13527396592035,32.13646409826524,1.5809650436587974,299.4846723946242,0,nan
414.5,0.23555009986299638,1.692315536321129,3401.395760080322,32.411033536132166,32.40888894097952,32.409961238555844,1.5497952697967545,299.14531956305916,0,nan
415.0,0.5895798937961899,1.8832560978415882,3401.602042578737,32.2288946294364,32.226808943959625,32.22785178669801,1.6665088036764588,298.85352636712236,0,nan
415.5,0.9942384173526193,2.0688026556747277,3401.997997156524,32.564300840514804,32.56181696153944,32.56305890102713,1.7408069568169697,299.940023248295,0,nan
416.0,0.16072668321859282,1.7236575877993319,3402.286738431667,32.87292246586403,32.8706218766798,32.871772171271914,1.725013617657787,299.0894488678838,0,nan
416.5,0.4608620231864052,2.0881981623911754,3402.442135608268,32.61602913726638,32.61369804254063,32.61486358990351,1.9272979340747627,299.4773798514462,0,nan
417.0,0.04822631023079112,2.89422798217148,3402.5694076916225,32.474922610580144,32.47257366948033,32.47374814003024,2.0627534614022975,299.47672409269603,0,nan
417.5,0.9822745890090119,2.4942407451905555,3402.8270329164325,32.390047193664216,32.38766497089891,32.38885608228156,1.919434801044734,299.74354269049024,0,nan
418.0,0.9968557034467835,1.8985144943596624,3403.321815489546,32.205188412852294,32.20303241821894,32.20411041553562,1.7471574761392832,299.5302392504284,0,nan
418.5,0.16591852075542873,1.8867994796288736,3403.6125090455967,32.26862219026698,32.26668303793995,32.26765261410346,1.8901420712367947,298.7078622916792,0,nan
419.0,1.7935385828884365,2.6779526346407216,3404.1023733215075,32.20749479354636,32.2054126997602,32.20645374665328,2.0988064226579803,299.7414203965354,0,nan
419.5,0.734296428665641,2.132671213046663,3404.7343320743958,32.35500030437815,32.3528304308209,32.35391536759953,1.911281318267705,299.38871180616877,0,nan
420.0,0.31613191747121616,1.8526658906927327,3404.9969391609297,32.330461782568456,32.32835385979924,32.32940782118385,1.7833649082433547,299.3176297341468,0,nan
420.5,0.15792998694520294,2.251277322416105,3405.115454637034,32.40353430219075,32.40126608652063,32.402400194355685,1.7903071188997624,299.34870956642555,0,nan
421.0,0.7421920381469818,2.279508925185743,3405.340485143307,32.84833409171406,32.84619277086021,32.84726343128714,1.6542330534314638,299.22256496914997,0,nan
421.5,1.3284146835613684,1.7469795619680484,3405.858136823734,32.61132156803433,32.60928428499828,32.610302926516304,1.5442377930776905,299.0817037579136,0,nan
422.0,1.0872160026824076,2.0170061680226263,3406.4620444952952,32.540406505419924,32.53842148234107,32.5394139938805,1.6124980733702443,299.0697100623223,0,nan
422.5,0.45239172618200885,1.239398419098195,3406.8469464275113,32.45812958011648,32.45574980540041,32.45693969275844,1.714268884209397,299.7872376267872,0,nan
423.0,0.4710016741657796,1.8504220490132253,3407.0777947775982,32.32834466949807,32.325998177320436,32.327171423409254,1.649320351820548,299.3590514190204,0,nan
423.5,0.7416236763672146,1.9596856651460113,3407.3809511152313,32.369333284812456,32.36718791648018,32.368260600646316,1.7319565344074228,299.32709986772795,0,nan
424.0,1.004115038864984,1.787727302798155,3407.817385794039,32.374598828632045,32.37269960703852,32.37364921783528,1.5520119975892939,298.677476547007,0,nan
424.5,1.0180113411077856,1.7821221601878858,3408.322917389032,32.38627806775476,32.38425634207961,32.385267204917184,1.3371992396681942,299.2856339109246,0,nan
425.0,0.9265827859016099,1.8531089769932354,3408.8090659207846,32.38297896774657,32.38088625803939,32.38193261289298,1.4967614014791155,299.10545475759125,0,nan
425.5,0.4270237729772134,1.768022239651387,3409.1474675605045,32.619851436128194,32.617787990181384,32.61881971315479,1.7431040988110234,299.03255179530004,0,nan
426.0,-0.41085135468098316,1.77297289071414,3409.1515106650786,32.40704130124614,32.40471344949983,32.40587737537298,1.668464476984064,299.3516152761632,0,nan
426.5,1.383748831166622,1.8597561630696888,3409.3947350342,32.12311080747022,32.12084671061966,32.12197875904494,1.6953472403043404,299.65252466979484,0,nan
427.0,0.5041483894738008,1.9818003095317909,3409.86670933936,32.556415804570136,32.55404391683987,32.555229860705005,1.5486334645814466,299.5988793665182,0,nan
427.5,0.5710592128171925,2.498632697714192,3410.135511239933,32.67633714010208,32.67404678282037,32.67519196146122,1.5754146569515621,299.62185224413963,0,nan
428.0,1.3589312188450093,1.9831939951803028,3410.6180088478486,32.50887591987648,32.50645004641992,32.5076629831482,1.6093637092142254,299.61861534263824,0,nan
428.5,0.710899659524,2.2207839129071623,3411.1354665674407,32.496142934018465,32.49388174212072,32.49501233806959,1.6174914114575756,299.36327778633097,0,nan
429.0,1.0268134757523852,1.7277497770657828,3411.56989485126,32.59417496238657,32.59197910820076,32.59307703529366,1.5261606020081633,299.4942165882344,0,nan
429.5,0.5640473937975912,1.7625898937915918,3411.9676100686474,32.785699676942386,32.78344208529961,32.784570881121,1.566891727113536,299.26090027013726,0,nan
430.0,1.2591218894762164,1.8740605130469055,3412.423402389466,32.763811529860504,32.76134199424123,32.76257676205087,1.5308762970749572,299.65977789603903,0,nan
430.5,0.98004701213099,2.3403298970753683,3412.983194614868,32.361908945274806,32.3594665547389,32.36068775000685,1.7230041004046817,299.444657088651,0,nan
431.0,1.6709048764999692,2.0953385143067065,3413.6459325870255,32.5966733235944,32.59434454291913,32.59550893325677,1.8629638669020534,299.54532391485236,0,nan
431.5,0.07272912519077863,2.038990620568755,3414.081841087448,32.96464853145371,32.9623971076413,32.96352281954751,1.8560907767692747,299.2893194964398,0,nan
432.0,1.0816948332266065,2.1055934067946094,3414.3704470770526,32.63910223140592,32.63669269879974,32.63789746510283,1.8266271146497803,299.5713315613166,0,nan
432.5,0.09605792009416518,1.8325035580219386,3414.664885265383,32.50624136180413,32.50405154443943,32.50514645312178,1.7895168752443151,299.47166262260487,0,nan
433.0,0.43896605992739524,1.93560958365063,3414.798641260388,32.717150599657906,32.7147370949795,32.715943847318705,1.8271963001508504,299.74392630497675,0,nan
433.5,-0.3703176785094229,1.9716346532851106,3414.815803355743,32.6570441190097,32.65492182602029,32.65598297251499,1.8055927105313903,299.11203598707425,0,nan
434.0,-0.13935939270000972,2.292361050677167,3414.6883840879404,32.74495925959964,32.7427963367998,32.74387779819972,1.9329343790620488,299.5313353661114,0,nan
434.5,0.9795958238755815,2.197379206099863,3414.898443195734,32.736804816046785,32.73454320011952,32.73567400808315,1.8881531520373829,299.4737464968794,0,nan
435.0,-0.3835320198635941,2.2468281267041585,3415.0474591467373,33.074899320368786,33.0729340744605,33.073916697414646,1.9200813431987767,299.1051097629246,0,nan
435.5,-1.36085644047879,2.675828299499116,3414.611362031652,33.26596582120237,33.26377901111918,33.26487241616078,1.8243642234578814,299.19047970221015,0,nan
436.0,-0.5437023743764371,2.0340892128690684,3414.135222327938,33.03137134980261,33.02918737144064,33.03027936062163,1.921049926875677,298.8942574733356,0,nan
436.5,-0.5103541465710123,2.4775349422540587,3413.8717081977015,33.196156639527906,33.193989897841675,33.195073268684794,1.9965152619736957,299.1641251454413,0,nan
437.0,-1.1800083830624544,2.592047004951082,3413.4491175652934,33.5081728015346,33.50572696867967,33.50694988510713,2.0363125714455315,299.51375364705376,0,nan
437.5,-0.44381375056998423,2.9043255938219072,3413.0431620318855,33.19616343552607,33.19375688825967,33.194960161892865,2.0057877847150563,299.38626756357417,0,nan
438.0,0.3388157363773985,2.782877749689893,3413.0169125283373,32.818156497964445,32.81600585300039,32.817081175482414,2.0169834395848443,299.3194333441966,0,nan
438.5,-0.04282771246938637,2.460301101039915,3413.0909095343145,32.99401972627038,32.99185787849856,32.99293880238447,2.0433292043952944,299.5660141890246,0,nan
439.0,-0.5339098304232153,2.6314561184609353,3412.946725148591,33.096303313772296,33.09391306865946,33.09510819121588,1.9538544276638707,299.8473128102686,0,nan
439.5,-0.1854298455472076,2.465388053035494,3412.7668902295986,33.008592421546744,33.006318750818174,33.00745558618246,1.9942622536215657,299.471395461913,0,nan
440.0,-1.2683007254819927,2.937700455519908,3412.4034575868413,33.069876519936955,33.06740487625939,33.06864069809817,2.2303128500741694,299.4777581069002,0,nan
440.5,0.09555070316656611,2.4316482989747943,3412.1102700812626,33.13727512804835,33.13500758063892,33.136141354343636,2.123329376925299,299.5276928767828,0,nan
441.0,-0.9359336765131616,2.4746351075079698,3411.900174337926,33.15907485483403,33.156744665939186,33.15790976038661,1.9560917029351181,299.837022547876,0,nan
441.5,-0.6387106319469922,2.995790793837866,3411.5065132608106,33.227660694544646,33.22535138691965,33.22650604073215,2.078634325473837,299.5043043852238,0,nan
442.0,-0.6438996095614016,2.1113110466268985,3411.1858607004333,33.05402191679059,33.05159828856049,33.05281010267554,2.0361727875342073,299.398503551325,0,nan
442.5,-0.8364333629397833,2.093737873914801,3410.815777457308,33.07726328378412,33.07525194564223,33.07625761471318,1.917706663479695,298.93009392976654,0,nan
443.0,-0.7229003956483894,2.4913532808848164,3410.4259440176606,33.05880069893665,33.05650155269977,33.05765112581821,2.135910992919097,299.275142092246,0,nan
443.5,0.31943206959942927,2.022568316087546,3410.3250769361484,32.743784394931936,32.741508938377955,32.74264666665495,1.9264886493066888,299.17799203170955,0,nan
444.0,-0.03960976058617689,1.6974174531779564,3410.395032513402,32.93973584487212,32.93716813542123,32.938451990146675,1.7680329967909674,299.82384368443957,0,nan
444.5,-1.3909311586416266,2.1010431729854773,3410.037397283595,33.25294724968262,33.25076630442127,33.25185677705194,1.7191268274382496,299.0035351489414,0,nan
445.0,-1.1163547234125986,2.030436923306233,3409.4105758130813,33.367520572912326,33.365439241759304,33.366479907335815,1.670291342071984,298.8133107925772,0,nan
445.5,-0.9149448073451822,2.1346302287966443,3408.902750930392,33.1455785859067,33.143171076498405,33.14437483120255,1.7815727253223217,299.21595416709386,0,nan
446.0,-0.14260203146220646,2.114458373388082,3408.63836422069,33.242540053854285,33.240082339420766,33.241311196637525,1.863809750629146,299.46785177185666,0,nan
446.5,-0.5493333978130295,1.8592735058360716,3408.4653803633714,33.48332180905072,33.480854651660046,33.48208823035539,1.8892694620940187,299.53462537709254,0,nan
447.0,-1.0427333890697923,2.035652885345719,3408.0673636666506,33.29102604309028,33.28860089529917,33.289813469194726,2.0383456041878065,299.24593203986376,0,nan
447.5,0.37754063737456817,2.3508917468420525,3407.9010654787267,33.462218380530246,33.45978058243927,33.46099948148476,1.8554853356518457,299.7866782051236,0,nan
448.0,-1.697264029964367,1.9190994963984807,3407.5711346305793,33.66541210801206,33.66302552845882,33.66421881823544,1.8223738248875307,299.36609152208877,0,nan
448.5,-0.5128189924541744,2.1687680176868516,3407.0186138749746,33.636199114766896,33.63381848835779,33.63500880156234,1.9790766744118065,299.85688488226407,0,nan
449.0,-1.2308046369097838,2.380033805808531,3406.5827079676337,33.70171127871417,33.699235137199864,33.70047320795702,1.9578889072473336,299.44557531349244,0,nan
449.5,-0.7164721696293895,1.9257089166366268,3406.095888765999,33.668174228012504,33.665902589941105,33.66703840897681,1.9825811326654885,299.2815530618448,0,nan
450.0,-0.5684124243509814,2.271389243661871,3405.774667617504,33.593171021503984,33.590710950461656,33.591940985982816,1.988036982214766,299.7165439793856,0,nan
450.5,-1.2445217585019919,2.201315071342707,3405.3214340717905,33.38619923114438,33.38366797816125,33.384933604652815,2.010169870813681,299.6450776387242,0,nan
451.0,-0.4912490681509894,3.1161254276267645,3404.887491365127,33.205764482661834,33.20355039807983,33.20465744037083,2.111929374989655,299.1487958582335,0,nan
451.5,-0.270198609204806,2.500693258813561,3404.697129445788,33.2167223195127,33.21431523271967,33.215518776116184,1.947216196402363,299.41509043399276,0,nan
452.0,0.38327697259260274,1.978632346172597,3404.725399036635,33.36292605697618,33.3606086012609,33.361767329118535,1.9595169058053612,299.2927103125064,0,nan
452.5,-0.655282532238607,2.469619969391283,3404.6573976467234,33.1089098640663,33.10643083753966,33.107670350802984,2.2789830142541425,299.3548530203866,0,nan
453.0,-0.18979051778642314,2.7927906270720846,3404.4461293842173,32.554163522568345,32.551672610060635,32.55291806631449,2.332650205761528,299.0249462191352,0,nan
453.5,0.6396259169508085,2.9144180187896414,3404.5585882340083,32.96982883631026,32.96708948039886,32.96845915835456,2.1490288173473244,299.838499227184,0,nan
454.0,-0.22992418270878262,2.7127207514318177,3404.661013667569,33.25158644555413,33.24900843019932,33.250297437876725,2.13568240940811,299.4635542576806,0,nan
454.5,0.7486619924883826,3.1362110981116054,3404.790698120014,33.07595383801272,33.07341708610038,33.07468546205655,2.3643967287803815,299.6210313789484,0,nan
455.0,0.2549728871382058,2.530193808504908,3405.041606839921,32.94301570026455,32.94050830675915,32.94176200351185,2.1548395610189064,299.5176694802748,0,nan
455.5,0.41723429113160365,2.4476351655802775,3405.2096586344883,32.90931184890851,32.906904695300184,32.90810827210434,2.1830157744199807,299.48060548120344,0,nan
456.0,0.5239547420391659,3.2917769074533036,3405.444955892781,32.71407662174242,32.711552731679696,32.71281467671106,2.281110915292807,299.64808558443644,0,nan
456.5,1.3352758665327884,2.235383459031874,3405.909763544924,32.48994205131639,32.48757464265727,32.488758346986835,2.102669063294304,299.44056946204034,0,nan
457.0,1.7511731610879906,2.658787582851195,3406.681375801829,32.16875954247462,32.16630367825928,32.16753161036695,2.166618955879115,299.38417231643984,0,nan
457.5,0.42956874566619946,2.5110514522588536,3407.2265612785172,32.577074218816236,32.57447776953995,32.575775994178095,2.1000319823748144,299.537400226249,0,nan
458.0,0.3917664064277687,1.9413906579273699,3407.4318950665406,32.42943355485022,32.42709893630017,32.428266245575195,1.9455511591226335,299.1631772986896,0,nan
458.5,1.52537772010279,2.7517836012852483,3407.911181098173,31.886425649368356,31.884079698021377,31.88525267369487,1.9981206393945832,298.9654305872332,0,nan
459.0,1.1396666464876148,2.016402030250692,3408.577442189821,32.129291538402505,32.12666109740021,32.12797631790136,2.01817012075876,299.631932104737,0,nan
459.5,0.06759323044757366,2.402996348128366,3408.8792571590548,32.31167328904776,32.30927498868114,32.31047413886445,2.1023260541507502,299.3482447526896,0,nan
460.0,1.3725950737260177,2.372919141147198,3409.239304235098,32.151598163122074,32.14936843783944,32.15048330048076,2.1426753470635553,299.2913297104624,0,nan
460.5,0.9880372882879896,2.3897048422618754,3409.8294623256015,32.62021550397403,32.61776459804023,32.61899005100713,1.941693841143305,299.539665030548,0,nan
461.0,-1.283835395886581,2.54490703996262,3409.755512798702,32.87468019528569,32.87242344270199,32.87355181899384,1.915657193779878,299.3666599259303,0,nan
461.5,0.2841441300634074,2.4609212456076905,3409.5055899822464,32.76246446542591,32.76030197721921,32.76138322132256,2.0270972301311927,299.3601244638536,0,nan
462.0,-0.6729939697842383,2.5040154790925433,3409.408377522316,32.635515256600044,32.63343046883965,32.634472862719846,2.0343584955947445,299.1060463328862,0,nan
462.5,0.2925391064517953,2.2517051185256705,3409.313263806483,32.63743480539961,32.63526150440011,32.63634815489986,1.9583471610756638,299.7619410792742,0,nan
463.0,-0.2148736159618238,2.0328227858887526,3409.3326801791054,32.87481082460654,32.87268141938112,32.873746121993825,1.9424555810164823,299.5143687409956,0,nan
463.5,0.24209214708217813,2.138687642153453,3409.3394848118855,33.058882792288024,33.056610733820705,33.05774676305437,1.9492176540862336,299.78331451278444,0,nan
464.0,-1.3522294888421924,2.0160033881902173,3409.0619504764454,33.3025647837223,33.30027945986076,33.30142212179153,1.8244641402212827,299.2493946684934,0,nan
464.5,-0.9762590963295906,2.06743706713828,3408.4798283301525,33.379869245928056,33.37794629647833,33.378907771203195,1.8370517923040883,299.2145143335314,0,nan
465.0,0.20638041881298932,1.877497065589889,3408.2873586607734,33.205959137722495,33.20355271949957,33.20475592861103,1.9069992427135454,299.8090806545304,0,nan
465.5,-0.8287532348137916,1.6846575655665124,3408.1317654567733,33.436359290852124,33.43435808499926,33.43535868792569,1.9775476610030047,299.3261816365092,0,nan
466.0,-0.5653422732760192,2.1661949126769797,3407.7832415797507,33.30509931195284,33.30272590781897,33.3039126098859,1.9001002544359444,299.7181182377888,0,nan
466.5,-0.42657159396098904,2.025637545330729,3407.5352631129413,33.00782304308014,33.00576550130063,33.00679427219038,1.9956385862220327,298.78497322036617,0,nan
467.0,0.5176671891268029,2.30708393515139,3407.5580370117327,32.9035386147285,32.90132264631975,32.90243063052412,2.098125130863665,299.17578580601105,0,nan
467.5,0.5989296709912082,1.7017467760843965,3407.8371862267622,32.81618747382836,32.81397606311948,32.81508176847392,1.9532373133306304,299.3674324432166,0,nan
468.0,0.12408475213939027,2.136346135730644,3408.017939832545,32.95761880607078,32.95544440661979,32.95653160634529,1.8499695281704938,299.61169195254496,0,nan
468.5,0.738159673418761,2.1769707741075273,3408.2335009389344,32.560328603060405,32.55809289864046,32.55921075085043,1.8225104942358368,299.3895641716478,0,nan
469.0,0.02325599024137546,1.7014702647369424,3408.4238548548497,32.573948114304585,32.57159799900037,32.57277305665248,1.8748533362136812,299.442634730427,0,nan
469.5,0.023042607257582403,2.0630107008544707,3408.4354295042244,32.71606335955221,32.71361020038021,32.714836779966205,1.7099289691395045,299.6109543364402,0,nan
470.0,0.3497496086285878,2.0266494062674854,3408.528627558196,32.864163062818264,32.861928258438276,32.863045660628266,1.8008326189346473,299.2030482688574,0,nan
470.5,0.29240793190999737,2.0736493916186767,3408.6891669433307,32.99294841274677,32.99092762592045,32.99193801933361,1.8383172940806825,299.2060159548958,0,nan
471.0,-0.5862746205978056,2.103670932401166,3408.615700271159,33.349047348678326,33.34681235774042,33.34792985320937,1.7445679135883303,299.297936068472,0,nan
471.5,-0.6240688378019627,1.8660096265562403,3408.3131144065587,33.40565968268093,33.40344782091925,33.40455375180009,1.6316678007015124,299.1873984324578,0,nan
472.0,0.032187167026995665,1.7058120777240058,3408.165143988865,33.285343221015864,33.28310986525976,33.28422654313781,1.6567056009047902,299.79515260468395,0,nan
472.5,-0.5861107486451488,1.9712498761363633,3408.0266630934607,33.21416258685076,33.21198916016001,33.21307587350539,1.7915784251371016,299.19690807151653,0,nan
473.0,0.11832640161616155,1.852657483264024,3407.9097170067034,33.20819342794039,33.205922753259074,33.20705809059973,1.83766158592116,299.74799507478144,0,nan
473.5,-0.1668390050352059,2.0294465788443334,3407.897588855849,33.1943813920243,33.19219049826061,33.19328594514245,1.7909300372649246,299.44979869085876,0,nan
474.0,0.4785402342997827,1.7181701196411159,3407.975514163165,33.071104219606056,33.0689432095016,33.07002371455383,1.8742855582111602,299.510763975614,0,nan
474.5,-0.25241261774759777,2.6659996308636877,3408.032046067303,33.141638313864135,33.13956426516088,33.1406012895125,1.854405530136769,299.2022577324136,0,nan
475.0,-0.7385284504544188,2.0077464073743028,3407.7843108002526,33.226360644828674,33.22434577244057,33.22535320863462,1.8989394955271952,299.04729420864,0,nan
475.5,-1.2150222289222028,2.2980868131386343,3407.2959231304085,33.485971190582674,33.48385410830015,33.48491264944141,2.0013002186127533,299.0002552048736,0,nan
476.0,-1.157666799205026,2.2294489343962502,3406.7027508733768,33.67621742176853,33.67397030785942,33.675093864813974,1.8907779989334863,299.62112942978763,0,nan
476.5,-0.927682044624396,1.8317021426278095,3406.1814136624193,33.343901515729705,33.34193041246035,33.34291596409503,1.9338028251227095,299.1314506057512,0,nan
477.0,0.003387210608195801,2.2646066850595634,3405.9503399539153,33.073691695925845,33.07164371041945,33.07266770317265,2.05529225502224,299.1207787067062,0,nan
477.5,-1.7235371878307888,2.6313758819032205,3405.52030245961,33.19509754121409,33.1933035596594,33.19420055043675,1.9089881602728491,298.3946934274934,0,nan
478.0,-0.046058065997181076,1.8164268227031446,3405.0779036461527,33.02746773846866,33.025274055280896,33.02637089687478,1.8058070391575864,299.6246657349088,0,nan
478.5,-0.34893833645904804,2.1512672396432495,3404.9791545455387,32.71819234749692,32.71626921993957,32.71723078371824,1.7543869188384182,298.939800804677,0,nan
479.0,0.3267260511505924,1.830454160508983,3404.9736014742116,32.72026453052822,32.718347605318556,32.71930606792339,1.909332475435131,299.0496121528254,0,nan
479.5,-0.2343387530391965,1.4120560855043478,3404.9966982987394,32.97799074852664,32.97587474701868,32.976932747772665,1.896991481969289,299.31648662818344,0,nan
480.0,-0.9747470962371836,2.193151621394008,3404.6944268364205,33.07674902501058,33.074356676998285,33.07555285100443,1.9491113646365734,299.7992617919466,0,nan
480.5,0.1376771860963686,1.9284509606616704,3404.485159358885,32.59317417499187,32.59110254405969,32.59213835952578,1.864149299866364,299.0399462519348,0,nan
481.0,0.767398627801606,2.6974633185190253,3404.7114283123597,32.44509765898438,32.44281097635758,32.44395431767098,1.9317740083974877,299.5171442046684,0,nan
481.5,-0.3441047001673951,2.451039763818985,3404.817251794268,32.44200851604474,32.43973978969952,32.44087415287213,1.8213296540768138,299.4818505655498,0,nan
482.0,-0.22200903643757783,2.237564358785422,3404.675723360117,32.54744948059997,32.54517267616029,32.54631107838013,1.9236611710528722,299.2925361274776,0,nan
482.5,0.3366040129381986,2.2518839919107987,3404.7043721042423,32.27912213107775,32.27684215416084,32.277982142619294,2.0495690336781887,299.0587666252,0,nan
483.0,0.09866649552737954,2.1792401726085187,3404.8131897313588,32.4307930419327,32.42858792214029,32.42969048203649,1.9461552912098659,299.34799162645345,0,nan
483.5,0.7166665250523693,2.1576047885975234,3405.017022986504,32.549803444840656,32.547548675160215,32.54867606000043,1.7563964890643047,299.4360014723332,0,nan
484.0,0.31380803466562385,2.136367171696361,3405.2746416264335,32.45288101125061,32.450598558720955,32.45173978498578,1.671285229214439,299.65470174723276,0,nan
484.5,0.4105546551658108,1.6738393676757142,3405.4557322988912,32.23871398526008,32.236652729139315,32.23768335719969,1.7442116532796805,299.0535351451732,0,nan
485.0,0.7058567101636186,2.318820981909654,3405.7348351402234,32.098902217738576,32.097006238000176,32.09795422786938,1.8373376870601121,299.3874435331214,0,nan
485.5,1.3919188270763925,1.988401638273014,3406.2592790245335,32.12917109917453,32.127091900420055,32.12813149979729,1.7404431243281675,299.5850202879266,0,nan
486.0,0.7640386579198093,2.2079310579270723,3406.7982683957825,32.416689311328625,32.41450093725725,32.41559512429294,1.814000720379376,299.5962053022974,0,nan
486.5,0.5035092269471988,2.631394891606657,3407.1151553669993,32.27156274715453,32.26956127946105,32.27056201330779,1.9684127271115468,299.27172895768643,0,nan
487.0,0.24483438718459638,2.0551832561904098,3407.3022412705322,32.47909339659418,32.476968186401066,32.47803079149762,1.8723596608720965,299.41012328921227,0,nan
487.5,-0.5305364820965792,2.456904473770928,3407.230815746804,32.66312326015814,32.66108943316067,32.6621063466594,1.926463940562367,299.1829415503998,0,nan
488.0,0.33187226070298265,1.8114222014954118,3407.1811496914556,32.454182847553966,32.45197823116032,32.453080539357146,1.9834400403525039,299.4311042261374,0,nan
488.5,1.1089864335495805,1.6622977956016491,3407.5413643650186,32.26704571031642,32.26491971623909,32.26598271327775,2.063865778701685,299.5341185604842,0,nan
489.0,1.2195939650650076,1.6064286634045108,3408.123509464672,32.11546347026251,32.11348241453961,32.114472942401065,1.7886787560134987,299.3047223721292,0,nan
489.5,1.3069464733000018,1.8153362768021364,3408.7551445742633,32.1036345068549,32.101582367839725,32.102608437347314,1.8200450382383315,299.2535445703078,0,nan
490.0,0.5645346894719523,2.0487223400620937,3409.2230148649564,32.46876969850073,32.46651084684199,32.46764027267136,1.8451748684381943,299.5531777795054,0,nan
490.5,0.9069727070987597,2.112758473039161,3409.590891714099,32.54320686474239,32.54094610154061,32.5420764831415,1.8783881370081201,299.43680986486623,0,nan
491.0,1.4306193227718267,1.5307077927655257,3410.175289721567,32.47309285620813,32.47089741426025,32.471995135234195,1.9578489475582947,299.1826829573612,0,nan
491.5,-0.14689350857296404,2.258400199808085,3410.4962211751167,32.705908728736176,32.70376275906019,32.70483574389819,2.085764871761205,298.94968692252496,0,nan
492.0,1.287526930016395,1.9081485676038785,3410.7813795304774,32.66645033179047,32.663871939319506,32.66516113555499,2.064936029428521,299.6424511462923,0,nan
492.5,0.6020252272324,2.121726250435875,3411.2537675697895,32.358156876046266,32.35599764287908,32.35707725946268,2.0692496877569355,299.08998606945124,0,nan
493.0,0.9097790764776164,2.165574326449061,3411.631718645717,32.40002440684439,32.397633494420006,32.39882895063219,2.1578675006449073,299.12776436642645,0,nan
493.5,0.5925421446174255,2.4392609175532463,3412.0072989509904,32.500205051024025,32.49789289255932,32.49904897179167,2.2800541033740283,299.05111345283456,0,nan
494.0,2.1744726678675876,2.647964286162057,3412.6990526541117,32.32843444559203,32.325959193299056,32.32719681944555,2.2517357126498116,299.86274794014656,0,nan
494.5,0.8385046902094018,1.8479920931172655,3413.452296993631,32.35051969021642,32.3480724542198,32.34929607221811,2.1939037488351647,299.5160643121164,0,nan
495.0,0.0035086730204170634,2.176038773585711,3413.6628003344385,32.71902547082063,32.716759320719575,32.71789239577011,2.2032843007802336,299.2763261316546,0,nan
495.5,2.0574919016239734,2.3586808257477436,3414.1780504780995,32.526394783572684,32.52391829211992,32.52515653784631,2.3024496109232593,299.6308602157514,0,nan
496.0,1.2855880993631899,2.1746047253327516,3415.013820478346,32.53684598984692,32.534371944799204,32.53560896732306,2.1445937801626225,299.42688574701333,0,nan
496.5,1.1702143707644155,2.210279404336714,3415.627771095878,32.458052279842015,32.455621309940035,32.456836794891025,2.099306178120808,299.33157882128637,0,nan
497.0,1.5410891615143896,1.7932871881544494,3416.3055969789475,32.507177439448604,32.50449216164052,32.50583480054456,2.314060319313102,299.6299758826604,0,nan
497.5,1.3389441440758105,1.690643044711051,3417.025605305345,32.31754468724466,32.31537352595988,32.31645910660227,2.151378479572662,298.70383374525665,0,nan
498.0,1.3437758816251972,1.5135067509125715,3417.69628531177,32.01163003368092,32.00913158951953,32.01038081160023,2.02006473512398,299.441741618558,0,nan
498.5,1.3507663864619985,1.2555227353485081,3418.369920878792,32.241797265916105,32.23921120155937,32.24050423373774,1.9731478294060996,299.33928313317597,0,nan
499.0,1.459328718102381,1.9534012352971615,3419.072444654933,31.992611614178532,31.990152457258954,31.991382035718743,2.017968023102221,299.32839662139406,0,nan
499.5,1.8266725645479938,1.5930978956983537,3419.8939449755953,32.04638679655036,32.043837565118885,32.04511218083462,1.9622936890049656,299.5790587768608,0,nan
