time_ps,DeltaT_mean_K,DeltaT_SEM_K,Integral_DeltaT_Kps,Q_hot_mean_eV,Q_cold_mean_eV,Q_sym_mean_eV,Q_sym_SEM_eV,T_all_mean_K,fit_mask,Q_sym_fit_eV
0.0,49.54000223291157,0.7214371196207698,0.0,0.0,0.0,0.0,0.0,299.94753743317955,0,nan
0.5,48.548461901234816,0.7306696495407999,24.522116033536598,0.7607486577571307,0.7607490431046244,0.7607488504308776,0.07316910174516864,300.1271443022729,0,nan
1.0,48.411424448446155,0.6612303467258903,48.76208762095684,0.6183093704734347,0.618292521775038,0.6183009461242364,0.09570933010964687,299.9132605756591,1,0.9306483574186811
1.5,48.176623801851676,0.7020228821848272,72.9090996835313,0.7812584376018549,0.7812922171247919,0.7812753273633234,0.12152578046670458,299.92418194021434,1,1.1461856912763992
2.0,47.57523869969257,0.7405462566828269,96.84706530891737,1.237610473598761,1.2375244862847468,1.2375674799417538,0.15349344178809898,300.03463846631314,1,1.3598570670765624
2.5,46.973292632608,0.728445635153787,120.48419814199251,1.7738553706053608,1.7736557885546063,1.7737555795799835,0.181562319147128,300.2446871749639,1,1.5708431956161681
3.0,46.45296141129224,0.6644404271644655,143.84076165296756,2.0035851832260505,2.0035358928706044,2.0035605380483275,0.17388833530280862,299.92672411644196,1,1.7793249495569206
3.5,46.103861660179646,0.7156609680060178,166.97996742083552,2.1255455075979626,2.1254924807297355,2.125518994163849,0.2304276548930268,299.8484778815602,1,1.9858665583434307
4.0,45.31997380114829,0.7220442306922793,189.8359262861675,2.404608803871588,2.404647786460555,2.4046282951660714,0.20893191554804869,299.6215317661255,1,2.189879892325677
4.5,44.48712386256095,0.6871022189700424,212.2877007020948,2.687971243695938,2.6878813551797065,2.687926299437822,0.19300424692064855,299.76991984119707,1,2.3902854574301142
5.0,45.249732097510716,0.6525894219262514,234.72191469211273,2.918846477179386,2.9186848841893154,2.9187656806843507,0.22727356874347548,300.12886896622103,1,2.5905342773698865
5.5,44.65613879590236,0.695525447964022,257.19838241546597,3.1799809353421553,3.1798729193449615,3.1799269273435584,0.2434867361823525,299.82361745399373,1,2.791160256065576
6.0,44.31000499476996,0.7268503321520774,279.43991836313404,3.2828758454663785,3.2828036633196462,3.282839754393012,0.24584208037504748,299.7668488921058,1,2.9896892229886105
6.5,44.16263367319995,0.6890839090864965,301.5580780301265,3.3444895276400075,3.3443249126044976,3.3444072201222523,0.2316177125953699,300.0777638914161,1,3.1871169275886224
7.0,43.816193091141145,0.7792164103387431,323.5527847212118,3.5791938018497604,3.579123997940769,3.5791588998952646,0.25684227191810194,299.9140184385153,1,3.383442685280467
7.5,43.79294968107194,0.695131759595512,345.4550704142651,3.739791748586549,3.7396126010948136,3.7397021748406813,0.21622814551026398,300.12152312552814,1,3.5789434889176786
8.0,43.28299101202266,0.7486171702256968,367.2240555875387,3.9860479792601837,3.9859984398048254,3.9860232095325046,0.2317162378078476,299.73757014601887,1,3.7732544460198114
8.5,43.04867498477373,0.6669939602316863,388.8069720867378,4.106335322640916,4.106195748360006,4.1062655355004605,0.28576949378812116,299.91925244919264,1,3.9659045456286637
9.0,42.40846744553296,0.662636618682928,410.1712576943145,4.353826706910377,4.353651408125188,4.353739057517783,0.2614721692236606,299.9180195789142,1,4.156603135901408
9.5,42.548493621165775,0.6663262719298646,431.4104979609892,4.706885856945019,4.706660601769181,4.7067732293571,0.25750458002292825,300.21430143949186,1,4.346185565743226
10.0,41.895003270555,0.5825670150353334,452.52137218391937,4.804499022136224,4.804353005775011,4.804426013955617,0.2837431268536779,299.81024671626943,1,4.534622194408697
10.5,41.82871026281931,0.6468341872897597,473.45230056726297,4.9791196357374705,4.978927690459204,4.979023663098337,0.32284929414279756,300.08329296470754,1,4.721452618281511
11.0,41.178000233189536,0.6137791313077826,494.20397819126515,5.220382763471434,5.220169747565706,5.22027625551857,0.33753368441831777,300.078222942036,1,4.9066830416797185
11.5,41.17710223257335,0.5197815701756172,514.7927538077058,5.285477116023094,5.28537393563056,5.285425525826827,0.317600724177439,299.79299655076915,1,5.090459394309299
12.0,40.67522663827933,0.7356682949515732,535.255836025419,5.45155949433115,5.451419850330967,5.451489672331059,0.29234586858468087,299.8499185111118,1,5.273113801914168
12.5,40.76358620467765,0.7017843107368438,555.6155392361582,5.539937874197267,5.539656022774397,5.539796948485832,0.2988279969912782,300.2414014012176,1,5.454845443775504
13.0,40.531556383697044,0.6167560665193479,575.9393248832519,5.802223450957854,5.802091154185291,5.8021573025715725,0.3197461876285648,299.95353794570866,1,5.636256483821314
13.5,39.96043912167752,0.6406016701253079,596.0623237595955,6.0325364541824005,6.032364946769303,6.032450700475851,0.3136773356617121,300.0082130567681,1,5.815875291969892
14.0,40.28446881647913,0.6862039504851435,616.1235507441347,6.068767776588902,6.0685193380306375,6.06864355730977,0.29504333855688003,299.9407815095166,1,5.994942721387538
14.5,39.49961707188594,0.5951817767513251,636.069572216226,6.264803428858431,6.264631161894977,6.264717295376704,0.33894978453216074,299.88562082431844,1,6.172981821132991
15.0,39.30545529961005,0.6511860003681622,655.7708403091,6.373737893641874,6.3735141035003835,6.3736259985711285,0.3468684867161452,299.85746076858345,1,6.348836241023543
15.5,39.19735388092225,0.6975102758505985,675.3965426042331,6.448052505984333,6.447783568269552,6.447918037126942,0.3239287125082765,300.03500282341525,1,6.52401615714801
16.0,38.80208901436005,0.6604956290154725,694.8964033280537,6.537412063509555,6.5372177653800465,6.537314914444801,0.35735202583824005,299.70725032698243,1,6.6980728056524965
16.5,39.047600574202114,0.7021396767689215,714.3588257251943,6.606491664932901,6.6062942566999485,6.606392960816424,0.3523424695550521,299.8221414983511,1,6.871795277941069
17.0,38.644943154048036,0.645309621402192,733.7819616572568,6.74995251077994,6.749752796755456,6.749852653767698,0.3479778754860147,299.917270912792,1,7.045167077445876
17.5,38.1610589014698,0.6835473974743803,752.9834621711362,7.071419764376969,7.071083585190172,7.0712516747835705,0.3523329644539878,299.9504601748238,1,7.216560549073104
18.0,37.821955840525526,0.5804633048798409,771.979215856635,7.378773618151717,7.378482121574962,7.378627869863339,0.3565427178816581,300.01858392448304,1,7.386117515101877
18.5,37.538731238676306,0.6053874002938827,790.8193876264355,7.5379443021954105,7.537776481125183,7.537860391660297,0.36709324718764097,299.6982282132722,1,7.554285749836726
19.0,37.60400003569831,0.6988909504570981,809.6050704450291,7.681238240822085,7.680971725109885,7.681104982965985,0.37987516900849655,299.99595183965573,1,7.721967613701448
19.5,36.875231673038755,0.6879032451075058,828.2248783722134,7.952709812074,7.952300656575062,7.952505234324531,0.3191372717552215,300.122362296136,1,7.888168870700374
20.0,36.67195164078136,0.7272510618757781,846.6116742006684,7.982548391092768,7.982177508476525,7.982362949784647,0.3487401065761,299.82763240015595,1,8.052290251050936
20.5,36.419654764685205,0.6725466991161206,864.884575802035,8.164309524809005,8.16376661151953,8.164038068164269,0.3923682000940362,300.3411199604591,1,8.215395006322387
21.0,36.28748088080606,0.6025427344589743,883.0613597134078,8.377491833977274,8.377220247704463,8.37735604084087,0.3809274211580329,299.78832840716075,1,8.377641810697714
21.5,35.95302810964521,0.6727632470833063,901.1214869610207,8.525648967972439,8.525188276534573,8.525418622253506,0.3453348085529367,299.96150927523786,1,8.538847332357879
22.0,36.09925367829277,0.6833303104836419,919.1345574080051,8.643078083202635,8.64265953388076,8.642868808541698,0.32513241108137214,299.99975362678236,1,8.699632822863835
22.5,35.41622611695306,0.7104166787616749,937.0134273568166,8.796192204183853,8.795877972780364,8.796035088482109,0.3353332392387755,299.75669196190927,1,8.85922043358642
23.0,34.99660172662915,0.7291624879943488,954.6166343177122,8.840544922268782,8.840089955120856,8.84031743869482,0.37600121372352413,299.84427140843707,1,9.016347463873435
23.5,34.65161611393417,0.7237289259086794,972.028688777853,9.12814946703038,9.12774615422004,9.12794781062521,0.3683775686999991,299.7790313990568,1,9.17176825819775
24.0,34.5527009380841,0.6661044850777194,989.3297680408575,9.456213499775368,9.455788761855,9.456001130815185,0.3620318845925782,299.9978757066794,1,9.326198482837787
24.5,34.603759842384264,0.7229368459150382,1006.6188832359746,9.571553374814494,9.571083014175747,9.57131819449512,0.37809905323458515,300.1390704985959,1,9.480521915660772
25.0,34.54305161720107,0.7199994456418183,1023.905586100871,9.557358591000774,9.557022779940052,9.557190685470413,0.3868950690875667,299.7648871228202,1,9.634823815913895
25.5,34.259729154307195,0.8089900970845691,1041.106281293748,9.68160050120573,9.6811467488993,9.681373625052515,0.3629644669994837,300.09368752081457,1,9.788358007753642
26.0,33.81426870271736,0.7077950873960603,1058.1247807580041,9.876151032639154,9.875678356943718,9.875914694791437,0.3353542335432924,300.07270210780723,1,9.940265912188329
26.5,33.67793947914613,0.6541616322583208,1074.99783280347,10.065123051567799,10.06470554930056,10.064914300434179,0.37607171984627,300.03793792349035,1,10.090875546311917
27.0,33.95575598497193,0.703959301889428,1091.9062566694995,10.102645369609036,10.102113090430247,10.102379230019642,0.40920792474223966,300.05131865486663,1,10.24180091092333
27.5,33.37699404416539,0.6729004464413402,1108.7394441767838,10.223058353421994,10.222505735944287,10.22278204468314,0.3891923458805869,299.9798022792152,1,10.392054712356195
28.0,32.83783878953479,0.6826468277437362,1125.2931523852087,10.395628027194789,10.395146715199918,10.395387371197353,0.3915439720985556,299.94023393002783,1,10.5398138687875
28.5,32.530968474798634,0.7263961134615268,1141.635354201292,10.348757445679848,10.348282609594753,10.348520027637301,0.38207672140004273,299.71469563118643,1,10.685685109489064
29.0,32.17965773133865,0.7035110091516443,1157.8130107528264,10.60988228297847,10.609440618729787,10.609661450854128,0.40996131853674284,299.6622656043839,1,10.830087611634987
29.5,32.54041932356493,0.7129631206874121,1173.9930300165522,10.84312225083263,10.842611824114465,10.842867037473548,0.4152827316136422,299.8397377584339,1,10.974511203457974
30.0,32.02273138738101,0.6315332883960152,1190.1338176942886,11.106777251705989,11.106255525984853,11.10651638884542,0.4096170070313683,299.93739035317606,1,11.11858461235045
30.5,31.410267706570757,0.736789155531233,1205.9920674677765,11.191990555997473,11.191436964220339,11.191713760108906,0.4125183996770522,299.8326853127772,1,11.260136074989795
31.0,31.710704560917556,0.6762234930644945,1221.7723105346486,11.228858454098736,11.228401844860127,11.228630149479432,0.39165022363364954,299.88488263716306,1,11.40099124619882
31.5,31.523815887323373,0.6990540348407802,1237.5809406467088,11.284772619761544,11.284205538540482,11.284489079151012,0.38529221441517664,300.05713878800714,1,11.54209980147127
32.0,31.418761454874804,0.7351133083460891,1253.3165849822583,11.514380816908442,11.513785169659604,11.514082993284024,0.42855843592956705,300.0947858247879,1,11.682556882365114
32.5,31.802194713580597,0.6857811123717483,1269.1218240243722,11.488317771056426,11.487598459769288,11.487958115412857,0.4401463822986015,300.3324281972291,1,11.823635168792158
33.0,31.099918052243943,0.6680465818580541,1284.8473522158283,11.823436158994218,11.822904242904588,11.823170200949402,0.46860331884971906,299.92729465531244,1,11.964001952521237
33.5,30.644783974502126,0.7379494884374971,1300.283527722515,12.093265166466608,12.0925390376,12.092902102033303,0.48348248984788006,300.2477442967858,1,12.101785960954631
34.0,30.340868061453385,0.66901637734019,1315.5299407315038,12.121812258202544,12.12129222204021,12.121552240121378,0.4623006499453444,299.70082515803256,1,12.237876140656175
34.5,30.01879898303264,0.7521547369886188,1330.6198574926252,12.146512318728446,12.145954582648846,12.146233450688646,0.4526842412710305,299.85211978466253,1,12.37256942769304
35.0,29.640620207315436,0.7763303735422401,1345.5347122902122,12.615772279140083,12.615096311994602,12.615434295567344,0.46486057326980457,299.99377834270007,1,12.505700103638217
35.5,29.862526104534037,0.8048543931919627,1360.4104988681745,12.873995057741558,12.873397212169948,12.873696134955754,0.47027608966598256,300.12899509332436,1,12.638482054868525
36.0,29.79895938256501,0.7562655858971452,1375.3258702399492,12.892055727755041,12.891306625200377,12.891681176477709,0.47456612017101174,299.9989261789059,1,12.771617341778525
36.5,29.454889943466803,0.6581909549844227,1390.139332571457,12.90441280859891,12.903579182234898,12.903995995416903,0.4868184655692413,300.13227361624433,1,12.903842983935036
37.0,28.8266336091131,0.7513692615294684,1404.709713459602,13.069914805306599,13.069173059319473,13.069543932313035,0.4745827272023875,299.9280738563004,1,13.033898870012536
37.5,28.702262042514292,0.6283339443844657,1419.0919373725087,13.267145903468872,13.26655541513519,13.266850659302031,0.4372513347459572,299.8480217945777,1,13.162275258325076
38.0,28.76895120338014,0.5600175504422437,1433.4597406839823,13.289552446431117,13.288706347820517,13.289129397125816,0.4329144210283239,300.1648428694485,1,13.290522927689803
38.5,28.468177151420754,0.6879875623806729,1447.7690227726825,13.49666250315986,13.4958567536396,13.49625962839973,0.4833468581173389,299.9943950482158,1,13.418248233944013
39.0,28.42975223227876,0.5650928744898455,1461.9935051186073,13.60683782176975,13.60610959916994,13.606473710469846,0.4971488087567534,299.8763222556733,1,13.545216613816514
39.5,27.71553208007507,0.6603760781758999,1476.0298261966957,13.716601643236118,13.71586864375513,13.716235143495624,0.4784507579095567,299.8741548823511,1,13.670505457608126
40.0,28.045289119768245,0.6417330378038055,1489.9700314966565,13.770415967388772,13.76975221371922,13.770084090553997,0.4831156560456428,299.77064614034185,1,13.794936367569019
40.5,27.52589255297329,0.783389300662257,1503.862826914842,13.951808295860065,13.951031919049637,13.951420107454851,0.5215396151025649,299.9880896659562,1,13.918944094757238
41.0,27.109584140454206,0.7151680631649933,1517.5216960881987,14.12252974928706,14.121712402254342,14.122121075770702,0.4831371922311343,300.01076749980336,1,14.040863785587211
41.5,27.289049357702503,0.5589861484350857,1531.1213544627378,14.329507112542341,14.328716920629812,14.329112016586077,0.4446600115014363,300.0086957296693,1,14.162254958119364
42.0,26.64962286345311,0.6516602524822326,1544.6060225180267,14.531558557031577,14.530777698459861,14.531168127745719,0.4879217773154136,299.9804755585995,1,14.282619721803648
42.5,26.84232102465619,0.6542669230452294,1557.9790084900542,14.557847202939456,14.557051029010108,14.557449115974782,0.46565759068927337,299.89670854154383,1,14.401987606105775
43.0,26.532475256345453,0.6049032350250324,1571.3227075603047,14.856840054513896,14.856002381265899,14.856421217889897,0.45671085533534944,300.17422001826236,1,14.521094074183418
43.5,26.572718892687146,0.6686707102754494,1584.5990060975628,14.692683168423855,14.691824148175147,14.692253658299501,0.47327490969703173,300.0502595857058,1,14.639598922021502
44.0,26.32118920600925,0.7411115522473672,1597.822483122237,14.784114745403622,14.783200985295116,14.783657865349369,0.44817590559695597,300.0717367934885,1,14.757632282622854
44.5,26.354134797846076,0.6590968798018126,1610.9913141232007,15.072759597155937,15.071802003585981,15.072280800370958,0.43923120506523516,300.11716172938947,1,14.875177870317732
45.0,25.863047876614257,0.6007311225453669,1624.0456097918159,15.106597744953888,15.105729086844804,15.106163415899346,0.47697790852693533,299.80798610557525,1,14.991701110398628
45.5,25.7997840961939,0.6479310388224372,1636.9613177850179,15.228065009240254,15.227096157370033,15.227580583305144,0.48377667638363925,300.1146102936641,1,15.10698731055149
46.0,25.26014087957595,0.6147375084185158,1649.7262990289603,15.36726706689692,15.366379499434696,15.36682328316581,0.4741093691478507,299.79996623569707,1,15.220928116848077
46.5,25.035712219775903,0.7539120099328482,1662.3002623037983,15.45112140334536,15.45019297910494,15.450657191225151,0.4574848250189835,300.0029343256347,1,15.333163888017626
47.0,24.908110551742503,0.728230723957265,1674.7862179966778,15.37520764369674,15.374315917174863,15.3747617804358,0.4520516571746321,299.79680741027676,1,15.44461409948623
47.5,25.0983351042768,0.7124747020344856,1687.2878294106827,15.558010651425457,15.557139762929728,15.557575207177592,0.4730050510140219,299.89602078123244,1,15.5562040546375
48.0,24.579741547054105,0.7485026102330173,1699.7073485735154,15.722700129373834,15.721854422955222,15.722277276164528,0.4818624077145432,299.81210720005384,1,15.667061250600916
48.5,25.12513371008894,0.6467308329535573,1712.1335673878011,15.744720901063783,15.74375628072903,15.744238590896407,0.48378427911539973,299.965543986259,1,15.777978247959561
49.0,24.935637461449808,0.7692880111930072,1724.6487601806857,15.66904670723834,15.668108553619458,15.6685776304289,0.4939810770140254,299.9866523884328,1,15.889689431119756
49.5,24.80765259427664,0.8088165419839569,1737.0845826946174,15.773102952521777,15.772152588169593,15.772627770345684,0.4935247364479972,299.91364485657675,1,16.000692151540594
50.0,24.18654970116398,0.6810499475920648,1749.3331332684777,15.81457142839704,15.81362913999983,15.814100284198435,0.5037729436589482,299.7871759864094,1,16.110023274060843
50.5,24.048404165235983,0.6979262307657045,1761.3918717350778,15.905777759551437,15.9047501787898,15.905263969170619,0.5332656152970734,299.78822195399437,1,16.21766012503202
51.0,24.474164737353505,0.7802291605736973,1773.522513960725,16.132336673061765,16.131294576199615,16.13181562463069,0.5595668434574499,300.15997913398996,1,16.325938792244443
51.5,24.269730717399945,0.6452731332216283,1785.7084878244134,16.14430473173884,16.143324711145215,16.143814721442027,0.537490206411059,299.92804957984487,1,16.43471135218821
52.0,24.044613732015357,0.7634062102656636,1797.7870739367672,16.109240471236944,16.108113273374876,16.10867687230591,0.5438293264485455,299.9445065232605,1,16.54252536415297
52.5,24.053312338074157,0.7382288583238229,1809.8115554542896,16.251328990205412,16.2501720985847,16.250750544395054,0.5524499912590218,300.03723085363816,1,16.649856436030188
53.0,23.73735633147979,0.8058460089832543,1821.7592226216782,16.459817617808813,16.458710099970084,16.45926385888945,0.5687362544022025,300.0550772764823,1,16.756501859505565
53.5,23.75839449642354,0.7740254085740518,1833.633160328654,16.561223715764662,16.560047599004427,16.560635657384545,0.5944558405275533,300.2132230696157,1,16.86248917044582
54.0,22.943149339434694,0.8265276121430769,1845.3085462876186,16.666089137745757,16.664948760744483,16.66551894924512,0.5825631053700294,299.919427375486,1,16.966704199404017
54.5,22.896958088429564,0.8476460801192693,1856.7685731445847,16.868636379765256,16.867549067290565,16.868092723527912,0.5954488471425716,299.9371173630217,1,17.068996923169895
55.0,22.951658350337645,0.8436451630976308,1868.2307272542764,16.80702949217325,16.806002230739068,16.80651586145616,0.5677348021545601,299.79310372758164,1,17.17130863489088
55.5,22.96962015508792,0.8075526014138829,1879.7110468806327,16.814025732801202,16.81285235676023,16.813439044780715,0.5347063033511079,300.0736906196636,1,17.27378249284428
56.0,22.72030670079982,0.803411547922119,1891.1335285946047,17.047843693226877,17.046617275558493,17.047230484392685,0.5682247249134712,300.0726218065696,1,17.37574008694694
56.5,22.1442502811511,0.8182008421211948,1902.3496678400925,17.136094956663555,17.134923245129176,17.135509100896364,0.5730348031138066,299.8764355580541,1,17.47585585874035
57.0,22.57534978276294,0.9437986020174118,1913.529567856071,17.181864171768986,17.180691251614917,17.18127771169195,0.5664777968708344,300.0473426833461,1,17.57564815751402
57.5,22.415551160513523,0.7752879586224313,1924.7772930918902,17.400435623313843,17.39921728015015,17.399826451731997,0.565886125226823,300.05108861893575,1,17.67604586730148
58.0,21.942295934867253,0.8626404264119218,1935.8667548657354,17.549548191780424,17.54838966722,17.548968929500212,0.5711003277786685,299.8393328905644,1,17.77503091019034
58.5,21.851130204725905,0.8031039333455154,1946.8151114006337,17.618108880218823,17.61682445117476,17.617466665696792,0.5853790171242242,299.97760710793546,1,17.872756441263935
59.0,22.095396137741155,0.9041021439668931,1957.8017429862505,17.637212371814257,17.63592656244473,17.636569467129494,0.569508578044651,300.29284453881667,1,17.97082361719048
59.5,21.65624405536891,0.7835342870176928,1968.739653034528,17.78342693985237,17.782194632544634,17.782810786198503,0.5823819218930527,299.9747103050087,1,18.068455902446807
60.0,21.385655691762658,0.8246388530215896,1979.5001279713108,17.93814907760925,17.93678131002016,17.937465193814706,0.572525803470932,300.0259980744522,1,18.164504393784235
60.5,21.877639283988557,0.8192956700153573,1990.3159517152485,17.904736291012295,17.903426811675125,17.90408155134371,0.5584550121793531,300.1104172978834,1,18.2610469311053
61.0,20.952296741206357,0.7167068757288909,2001.0234357215472,18.12609415416491,18.124750116469837,18.125422135317372,0.5636800100951511,300.0232821905887,1,18.356622422974077
61.5,21.220053400849157,0.8536182983147488,2011.5665232570611,18.335101060776378,18.333686433194817,18.334393746985597,0.5927313219479909,300.19539890850285,1,18.450730504427156
62.0,21.38384441425815,0.9259995867771946,2022.217497710838,18.31853691150682,18.31723071147062,18.31788381148872,0.6220285841362152,300.10226428501016,1,18.545801589446068
62.5,20.643037006387914,0.8561451077704173,2032.7242180659994,18.347673985058464,18.346458358629388,18.347066171843927,0.6382823245618926,299.77626667216094,1,18.63958505578433
63.0,20.638270883504305,0.7949971883253247,2043.0445450384725,18.51880233694633,18.517442277794906,18.518122307370618,0.5712627684024744,300.0780243435117,1,18.73170476626538
63.5,20.442611171187888,0.8798656210845872,2053.3147655521457,18.64137399603028,18.640127138619572,18.640750567324925,0.5677166320616234,300.0037787759054,1,18.823377224203927
64.0,20.242614137501892,0.894302339474157,2063.486071879318,18.75362238329767,18.752374259365023,18.752998321331347,0.565698336460038,300.00468106943487,1,18.91416676959065
64.5,20.095464001705245,0.8019948740618758,2073.57059141412,18.733684167935188,18.73238420360558,18.733034185770386,0.5361813703542562,299.8671490256079,1,19.004181652100115
65.0,20.103093594365543,0.8232827212155358,2083.620230813138,18.846689290644917,18.845287992079466,18.84598864136219,0.5637562627466872,300.12076655255726,1,19.093885192922585
65.5,19.2303512701155,0.827759416011531,2093.4535920292583,19.124447940182062,19.12313856885994,19.123793254521,0.5617904967999018,299.8360409192009,1,19.18165822479461
66.0,19.736737618329702,0.8444007945409958,2103.1953642513695,19.159574427656935,19.15825730929064,19.158915868473787,0.5140332541980064,299.9493532107923,1,19.268613729117952
66.5,19.99698492917905,0.9461320778382588,2113.128794888247,19.197487650321182,19.196053360134282,19.196770505227732,0.5845816744009027,300.2564963755118,1,19.357279985215598
67.0,19.340376645554006,0.7938761116344504,2122.96313528193,19.273478948766297,19.272227340534663,19.27285314465048,0.5438737727968278,299.7597599244354,1,19.445061757271322
67.5,19.229703188449243,0.8784647929480222,2132.605655240431,19.457025987846237,19.455603783294464,19.45631488557035,0.4698183647976088,300.1359892550248,1,19.531131331351105
68.0,18.928835457324787,0.8229957173723611,2142.1452899018745,19.5582611785318,19.556896256989784,19.557578717760794,0.48009710881605955,299.97441867223944,1,19.616282546564644
68.5,18.9021800882899,0.8173076595068588,2151.6030437882782,19.54371563626596,19.54231268873955,19.543014162502754,0.5156606792172003,300.2940141408282,1,19.700702890235956
69.0,18.739575062378695,0.8901905360667342,2161.0134825759455,19.712416956048127,19.711003342835465,19.711710149441796,0.4899619773030398,300.1598185152001,1,19.784700897172343
69.5,18.25516387069357,0.8826292491756483,2170.2621673092135,19.819139973570238,19.817889077364818,19.818514525467528,0.46856570545563786,299.8433327866498,1,19.867255080022517
70.0,18.427482600411654,0.8702163977126297,2179.4328289269897,19.899977373731282,19.898705263749253,19.899341318740266,0.5132787433298432,299.9553976185496,1,19.949112824975995
70.5,18.404436980231353,0.8930867858601177,2188.6408088221506,19.95644298560551,19.955144459999794,19.95579372280265,0.4849844325992736,299.9249778007621,1,20.03130367457989
71.0,18.468377262651092,0.70240213984472,2197.8590123828712,19.855631120912676,19.85427890957526,19.854955015243966,0.4758329877036512,299.9948835058154,1,20.113585781090073
71.5,18.074016885309494,0.6962547914326128,2206.9946109198613,20.032597665873844,20.03126434670103,20.031931006287437,0.4550767180703963,299.850311465675,1,20.1951305513811
72.0,18.151691386304012,0.7997951207343392,2216.0510379877646,20.11972991146381,20.11848196946994,20.119105940466874,0.46192324411814434,299.76395339269834,1,20.27596863351873
72.5,17.747529627117864,0.6745608210431489,2225.02584324112,20.261461404063446,20.260057700080324,20.260759552071885,0.46039476553679237,299.9671634718284,1,20.35607815560733
73.0,17.659212784982945,0.6928715014841833,2233.877528844145,20.404330843303434,20.402969709340503,20.40365027632197,0.4644382489190625,299.92985247269536,1,20.435088706067102
73.5,17.065611441477166,0.846638588989827,2242.55873490076,20.444578456061617,20.443242735839522,20.44391059595057,0.47928941007252046,299.9371420582739,1,20.51257754829998
74.0,17.406989813159306,0.8032449391002631,2251.176885214419,20.521772690667376,20.52030165504548,20.521037172856428,0.4850325670451031,299.9179359896449,1,20.58950355208784
74.5,16.881783441058467,0.830727812379963,2259.749078527974,20.688279629127965,20.686809081955108,20.687544355541537,0.4744616809903071,300.00847968839355,1,20.666019341591262
75.0,16.989254193090993,0.7353415153742509,2268.216837936511,20.626085100205636,20.624590931459533,20.625338015832586,0.46969028607207775,299.9795838592048,1,20.741602949282978
75.5,17.030835825408253,0.7541618219499333,2276.721860441136,20.537737449834186,20.53632890542467,20.53703317762943,0.4999221632537977,299.9104105104651,1,20.817519169074327
76.0,16.774616927376695,0.7757432115791553,2285.1732236293324,20.688058592413608,20.686655013414928,20.68735680291427,0.5010507058037509,299.9900303501207,1,20.892956423353517
76.5,16.759079348332683,0.81607494117,2293.55664769826,20.894549946833287,20.893136399329524,20.893843173081404,0.4831201360662046,300.0087360216594,1,20.967787249947413
77.0,16.268341734948553,0.7509831729530402,2301.81350296908,21.11652332327567,21.11508905847004,21.115806190872853,0.49574703180155566,300.0096596566513,1,21.04148831766171
77.5,16.55955321952215,0.7652437966201526,2310.020476707698,21.092607455533244,21.091084534836046,21.091845995184645,0.48499132496833336,300.1361877332949,1,21.114744140538594
78.0,15.994064984608508,0.8467041868273991,2318.1588812587306,21.116897721793748,21.115579170424645,21.116238446109197,0.506682843736842,299.70071460908275,1,21.187387911711586
78.5,16.080610925998123,0.6987628919357294,2326.177550236382,21.21311660506067,21.211656644154754,21.21238662460771,0.5231478893734132,299.85317630665804,1,21.258962917681345
79.0,15.877280849921851,0.7053664795023294,2334.1670231803623,21.386830271095825,21.38538640323022,21.386108337163023,0.5304872503182128,299.84534290855896,1,21.330277318519485
79.5,15.842003736062534,0.7683532058108343,2342.0968443268584,21.390165846555373,21.388737061900247,21.38945145422781,0.5395828697975456,299.76442127502423,1,21.401059264685543
80.0,15.57331388205879,0.8582324277324512,2349.9506737313886,21.46379345988016,21.462414678964887,21.463104069422524,0.5288760740388616,299.65166117059306,1,21.471162905087887
80.5,15.616874812957354,0.8144147933022124,2357.7482209051427,21.750346163839595,21.748863189364965,21.74960467660228,0.5383250260798126,299.78162271454255,1,21.540764167724667
81.0,15.351395479316594,0.8019937117884262,2365.4902884782114,21.948074717296095,21.94647359965529,21.947274158475693,0.5667361568580628,300.05962891242086,1,21.609870216908774
81.5,15.3962017972811,0.8712577212055111,2373.1771877973606,21.97070876967223,21.969162503494772,21.9699356365835,0.6171166865815582,300.0680858271928,1,21.678483831735683
82.0,15.3716481579754,0.6090221130699236,2380.8691502861748,21.859244976218132,21.857723101070405,21.85848403864427,0.6024016594637472,299.8604320894525,1,21.747142640646544
82.5,15.127114963174602,0.7677756473213824,2388.493841066462,22.079683045561705,22.07807822086943,22.07888063321557,0.6090646233828039,300.05871833557774,1,21.815200979210918
83.0,15.039490701784548,0.6864074761490648,2396.035492482702,22.17211842905167,22.17067195280033,22.171395190926,0.5733219222186097,299.89189055387806,1,21.8825181046146
83.5,14.659943459759749,0.7063381938892148,2403.460351023088,22.224645496997347,22.22305898281447,22.22385223990591,0.585770494365071,299.97844964364555,1,21.948792731467748
84.0,14.48345198926305,0.7663762415474211,2410.7461998853437,22.389794519315455,22.388253132605314,22.389023825960386,0.5717042714770012,299.8565430827167,1,22.013826551577306
84.5,14.759246418108535,0.7119138635078625,2418.0568744871866,22.48244275902575,22.480863217590375,22.481652988308063,0.5617143088118802,299.87777678353257,1,22.079081967373646
85.0,14.06512603100629,0.7097688765503616,2425.2629675994654,22.62931620469967,22.627731941264937,22.628524072982305,0.5503770946846254,299.95656022318275,1,22.143403884011867
85.5,13.981581791204581,0.8490238378974393,2432.274644555018,22.73387702334289,22.732209596300162,22.73304330982153,0.5478699559644028,300.1378105500403,1,22.205990433144947
86.0,14.360588207357813,0.7171086552136844,2439.3601870546586,22.50638498207736,22.50468410958474,22.50553454583105,0.5651003742982204,299.96535737751117,1,22.26923630950226
86.5,14.120215010660587,0.9997590347085027,2446.4803878591633,22.54594958736029,22.544239719505093,22.54509465343269,0.5476968119592321,300.1702298762612,1,22.332791547473633
87.0,13.944571414181386,0.8781064206504164,2453.496584465374,22.671952579124945,22.670393852864436,22.671173215994692,0.5285349640944528,299.7944144330828,1,22.39541843921516
87.5,14.401582498219758,0.8597328047512809,2460.5831229434743,22.690820301388932,22.689119385050617,22.689969843219775,0.5813585620967192,300.1163112165619,1,22.458673205721748
88.0,14.01040367700914,0.930092262707842,2467.6861194872818,22.831343063522034,22.82970086834448,22.830521965933258,0.5895538901575682,299.98130250795083,1,22.522074877675426
88.5,13.59215336765025,0.954367601581228,2474.5867587484468,22.885111160525277,22.8834672708952,22.884289215710236,0.573987226514074,299.8111162642735,1,22.583670299270906
89.0,14.113452043308751,0.8901645253257914,2481.5131601011867,22.859530404550288,22.857879930745185,22.858705167647734,0.5749884374426083,299.94411979976206,1,22.645495674473825
89.5,13.517977914380197,0.8599324322906059,2488.421017590609,22.85302848459073,22.851402090010925,22.85221528730083,0.5977262601510297,299.82443891140923,1,22.707155526304803
90.0,13.75119353213149,0.9205689918558941,2495.238310452237,22.96838523740771,22.966560323140584,22.967472780274147,0.5969346321824388,300.3255524755806,1,22.76800699412677
90.5,13.750265210679862,0.9350964008408049,2502.11367513794,22.994817873166767,22.99304645927423,22.993932166220496,0.5790681241695331,300.06214815761734,1,22.82937681370593
91.0,13.672312069398666,0.8230887777744819,2508.9693194579595,22.953113352463514,22.951369040839744,22.95224119665163,0.5881309123778259,300.0623599289806,1,22.89057060839923
91.5,13.652226231629808,0.8975472129385456,2515.8004540332167,23.06620597511351,23.064388202735245,23.065297088924375,0.5795463200807595,300.0406711476655,1,22.951545627990008
92.0,13.507640740207401,0.9271528690759012,2522.590420776176,23.11217937486331,23.110521706749203,23.111350540806257,0.5411144022554863,299.74742276592366,1,23.012153181627184
92.5,13.072882393626395,0.8804428033635248,2529.2355515596346,23.33669099225217,23.334942552060056,23.335816772156114,0.5234572530866857,299.9973525156354,1,23.07146792286684
93.0,13.031029232183755,0.7194286656471477,2535.7615294660873,23.267451737465898,23.26575082823001,23.266601282847954,0.5252278573337315,300.0368343676891,1,23.12971910007776
93.5,13.538927612442398,0.7387453044645594,2542.4040186772436,23.329536721805745,23.3277436953751,23.32864020859042,0.5380976688583841,300.3136175471729,1,23.189010262522256
94.0,12.728203422721108,0.8572522218021412,2548.9708014360344,23.525356589868807,23.523634312165086,23.524495451016946,0.5553738751141346,300.1641126707309,1,23.247625665711055
94.5,12.755031753937354,0.6874362583316358,2555.341610230199,23.59414660909788,23.592502643770057,23.59332462643397,0.5437966913998282,299.8759483102564,1,23.30449179633016
95.0,12.450817875919302,0.8349096460386266,2561.643072637663,23.50816460709916,23.50647227558511,23.507318441342136,0.5538771140809622,299.995498821313,1,23.36073893793053
95.5,12.701700978190782,0.7225282319930592,2567.9312023511907,23.609355551392856,23.607653525379646,23.60850453838625,0.555253068834512,300.1192287911152,1,23.41686707129515
96.0,12.395022178769704,0.8383713402595576,2574.205383140431,23.624304594022714,23.622646371444354,23.623475482733532,0.5397785544866859,299.8142621846879,1,23.472870695923728
96.5,12.376926736986999,0.7605584953388326,2580.3983703693702,23.689464619678255,23.687849279414515,23.688656949546385,0.5592187128128007,299.90981791149545,1,23.528149583120264
97.0,12.77266937783836,0.6627719342406123,2586.6857693980764,23.789350466153337,23.787706587529282,23.78852852684131,0.5458819918086859,300.0079751036813,1,23.584271194358756
97.5,12.583129565540592,0.9014718838577439,2593.0247191339213,23.887398597137963,23.885593207149576,23.88649590214377,0.5451613686745497,300.27770432293534,1,23.64085294956646
98.0,12.342261255185468,0.7560758340935229,2599.256066839103,24.010208301013016,24.008442685594673,24.009325493303844,0.5462272773661715,300.0867656183052,1,23.696474244128073
98.5,11.832119550177447,0.7121412408916824,2605.2996620404438,23.965409430383716,23.963728699829698,23.96456906510671,0.5343245462755687,299.79706998645537,1,23.750419651254912
99.0,12.162613033994742,0.6919059254809695,2611.2983451864866,23.936153152278802,23.93447736145463,23.935315256866716,0.526618938258158,299.8589601473202,0,nan
99.5,12.032341828595445,0.7192375638051607,2617.3470839021343,23.92179919576993,23.92006862690541,23.92093391133767,0.5332854038896524,300.05053317411233,0,nan
100.0,11.48747219024519,0.6820150239554136,2623.2270374068444,23.975760614139425,23.974015909699666,23.974888261919546,0.5270298076267638,299.8686969538606,0,nan
100.5,12.156926252036651,0.7760703770913827,2629.138137017415,24.05067434318362,24.048837846685455,24.049756094934537,0.5500497082636555,300.12846833649576,0,nan
101.0,11.896061453785146,0.7815530856679673,2635.1513839438703,24.12603131303272,24.12422500438988,24.1251281587113,0.5625238531731243,300.09073928401574,0,nan
101.5,12.10696612033521,0.686005833463788,2641.1521408374006,24.017301961805195,24.01551070522037,24.016406333512784,0.5618142951524305,299.9440948708236,0,nan
102.0,11.913444196008678,0.7945459960389647,2647.1572434164864,24.005024074729317,24.00315017388457,24.004087124306942,0.576409279323963,300.1702507846859,0,nan
102.5,11.884501145903702,0.7418203477689994,2653.1067297519644,24.14751424717565,24.14574256127562,24.146628404225634,0.5711797705791704,299.90003147255453,0,nan
103.0,11.608273115231952,0.737574587938808,2658.9799233172484,24.217444180318715,24.21552992533434,24.21648705282653,0.5681786445065296,300.2960485431921,0,nan
103.5,11.110648046003007,0.7579480685230308,2664.659653607557,24.32425176707384,24.322422138609728,24.32333695284178,0.5735056295878002,299.9250642630452,0,nan
104.0,11.87881592090875,0.7680924002621174,2670.407019599285,24.310837152016166,24.30893236470947,24.30988475836282,0.5450143235338604,300.13316530756373,0,nan
104.5,11.314337849546934,0.7281329026357491,2676.2053080418987,24.50333902195889,24.501435772044168,24.50238739700153,0.5322606213214781,300.058984572078,0,nan
105.0,11.309469830812855,0.601534010008875,2681.8612599619887,24.651044751509925,24.649092301460588,24.650068526485256,0.51579044171292,300.296729021998,0,nan
105.5,11.117867947187387,0.778322608491722,2687.468094406489,24.60690029076677,24.60506156750471,24.60598092913574,0.535324399507506,300.0662673643084,0,nan
106.0,10.767562942931756,0.7427427103243441,2692.9394521290187,24.770004646245205,24.768189258189885,24.769096952217545,0.55573003222007,299.89694638011514,0,nan
106.5,11.034782431429997,0.7779100988041465,2698.3900384726094,24.88207886612754,24.88009535559031,24.881087110858925,0.5824702136908487,300.3508290151957,0,nan
107.0,11.18445778562911,0.7947870015906427,2703.944848526874,24.909221619158323,24.907313496989993,24.908267558074158,0.5711580777221692,300.1213234320911,0,nan
107.5,10.635934683964056,0.8329939511070977,2709.3999466442724,24.997431610567947,24.995633999450185,24.996532805009064,0.58917145251527,300.0161398319002,0,nan
108.0,10.612670153067944,0.8210034832140505,2714.7120978535304,25.07018772367396,25.06823397770586,25.06921085068991,0.6214333788088862,300.1535409748843,0,nan
108.5,10.681149318736502,0.7186149884021231,2720.0355527214815,25.005192777306455,25.00324853657967,25.004220656943062,0.5956554882430245,300.04511247607314,0,nan
109.0,10.545301230423854,0.6872627035706472,2725.3421653587716,24.919710861007616,24.91786280924971,24.918786835128664,0.5905261668854179,299.8145744700843,0,nan
109.5,10.483752351777245,0.7831301947820626,2730.5994287543217,25.096671162071697,25.094790377634673,25.095730769853184,0.6379810458196868,300.0441244657102,0,nan
110.0,10.125494202564596,0.7231101989087795,2735.7517403929073,25.167985055813006,25.16590738488903,25.16694622035102,0.6435322447689518,300.2178295478009,0,nan
110.5,10.02201636529325,0.8045149356997549,2740.788618034872,25.22925024463234,25.227325812765958,25.228288028699147,0.6167042389744175,300.0862200752898,0,nan
111.0,10.105955834814077,0.6503362274129394,2745.8206110848987,25.247523914603107,25.245683120133982,25.246603517368545,0.6171723923130831,299.94566896587014,0,nan
111.5,10.168430890523245,0.7960145528123206,2750.889207766233,25.215236327730643,25.2132997147939,25.214268021262274,0.6472916885864813,300.1252759668137,0,nan
112.0,10.133218448607565,0.7500938501701924,2755.964620101016,25.18929334969157,25.18736349508963,25.1883284223906,0.6383374263340446,300.01384074885414,0,nan
112.5,10.404108339603207,0.6611536713154752,2761.098951798069,25.1332933595123,25.13138500007517,25.132339179793735,0.597337435776724,299.98017694917655,0,nan
113.0,9.608096995801986,0.5576325380026406,2766.10200313192,25.162817449074602,25.16107405433977,25.161945751707187,0.5907867067456273,299.65369914334923,0,nan
113.5,9.745745343259127,0.5631197206363393,2770.9404637166854,25.413385882044487,25.41149362883025,25.41243975543737,0.5693685458550777,299.8669651476099,0,nan
114.0,9.71585432882397,0.7455468695089758,2775.805863634706,25.414840528495052,25.41286961919959,25.413855073847323,0.5741716720549697,299.9308109012306,0,nan
114.5,9.847255319558101,0.6568852085215939,2780.6966410468012,25.254768440406906,25.25291205189442,25.253840246150663,0.5614079720952744,299.9059483334515,0,nan
115.0,9.612709828347201,0.6353445218776737,2785.5616323337777,25.442384807181135,25.440469369220956,25.441427088201046,0.5597294375628467,300.1779631576594,0,nan
115.5,9.276149759112988,0.7115764623537228,2790.2838472306426,25.693132141867274,25.691159897235046,25.69214601955116,0.5629634290505514,300.1194362138365,0,nan
116.0,9.476587357767462,0.6519882104713898,2794.9720315098625,25.5423316588126,25.540439866784983,25.54138576279879,0.5831670706682193,299.95667843541383,0,nan
116.5,9.518528127356955,0.5226630804636094,2799.7208103811436,25.504792408913953,25.502758522525074,25.503775465719514,0.574867526956726,300.17436029887807,0,nan
117.0,9.119645857104103,0.700663537303624,2804.380353877259,25.5431180541113,25.541291613465727,25.542204833788514,0.5686112356384826,299.7136750874245,0,nan
117.5,9.106118656165005,0.7156028653482279,2808.936795005576,25.58965422007814,25.587627484710175,25.588640852394157,0.5639850933884062,300.10469700886637,0,nan
118.0,8.90171172474216,0.5844456959147909,2813.438752600803,25.573097096094763,25.571128941344977,25.572113018719868,0.5470390990397948,299.97727334924167,0,nan
118.5,9.531961381811252,0.6081247532496508,2818.0471708774417,25.46860613447193,25.466615611864835,25.467610873168383,0.5699811558445781,299.89562914033615,0,nan
119.0,9.55411526427181,0.6284928041179562,2822.8186900389624,25.560454369498256,25.558531323690296,25.559492846594274,0.5636810638741092,299.95571060855957,0,nan
119.5,10.255329100785016,0.6360964365427432,2827.7710511302266,25.40084440859373,25.39894685188956,25.399895630241645,0.5758289501928856,300.02239979310855,0,nan
120.0,9.897059323895547,0.6358483152890971,2832.8091482363966,25.494435151012887,25.492541610724583,25.493488380868733,0.5724648653383013,299.94498143322807,0,nan
120.5,9.797783024313663,0.6829150032604862,2837.732858823449,25.491621809824938,25.4896905665546,25.490656188189767,0.5403109729849064,299.9882506828951,0,nan
121.0,9.64280296996444,0.6202012217658289,2842.5930053220186,25.61026237785122,25.608411707575396,25.60933704271331,0.5268900017362292,299.78215112177276,0,nan
121.5,9.835478460467707,0.6900935922991872,2847.4625756796268,25.457495199220876,25.455586403319465,25.456540801270172,0.5313042593793174,299.9841724718857,0,nan
122.0,9.951686622398103,0.5755508525827986,2852.409366950343,25.532102189702073,25.5300408560448,25.531071522873436,0.5332648909761217,300.2156778480591,0,nan
122.5,9.571405653317388,0.6415522976393732,2857.290140019272,25.66517754120391,25.663318546599292,25.6642480439016,0.541037799882127,299.969419393845,0,nan
123.0,9.502061532442209,0.6948640516553473,2862.0585068157116,25.688410459693614,25.68646882790472,25.687439643799166,0.5827883127940353,299.9301534868695,0,nan
123.5,9.350106446055458,0.6364928374422664,2866.771548810336,25.73582110873799,25.733909830825723,25.73486546978186,0.5556095660434476,300.054003791108,0,nan
124.0,9.466092767635804,0.6540376498840245,2871.475598613759,25.861609439313224,25.859744749235325,25.860677094274273,0.5427288221276885,299.9163061939477,0,nan
124.5,9.044727525853707,0.675612852120006,2876.1033036871313,25.97097872772356,25.969017550780336,25.96999813925195,0.5300279861170004,300.2260088808323,0,nan
125.0,8.852209758009755,0.6833250186373869,2880.5775380080972,25.91076695303668,25.908858184240124,25.909812568638404,0.5640844488487453,299.78612959943973,0,nan
125.5,9.304778273838844,0.6441064168493309,2885.1167850160596,25.97984826725469,25.977945964829452,25.97889711604207,0.5612586771377769,299.8626303918237,0,nan
126.0,9.001076648922709,0.7542915971414641,2889.6932487467498,26.15975986305839,26.157802392769916,26.158781127914153,0.5456786641777122,300.03208323128763,0,nan
126.5,8.275070048552553,0.5495720114447581,2894.0122854211186,26.17480380217112,26.17286762513577,26.173835713653443,0.5434989280806067,299.9147759707505,0,nan
127.0,8.450175462025097,0.7324795215909382,2898.193596798763,26.21039639405303,26.208334589670812,26.209365491861924,0.5584758319498697,299.99630998255407,0,nan
127.5,8.451799749689659,0.6664782015100269,2902.4190906016916,26.17902020171914,26.177117359649493,26.178068780684317,0.5664451374010124,299.73179890323064,0,nan
128.0,8.562440060214996,0.5793783433175009,2906.672650554168,26.28596740240505,26.283865678200165,26.284916540302607,0.5339266437809721,300.18248324810537,0,nan
128.5,8.187673033920845,0.7247025940617312,2910.860178827702,26.514757954740936,26.512623543600238,26.513690749170586,0.5344961500692073,300.05135797862397,0,nan
129.0,8.134249727134318,0.6236638745429293,2914.9406595179657,26.629907177295582,26.627811544129873,26.628859360712728,0.519353855918812,300.10655484261486,0,nan
129.5,8.793117810671657,0.5613403441087048,2919.1725014024173,26.493737500104498,26.491689864219552,26.492713682162027,0.524542210332163,300.1019053249671,0,nan
130.0,8.103304463095105,0.6734276278158932,2923.396606970859,26.61305720072637,26.61094244246069,26.611999821593532,0.5231753144270309,299.99551732763985,0,nan
130.5,7.742687319189335,0.5933048611038638,2927.35810491643,26.907666351766967,26.905687089534695,26.90667672065083,0.49283183003614467,299.9128264905385,0,nan
131.0,7.9058752948393,0.7601790862904334,2931.2702455699373,26.77653562753112,26.77448874320544,26.775512185368278,0.5035691476955114,299.96370356631576,0,nan
131.5,7.744807663802495,0.6751349869058719,2935.1829163095977,26.68918322839586,26.687141185814472,26.688162207105165,0.5009308219249128,299.88086832375944,0,nan
132.0,7.73900355072814,0.7247723384061874,2939.05386911323,26.743052494926133,26.74095044594542,26.742001470435774,0.5395330323992326,300.0561613523083,0,nan
132.5,7.650295095807701,0.7045388059312908,2942.901193774864,26.823575350827333,26.821544474080476,26.822559912453904,0.5566876617758942,299.83170934068244,0,nan
133.0,7.583805418321506,0.63872402074429,2946.7097189033966,26.898863189392205,26.89673884185413,26.897801015623166,0.567600049865086,300.21279603049453,0,nan
133.5,7.7885477337674045,0.6558892595227895,2950.5528071914187,27.007295643692988,27.005154920015592,27.00622528185429,0.5540789373276138,300.1212654232281,0,nan
134.0,6.8507553055883985,0.685675092022317,2954.2126329512575,27.07481279835961,27.072701192980094,27.07375699566985,0.5261140600245529,299.99468653693117,0,nan
134.5,7.554954633026742,0.5824816208650104,2957.8140604359114,27.133226449938956,27.131076089244196,27.132151269591578,0.5368432969025037,300.1959312088116,0,nan
135.0,7.07175416255096,0.7638625009808119,2961.470737634806,27.178402360195015,27.17631647844046,27.177359419317735,0.5609421092440556,300.1260503201629,0,nan
135.5,6.418677652680048,0.6614099570124659,2964.843345588614,27.3194521608033,27.317402585275158,27.31842737303923,0.5612249826033158,299.93313984419683,0,nan
136.0,6.690755701514215,0.6351977573034159,2968.1207039271626,27.37152362617253,27.36938503728543,27.37045433172898,0.5167609209640158,300.1312338867532,0,nan
136.5,7.030208010457988,0.7379216579970059,2971.5509448551556,27.392488062203437,27.390303990879875,27.391396026541656,0.49376053728119074,300.19161314386025,0,nan
137.0,6.413947778813108,0.6624102760969864,2974.9119838024735,27.46014131619686,27.45803968671971,27.459090501458284,0.5341465615981512,299.98186807744855,0,nan
137.5,6.921198882159115,0.6167410881488211,2978.2457704677167,27.469312297028956,27.46719624868583,27.468254272857394,0.536451387316934,300.23444592463545,0,nan
138.0,6.396486828947337,0.6760203989026463,2981.5751918954934,27.489157967358686,27.487056359720373,27.48810716353953,0.5000533840110155,299.99962502406567,0,nan
138.5,6.14273090108531,0.6542115209128742,2984.7099963280016,27.542252315432915,27.54009875219999,27.541175533816453,0.47409125574896466,300.00839467569347,0,nan
139.0,6.067994800766405,0.6589858221677508,2987.7626777534647,27.546357308436882,27.544272621314484,27.545314964875683,0.4991125629205241,299.9971342918112,0,nan
139.5,6.8161308798916505,0.7296123315107388,2990.983709173629,27.36874896390568,27.366547343100137,27.36764815350291,0.48647946563770417,300.08745301688134,0,nan
140.0,5.950710315114594,0.6376784649790503,2994.175419472381,27.554586652993613,27.552531695074503,27.553559174034056,0.4913558524933612,299.94243020150225,0,nan
140.5,6.605885826110099,0.6442255365549712,2997.314568507687,27.43025522169546,27.428065428935405,27.429160325315433,0.5150378449723475,300.2056141575462,0,nan
141.0,6.686099022025061,0.6705590272807183,3000.637564719721,27.26945601068578,27.26732934080392,27.26839267574485,0.5343939579959904,300.02006971319065,0,nan
141.5,6.18286162409841,0.6186488996496147,3003.8548048812518,27.45669897594562,27.454712709520027,27.455705842732822,0.5034984434618124,299.85478918796616,0,nan
142.0,6.083475645454297,0.6742477634772884,3006.92138919864,27.574807559015973,27.572776380584582,27.573791969800276,0.5335870425590649,299.8413500411243,0,nan
142.5,6.233384516481365,0.6738023870580726,3010.000604239124,27.625147479635462,27.622991912444924,27.62406969604019,0.5618182815144457,300.0765577999362,0,nan
143.0,6.153777854840067,0.6079753419764,3013.0973948319547,27.68914881702717,27.68716834645529,27.68815858174123,0.5591729681642835,300.0005561501108,0,nan
143.5,5.578312652297635,0.6504866344530019,3016.030417458739,27.793558636786656,27.791473880519515,27.792516258653087,0.5731898029345003,300.1041581774496,0,nan
144.0,5.77087303830217,0.5964690557152963,3018.867713881389,27.77430211324695,27.772300758915115,27.773301436081034,0.5764034866232733,299.85161632310286,0,nan
144.5,6.279042311992609,0.6423004594902342,3021.880192718963,27.833133207283662,27.831131830430603,27.832132518857133,0.563489807173902,299.9664913058262,0,nan
145.0,5.714569474056549,0.6761857898754307,3024.878595665475,27.815557605719096,27.813523976710165,27.814540791214633,0.5348974766944891,299.9745597135992,0,nan
145.5,5.82845041110844,0.5851646748213274,3027.7643506367663,27.782635590027986,27.78052973588019,27.781582662954087,0.5389270212273808,299.94754418384946,0,nan
146.0,6.016668272456545,0.6677244226713491,3030.7256303076574,27.77631843263971,27.77420160134552,27.775260016992615,0.5876120274770337,299.9539031763964,0,nan
146.5,6.064421202788646,0.6361369755927561,3033.7459026764686,27.883623925679785,27.88159511344984,27.882609519564813,0.5921070610184744,299.8435762328969,0,nan
147.0,5.468936769923457,0.6178133664589713,3036.6292421696467,27.863052744306696,27.86090450485481,27.86197862458075,0.5466346782053655,300.0772727077677,0,nan
147.5,6.136517979849264,0.6146353141741517,3039.53060585709,27.718187287949785,27.716096775490406,27.717142031720094,0.5492945116848482,299.99893228547086,0,nan
148.0,5.818778938321697,0.5722027869310314,3042.519430086633,27.747555744787086,27.74542935471527,27.746492549751178,0.5900980362657836,299.9494918220827,0,nan
148.5,5.991276463627952,0.6530584369900965,3045.47194393712,27.909620613139168,27.90745549421008,27.908538053674626,0.6034503669678879,300.17758780076576,0,nan
149.0,5.852370169925598,0.6565467107061983,3048.4328555955085,27.736386910587317,27.734178903365137,27.735282906976227,0.6155390643815296,300.0291546841171,0,nan
149.5,5.637575631046215,0.5728542555906172,3051.3053420457513,27.715223968065402,27.713154550909714,27.714189259487558,0.6026826769590333,299.91852221005246,0,nan
150.0,5.9612757768335,0.6714340649306298,3054.2050548977213,27.83639835136828,27.834356657255558,27.835377504311918,0.5808105017110876,299.9945228678279,0,nan
150.5,6.25628285138265,0.6705641031002249,3057.259444554775,27.785216218606866,27.783042662704975,27.78412944065592,0.5947258957316734,300.1274422694644,0,nan
151.0,6.119739230455994,0.6426965886374197,3060.353450075235,27.874733882277496,27.87254067246504,27.873637277371266,0.5809535617956477,300.1725881329305,0,nan
151.5,6.347679666645291,0.7905424152989167,3063.4703047995104,27.882310648809334,27.880224952385106,27.88126780059722,0.5991742555778432,299.9752288285628,0,nan
152.0,6.20323772623195,0.6883675671102759,3066.6080341477295,27.781714764507207,27.7795684890496,27.7806416267784,0.6060043156392323,300.062482152102,0,nan
152.5,6.483982198187741,0.6773408891267036,3069.7798391288343,27.808083528170073,27.80608275752038,27.807083142845226,0.56943186764218,300.02623331194195,0,nan
153.0,6.284363700067251,0.7620452843958614,3072.971925603398,27.68624159183678,27.684049843948195,27.68514571789249,0.5755391590361515,300.1489052605225,0,nan
153.5,6.256359496281126,0.70073514470301,3076.1071064024854,27.736660824904902,27.734476074185295,27.7355684495451,0.5999652224016838,300.24505511880744,0,nan
154.0,6.284914910618158,0.7229913998204596,3079.2424250042104,27.776310914580925,27.774173697544576,27.77524230606275,0.5981926716907279,300.11434404297677,0,nan
154.5,6.260975274000392,0.6927497847288805,3082.378897550365,27.81738217570078,27.815379624639537,27.816380900170156,0.5881599438738376,299.8756471912237,0,nan
155.0,6.7089423850868,0.6953389346379155,3085.6213769651367,27.83361400705403,27.831500272085577,27.832557139569804,0.5604301599581393,300.1076914318895,0,nan
155.5,6.245111761935249,0.7710197475674463,3088.859890501892,27.712940036279768,27.710827909020374,27.71188397265007,0.5853820051336351,299.94204549309006,0,nan
156.0,6.126948789779496,0.7418116674838452,3091.952905639821,27.840153321422758,27.838065929734693,27.839109625578725,0.6146807814133274,299.9496365656243,0,nan
156.5,6.381773990612291,0.6423038265826041,3095.080086334919,27.812665319455892,27.810529260960173,27.811597290208034,0.5647518423838658,300.0952953050121,0,nan
157.0,6.197224524106582,0.7829652176329975,3098.2248359635987,27.74210518027244,27.739948280523823,27.74102673039813,0.565965914592948,299.9923401819096,0,nan
157.5,6.060384640193362,0.806197622226529,3101.289238254674,27.916641715011018,27.914540680799654,27.915591197905336,0.5916823512963013,300.12726610354696,0,nan
158.0,5.922668750808754,0.5435665508173584,3104.2850016024245,27.946725394890382,27.944545736950385,27.945635565920384,0.5816968847841774,300.05414695923963,0,nan
158.5,6.4680330099227605,0.677658744262014,3107.382677042607,27.91529701587324,27.91312840626997,27.914212711071606,0.5833885212451596,299.99369014328175,0,nan
159.0,5.590991661848707,0.6643756158971509,3110.39743321055,28.067270669234084,28.065129649929624,28.066200159581854,0.566117431151638,299.93230159965805,0,nan
159.5,5.584711075800721,0.7414902826641221,3113.1913588949624,28.17826318592588,28.17607439809053,28.177168792008207,0.5816375068540325,300.1696534716081,0,nan
160.0,4.81153703700925,0.6607690400261673,3115.7904209231647,28.36754086512442,28.365505012080394,28.366522938602408,0.5599565279234578,299.8730546160183,0,nan
160.5,5.580395490260005,0.7002053042919585,3118.388404054982,28.182255505171316,28.18018417267467,28.181219838922992,0.596932991741167,299.86674056511913,0,nan
161.0,5.321342512907643,0.7011789140554071,3121.113838555774,28.277924567459923,28.275735680770048,28.276830124114987,0.6088660045118434,300.10923630167935,0,nan
161.5,5.471984937364359,0.624670929455985,3123.812170418342,28.333190962428308,28.33115465089595,28.33217280666213,0.6011845935234513,299.9260088463713,0,nan
162.0,5.324732182219213,0.5720419513369196,3126.5113496982376,28.175197581218118,28.17294007560995,28.174068828414033,0.5719363857190474,299.9448088802864,0,nan
162.5,5.7654529445347915,0.6298701798918059,3129.283895979926,28.051868714128933,28.049713543989856,28.050791129059395,0.5539993449301398,300.205282073018,0,nan
163.0,5.076697289589646,0.5460565621455181,3131.994433538457,28.32533408544318,28.323213600240344,28.324273842841762,0.5738244890479538,300.02200842873305,0,nan
163.5,5.4979306884932075,0.6626003997391499,3134.638090532978,28.308514829643265,28.30637295906472,28.30744389435399,0.6040686620042749,300.04512105453887,0,nan
164.0,4.731965709505047,0.6128773139513926,3137.1955646324773,28.190670941839652,28.188544668925534,28.189607805382593,0.625788058579335,299.8625083386936,0,nan
164.5,5.42146909591055,0.6605800058380031,3139.733923333831,28.37153632075833,28.36938134976026,28.370458835259296,0.6421404221666853,300.12754281536155,0,nan
165.0,4.920918107549733,0.7453940944207849,3142.319520134696,28.369660112125256,28.36756520230574,28.3686126572155,0.6337478764906037,300.0938921809881,0,nan
165.5,5.455799432968351,0.7323537916730108,3144.9136995198255,28.415579793766618,28.413509312264978,28.414544553015798,0.5949884962431519,299.99527180277545,0,nan
166.0,5.514374229254474,0.5753275472951197,3147.656242935381,28.412812814248447,28.410625948125926,28.411719381187186,0.6007266469694353,300.1235763867204,0,nan
166.5,5.440709308702145,0.6660825277734437,3150.39501381987,28.352798455746914,28.350804164210604,28.35180130997876,0.6350398970046003,299.9732076734066,0,nan
167.0,4.971040995326154,0.5985736744190565,3152.9979513958774,28.34238623117808,28.34034301693955,28.341364624058816,0.6210686756027102,299.97122007372883,0,nan
167.5,4.7727904728586,0.6434119419041772,3155.4339092629234,28.257389787412876,28.255281020019538,28.256335403716207,0.5976532630377036,300.0484571188931,0,nan
168.0,4.68157659166109,0.6615772094350341,3157.7975010290534,28.265756346378975,28.26369665702041,28.26472650169969,0.5894139779412251,299.90727843152774,0,nan
168.5,5.890917819420949,0.6399139241719697,3160.440624631824,28.232589354580888,28.230530898655523,28.231560126618206,0.5743050038700951,300.19059031202426,0,nan
169.0,5.158387069780903,0.663740844500362,3163.2029508541245,28.42581622415141,28.42375113765447,28.42478368090294,0.5842227559105173,300.1038242206092,0,nan
169.5,4.613163364612191,0.6241587663170061,3165.6458384627226,28.545806050738975,28.54367707226502,28.544741561501997,0.5951921451095613,300.0922373554337,0,nan
170.0,5.264517906289887,0.6114074826358452,3168.115258780448,28.507120785918914,28.505089057199985,28.506104921559448,0.6443835871241915,300.103350299094,0,nan
170.5,4.826763066150292,0.5414045532490452,3170.638079023558,28.429387075403746,28.4274104462851,28.428398760844424,0.5977128258403888,299.8409417850642,0,nan
171.0,4.284473092440047,0.5376049223404967,3172.915888063206,28.6508508444369,28.64882128303543,28.649836063736167,0.5261171825345441,299.88962452413244,0,nan
171.5,4.543270066700154,0.49844470041792016,3175.1228238529907,28.704039386326986,28.701983334629585,28.703011360478285,0.5724345941417734,300.033131023171,0,nan
172.0,4.6689532165413,0.5902469058037487,3177.425879673801,28.788487407760066,28.786413688283755,28.787450548021912,0.5652754748977455,300.0108532697062,0,nan
172.5,4.635889932961566,0.5589574080948643,3179.7520904611765,28.765684481539758,28.763644956969436,28.764664719254597,0.5585950663545474,299.98436300580755,0,nan
173.0,4.428794282686707,0.6038006278912498,3182.0182615150884,28.723004092315932,28.720955550244252,28.721979821280094,0.559410479871179,299.9050831625338,0,nan
173.5,4.348535139451988,0.5381213493527089,3184.212593870623,28.723769633974506,28.72168134313906,28.722725488556783,0.580553672725342,300.0478444530464,0,nan
174.0,4.267550791277955,0.6618878142631929,3186.3666153533054,28.829947825808993,28.827814023610337,28.828880924709665,0.5901926737700084,300.0886957658064,0,nan
174.5,4.105943216137956,0.5320767195604187,3188.4599888551593,29.00297740642959,29.000889501295752,29.00193345386267,0.5329557481406737,299.96391108755574,0,nan
175.0,4.4480860113251595,0.45763206809757917,3190.598496162025,29.021009959236018,29.01891965460036,29.01996480691819,0.5445446263024226,300.10549062067673,0,nan
175.5,4.545464797785419,0.5299845379141878,3192.846883864303,29.16083903185422,29.158746511305253,29.15979277157974,0.5801033636869568,300.04995093856303,0,nan
176.0,3.610807104451362,0.637243904166249,3194.885951839862,29.18581843964489,29.183693993933595,29.184756216789243,0.5832156089221457,299.99172693669465,0,nan
176.5,4.011978289756945,0.5965607903326132,3196.7916481884145,28.98787813906015,28.98567654897506,28.986777344017604,0.5726564128769943,300.1283593631289,0,nan
177.0,3.843154268507709,0.6719108254897922,3198.7554313279807,29.10398454352021,29.101702359963564,29.102843451741887,0.6060367455274911,300.3060967277642,0,nan
177.5,3.497025448162077,0.6222774807185719,3200.590476257148,29.248068507112976,29.245975431049192,29.247021969081082,0.6241773057253196,300.0818469474231,0,nan
178.0,3.7320575716476356,0.6065027312007477,3202.3977470121004,29.18775565041624,29.185700003444982,29.18672782693061,0.587691679609886,299.96119078738235,0,nan
178.5,3.867356260504553,0.6877474854798661,3204.2976004701386,29.28540102448983,29.28335674851987,29.28437888650485,0.6203313357408581,300.0275159682616,0,nan
179.0,3.9224805401640395,0.6230053180643994,3206.2450596703056,29.307798700859895,29.305783679299747,29.30679119007982,0.6235899333793122,299.99553445319697,0,nan
179.5,3.827943224866064,0.5372753611469498,3208.182665611563,29.355916406185543,29.35390249660504,29.354909451395294,0.6218987027400339,299.91974925922716,0,nan
180.0,4.322146495307351,0.5730764546293754,3210.2201880416064,29.273798960953126,29.27171875273452,29.272758856843826,0.5999089032654633,300.1391456013034,0,nan
180.5,3.9490665480633056,0.6365852293038573,3212.287991302449,29.194035875150167,29.19200272636517,29.19301930075767,0.5907169918908893,299.9516568100984,0,nan
181.0,4.408951577276037,0.6126218805784847,3214.377495833784,29.162266400321595,29.160110912289745,29.161188656305672,0.6225440378646623,300.2067800898698,0,nan
181.5,3.8284655506592147,0.6203665341858897,3216.436850115768,29.19807788549351,29.19596675118919,29.19702231834135,0.646536278048359,299.9832701963413,0,nan
182.0,4.48821221492029,0.6881673738718914,3218.5160195571625,29.057752769687475,29.055660760594037,29.056706765140756,0.6548642188111609,299.9204795952991,0,nan
182.5,4.084967129077867,0.6821532380675094,3220.659314393162,28.981662755475146,28.979589196269444,28.980625975872293,0.6210661824146859,300.0847235165912,0,nan
183.0,3.9999798387734984,0.6183670946829066,3222.6805511351245,29.072084653198637,29.070000154264562,29.0710424037316,0.5858461728283793,300.01748518607883,0,nan
183.5,3.7155400764896998,0.6266042255111929,3224.6094311139404,29.206440782090294,29.20435106765017,29.20539592487023,0.5894514630440167,300.0138815060536,0,nan
184.0,3.7057691391637464,0.6022034287121709,3226.464758417854,29.269043960925682,29.266801794905223,29.267922877915453,0.6079693522101375,300.1572923611974,0,nan
184.5,3.7556119582917944,0.5668410539491955,3228.3301036922176,29.500689773229624,29.498606899160585,29.499648336195104,0.5698714257978449,300.0617492897464,0,nan
185.0,3.7327480134665594,0.6039119232209752,3230.202193685157,29.492548920003948,29.490460380134028,29.491504650068986,0.622051496967675,300.1852281132305,0,nan
185.5,3.6767336264350545,0.5994869363877108,3232.0545640951323,29.33394070248746,29.331967465644812,29.332954084066138,0.6139684894015054,299.8279955635194,0,nan
186.0,3.41173577298166,0.6062656985050016,3233.8266814449867,29.256588885022346,29.254428633004864,29.255508759013605,0.549033096300605,300.132544280073,0,nan
186.5,3.3177692716424843,0.5688621006073046,3235.509057706143,29.318298944528397,29.316254783135445,29.31727686383192,0.5135263416566804,299.9371287711338,0,nan
187.0,3.5653671918509557,0.6975633459818881,3237.229841822016,29.491827793409904,29.489651542714274,29.490739668062087,0.5606948702615846,300.1504673153089,0,nan
187.5,3.370396329128886,0.5902563113339239,3238.963782702261,29.629050008608466,29.62699139184024,29.62802070022435,0.5739244092767225,299.8742827727366,0,nan
188.0,3.6700818011918415,0.5752915992208254,3240.7239022348413,29.44302122094273,29.440916262109205,29.441968741525965,0.5440901062217275,300.13496400394286,0,nan
188.5,2.8743232256144977,0.6053271315800988,3242.360003491543,29.349815149324968,29.347756867975477,29.348786008650222,0.5498086683239289,299.79797061014426,0,nan
189.0,3.626226097734738,0.5553775844697866,3243.9851408223803,29.366694386374228,29.364505742459915,29.365600064417073,0.5650279749140434,300.14954065395085,0,nan
189.5,3.4976540242663647,0.5432910188023632,3245.7661108528805,29.407428191433517,29.405273343231237,29.406350767332377,0.551968998006052,300.12861739895817,0,nan
190.0,3.773272746926142,0.5680670589002152,3247.5838425456786,29.556734104648648,29.554574500453963,29.555654302551307,0.5414249834527807,300.04191358424293,0,nan
190.5,3.5784200508263497,0.6430692947705966,3249.4217657451168,29.666552902903913,29.66434963979973,29.66545127135182,0.5585024105626866,300.2679636069804,0,nan
191.0,3.7931453524639607,0.5154912741965798,3251.264657095939,29.472469125870475,29.470155561610408,29.471312343740443,0.5593280383078996,300.3028894992113,0,nan
191.5,3.2176864043620355,0.608441592483829,3253.0173650351458,29.362518603763284,29.360459645510126,29.361489124636705,0.5699918525190676,299.8962956611876,0,nan
192.0,3.2016673854104996,0.6551577217279284,3254.6222034825887,29.47977304549204,29.4777107472295,29.47874189636077,0.5789436039414615,299.93619232844463,0,nan
192.5,3.489958697009058,0.5778387806297715,3256.2951100031937,29.46404339534247,29.461923487325294,29.462983441333883,0.5506626933262145,299.90044281861043,0,nan
193.0,3.584152934166448,0.6358978735170467,3258.0636379109874,29.552019783887044,29.549863084269965,29.550941434078503,0.5361677896160806,300.0374068530283,0,nan
193.5,2.9916254389324535,0.5786977601373869,3259.707582504262,29.61847627397365,29.616288838169385,29.617382556071515,0.5562123475396492,300.0506429729294,0,nan
194.0,3.3934120550024915,0.5619124395244531,3261.303841877746,29.556925470343504,29.554725160315137,29.555825315329322,0.559664696875724,300.0178246773702,0,nan
194.5,3.6746095681401045,0.623868337131418,3263.0708472835317,29.313838197415908,29.31171447720426,29.312776337310083,0.5851732790339707,299.92570859644684,0,nan
195.0,3.2507646681612643,0.590246974913907,3264.802190842607,29.36929092129076,29.36716012227007,29.368225521780413,0.5793950998585804,299.9776619819571,0,nan
195.5,4.049244591270605,0.6357451752887859,3266.627193157465,29.354219163374047,29.35206997169498,29.353144567534514,0.5508718888426596,300.0876098991197,0,nan
196.0,3.7154297340932545,0.5955559515881991,3268.5683617388063,29.312473759345902,29.310192142410415,29.31133295087816,0.5324774539406147,300.1133065034833,0,nan
196.5,3.7774854961972553,0.6902809857159906,3270.441590546379,29.518000170490133,29.51580548079455,29.51690282564234,0.589465580571866,300.1687998342492,0,nan
197.0,3.6113024079191605,0.5783224974575704,3272.288787522408,29.546658201935816,29.54456452105951,29.545611361497663,0.5536189893078531,299.90268023713304,0,nan
197.5,3.6028935436666503,0.4343093056323697,3274.0923365103044,29.608554780116673,29.606349803460397,29.607452291788537,0.5350796647091115,300.11652563168764,0,nan
198.0,3.4315165576601174,0.47055811440142886,3275.850939035636,29.53007592681047,29.52796170343536,29.529018815122914,0.5395780526925131,299.89489424269607,0,nan
198.5,3.7718421642709017,0.5083015285062563,3277.6517787161188,29.3886324298684,29.386551047240392,29.3875917385544,0.5282668992836509,300.01351012891604,0,nan
199.0,3.231487046330753,0.5245385346198753,3279.402611018769,29.717221695052878,29.7150572569848,29.71613947601884,0.5184731212327569,299.9762404264641,0,nan
199.5,3.3496510232187973,0.703914503517299,3281.047895536157,29.742740318451524,29.74052269315489,29.741631505803205,0.5326428433696985,300.0510931500638,0,nan
200.0,3.5748433475369468,0.6004758995945937,3282.779019128846,29.63054500548924,29.628323320824165,29.629434163156702,0.5291485864800572,300.06048901800057,0,nan
200.5,3.2506566346278563,0.4029568250110487,3284.4853941243873,29.601010370505673,29.598854108879458,29.599932239692567,0.5270256842431309,299.8654125394079,0,nan
201.0,3.607286166484863,0.4731076381756751,3286.1998798246655,29.448103069254422,29.445868853199862,29.446985961227142,0.5162419785408341,300.16277900049647,0,nan
201.5,3.131310289907654,0.483617943096043,3287.8845289387637,29.62354044291028,29.62143480208524,29.62248762249776,0.509216295005057,299.9802498476446,0,nan
202.0,3.5619023091861464,0.534204365869207,3289.557832088537,29.829395355105998,29.82711571516065,29.828255535133327,0.5158972961199608,300.1610655089977,0,nan
202.5,2.9532803224214974,0.3794535533043297,3291.1866277464387,29.811025786549273,29.80873251039975,29.80987914847451,0.5221385968327333,300.03742205232646,0,nan
203.0,3.304616044366054,0.5053903607364226,3292.7511018381356,29.844834713552608,29.842574005839744,29.843704359696176,0.552883313149657,300.07798059281,0,nan
203.5,3.1652684557358413,0.5615769839459156,3294.368572963161,29.712182717594352,29.70995807802501,29.71107039780968,0.5428917992794855,299.95034160035976,0,nan
204.0,3.1943436578849402,0.599827815730166,3295.9584759915665,29.640336068495163,29.637984600065284,29.639160334280223,0.5494289928158959,300.1670838099525,0,nan
204.5,3.054235490322455,0.568673077075272,3297.520620778618,29.793581187162452,29.791384821730208,29.792483004446332,0.570515848703796,300.0194825820598,0,nan
205.0,3.0824087188681775,0.5811972092057165,3299.054781830916,29.68430271084285,29.6820455170855,29.683174113964174,0.5707523042153414,300.08981555147597,0,nan
205.5,3.224880537984214,0.5612268991235427,3300.631604145129,29.666416287116952,29.6641997550003,29.665308021058628,0.5784615796594408,300.22367748451006,0,nan
206.0,2.8754244982656045,0.5706544759440206,3302.156680404192,29.65818380198298,29.65599301223501,29.657088407108994,0.5682690104186864,299.9753832487253,0,nan
206.5,3.2560796392926163,0.5298363698879761,3303.6895564385813,29.66330284911969,29.66101903734034,29.662160943230013,0.578820761171116,300.12311744195085,0,nan
207.0,3.3205430922169854,0.4795308739395964,3305.3337121214586,29.611558686251964,29.609264312800224,29.610411499526094,0.552790370292881,300.0171718251163,0,nan
207.5,3.323284856912255,0.606699521033993,3306.9946691087407,29.501725971640962,29.499420251974698,29.50057311180783,0.5705951116793629,300.0468861561993,0,nan
208.0,3.1587712679831013,0.5175495377659163,3308.6151831399648,29.57800934515126,29.575788402149737,29.5768988736505,0.5514980637878881,300.11046895262587,0,nan
208.5,3.397378966653298,0.5194043331753474,3310.254220698624,29.64150326556096,29.639207539804556,29.640355402682758,0.5433051812165929,300.07273535393256,0,nan
209.0,3.0763045010340564,0.5405289171037081,3311.872641565546,29.65980908599054,29.657664446935996,29.658736766463267,0.5752574278581417,299.88208248256376,0,nan
209.5,3.2142860343074973,0.5460096660039444,3313.4452891993815,29.493082813384717,29.49083158043559,29.491957196910153,0.5999476282792662,300.02425599910805,0,nan
210.0,2.81529373028003,0.505834705601744,3314.952684140528,29.531980509190998,29.529739202845303,29.53085985601815,0.5755641900179846,299.99215599915567,0,nan
210.5,2.772936912094798,0.5022900810511886,3316.349741801122,29.660339475272302,29.65825510115483,29.659297288213565,0.594921051242514,300.0030164760443,0,nan
211.0,2.3951844733515544,0.4126529502940598,3317.6417721474836,29.717645269039032,29.7155480906551,29.716596679847065,0.6128968252660587,299.8771193681804,0,nan
211.5,3.267646344777347,0.5905142845634979,3319.057479852016,29.55521549564305,29.55280898541496,29.554012240529005,0.5879344365133036,300.29894873519805,0,nan
212.0,3.1907675193975793,0.6205049103905437,3320.67208331806,29.60533083515452,29.603105184983907,29.60421801006921,0.582987142871221,300.09710647022996,0,nan
212.5,2.8014693782981963,0.6210955291743158,3322.1701425424835,29.729779801583437,29.72763798136948,29.728708891476458,0.6129005190169596,299.8583422958818,0,nan
213.0,2.6974469933315843,0.5109867442734667,3323.544871635391,29.784883362584786,29.782643548690068,29.783763455637427,0.5957403293539112,300.19632368957156,0,nan
213.5,3.047859121041205,0.581867141845646,3324.981198163984,29.664503294980157,29.662292818305467,29.663398056642812,0.5423358617732935,300.09462956114015,0,nan
214.0,2.7453683510295463,0.46032634864671057,3326.429505032002,29.83332842164632,29.831143243525183,29.832235832585752,0.5136669549789893,299.9189779986387,0,nan
214.5,2.7380276455963637,0.526482048086841,3327.8003540311583,29.942471332650303,29.940313115149912,29.941392223900106,0.577185835624424,299.88752875648294,0,nan
215.0,2.7706763694047196,0.6185434081421403,3329.1775300349086,29.93727614562322,29.935094570980255,29.936185358301735,0.6193803694593012,299.8822995018848,0,nan
215.5,2.691652847907494,0.5754001818263447,3330.543112339237,29.899592354337027,29.897251359390246,29.89842185686364,0.5939959852264453,300.135890878067,0,nan
216.0,2.4774099516980046,0.6595285789689124,3331.835378039138,29.992707083012466,29.990517100570468,29.991612091791467,0.5812284506727228,299.91617737451776,0,nan
216.5,2.238830275477801,0.6802150928045797,3333.014438095932,30.126248397057044,30.123963649404867,30.125106023230956,0.5562276282341942,300.03674006313565,0,nan
217.0,2.060428648220159,0.782039689905605,3334.0892528268564,30.222274595168027,30.2201521179446,30.221213356556312,0.587805826624335,299.8526873589161,0,nan
217.5,2.7543908823279906,0.724811743618245,3335.2929577094933,30.19193385458211,30.189493698029402,30.190713776305756,0.6158923360680603,300.4126378675901,0,nan
218.0,2.2830191946174923,0.7047654714313074,3336.5523102287298,30.240191045880874,30.2379212635351,30.23905615470799,0.6043248542223043,299.95749684450345,0,nan
218.5,2.2869358385088505,0.8127847152919078,3337.6947989870114,30.343153207292154,30.34084753391435,30.34200037060325,0.6278406671511297,299.9555548138144,0,nan
219.0,1.7129481587274882,0.6982422658391423,3338.6947699863204,30.493730023513898,30.491515787795286,30.492622905654592,0.6498559152040154,299.8084795142892,0,nan
219.5,1.9294782951112097,0.7553589905406443,3339.60537659978,30.500541864772778,30.49815573254964,30.49934879866121,0.6024337455854212,300.0293362181777,0,nan
220.0,2.0721139716232018,0.7381991637271159,3340.6057746664637,30.54159597945145,30.539255269890237,30.540425624670842,0.5937126797327933,300.066002846531,0,nan
220.5,2.4607078098585817,0.6796006653824292,3341.7389801118343,30.57711977336994,30.574740677495537,30.57593022543274,0.6650749306986746,300.1064124458984,0,nan
221.0,2.5571106671544017,0.9685484516310269,3342.9934347310877,30.47994159924192,30.47760221916433,30.478771909203125,0.6846940745903104,300.0759272472205,0,nan
221.5,2.2836608830683076,0.8300359072727714,3344.2036276186436,30.462887808538834,30.460587894875243,30.46173785170704,0.6859942780796104,300.20071911468324,0,nan
222.0,2.4875763984033994,0.8327122460252855,3345.3964369390114,30.37884498226349,30.376495913579674,30.37767044792158,0.6921420823620993,300.21134408973853,0,nan
222.5,1.9092585761673575,0.7246411874525491,3346.495645682654,30.44786669893947,30.445629262139846,30.44674798053966,0.6921832545491718,299.983184547291,0,nan
223.0,2.3626268741402954,0.8138979229749478,3347.563617045231,30.478520178261533,30.476206153479506,30.47736316587052,0.7175523548358045,300.1978632620069,0,nan
223.5,2.36728693627567,0.8637754513152398,3348.7460954978346,30.485777602753707,30.483463577859947,30.484620590306825,0.7180653448802456,300.1944332750746,0,nan
224.0,2.1263043233918437,0.7134756307903936,3349.8694933127517,30.54355769703552,30.541290153770024,30.542423925402773,0.7032504203540885,299.90776730195864,0,nan
224.5,1.7239608831912534,0.9157283715232103,3350.8320596143976,30.6263938715068,30.62406327298486,30.625228572245828,0.7345242840475796,299.9792291588833,0,nan
225.0,1.978669810644746,0.7573757858328575,3351.7577172878564,30.433047742431246,30.43079326359966,30.431920503015455,0.7358685853666146,299.9162255672326,0,nan
225.5,1.746174963808889,0.6986123977995978,3352.6889284814697,30.607343362673465,30.605006366540145,30.606174864606807,0.7273676896348957,300.0588409529757,0,nan
226.0,1.8168954749885473,0.888954972856557,3353.579696091169,30.51361885925048,30.511355843920136,30.51248735158531,0.7636605735741688,300.0410435663062,0,nan
226.5,2.4298653735974796,0.9211642880047519,3354.6413863033154,30.361849921181648,30.35957835384488,30.360714137513263,0.7747803971404693,300.1208381898974,0,nan
227.0,1.7462009198129351,0.9188825367951795,3355.685402876668,30.42993447076551,30.427742421729455,30.428838446247482,0.8008239833229724,299.9878595761551,0,nan
227.5,1.832782812695653,0.839909183616217,3356.580148809795,30.53640807996685,30.534242224309672,30.535325152138263,0.7667807584655436,299.9342597842607,0,nan
228.0,1.8959061055762163,0.7905206883061362,3357.512321039363,30.42275160289834,30.420446459355134,30.42159903112674,0.8045759665043118,300.1329175896121,0,nan
228.5,1.2434303123049353,0.9384545608020595,3358.297155143833,30.68602077373857,30.68378511936516,30.684902946551865,0.796700229101398,299.8797585069618,0,nan
229.0,1.8541785211679607,0.8404457189621923,3359.0715573522016,30.50200127521135,30.499726811244916,30.50086404322813,0.7633971699669562,299.961426829239,0,nan
229.5,1.5518705547264682,0.7616038310668513,3359.9230696211753,30.56292054857149,30.560604328289628,30.56176243843056,0.7459441386127811,300.1160187280472,0,nan
230.0,1.5960540805656431,0.8337961580014863,3360.7100507799983,30.589442322382638,30.587142219474664,30.58829227092865,0.7738805754465296,300.0189730094972,0,nan
230.5,2.1213744828889682,0.7838568057202349,3361.6394079208617,30.54718030364729,30.544892729894674,30.546036516770982,0.7854079603369696,300.0364579014873,0,nan
231.0,1.9353230182134464,0.7766783020718003,3362.6535822961373,30.56466113474495,30.56228853967078,30.563474837207867,0.7720733201810862,300.2056691991956,0,nan
231.5,1.8788248024808083,0.7868695673992835,3363.607119251311,30.551774616131304,30.54951970399398,30.550647160062642,0.7372721868260771,300.0570648067653,0,nan
232.0,1.3522407464737038,0.7903734664898935,3364.4148856385495,30.729561768994564,30.72722647435912,30.728394121676843,0.7533025548624104,300.2400937309053,0,nan
232.5,1.4169905278241621,0.7945564185762442,3365.107193457124,30.77244109983203,30.770124520309583,30.771282810070808,0.7550514841140832,300.02852361070694,0,nan
233.0,1.7518695248776897,0.8766149036544549,3365.8994084702995,30.798148478737904,30.79578292276947,30.796965700753685,0.7456819860195905,300.241258468566,0,nan
233.5,0.8279485763761422,0.9312450949125387,3366.544362995613,30.853142228433757,30.850829466208957,30.851985847321355,0.7618155503714206,299.8834886014771,0,nan
234.0,1.6410554693778245,0.9783891499114641,3367.1616140070514,30.703546334923338,30.701126436650156,30.702336385786747,0.7555315759850452,300.05662058060517,0,nan
234.5,1.053500096654137,0.9411438610993719,3367.8352528985592,30.71908532230582,30.716648381990126,30.71786685214797,0.7684725331952806,299.97501557694613,0,nan
235.0,0.967466624480368,0.765704974611319,3368.340494578843,30.7849108917736,30.78248379209017,30.783697341931884,0.7325081215857467,299.9976524269644,0,nan
235.5,1.1996715604087913,0.8058003959319072,3368.8822791250655,30.72557994570293,30.723116908705197,30.724348427204063,0.7345101100464727,300.0271138620734,0,nan
236.0,1.6050806275312148,0.9601533761803689,3369.5834671720504,30.654105806814556,30.65154161596002,30.65282371138729,0.7772758022879093,300.1123873095315,0,nan
236.5,1.1248546046064505,0.8758519103093956,3370.2659509800847,30.73480636549653,30.732423191804635,30.733614778650583,0.780034454391363,300.0502863714065,0,nan
237.0,1.2494243957958768,0.9395236754240072,3370.859520730185,30.90728609014791,30.90474374621499,30.906014918181448,0.7614581731944958,300.27896355869433,0,nan
237.5,0.8713842871376378,1.0389285203795924,3371.3897229009185,30.883605825541053,30.88125663046976,30.88243122800541,0.7210629152790222,299.82964293127395,0,nan
238.0,1.2096678525663715,0.9125707805913826,3371.9099859358444,30.856315274622336,30.8538926174193,30.85510394602082,0.7082737306763286,300.1402537171963,0,nan
238.5,1.106237512014881,0.9007775937428738,3372.4889622769897,30.936969829938107,30.934629076519922,30.935799453229016,0.7277750210366525,299.9747266514221,0,nan
239.0,0.824838704543426,0.8969105073738416,3372.9717313311294,30.964778178361705,30.962352708949577,30.963565443655643,0.7670155522880242,299.88078304969207,0,nan
239.5,0.9545699579765798,0.943834132043121,3373.4165834967594,30.937098191652144,30.934628588265145,30.935863389958644,0.8035867613405736,300.1031889222416,0,nan
240.0,1.6584507160102429,0.8873415068627386,3374.069838665256,30.868855622482492,30.86632917803509,30.867592400258793,0.7610319593133867,300.2018534693974,0,nan
240.5,1.5741843144100034,0.9115791981265031,3374.8779974228614,30.992498869472733,30.99001166718427,30.9912552683285,0.7352847321254385,300.1419893460003,0,nan
241.0,1.6599963915574272,0.914980122070519,3375.6865425993533,31.06241529880158,31.05985908027542,31.0611371895385,0.7338492916534491,300.3624479442352,0,nan
241.5,1.09628119056423,0.825092695261467,3376.375611994884,31.054617442334848,31.05199819680947,31.05330781957216,0.7127659792642794,300.3483060267473,0,nan
242.0,1.4993116270746507,0.9128489666544951,3377.0245101992937,31.05976812209979,31.05727492980405,31.05852152595192,0.7652778435273927,300.0360470641779,0,nan
242.5,0.964759591351498,0.8046867207999306,3377.6405280039003,31.118137902555503,31.115611577799605,31.116874740177554,0.7302692329786136,300.05202479847634,0,nan
243.0,1.8725342066839896,0.9629026513521826,3378.349851453409,31.004022101885447,31.00147332573506,31.002747713810255,0.6970649690789236,300.1420554297907,0,nan
243.5,1.5432663483294593,0.8739057992659219,3379.2038015921626,31.017351153035776,31.014801420020927,31.016076286528353,0.6726581021264437,300.17564573951853,0,nan
244.0,1.053951034727858,0.8690322265448746,3379.853105937927,31.102450751769492,31.099981485985882,31.101216118877687,0.710720018893503,299.99207112075476,0,nan
244.5,0.9864000946927582,1.012208008313581,3380.363193720282,31.005769528793774,31.003307344005037,31.004538436399407,0.7226267259423214,299.86081240664583,0,nan
245.0,0.9504194210009607,0.9023514786617464,3380.8473985992055,30.988394216195456,30.98589620865969,30.98714521242757,0.6976513557436896,299.8923118956071,0,nan
245.5,0.9835304056538391,1.0924550297064957,3381.330886055869,31.061624123116907,31.059133010796167,31.060378566956537,0.7257783508773509,300.0437937136943,0,nan
246.0,1.3585675509892654,0.9636473273847143,3381.91641054503,30.90224457957056,30.899775751050402,30.90101016531048,0.7049571679926881,299.9840201514683,0,nan
246.5,1.4387448136976189,0.9652994353995571,3382.6157386362015,30.872555436408714,30.870086610849462,30.871321023629086,0.7189818218188996,299.90784755636275,0,nan
247.0,1.8832904324371504,0.9038317071194719,3383.446247447735,30.76035456121407,30.757778387670065,30.75906647444207,0.7410972455825557,299.9823975119738,0,nan
247.5,2.0404576753674273,0.9055221814394935,3384.4271844746863,30.60843515705684,30.60580067700522,30.60711791703103,0.7375651954506404,300.1694628331228,0,nan
248.0,1.7071115061250084,0.9097692646106879,3385.3640767700595,30.850046939724585,30.84740128830998,30.848724114017283,0.7420543752239869,300.28410704689134,0,nan
248.5,1.8072863654431977,0.8003907963932771,3386.2426762379514,30.642118166023685,30.639559219579855,30.640838692801772,0.7366961636943287,300.09427227551913,0,nan
249.0,1.7002954187407355,0.8284315323640039,3387.1195716839975,30.58915400481219,30.586747369205476,30.587950687008835,0.720784932740815,299.93008008151105,0,nan
249.5,1.6740588435117523,0.816399393491672,3387.9631602495606,30.63376012493622,30.631215113219508,30.632487619077864,0.7621711245422698,300.17664206003417,0,nan
250.0,1.820135515297439,0.8091997910186437,3388.836708839263,30.50599831704618,30.503452021644637,30.50472516934541,0.7839244346191339,300.0835529474456,0,nan
250.5,1.9036990668576763,0.7464027035386972,3389.7676674848017,30.575758211492985,30.573242348294663,30.574500279893822,0.7279621612268742,300.11655700871313,0,nan
251.0,1.527627150695642,0.8373320326356043,3390.62549903919,30.577345518896852,30.574866522980308,30.576106020938578,0.768911632485006,299.8408739286291,0,nan
251.5,1.4313415204883655,0.9607047045540223,3391.365241206986,30.64484198245732,30.642440060464832,30.643641021461075,0.812579687872216,299.8795427986442,0,nan
252.0,1.7249838760123293,0.8452766736699527,3392.1543225561113,30.577716786172783,30.575098275050372,30.57640753061158,0.8097837697468171,300.21652778513175,0,nan
252.5,1.5898866157431555,0.7834674782442381,3392.98304017905,30.616051303234183,30.61356091777488,30.61480611050453,0.7904896881770123,299.9840510350591,0,nan
253.0,1.8569283496125126,0.937102413178032,3393.8447439203887,30.456279463032295,30.453738344170414,30.455008903601357,0.7577335781160793,300.0993267121704,0,nan
253.5,1.936830403815622,0.9544525980302119,3394.793183608746,30.35562103612342,30.352981930815076,30.35430148346925,0.7487961816919775,300.09488178425147,0,nan
254.0,2.0262746460170367,0.7813090507507139,3395.783959871204,30.340607014563744,30.338205664445564,30.339406339504656,0.7559336244174328,299.8450008499927,0,nan
254.5,1.805978189793236,0.7995779587530921,3396.7420230801563,30.414458735873456,30.411925004379377,30.41319187012642,0.7661639698517885,300.04352263834755,0,nan
255.0,1.5400587216954633,0.9772451358442408,3397.5785323080286,30.596363884249836,30.59388241985526,30.595123152052548,0.7873276159043189,299.88724389887034,0,nan
255.5,1.866361503450161,0.8811024677667637,3398.4301373643148,30.69534680412275,30.6927262536652,30.694036528893974,0.7818802995058379,300.3551843322843,0,nan
256.0,1.9035892587106331,0.8257004318330895,3399.372625054855,30.62966423402372,30.62708469928566,30.62837446665469,0.7519017004136372,300.0872570694405,0,nan
256.5,1.6950910876352765,0.8204152624183811,3400.272295141441,30.54403320137976,30.541581156969187,30.542807179174474,0.7406363276987012,299.8553590321833,0,nan
257.0,2.0331996310567435,0.925914317107363,3401.2043678211144,30.494663601854246,30.4921594452544,30.49341152355432,0.7667931733259141,300.1995326848846,0,nan
257.5,1.9132626514959412,0.9591063330272922,3402.1909833917525,30.490161774069065,30.487578067294816,30.488869920681942,0.7636092870488327,300.17847221115846,0,nan
258.0,2.1204370955916487,0.8247904560291561,3403.1994083285244,30.471094914130436,30.46851766294476,30.469806288537598,0.714502521530445,300.16551086782266,0,nan
258.5,1.9694297323859928,0.9130997943541262,3404.2218750355187,30.759006510834798,30.756301407925275,30.757653959380036,0.7534016293930007,300.3441458581074,0,nan
259.0,1.4701891563783505,0.8918268465550899,3405.0817797577097,30.85252258976893,30.849891849555753,30.851207219662342,0.7547427200974602,300.25421068816075,0,nan
259.5,1.4968487068638523,0.9397830833669824,3405.82353922352,30.86632843613679,30.863837978205083,30.865083207170937,0.7463365618779397,300.10375463171204,0,nan
260.0,1.5084841503316,1.0411147956420876,3406.574872437819,30.847268349133355,30.84473959801944,30.846003973576398,0.7746572487466279,300.09752783419253,0,nan
260.5,0.8436457669059593,0.9487150182511478,3407.1629049171283,31.05249844369546,31.050003250019472,31.051250846857464,0.7780812738645789,300.1323572091304,0,nan
261.0,1.580496629875506,0.977621102021572,3407.7689405163237,30.79800306570728,30.79541537437017,30.796709220038725,0.7171111409636828,300.2773429678902,0,nan
261.5,1.477246274729643,0.9448744739508925,3408.533376242475,30.652329274972452,30.64978869821025,30.65105898659135,0.7131225374271648,300.19742197546583,0,nan
262.0,1.3635636106951097,0.9045281446764386,3409.243578713831,30.65877083784303,30.656210857850056,30.657490847846542,0.6988455239056345,300.10236302284954,0,nan
262.5,1.6230827231029423,0.8532271265649821,3409.9902402972807,30.899789477410557,30.89735352663938,30.89857150202497,0.6932749602129333,300.1315658187254,0,nan
263.0,1.8191159285225524,0.7731903920702369,3410.8507899601873,30.764156416227614,30.761638264199792,30.762897340213705,0.6971821803064352,300.2154631407599,0,nan
263.5,1.6511438666163003,0.8199123173970998,3411.718354908972,30.655016586055808,30.652566516309527,30.653791551182668,0.6540237265558051,300.039851044401,0,nan
264.0,1.8840590158765906,0.8069682503332537,3412.602155629595,30.864684357146462,30.86219995409483,30.863442155620646,0.6713694445826018,300.1659052483446,0,nan
264.5,1.2520028519575106,0.8408155301950497,3413.3861710965534,30.972926042824838,30.970499981609827,30.971713012217332,0.6771276883152751,300.01611327471727,0,nan
265.0,1.7888053840408076,0.6611547425484576,3414.146373155553,30.813291912256183,30.810924032934416,30.8121079725953,0.6186197924978192,300.03779212589757,0,nan
265.5,1.5551146163030267,0.7961340081060492,3414.982353155639,30.821028403446643,30.818731379255404,30.819879891351025,0.6204723561202997,299.8388336199147,0,nan
266.0,1.334640905169914,0.837806714247383,3415.7047920360073,30.921974071679234,30.91962574441495,30.920799908047094,0.6664643115410902,300.0997307457135,0,nan
266.5,1.2827812439853319,0.8363188197124009,3416.359147573296,30.92713346324831,30.924792429704574,30.925962946476442,0.6639965560144978,300.0012128243119,0,nan
267.0,1.9604207356027472,0.8504195519480561,3417.169948068193,30.720280677023265,30.717916093774512,30.719098385398887,0.6320121019224644,300.1432432322708,0,nan
267.5,1.9079991908534566,0.827626352031415,3418.137053049807,30.605767602781725,30.603397413104723,30.604582507943224,0.6382946789333026,300.0436998952646,0,nan
268.0,1.2801724462372506,0.8195107978873865,3418.9340959590795,30.637313776723794,30.635036538005078,30.636175157364438,0.6659000495526816,299.95019848882384,0,nan
268.5,1.0243731749417377,0.8969958783176415,3419.510232364374,30.71820152725936,30.715876086579918,30.71703880691964,0.6436016176356752,299.9920718184275,0,nan
269.0,1.4376611210205055,0.7722467302008893,3420.1257409383647,30.721705066704317,30.719451608349665,30.72057833752699,0.6485057698495909,299.7931765052361,0,nan
269.5,1.869402314385357,0.797012571681268,3420.9525067972163,30.821149934434743,30.81885575185006,30.8200028431424,0.6798911589428754,299.99539761920926,0,nan
270.0,1.4979605389886388,0.9101863370470088,3421.79434751056,30.632672889357536,30.6303792904253,30.631526089891416,0.7194932908407589,299.8840242323594,0,nan
270.5,1.9550685499554306,0.8809292498741917,3422.6576047827957,30.62338831776824,30.6211610442404,30.62227468100432,0.712025357476226,300.0631465568643,0,nan
271.0,1.6047839284906815,0.9002504784368942,3423.547567902407,30.761031563654342,30.758532461945105,30.759782012799725,0.6720220950885893,300.2923496360009,0,nan
271.5,1.2938374720264931,0.7354533374204597,3424.272223252536,30.747248580407177,30.744951514384958,30.746100047396066,0.6444490282077272,300.0321253760834,0,nan
272.0,1.8246183943433123,0.805239370416928,3425.0518372191286,30.624857476456963,30.62264881622541,30.623753146341187,0.6830614694121082,300.0830463672382,0,nan
272.5,1.4664520025683543,0.8125877686246582,3425.8746048183566,30.629789712789126,30.627593395075017,30.62869155393207,0.7103160501709584,300.00650172270633,0,nan
273.0,1.3685660526690016,0.6901237059024381,3426.583359332166,30.703059742545975,30.700784624054357,30.701922183300166,0.69018690776936,300.0203227661076,0,nan
273.5,1.3522197990372944,0.6455861990288527,3427.2635557950925,30.68190551335683,30.679603999069876,30.680754756213354,0.6740203922637923,300.0725508368412,0,nan
274.0,1.5783087303013956,0.8317718285088529,3427.9961879274274,30.755126836455975,30.75274241336974,30.75393462491286,0.6770341954428805,300.23858132904115,0,nan
274.5,1.7566635184317505,0.8296529299983123,3428.8299309896106,30.63616094844847,30.63391160374449,30.63503627609648,0.6923382478892217,299.98636211956364,0,nan
275.0,1.398738085019201,0.7197030546659674,3429.6187813904735,30.619662269720628,30.617429900594107,30.61854608515737,0.7115825570822623,299.92484307087494,0,nan
275.5,1.5077457029856476,0.9087402281223042,3430.3454023374748,30.668392734869393,30.66600778453012,30.667200259699758,0.7121570814174856,300.1291446850423,0,nan
276.0,1.0442328703357986,0.8750052910369167,3430.983396980805,30.765673539396765,30.763232191100723,30.764452865248746,0.7140545154484544,300.02115273432076,0,nan
276.5,1.4469519760645142,0.761467191414282,3431.606193192405,30.7203926925617,30.71805001819048,30.71922135537609,0.6861758548721281,300.01640889121376,0,nan
277.0,2.00144281245984,0.8482102251471533,3432.468291889536,30.611845224231228,30.609525438194577,30.610685331212903,0.7047656859689713,300.1277171330446,0,nan
277.5,1.8512465665038491,0.8011074486633327,3433.431464234277,30.608684783585204,30.60624024879089,30.607462516188047,0.6966805832281449,300.04232852990543,0,nan
278.0,1.660037497128755,0.8608934686231721,3434.309285250185,30.62776959970738,30.625350882835484,30.62656024127143,0.7123447680648556,300.0987569390829,0,nan
278.5,1.7319071178787027,0.8099588577317084,3435.1572714039366,30.7460580763699,30.743781451630092,30.744919763999995,0.7167834780643526,299.9469935611966,0,nan
279.0,1.2266427544770948,0.9188708639515535,3435.8969088720255,30.879259076785775,30.876857226005086,30.87805815139543,0.7369492153230254,300.02696688431587,0,nan
279.5,1.5631477402124005,0.9074960286443318,3436.594356495698,30.871754098472913,30.869295745500494,30.870524921986704,0.740491800828374,300.1417278064333,0,nan
280.0,1.8435378092920645,0.9081602132160169,3437.446027883074,30.717377461271553,30.714980259465666,30.716178860368608,0.7203187452976184,300.09919870041733,0,nan
280.5,1.4799070071582492,0.9823034850867826,3438.276889087186,30.826845595042506,30.82441939729997,30.825632496171238,0.735461520115357,299.99654285035456,0,nan
281.0,1.1832869094725027,0.8125773110702291,3438.942687566344,30.640677894856434,30.638362226809114,30.639520060832773,0.7113174885331568,299.79407087265065,0,nan
281.5,1.6342488009499447,0.8748221181591439,3439.6470714939496,30.807964764629197,30.805580600390567,30.80677268250988,0.7428144536952337,300.1873523691216,0,nan
282.0,1.294436612192942,0.9394043434592835,3440.379242847235,30.94333793598694,30.940966385499813,30.942152160743376,0.7297730456526522,299.9935859756521,0,nan
282.5,1.032668120554399,0.9249783037577536,3440.961019030422,30.780068099068057,30.77771755879512,30.77889282893159,0.6943959312188143,300.0196274377224,0,nan
283.0,1.6809266093006954,0.9342208670418248,3441.639417712886,30.5479049769649,30.545526962754046,30.546715969859473,0.7069332213712421,300.2010012833748,0,nan
283.5,1.7222217610015094,0.9898862977587441,3442.4902048054614,30.662722447398846,30.660291520235297,30.66150698381707,0.7168321441427531,300.1307262975007,0,nan
284.0,1.1788688259232345,0.9601683275562201,3443.2154774521928,30.844174448074,30.841891751520052,30.843033099797026,0.7015507808111998,299.9741263481882,0,nan
284.5,1.446330263626109,0.9917143219115616,3443.87177722458,30.8061049441224,30.803786444019533,30.804945694070966,0.6935470399512562,300.00521889755464,0,nan
285.0,1.381631111193252,0.9204926759062152,3444.578767568285,30.816959238985874,30.81462173338041,30.81579048618314,0.698295878933665,299.8642623198042,0,nan
285.5,1.5082041177747896,0.9768704367480955,3445.301226375527,30.87251803515924,30.870025249370336,30.871271642264787,0.6801884288984268,300.168907520353,0,nan
286.0,1.5842622275753626,0.9288295681010428,3446.0743429618647,30.794111835170135,30.791663910420176,30.792887872795156,0.6892960049189547,300.10392517908207,0,nan
286.5,0.832585362523426,1.0464750803487328,3446.6785548593894,30.860666614611453,30.858278134300054,30.859472374455756,0.6782892884393221,299.80446365616615,0,nan
287.0,1.4918036930102516,0.8654922667574377,3447.2596521232726,30.914069265158197,30.91155311568,30.9128111904191,0.6829656446253283,300.2049422806527,0,nan
287.5,1.6246304821583835,1.00012930333146,3448.0387606670647,30.813722732720272,30.811342755859368,30.81253274428982,0.7165456381707944,300.0890357481171,0,nan
288.0,1.3122496312334477,1.0687014782175188,3448.7729806954126,30.91591054070336,30.913603525596045,30.914757033149705,0.7140525292121508,299.9186507940821,0,nan
288.5,1.6141987406382952,1.0163142489131696,3449.5045927883807,30.851687186925894,30.84930690269066,30.850497044808275,0.6992340788767963,299.96009534776766,0,nan
289.0,1.1534899888014423,1.051405569641308,3450.1965149707407,30.826332071115168,30.82406401889075,30.825198045002956,0.6939634567933622,299.93571167810285,0,nan
289.5,2.189305646889997,0.9722027170650664,3451.0322138796637,30.7659455135748,30.763484022559897,30.764714768067346,0.7006916958926014,300.1797042260624,0,nan
290.0,1.1593674747451446,0.9377378351388006,3451.8693821600723,30.96627774531121,30.963966005835026,30.965121875573118,0.6769897237856741,299.8860372964145,0,nan
290.5,1.9090686933189545,0.9956560835723439,3452.636491202088,30.842339075374277,30.840051031740586,30.84119505355743,0.6703514616013687,300.12254915771604,0,nan
291.0,1.5731111399763507,0.968749747149908,3453.507036160412,30.80043815475451,30.797896874629988,30.79916751469225,0.6739870401145569,300.4053700726151,0,nan
291.5,1.4463067537837362,0.9502418841557448,3454.261890633852,30.664364563507707,30.662072586670185,30.663218575088944,0.7019875383000447,299.935409546006,0,nan
292.0,1.4070982209720058,1.0018246145621685,3454.975241877541,30.738040432537993,30.735680416095057,30.736860424316525,0.7153452874106414,300.21512395635557,0,nan
292.5,1.960788620555411,0.9310638419457866,3455.817213587923,30.600894091436658,30.598650324890876,30.599772208163767,0.6983084982543242,299.99617538908495,0,nan
293.0,1.610388708155412,0.8722268270377018,3456.710007920101,30.50972472792291,30.507372085725365,30.50854840682414,0.6849599542940122,300.04848635334025,0,nan
293.5,1.4810256547064626,0.9216966100967502,3457.4828615108163,30.750660560915684,30.748409579670078,30.749535070292882,0.699229212788384,300.15578030097186,0,nan
294.0,1.7929806027008766,0.9485671880611866,3458.301363075168,30.772400359237327,30.770054291434644,30.771227325335985,0.7486402379032486,300.1445799866402,0,nan
294.5,2.2130649993704905,0.8838808775501872,3459.3028744756857,30.674137194939703,30.671926258164785,30.673031726552246,0.7408062588508686,299.98670023394936,0,nan
295.0,2.0475069691413976,1.0122724543409942,3460.368017467814,30.690209443624735,30.68788150782948,30.689045475727106,0.7585387210157027,300.08961027269544,0,nan
295.5,1.7235628352242458,0.9596179863633657,3461.310784918905,30.570374706621898,30.56805653045012,30.56921561853601,0.7625754368795915,300.03320124057876,0,nan
296.0,1.7293490128192388,0.9930950202680087,3462.174012880916,30.567557668516564,30.56524993507537,30.566403801795968,0.7569655777491957,299.96076352469026,0,nan
296.5,1.922727515974131,0.8312204779121979,3463.0870320131144,30.567817340848478,30.565388708675346,30.56660302476191,0.7486489500852896,300.26052603069206,0,nan
297.0,2.188783793469048,0.9466416171257035,3464.1149098404753,30.60099599951741,30.59872465376484,30.599860326641124,0.7960447837691575,299.94945315718076,0,nan
297.5,1.3331858067241398,1.0409231008627002,3464.9954022405236,30.708633403551904,30.70634367569546,30.707488539623682,0.808404073028233,299.84468022264565,0,nan
298.0,1.823639271011973,0.9929462180925499,3465.7846085099577,30.60994644221737,30.607438709305278,30.608692575761324,0.7799129120444176,300.2603664436075,0,nan
298.5,1.811596410394634,0.9503366953887596,3466.693417430309,30.70483964240693,30.702540153754672,30.703689898080803,0.7921630474514809,300.0912161639502,0,nan
299.0,1.830339860065203,0.933171732025721,3467.603901497924,30.604224145224997,30.601716993605258,30.602970569415127,0.7754727756476503,300.24177781123,0,nan
299.5,1.2995007375934535,0.9999052052519654,3468.386361647339,30.678320830897654,30.6759662223094,30.677143526603526,0.779857702713616,300.0343695440626,0,nan
300.0,1.8549963486810328,0.9767160618833083,3469.1749859189076,30.625206758050126,30.62287165029993,30.624039204175027,0.7812350192363852,300.0701069646294,0,nan
300.5,1.3066721116905995,1.0225383490398172,3469.9654030340007,30.75447531212253,30.75206675377085,30.753271032946692,0.7796576114459391,300.0450169484136,0,nan
301.0,1.4636041209715671,0.9631460555463955,3470.6579720921663,30.669040989951963,30.666686639895488,30.667863814923727,0.7773389537643648,299.8863314815636,0,nan
301.5,1.5107335344132111,0.9221391337569409,3471.4015565060126,30.77734002942311,30.77509500981487,30.77621751961899,0.7862115461153033,299.8939376605307,0,nan
302.0,1.4020595806947624,1.0429991662328904,3472.12975478479,30.914965841894265,30.912696402945585,30.913831122419925,0.7752667320712427,300.03662562735155,0,nan
302.5,1.2476846523720553,0.9187278689582845,3472.7921908430567,30.88617018438663,30.883775177164534,30.884972680775583,0.7890400753097643,300.1955684340703,0,nan
303.0,1.2283540317167678,0.9506744756376341,3473.4112005140787,30.964626665824653,30.962377845715128,30.96350225576989,0.7555607877804303,299.9593467071048,0,nan
303.5,0.8441678674699545,0.8919076159918993,3473.9293309888753,31.014695091590784,31.012517731375556,31.01360641148317,0.7147142253696084,299.9747062628764,0,nan
304.0,1.270584690356543,0.9653352160955114,3474.458019128332,30.870081618358473,30.867899484159352,30.86899055125891,0.7285448057073302,299.8727588226545,0,nan
304.5,1.4422101860462249,0.9621919272891131,3475.136217847433,30.86879568053787,30.86662171225489,30.86770869639638,0.7702713185595363,299.9195957352574,0,nan
305.0,1.2103854195357342,0.9319010838896158,3475.799366748828,30.902084683209523,30.899839569720097,30.90096212646481,0.7594855534320193,300.170563958029,0,nan
305.5,1.1816669468734062,0.92341014707025,3476.3973798404304,30.862128938377463,30.85980835259943,30.860968645488448,0.739530251318289,300.1632436833155,0,nan
306.0,1.1894785554888585,0.9903383748646347,3476.990166216021,30.910976932187577,30.90873236014504,30.90985464616631,0.7448822264036007,300.0986108114022,0,nan
306.5,1.1508236949345503,0.9092940364898406,3477.5752417786266,30.892895812120468,30.890736613059925,30.891816212590196,0.73138457010107,299.7431718950519,0,nan
307.0,1.3860397901545014,0.9510933476013776,3478.209457649899,30.965246046778883,30.962828899730265,30.964037473254574,0.7204023905750125,300.166731491972,0,nan
307.5,1.3461839640847217,0.846805769682128,3478.8925135884588,30.97799956027052,30.97581145626009,30.976905508265304,0.7029588287589686,299.87601414807256,0,nan
308.0,1.1600385319520057,0.7943347398116802,3479.519069212468,30.99968707967514,30.99747337825975,30.998580228967445,0.6900031233263054,300.03456024179366,0,nan
308.5,1.4246556176690148,0.8844229978500339,3480.165242749873,30.95012816690205,30.947759349795525,30.948943758348786,0.6920975226504116,300.31795697711357,0,nan
309.0,0.3928476607657558,0.9369565162311903,3480.6196185694816,31.041487527649814,31.039267426060725,31.04037747685527,0.7018744774372563,299.7563386295881,0,nan
309.5,1.0651997120864962,0.8768032588528702,3480.984130412695,31.132634462018494,31.130309546244824,31.13147200413166,0.6487779935502433,300.16255269561276,0,nan
310.0,0.8452249552152609,0.9558326395710325,3481.46173657952,31.066785547319522,31.06467126831958,31.065728407819552,0.6552380486806824,299.7069201530847,0,nan
310.5,0.6498286651530947,0.8316935943202584,3481.8354999846124,31.17482713995323,31.17259929740976,31.173713218681495,0.6477691249408134,299.97668491627485,0,nan
311.0,0.6986828153872409,0.8394531043119902,3482.1726278547476,31.268446850717464,31.266128155534716,31.26728750312609,0.6644726517900712,300.12163138863076,0,nan
311.5,0.8424313927580556,0.8149314293855234,3482.557906406784,31.083793799950353,31.081679046944554,31.082736423447454,0.6838007179708818,299.79836688772554,0,nan
312.0,1.0012917757444426,0.9726752197307181,3483.0188371989093,30.987497264052035,30.98523639677551,30.986366830413772,0.6700318916993785,300.0649647541193,0,nan
312.5,1.0040053714350505,0.8843820099054588,3483.520161485704,31.142520878576853,31.14032316824905,31.14142202341295,0.6901691531588783,299.8133015031643,0,nan
313.0,0.5353258109589462,0.9057123279541422,3483.9049942813026,31.211707116258186,31.209472182955686,31.210589649606938,0.6863058351400855,299.97201141580626,0,nan
313.5,0.7467318931787446,0.897004135718938,3484.225508707337,31.06155955177428,31.059316235050392,31.060437893412335,0.7054679689152819,299.9606668815876,0,nan
314.0,1.527907357799802,0.8703195466704345,3484.7941685200817,30.928463883690256,30.926116569865734,30.927290226777995,0.688019879584346,300.0245299201954,0,nan
314.5,1.1765902299993996,0.8249012958299665,3485.4702929170317,30.942909833802425,30.9405881435403,30.94174898867136,0.7001212051430201,300.17138823516433,0,nan
315.0,0.76421787678876,1.0711761647700602,3485.955494943729,31.012675152248857,31.01035210320533,31.011513627727094,0.7108849412712389,300.1764597956972,0,nan
315.5,1.3806737126037718,0.9254261465277945,3486.491717841077,30.900687117440157,30.89838394871513,30.899535533077643,0.687654714672511,300.26715955754344,0,nan
316.0,1.4847384458414523,0.9293009928956191,3487.2080708806884,30.96060908625909,30.958325010684895,30.959467048471993,0.691286342571466,300.05431909996184,0,nan
316.5,1.6207841874038054,0.943363788126098,3487.9844515389996,31.05085871620431,31.048630956924534,31.04974483656442,0.6878332217394469,300.0294860176842,0,nan
317.0,1.147427666739668,0.8517316288915064,3488.6765045025354,30.950685380944652,30.948387152924443,30.949536266934548,0.6840005719310723,300.1876261818335,0,nan
317.5,1.4436277272938043,0.9014139776144093,3489.324268351044,30.764533288144683,30.762242413114656,30.76338785062967,0.7028081526404404,299.97290795453915,0,nan
318.0,1.3418657818063537,0.8247594796222273,3490.020641728319,30.82938288596756,30.82705704041,30.82821996318878,0.7066123457138611,300.11157869944924,0,nan
318.5,1.050612744204247,0.9392398748567099,3490.6187613598217,31.018194295483863,31.016053920850755,31.01712410816731,0.6866291981867175,299.89226875094494,0,nan
319.0,1.6303756564321419,0.8822036151692653,3491.289008459981,30.982950191624695,30.98068112909514,30.981815660359917,0.6740683232902537,300.1898005656101,0,nan
319.5,1.4614142846575988,0.9260353910169321,3492.0619559452534,30.881331018170975,30.879094225309746,30.880212621740363,0.6901860704682928,300.07402884952114,0,nan
320.0,1.016626200602289,0.9532268164572284,3492.681466066568,31.026018105223283,31.023719918619282,31.024869011921282,0.6901232991082324,300.15104898164384,0,nan
320.5,1.1610322479190471,0.9606713098910873,3493.2258806786986,31.111592443236397,31.109360370724243,31.110476406980318,0.6775165791140783,299.8287088293581,0,nan
321.0,0.8093919455185471,0.9349461143328306,3493.718486727058,31.091407249399662,31.0891404154856,31.09027383244263,0.6766247994699423,300.0400281722391,0,nan
321.5,0.7668467266020542,0.8449144951240323,3494.112546395088,31.055986915059428,31.05365399460934,31.054820454834385,0.664103910202102,300.15322623199415,0,nan
322.0,0.6369594668536905,0.9102951988686967,3494.463497943452,31.044964180438274,31.042725465630973,31.043844823034625,0.6475732413067692,299.9890951322178,0,nan
322.5,1.8504404457762065,0.8926053131477747,3495.0853479216094,30.97124258238141,30.96894016592505,30.97009137415323,0.6220083440831964,300.1081057088787,0,nan
323.0,1.3324645054024615,0.8544683505048158,3495.881074159404,30.901233285833268,30.89910131634533,30.9001673010893,0.6333749777842235,299.6824656803107,0,nan
323.5,0.5668917146858433,0.8401106611827057,3496.355913214426,31.08394750942107,31.08168456934909,31.08281603938508,0.6227217454811754,299.93556729651783,0,nan
324.0,1.0279201610816415,0.8968062188304445,3496.754616183368,31.08048930414525,31.07826923040393,31.07937926727459,0.6515321710525834,299.932211741482,0,nan
324.5,0.8510324664132554,0.8050459566407113,3497.2243543402415,31.003097628322713,31.000789567700302,31.001943598011508,0.6296469240638469,300.0394214058303,0,nan
325.0,1.0804239728758602,0.742523366754092,3497.707218450064,31.16150823219118,31.159337371910077,31.16042280205063,0.5681437899317008,300.0587261164618,0,nan
325.5,1.0390331294761495,0.7494827347370965,3498.237082725652,31.10930382835095,31.107054981399234,31.10817940487509,0.6061725971543804,300.00211714834643,0,nan
326.0,1.267063300239903,0.8119273936443968,3498.813606833081,31.111760570228853,31.109404122740308,31.11058234648458,0.6188444644777208,300.1949964251329,0,nan
326.5,0.9102601409343037,0.82780165853818,3499.3579376933744,30.939093529452748,30.936854954605042,30.937974242028893,0.5999470397183273,299.99504884659075,0,nan
327.0,1.213570417110907,0.9012243388194064,3499.8888953328856,30.926082856050378,30.923677456720178,30.924880156385278,0.6002809869422393,300.2470346509555,0,nan
327.5,0.9256786560620611,0.8592329308088917,3500.4237076011786,31.059208702370505,31.05682422983555,31.058016466103027,0.6138646332920711,300.1440935394316,0,nan
328.0,0.9880238789506535,0.7762916391815006,3500.9021332349316,31.110628230848853,31.108223732140505,31.109425981494677,0.601595143084801,300.04537689483107,0,nan
328.5,1.6635317278162915,0.7315100706985737,3501.565022136623,31.062688329024105,31.06036566389539,31.061526996459747,0.5850968879906561,300.1614739189254,0,nan
329.0,1.0719598233301126,0.8475508758725442,3502.2488950244096,31.045098159601913,31.042681321570125,31.043889740586017,0.5686888195936499,300.2369298940048,0,nan
329.5,1.226386996918555,0.7309681810349854,3502.823481729472,31.029792037214612,31.027441264854495,31.028616651034554,0.5959136713238061,300.1714804800485,0,nan
330.0,1.836000051681151,0.7250095607307704,3503.589078491622,30.77766168523044,30.775254369244248,30.776458027237346,0.578402371672941,300.2705037402663,0,nan
330.5,0.941958356789334,0.7236061638131503,3504.2835680937396,30.89407663590241,30.891743182555,30.892909909228706,0.5513791736881365,299.8753350621927,0,nan
331.0,1.367501438188981,0.7978752789096045,3504.8609330424842,30.956812941218004,30.95438546663481,30.955599203926408,0.5572280914100727,300.22217124998076,0,nan
331.5,1.2097041763911505,0.7246449812082096,3505.505234446129,30.923686735038064,30.921270971205377,30.92247885312172,0.5657006459546706,300.2342448481203,0,nan
332.0,1.2485403424651793,0.6857104315399631,3506.1197955758435,30.874527239037754,30.8722684602104,30.873397849624077,0.5551789091244336,299.8983205970173,0,nan
332.5,1.5103148779365938,0.6680815761044882,3506.809509380944,30.794933890530956,30.79255387272042,30.793743881625687,0.5510501301070069,300.1815811203919,0,nan
333.0,1.082109454727751,0.661940095167097,3507.45761546411,30.68691119803889,30.684784493960798,30.68584784599984,0.5570181288909278,299.76872665772555,0,nan
333.5,1.5963399129846692,0.5838598065383779,3508.1272278060383,30.698785061180935,30.696505835945935,30.697645448563435,0.5419307244045896,299.9432139738372,0,nan
334.0,1.5713754904245463,0.6157154928417997,3508.9191566568907,30.68122597790316,30.678888859450126,30.680057418676643,0.5764333919711359,300.1330317027765,0,nan
334.5,2.0816367400421028,0.6752926000175435,3509.8324097145073,30.610822149203887,30.60848142859959,30.609651788901736,0.5516381220831227,300.04820219450136,0,nan
335.0,1.7938191977721971,0.71707251490749,3510.801273698961,30.802942077659374,30.800486719614675,30.801714398637024,0.5371399142808776,300.22418340405466,0,nan
335.5,0.7771018964514468,0.7831787211226487,3511.444003972517,30.91473303496782,30.912355267150453,30.913544151059135,0.5596900589003668,300.0233439347066,0,nan
336.0,1.4369339419127585,0.6216927103516101,3511.997512932108,30.6948806554175,30.69252235193435,30.693701503675925,0.5418339768109532,300.0596694761524,0,nan
336.5,1.3703627346190501,0.6536481766470724,3512.699337101241,30.68569417361,30.683413627774826,30.684553900692414,0.5024130793722663,299.9102667211679,0,nan
337.0,1.4161337490286456,0.5601981605357116,3513.395961222153,30.764759267216913,30.762453354489843,30.76360631085338,0.4951027685556278,300.0755047673832,0,nan
337.5,1.0306752445317415,0.6970589052103418,3514.007663470543,30.90279119328911,30.9003587523257,30.901574972807406,0.5002468985406744,300.1935166280415,0,nan
338.0,1.1438961350792909,0.6117722237155812,3514.551306315446,30.97300878272613,30.97065918826429,30.97183398549521,0.5029176792818905,299.99855170633583,0,nan
338.5,1.0681520235478672,0.6717437760291195,3515.104318355103,31.051105384977838,31.04875856407034,31.04993197452409,0.4969132937412732,300.0675252003302,0,nan
339.0,1.2473240777768608,0.694854389025346,3515.683187380434,31.00915630506188,31.00673756351025,31.007946934286064,0.506940937697384,300.2833063475592,0,nan
339.5,1.3375132077974001,0.575632925685744,3516.3293967018276,30.872498355759944,30.870137603584954,30.871317979672448,0.5569783808552187,299.93809027651196,0,nan
340.0,1.0944791485058942,0.6287991894858954,3516.9373947909035,30.87845160004199,30.876185553845062,30.877318576943527,0.5161102361853782,299.90094076718486,0,nan
340.5,1.190834539995484,0.584150215375133,3517.5087232130286,31.00416568956557,31.001736390545013,31.00295104005529,0.5023962713206667,299.9763481002066,0,nan
341.0,1.0676881988262608,0.7277533700363171,3518.0733538977343,31.014130682788753,31.011690306575293,31.012910494682025,0.5068899260616414,300.0291789755831,0,nan
341.5,1.1275568272702372,0.6122103371809043,3518.6221651542583,30.945310770738796,30.94293021479898,30.94412049276889,0.5107690683537275,300.0107676242721,0,nan
342.0,1.336468549123211,0.7997706673736097,3519.2381714983567,30.775839854312107,30.7735074338947,30.774673644103405,0.538785427126249,299.8935822370766,0,nan
342.5,1.102562385889192,0.6677309950716267,3519.84792923211,30.83247744099599,30.830094361080775,30.83128590103838,0.5591578351769496,300.2452645079228,0,nan
343.0,1.172226272717603,0.6924356212391565,3520.416626396762,30.945531174801864,30.94307266958058,30.944301922191222,0.5617730096557255,300.2376330735309,0,nan
343.5,1.6360151374375875,0.7174399133929021,3521.1186867493007,30.929934730723563,30.927559669679976,30.92874720020177,0.5486706966965044,300.1778353847609,0,nan
344.0,1.2158676523546916,0.696331806401648,3521.8316574467485,31.03176622960268,31.029347893569685,31.030557061586183,0.5571039974893491,300.02713982436296,0,nan
344.5,1.2354569080653306,0.769044068698374,3522.4444885868534,31.073587560781153,31.071182359295015,31.072384960038086,0.5790484531341089,299.9911637555537,0,nan
345.0,1.125543843404452,0.720477780546033,3523.0347387747206,31.0077931047882,31.005520629700367,31.00665686724428,0.5715356049824861,299.76976415402873,0,nan
345.5,1.2049473280191534,0.7234911288331972,3523.6173615675766,30.921678763497585,30.91928999305055,30.920484378274068,0.5821784378752429,299.93853630987644,0,nan
346.0,0.8024305493553043,0.7379004862503453,3524.1192060369203,30.957824530269864,30.95547530501408,30.956649917641972,0.5605260193833195,300.0552933001322,0,nan
346.5,1.6205389861980564,0.7714148980128666,3524.7249484208087,30.903385859169703,30.901090914610542,30.902238386890122,0.5414842326591086,299.77047445662663,0,nan
347.0,1.0408007215852961,0.8421656169023084,3525.3902833477546,30.94689627627927,30.94453458025073,30.945715428264997,0.5573653620314557,299.98776285243423,0,nan
347.5,1.055354325600544,0.8793721364739351,3525.914322109551,30.85195727703899,30.84958999270493,30.850773634871963,0.5977457721402331,299.77807568918456,0,nan
348.0,1.2211579870269447,0.8722898817358372,3526.483450187708,30.69252058949928,30.690025738800976,30.69127316415013,0.5975656136767765,300.03278711147766,0,nan
348.5,0.9975295361192934,0.9115428091664408,3527.0381220684944,30.727371337647945,30.724903769679987,30.726137553663968,0.5887029822778206,300.07036289794723,0,nan
349.0,1.2166532046105458,0.8307803196666023,3527.591667753677,30.858979316662545,30.8566270741454,30.85780319540397,0.5820268066604279,300.0092833102897,0,nan
349.5,1.6952168633282412,0.9533511958790524,3528.319635270662,31.003572229021028,31.00109195599016,31.002332092505593,0.6357934433974798,300.2271755586977,0,nan
350.0,1.7071960251567417,0.8755884770358179,3529.170238492783,30.964907388506845,30.962595557830355,30.9637514731686,0.6002912630159194,299.9922061961959,0,nan
350.5,1.3841407296480042,0.8075947876364696,3529.9430726814844,30.832870537794452,30.830612887724783,30.831741712759616,0.5607699610227888,300.00000087533425,0,nan
351.0,1.449768303383027,0.7430912845849424,3530.6515499397424,30.72020869060784,30.71787610495976,30.719042397783802,0.579170823663678,300.0364728025682,0,nan
351.5,1.4663996975684426,0.8311325368795763,3531.38059193998,30.647063585978138,30.64477713766064,30.64592036181939,0.5831939544013081,299.8878141473241,0,nan
352.0,1.534757397691203,0.922539537499231,3532.130881213795,30.717675262897092,30.715347278250373,30.716511270573733,0.5753764519030475,300.0045095300112,0,nan
352.5,1.320870163066661,0.8784274690603487,3532.8447881039842,30.75839947408308,30.756171386725146,30.757285430404114,0.5719350726768456,299.9156135653567,0,nan
353.0,2.00499984688185,0.7732937815968792,3533.6762556064714,30.716297719741032,30.7139008411752,30.715099280458116,0.574912210804603,300.17052876756236,0,nan
353.5,1.1881688381221067,0.8645466084529224,3534.4745477777224,30.893855928835684,30.891465011725266,30.892660470280475,0.5732158902551499,299.998019663631,0,nan
354.0,1.4657270169080647,0.7529213962563892,3535.13802174148,30.928672502222433,30.92624932365652,30.927460912939477,0.5588000565476029,300.16423297106365,0,nan
354.5,1.6433782800609493,0.8853867225411605,3535.9152980657223,30.829684872859843,30.8272448685746,30.82846487071722,0.5671726235764266,300.15255773508295,0,nan
355.0,1.6799804520468116,0.9216386459727139,3536.7461377487493,30.741181240492416,30.738763690959605,30.73997246572601,0.5834502792150691,300.0784212952746,0,nan
355.5,1.399569976231615,0.8963400062150119,3537.516025355819,30.899510189914327,30.897090223305533,30.898300206609928,0.5869055787849178,299.98302527118886,0,nan
356.0,1.296517235944495,0.9223701603893902,3538.190047158863,30.969085268674462,30.966653560950363,30.967869414812412,0.5679077406967201,299.9901894552454,0,nan
356.5,1.233143781714648,0.8865911755073232,3538.8224624132777,30.9407534496499,30.938305649844914,30.93952954974741,0.5927716453721326,300.2029815915844,0,nan
357.0,1.1514716953760853,0.8869452110161391,3539.4186162825504,30.948325026916837,30.94588904093471,30.94710703392577,0.5872937542802182,300.1643382821988,0,nan
357.5,1.046905942775038,0.8233192006831992,3539.968210692088,31.14304283245333,31.140591521080022,31.141817176766676,0.5764365418150639,300.1473549645436,0,nan
358.0,1.481832104229602,0.8895208914365984,3540.6003952038395,30.949333341168312,30.946757633775086,30.9480454874717,0.5843337497544531,300.0677031368672,0,nan
358.5,1.1866767900228836,0.9359879678404749,3541.2675224274026,31.05068803376962,31.04811114484564,31.049399589307633,0.5919951136687743,300.25036632921825,0,nan
359.0,1.185514397736452,0.9766334029307795,3541.8605702243426,31.08571432961776,31.083261105249584,31.08448771743367,0.5635401018831491,300.0846982953763,0,nan
359.5,0.5548838226699019,0.8781144578014632,3542.2956697794443,30.98896217654997,30.98654093370478,30.987751555127375,0.5452447826690315,299.8615170863831,0,nan
360.0,1.3040294554147949,0.8811775904149965,3542.7603980989657,30.974622276572838,30.972179352125387,30.973400814349112,0.5579628512775168,300.143701930481,0,nan
360.5,0.7871686694677322,0.8546000218870045,3543.2831976301864,30.987356594620223,30.984952244229497,30.98615441942486,0.546242331754143,299.95865704123736,0,nan
361.0,1.1040373015007503,0.8351896052201192,3543.7559991229286,30.94459605567863,30.942325240089485,30.94346064788406,0.510047974002917,299.80290996712495,0,nan
361.5,1.574275855670996,0.8965326841058949,3544.4255774122216,30.99456579464104,30.992158833709617,30.99336231417533,0.5433477329238844,300.13898155724,0,nan
362.0,1.3499179916369939,0.8110988055715336,3545.1566258740486,30.959801255235288,30.957325456725265,30.958563355980278,0.5235689221788491,300.2093841275895,0,nan
362.5,1.4010305670895549,0.8108076304021534,3545.8443630137303,30.954140481046306,30.951726977515317,30.95293372928081,0.5626357371383407,299.97407099023496,0,nan
363.0,1.0792517360177611,0.8379454833468023,3546.4644335895073,30.91197601350609,30.909503401744587,30.91073970762534,0.5402223618176253,300.0137325331578,0,nan
363.5,1.1364416988409574,0.8117075759971474,3547.018356948222,30.752453231696062,30.750091841909853,30.751272536802958,0.56921586012307,299.85663097388493,0,nan
364.0,1.267599938678103,0.8371898197615506,3547.6193673576017,30.741596031344624,30.73929766215406,30.740446846749343,0.5832370954616054,299.8752547355423,0,nan
364.5,1.3392166640480467,0.9215479059775569,3548.271071508283,30.83200424566571,30.829634621145487,30.8308194334056,0.5587933018549867,300.12377431732415,0,nan
365.0,1.2211648282133496,0.9651273430045125,3548.9111668813484,30.82415942446214,30.821788159055178,30.82297379175866,0.5907910515830128,299.8351024279422,0,nan
365.5,1.5378668139686908,0.9459912576120818,3549.600924791894,30.680623849804487,30.67819624895019,30.67941004937734,0.6012211672489379,299.88649675080063,0,nan
366.0,1.5299153056515138,0.8664244978267022,3550.3678703217993,30.778101184053366,30.775624431919642,30.776862807986504,0.6077877778078011,300.0313087052215,0,nan
366.5,1.4242703278728073,1.01572158646025,3551.10641673018,30.94257605811431,30.940223489120218,30.941399773617263,0.5829378747274155,300.0119190742532,0,nan
367.0,1.4960391452672526,0.7878595488421373,3551.836494098465,30.84936932309656,30.846985325019887,30.848177324058224,0.5844802045792076,300.044202743062,0,nan
367.5,1.5356449947966921,0.8457640926881654,3552.594415133481,30.847562259488903,30.84524289805031,30.846402578769606,0.5548957980077552,299.900621342079,0,nan
368.0,1.7378392806108536,0.7137792457954061,3553.412786202333,30.796003523381387,30.793636111524755,30.79481981745307,0.5297971852555752,300.1206786726527,0,nan
368.5,1.282936545390956,0.8585770622229961,3554.1679801588334,30.82060223480744,30.81827280440557,30.819437519606502,0.5051458020108753,299.893978132778,0,nan
369.0,1.3416817893865072,0.7390404373930882,3554.824134742528,30.77808980466448,30.775706338865348,30.77689807176491,0.5499802217303226,300.022119781912,0,nan
369.5,1.7151054109438575,0.6183249821264538,3555.5883315426104,30.656889272717855,30.65447178696031,30.65568052983908,0.5679358749899136,300.025537478398,0,nan
370.0,1.4051756728187654,0.6709663349478534,3556.368401813551,30.55472758353094,30.552354242521325,30.553540913026133,0.5387842846108553,299.9243291145681,0,nan
370.5,2.332083529403397,0.7404835661934587,3557.3027166141064,30.560518856960517,30.558126956909472,30.559322906934995,0.5655251900450056,300.04348465451557,0,nan
371.0,1.443309369122599,0.6972333775726893,3558.246564838738,30.792180629054748,30.789875935298916,30.791028282176832,0.5437711420289217,299.7051375599368,0,nan
371.5,1.9853541511548514,0.804312699155672,3559.103730718807,30.756174125988263,30.75375640556922,30.754965265778743,0.5140777737059625,300.0586470706256,0,nan
372.0,1.4616867639995519,0.6162830394716672,3559.9654909475958,30.65792521723706,30.655465312244996,30.65669526474103,0.5281641624064227,300.0015643213462,0,nan
372.5,1.7499606535868026,0.7593142763837027,3560.768402801992,30.717996872473122,30.71545346356579,30.716725168019458,0.5519737825110125,300.11322972713873,0,nan
373.0,1.4623965161072618,0.734726382970643,3561.5714920944156,30.87753786658336,30.875086547110367,30.876312206846865,0.5348223162814367,299.9959658509419,0,nan
373.5,1.6895922000762653,0.5648021880280133,3562.3594892734613,30.828464499313988,30.825985896305063,30.827225197809526,0.5057053724598443,300.11757372823666,0,nan
374.0,1.4068050814392818,0.6935221439371674,3563.13358859384,30.810187719651775,30.807782529569884,30.80898512461083,0.5431915490114215,299.8913582843009,0,nan
374.5,0.9672794491799067,0.7627998795279941,3563.7271097264947,30.964732675230927,30.962404840864473,30.9635687580477,0.5752052741242639,299.8112408284906,0,nan
375.0,1.3999950840439823,0.6812515405702592,3564.318928359801,30.807957248253434,30.80548843606048,30.806722842156955,0.5522867496270937,299.8553952315989,0,nan
375.5,1.4466086365906108,0.5342485814198734,3565.0305792899594,30.61434784627818,30.611925270469875,30.613136558374027,0.5134298975908415,299.8665275423558,0,nan
376.0,1.5132604207520075,0.7502266440293377,3565.770546554295,30.821989798612186,30.819518059094662,30.820753928853424,0.5242953247358926,299.87625573446405,0,nan
376.5,1.5172009631321515,0.6861599970234887,3566.528161900266,30.910477551021632,30.90801391458972,30.909245732805676,0.514196509503772,300.1750389482747,0,nan
377.0,1.2447281838089481,0.6506470278076493,3567.2186441870012,30.794930640234316,30.792451061095562,30.793690850664937,0.4902039761835237,299.89657729793043,0,nan
377.5,1.317784075341598,0.68507630301278,3567.8592722517888,30.874604136921608,30.87217975016938,30.873391943545492,0.51943740834877,299.955512711685,0,nan
378.0,1.34593837460269,0.6694328180222102,3568.525202864275,30.907056684393865,30.904618291004773,30.90583748769932,0.5680387939884036,300.0817310788222,0,nan
378.5,1.3804848758991568,0.5925170697687144,3569.2068086769004,30.860905785072646,30.858525257789733,30.85971552143119,0.5504033378154826,300.07832850103733,0,nan
379.0,0.9716371634133054,0.5654331618778834,3569.7948391867285,30.7118795526319,30.709561926974857,30.710720739803378,0.4970823908233578,300.0041281045573,0,nan
379.5,1.7945715898853565,0.5913481941485459,3570.4863913750532,30.758117119397866,30.755700444299872,30.75690878184887,0.47542433133548345,300.185637205977,0,nan
380.0,1.8202379340698003,0.6261535032672619,3571.390093756042,30.715189099732925,30.7128260173351,30.714007558534014,0.5150938333167808,300.20698449065446,0,nan
380.5,1.8861951384646942,0.6541832259896656,3572.316702024176,30.731555656526098,30.729279005729587,30.730417331127843,0.4613693309484888,300.0740729464317,0,nan
381.0,1.294233714495516,0.631283259943409,3573.111809237416,30.72073862227944,30.718467611075358,30.719603116677398,0.4626358805988027,300.0187303694671,0,nan
381.5,1.5288097890329169,0.5387137466953243,3573.817570113298,30.543570252649214,30.541384615730202,30.54247743418971,0.4916930980092467,299.84435817903477,0,nan
382.0,1.888734773684098,0.6623568900046652,3574.6719562539774,30.463014021874187,30.46082029480931,30.46191715834175,0.5134369915294963,299.93424534653224,0,nan
382.5,1.4298662405876486,0.6174718656265661,3575.5016065075456,30.65143403719667,30.64913359035454,30.650283813775605,0.5213044424449629,300.02248951894006,0,nan
383.0,1.4407254904192996,0.5940283902207476,3576.2192544402974,30.725779966392565,30.723533483490428,30.724656724941497,0.5429227685622753,299.89182521363585,0,nan
383.5,1.8038461326984474,0.6204422789434809,3577.030397346077,30.551666893694073,30.549510934554927,30.5505889141245,0.5529395971235916,299.92787496276463,0,nan
384.0,1.6832826814373363,0.7882297630365059,3577.902179549611,30.48245829133848,30.48026376052967,30.481361025934074,0.5502597521774854,299.8674572534517,0,nan
384.5,1.6771263796504143,0.6067193362289005,3578.742281814883,30.446999916712365,30.444680993285147,30.445840454998756,0.5603352554405935,300.0185068232257,0,nan
385.0,1.277068069900443,0.6903907482364227,3579.4808304272706,30.522944969222955,30.520625880435,30.521785424828977,0.5550061240053129,300.04028062023383,0,nan
385.5,1.2181009267807155,0.7098414151404312,3580.104622676441,30.645990395662874,30.643646894375525,30.6448186450192,0.5490193671558768,299.96399007025434,0,nan
386.0,1.5851847175506975,0.6161956594598013,3580.805444087524,30.62799338418431,30.625666387639832,30.62682988591207,0.5392685914909274,300.09893754200306,0,nan
386.5,1.7593502530632492,0.6163839683087641,3581.6415778301775,30.59158879035649,30.58928008208968,30.590434436223084,0.556683280177837,300.0747869423776,0,nan
387.0,1.2724118285990584,0.7332336043590237,3582.399518350593,30.706111603170076,30.703751723595087,30.70493166338258,0.5985668219233938,300.11597900945026,0,nan
387.5,2.1208683137657856,0.6814417821130585,3583.2478383861844,30.469911478778567,30.46758460426554,30.468748041522055,0.614978479952034,300.1307463378889,0,nan
388.0,1.8142326004919682,0.6038661736849067,3584.2316136147488,30.455077238056354,30.452687089320353,30.453882163688355,0.6297766805696401,300.15185930085977,0,nan
388.5,2.0048233492383103,0.6025549969944446,3585.1863776021814,30.701894517083836,30.69951241131512,30.700703464199478,0.5841225701836091,300.2433420712585,0,nan
389.0,1.4841671404904104,0.649418225183811,3586.0586252246135,30.643782596020174,30.641490478930063,30.64263653747512,0.6300383264955243,299.8883310314004,0,nan
389.5,1.710270872390214,0.7089784530407476,3586.8572347278337,30.495448502029785,30.493076774665134,30.494262638347458,0.6417496967807412,300.0368381346762,0,nan
390.0,1.6010647026032927,0.615073016834485,3587.685068621582,30.492014038207298,30.48968822592942,30.49085113206836,0.6182265932406321,299.96774887708415,0,nan
390.5,1.4440695846908027,0.7149432302648467,3588.446352193406,30.605762728627724,30.6035753624461,30.604669045536912,0.6499078220962285,299.85299663897456,0,nan
391.0,1.776795308718866,0.7607909626193126,3589.2515684167583,30.535798032357025,30.533638110804713,30.53471807158087,0.6709495636856888,299.88290475583983,0,nan
391.5,1.7447834616346483,0.7274948650651947,3590.1319631093465,30.534527079885947,30.53210824699563,30.53331766344079,0.6475046697537481,300.1770114400765,0,nan
392.0,2.338532363617813,0.7695884315075672,3591.1527920656595,30.641548688886225,30.639122190614398,30.64033543975031,0.6535733802709892,300.2536899384052,0,nan
392.5,1.7745915186319536,0.6852592715900596,3592.1810730362217,30.76113656847665,30.75875787176483,30.75994722012074,0.653421332524348,300.1064697133313,0,nan
393.0,2.023649841399839,0.7278347677722127,3593.1306333762295,30.859918092119322,30.857459067689526,30.858688579904424,0.645935216981241,300.15176294746186,0,nan
393.5,1.8341336943662951,0.7499512630542735,3594.095079260171,30.691789113186314,30.689441197700035,30.690615155443176,0.6936203719016545,300.02661739153353,0,nan
394.0,1.7741283374294283,0.6325137645132128,3594.99714476812,30.773155510804372,30.770773933860074,30.77196472233222,0.6651073738268489,300.13132728638936,0,nan
394.5,1.7126227561301506,0.7509844444218275,3595.86883254151,30.800554890070725,30.798141606730496,30.799348248400612,0.6787188448574887,300.02186423757115,0,nan
395.0,1.8009853239953457,0.6910954704305569,3596.7472345615415,30.805983910087434,30.80349301596052,30.804738463023977,0.6925544074805484,300.3001594645749,0,nan
395.5,1.7902025430456177,0.6250626372699765,3597.645031528302,30.87730332899223,30.874950977859772,30.876127153426,0.6824143633608959,300.1740958673357,0,nan
396.0,1.9124964213130482,0.7355968607336002,3598.5707062693914,30.7955379310813,30.793115818699153,30.794326874890224,0.7035183249939923,300.0359907963324,0,nan
396.5,1.7187107078538133,0.6451815240531825,3599.478508051683,30.937869962585136,30.935542300754786,30.93670613166996,0.6959625881418458,299.9834301967532,0,nan
397.0,1.4218929647924028,0.5708935896985965,3600.2636589698445,30.95970645267057,30.957335332249933,30.95852089246025,0.6894547572510936,300.01283900169153,0,nan
397.5,1.2567895191712466,0.8108321779004185,3600.9333295908355,31.174214961504596,31.17185551809016,31.17303523979738,0.7060095568946314,300.0151443508311,0,nan
398.0,1.2770414102085597,0.7543020777106638,3601.5667873231805,31.217341583710642,31.21495573054017,31.216148657125405,0.7297410298309156,300.11380919971333,0,nan
398.5,1.3840041752257037,0.7850392010858086,3602.232048719539,31.13805220707304,31.135555818206377,31.136804012639708,0.7088412407697339,300.2619957061805,0,nan
399.0,1.2968791868339422,0.7146280850279129,3602.902269560054,31.165206450934694,31.16287436170969,31.164040406322194,0.6911169407830843,300.1813733042828,0,nan
399.5,1.253981231238106,0.6287177472871395,3603.539984664572,31.082340949841047,31.07993999603441,31.081140472937726,0.6565927749217312,300.2214202066188,0,nan
400.0,1.2617714733080987,0.7120467075025533,3604.1689228407085,31.077085441204325,31.07471582570961,31.075900633456968,0.6694898110093338,300.18217176859383,0,nan
400.5,1.319454768163098,0.6829143443604042,3604.8142294010763,31.04317591527074,31.04086908203026,31.0420224986505,0.6573341344967022,300.03867755892577,0,nan
401.0,0.825497310600204,0.7763624163372128,3605.350467420767,31.10500353429925,31.102656294949885,31.103829914624566,0.6803747271473682,299.9824877438447,0,nan
401.5,0.7715476896508022,0.6955539191754014,3605.74972867083,31.226884785619994,31.22451016054547,31.225697473082732,0.6985841835991435,299.96771427932634,0,nan
402.0,0.9220235690086952,0.8279209167355613,3606.173121485495,31.156965026298213,31.154663870763763,31.155814448530986,0.7061615301618924,299.9860788110631,0,nan
402.5,1.0366324850770525,0.7610525740048141,3606.6627854990165,31.180405278750413,31.178006710030058,31.179205994390237,0.6817638453222451,300.3340387451773,0,nan
403.0,0.6619968182179065,0.6759901262145696,3607.0874428248403,31.108515482064966,31.106242619865405,31.107379050965186,0.6854449718774775,299.93332792787953,0,nan
403.5,1.1680976227961026,0.7036241310197233,3607.544966435094,31.121539173249722,31.11934373032036,31.12044145178504,0.6793618811913519,299.9304040815764,0,nan
404.0,0.6170218938778135,0.6765037526745029,3607.9912463142623,31.28500795580262,31.28269659672005,31.283852276261335,0.6898147456023725,300.18796810777764,0,nan
404.5,0.8203091722007428,0.8000276975946279,3608.350579080782,31.182415567176303,31.180216496460343,31.181316031818323,0.6507328082366646,299.93720128389293,0,nan
405.0,1.3177219104564557,0.7214395635005844,3608.8850868514464,30.899122224848817,30.89680754203473,30.897964883441773,0.6505837566271623,300.2183920643934,0,nan
405.5,0.9582420554546616,0.7219940832391668,3609.454077842924,30.81116466830854,30.80888828918978,30.81002647874916,0.6569868084202228,299.97438317190785,0,nan
406.0,1.1183548569836517,0.6527171212017776,3609.9732270710338,30.978024191170743,30.975783032335492,30.97690361175312,0.6261951117305443,300.04298863749904,0,nan
406.5,0.8558773284580553,0.6957327628152996,3610.466785117394,30.845639803516313,30.84343103806459,30.844535420790454,0.6248374451007351,299.9576553522085,0,nan
407.0,1.4108901876789133,0.7033423097037799,3611.0334769964284,30.71727681875427,30.715040775370653,30.716158797062462,0.6626437159501096,299.8777068663923,0,nan
407.5,1.34712954578429,0.7214693670297868,3611.722981929794,30.74100863476051,30.73872589946932,30.739867267114914,0.6538258081818245,300.2316510353495,0,nan
408.0,1.0699941519892548,0.7928640920678519,3612.3272628542372,30.722117880896484,30.719826016670048,30.720971948783266,0.6375143463103401,300.0050382001001,0,nan
408.5,1.8359572624241054,0.7917187108793143,3613.0537507078407,30.643160489623096,30.64098430637896,30.642072398001027,0.6896933379871982,299.91700920711327,0,nan
409.0,1.2136793749004966,0.7477754434939479,3613.816159867172,30.631888584386388,30.62978475561522,30.630836670000804,0.6976319648773619,299.8972618708434,0,nan
409.5,1.4013979248464579,0.8203749424209937,3614.4699291921083,30.67830391136058,30.67613835571501,30.677221133537795,0.6670911573887396,299.89573422232195,0,nan
410.0,0.5627037536335961,0.7739739438926653,3614.9609546117285,30.81111255164374,30.808860000070126,30.809986275856932,0.6804081333121181,299.8997952685339,0,nan
410.5,0.80840367052663,0.7782448633632173,3615.3037314677686,30.822274971779372,30.82005319374548,30.821164082762426,0.705458216718373,299.89231913146887,0,nan
411.0,1.3055841863379043,0.8308421201395262,3615.8322284319847,30.778501440864694,30.776348220540786,30.77742483070274,0.6974692836938765,299.8786579223192,0,nan
411.5,1.2278814583138058,0.7553632268300283,3616.4655948431478,30.69478160392159,30.692549403054908,30.69366550348825,0.6839538966916037,299.88880755632243,0,nan
412.0,1.9395875644983875,0.8261456999424946,3617.2574620988507,30.52496102921109,30.522765563035136,30.523863296123114,0.6793792662026729,300.036065441113,0,nan
412.5,1.4540933117951114,0.8033799307818632,3618.105882317924,30.684211471896695,30.681878107830563,30.68304478986363,0.6812977379973681,300.1773416902382,0,nan
413.0,1.3888962086121097,0.7781283979736554,3618.816629698026,30.73773978452291,30.73546172370552,30.736600754114214,0.7144148442356753,300.00283944016974,0,nan
413.5,1.61463544692933,0.6915789649517109,3619.5675126119118,30.779635218904694,30.777210203204596,30.778422711054645,0.72209390628959,300.35850073677864,0,nan
414.0,1.4765863853861105,0.6763493252851392,3620.3403180699906,30.793617974238714,30.79130571793994,30.792461846089328,0.7091183740105511,299.9723600988573,0,nan
414.5,1.4226002313417923,0.6216934566952795,3621.0651147241724,30.847470769482378,30.84521719632958,30.846343982905978,0.6866609856837795,299.93319784231875,0,nan
415.0,1.2618738013540423,0.7557884264803475,3621.7362332323464,30.812780558824624,30.810599952240228,30.811690255532426,0.6807169334596239,299.67629451648907,0,nan
415.5,1.7698292009545669,0.7436746285351697,3622.4941589829236,30.80339413628126,30.801019010880008,30.802206573580634,0.7057772948707948,300.22395964212006,0,nan
416.0,1.3170489563253398,0.7603412556682685,3623.265878522244,30.927658911637717,30.925397063565107,30.92652798760141,0.7279232856987726,299.84824129938335,0,nan
416.5,1.2708492352609,0.832208927323509,3623.9128530701405,30.95585171250382,30.953523907640736,30.95468781007228,0.7904201464681259,300.1752499611192,0,nan
417.0,1.4608098620614414,0.9153987135453283,3624.595767844471,30.95188340500972,30.94956565400571,30.950724529507717,0.8008791304055928,300.1304907720371,0,nan
417.5,1.1866375533493083,0.8149074970167802,3625.257629698324,31.070902513895135,31.06867692750948,31.069789720702307,0.7656975771794133,300.05338304812744,0,nan
418.0,1.062425793129711,0.8242693833437212,3625.8198955349435,30.933769147739667,30.931419098644618,30.932594123192143,0.7647506144034402,300.2073440612015,0,nan
418.5,1.246037667799547,0.8965316220338145,3626.397011400176,30.89644159672607,30.894297766789897,30.895369681757984,0.7943216035699187,299.8193433209653,0,nan
419.0,1.1276793927757638,0.912530551288237,3626.9904406653195,31.078774453529242,31.07654076053932,31.07765760703428,0.8174683069927559,300.11793318645056,0,nan
419.5,1.0272949983478639,0.8548686477551136,3627.5291842631004,31.064261683423048,31.062030101285018,31.063145892354033,0.8096991318134015,300.0343255018831,0,nan
420.0,1.098399640859401,0.9494191366850518,3628.0606079229024,31.054278732659167,31.05201006349471,31.053144398076938,0.7967180328274432,299.9285066475257,0,nan
420.5,1.2221263795325428,0.9582641405508494,3628.6407394280004,30.91702509857937,30.914780523679475,30.91590281112942,0.8081423798209163,299.9410974232876,0,nan
421.0,1.292958811961583,0.8410612794741389,3629.269510725874,30.923531416593278,30.921300032205544,30.92241572439941,0.7928429848107464,299.9516145350021,0,nan
421.5,1.463562527796438,0.9359951247224209,3629.9586410608135,30.98058198879694,30.97830436321492,30.97944317600593,0.7845898377027924,300.0192842184525,0,nan
422.0,1.635783467147715,0.8790525658609213,3630.7334775595496,30.92128057936725,30.918961735135234,30.92012115725124,0.8065314333040814,299.97755875629,0,nan
422.5,1.3663776282667441,0.8723831274354961,3631.484017833403,30.90239692209975,30.899994687100115,30.901195804599933,0.8339968256259943,300.1686524862117,0,nan
423.0,0.6807640813731808,0.929606518363001,3631.995803260813,30.99456845729487,30.992294727125227,30.99343159221005,0.8002197770098666,299.88340314010543,0,nan
423.5,1.5814517177945533,0.8811235563828475,3632.561357210605,30.947193582369028,30.944847994305384,30.946020788337204,0.787008393429763,300.17801162044884,0,nan
424.0,1.203039130925606,1.0565734612594568,3633.257479922785,30.922070400316944,30.91980655097468,30.920938475645812,0.7908203211880087,299.7686075483033,0,nan
424.5,0.8974137731034943,0.8750506221724363,3633.7825931487923,30.895330591209905,30.893114967380097,30.894222779295,0.7565596164104,299.872517216622,0,nan
425.0,1.0649797330549178,0.8881202175722351,3634.273191525332,30.824330858300073,30.82217536458993,30.823253111445002,0.7758191887448965,299.6697234221419,0,nan
425.5,1.197358625975903,0.8920048810341411,3634.83877611509,30.985991879390305,30.98368550725081,30.984838693320558,0.7895334129843895,300.0271993872194,0,nan
426.0,0.5809214677077505,0.995895301543176,3635.2833461385108,31.047861176053175,31.045583155094754,31.046722165573964,0.7574135325015113,299.90827731939,0,nan
426.5,1.0313483760120534,0.8867461166145972,3635.6864135994406,31.024271389050863,31.022091131779963,31.023181260415413,0.7589680820479299,299.9962320681095,0,nan
427.0,1.1130365098526966,0.9620314216302654,3636.222509820907,31.010032488692467,31.007870720830034,31.00895160476125,0.7554503671596604,299.9585513085163,0,nan
427.5,1.084275078669694,0.9806858277908138,3636.7718377180377,30.958973184835806,30.95669130042588,30.957832242630843,0.7563644854633651,300.1419216543995,0,nan
428.0,1.6310502631593038,0.9405673532992754,3637.450669053495,30.846494549357384,30.844199068160016,30.8453468087587,0.7756381824798106,300.13484464817594,0,nan
428.5,1.2769336930609654,1.0136460806196412,3638.17766504255,30.87632718739683,30.87409852081928,30.875212854108053,0.7872388411868447,299.8776847738312,0,nan
429.0,1.3654835663799105,0.9498675261335654,3638.8382693574104,31.03532436137025,31.033154712280158,31.034239536825204,0.753995713622237,299.99260715619175,0,nan
429.5,0.8169725524687947,0.842275495935452,3639.3838833871228,31.028669439464785,31.026427859099748,31.027548649282267,0.7310565651458868,299.97483862431613,0,nan
430.0,1.1733737223741572,0.9089201388296272,3639.8814699558334,30.953386249246478,30.951013949025036,30.95220009913576,0.7377167611077361,300.1717916715036,0,nan
430.5,1.2755335862910813,0.9715213644932755,3640.493696783,30.86897090840507,30.866689477774344,30.86783019308971,0.7668743745071211,300.05875087668477,0,nan
431.0,1.2505195495875512,0.8555073335280637,3641.1252100669694,30.989979797695288,30.987729171374667,30.988854484534976,0.7515622104217128,299.96472036102915,0,nan
431.5,1.0859896636186135,0.9339863077017254,3641.709337370271,30.999611172334607,30.997452678555238,30.998531925444922,0.7601189972261397,299.9137492783133,0,nan
432.0,1.3454020739139652,0.8851717054123159,3642.3171853046542,30.96141910520955,30.959148537315013,30.960283821262284,0.7737723446987459,300.11251748287197,0,nan
432.5,0.6267570193824469,0.9305933312752888,3642.8102250779784,30.945467596288246,30.94337353764531,30.944420566966777,0.7672791792824524,299.7420789596318,0,nan
433.0,1.198498708906223,0.7575182081439925,3643.2665390100506,30.948607841925924,30.946316223919712,30.947462032922818,0.7456338228034034,300.1726276208228,0,nan
433.5,0.7510528186346903,0.8334736188417462,3643.753926891936,30.956549530072742,30.954324760814963,30.955437145443852,0.7263479942656058,299.8896506180382,0,nan
434.0,0.8144235768130471,0.8508130623203473,3644.145295990798,31.021338517055163,31.019205748644346,31.020272132849755,0.7852773608777474,299.8682010661052,0,nan
434.5,1.1388958049239903,0.9578910722796383,3644.633625836232,31.134058043342158,31.13174828217452,31.13290316275834,0.7803551881009358,300.1229652531292,0,nan
435.0,0.7964229178310689,0.9259033455763734,3645.117455516921,31.319516188161742,31.317345398710312,31.31843079343603,0.780521325900422,300.0123734722867,0,nan
435.5,0.7868230672044916,1.0167690723909957,3645.5132670131798,31.17628049219038,31.174107083059972,31.175193787625176,0.7982326485995219,299.85027059387045,0,nan
436.0,1.3770837582268,0.9127422003959847,3646.0542437195377,30.932229468439438,30.929986504460068,30.931107986449753,0.8140996894616765,299.94535009324414,0,nan
436.5,1.1404460239678884,1.009391604325066,3646.6836261650865,31.073609178446123,31.071409067010972,31.072509122728547,0.8257556265457131,300.06912414292015,0,nan
437.0,0.8295062877116492,1.023950871196559,3647.1761142430064,31.184079703240467,31.18176803219485,31.18292386771766,0.8408713909750462,300.22606979469276,0,nan
437.5,1.1445123197866678,1.026978497628473,3647.669618894881,30.93074901824475,30.928555549299745,30.92965228377225,0.8262449194760595,300.018821742805,0,nan
438.0,1.062794762764301,1.0539656727457039,3648.221445665519,30.88920893121226,30.88707845034478,30.88814369077852,0.8187604610385709,300.02433510172034,0,nan
438.5,0.8814386971900461,1.048095617556301,3648.707504030507,31.010568448581672,31.00848706079978,31.009527754690726,0.8221403332998436,299.7661799854926,0,nan
439.0,1.2356766430346027,0.9843458039051164,3649.2367828655633,31.099522139781357,31.097233606810185,31.09837787329577,0.8237144750065438,300.1895506789939,0,nan
439.5,1.0494070277377006,0.9677502008760652,3649.8080537832566,31.089052307265455,31.08688807832532,31.08797019279539,0.835447532197842,300.0248322571369,0,nan
440.0,0.8858094296833059,1.0855667763235493,3650.291857897612,31.098305763097322,31.096160221800165,31.097232992448745,0.8581950513082746,299.9543983092575,0,nan
440.5,1.2249549574736818,0.9218935976956373,3650.819548994401,31.09669030212326,31.094562905875136,31.0956266039992,0.8526017054448817,300.01556252904254,0,nan
441.0,0.8733332681466066,1.05089389787167,3651.344121050806,31.082739220656276,31.080548424229892,31.081643822443084,0.8204273479076941,300.0712357370035,0,nan
441.5,1.2699221300285075,1.0210191219469171,3651.87993490035,31.117093698292365,31.1149590650748,31.116026381683582,0.8315825275492623,299.95881113497967,0,nan
442.0,1.227283382786453,0.9484889684296633,3652.5042362785534,31.171931514092012,31.169583265565052,31.17075738982853,0.824101667861089,300.2662935564472,0,nan
442.5,0.8990126514274521,0.9302631585069924,3653.035810287107,31.153879048387807,31.15172885785578,31.152803953121794,0.8101694281168795,299.89219595522627,0,nan
443.0,0.6565186360326493,0.9656914082080649,3653.424693108972,31.061281321430307,31.05912692972506,31.060204125577684,0.848158726086957,299.9084507704051,0,nan
443.5,1.0743379392495995,0.8688804459997378,3653.8574072527927,31.06946311941224,31.067157703599513,31.068310411505877,0.8196004922986361,300.24534663321526,0,nan
444.0,0.953712557034143,0.8641887797755404,3654.3644198768634,31.114987128274198,31.112611689525146,31.113799408899673,0.8300281977809519,300.18978698836787,0,nan
444.5,0.23440772666509702,1.0050998502973258,3654.6614499477882,31.286148815125035,31.28393304932488,31.285040932224955,0.8260941712307734,299.85965694754384,0,nan
445.0,0.18717480305608944,0.871784277617044,3654.7668455802186,31.43521406468676,31.433104227524563,31.434159146105664,0.7812972549787511,299.7067381412072,0,nan
445.5,0.589884706588299,0.9218643546249429,3654.9611104576297,31.28447582430035,31.282245255839552,31.283360540069953,0.803530553453874,299.9619014975366,0,nan
446.0,1.050974167825308,0.9769168009640853,3655.3713251762333,31.16674042996028,31.16435244285476,31.16554643640752,0.8280389038810515,300.0491155049996,0,nan
446.5,0.5507602159274484,0.9022653480323514,3655.7717587721713,31.325415836934553,31.32299978381452,31.32420781037454,0.8077593024349198,300.177287214052,0,nan
447.0,0.7914045931185967,0.9121158285203252,3656.107299974433,31.23597457023443,31.233802178009682,31.234888374122058,0.8293265246838585,299.9186331709005,0,nan
447.5,0.8363183205754467,0.9474996768666396,3656.5142307028564,31.300594261801553,31.298364708569533,31.299479485185543,0.8426369863029153,299.95319950203935,0,nan
448.0,0.0919217631122649,0.9917290756385927,3656.746290723778,31.366354247991012,31.36406566421938,31.365209956105197,0.8280080016313395,300.04391211204864,0,nan
448.5,0.5643740753834521,0.9792793548228252,3656.9103646834023,31.421201243764198,31.418920531114054,31.420060887439128,0.8431603056393436,300.04690252396443,0,nan
449.0,0.7609740962421228,0.9958954230637805,3657.2417017263087,31.26035839725414,31.25800490996462,31.25918165360938,0.8433104062177057,300.0488045954445,0,nan
449.5,0.6147568268714678,1.0087374127736661,3657.585634457087,31.118429262753487,31.116123141905337,31.117276202329414,0.8608446260232221,300.0039103885409,0,nan
450.0,1.0341588795956056,0.932596261930058,3657.997863383704,31.246414434456845,31.244006498210002,31.245210466333425,0.8564600567258076,300.2041338292071,0,nan
450.5,0.2736467582408011,0.8869925500701485,3658.324814793163,31.407374705948904,31.404937713700384,31.406156209824644,0.8340370198882315,300.1189618842583,0,nan
451.0,0.8708096189368917,1.1357339246644744,3658.6109288874577,31.3744565948492,31.3721894294893,31.373323012169248,0.821856034118744,299.96231416220246,0,nan
451.5,0.4582720563686024,1.0216299758116445,3658.943199306284,31.40122687521143,31.398897780490188,31.40006232785081,0.7941348215630459,300.00905598083057,0,nan
452.0,0.41514191180069704,0.9000707419496843,3659.1615527983263,31.42431952900038,31.421990894625196,31.423155211812787,0.7732525729167924,299.96095439522367,0,nan
452.5,0.5319499569318538,0.9226419451351865,3659.3983257655095,31.404368247022877,31.402026761109482,31.403197504066178,0.8023252419931082,300.04412891867344,0,nan
453.0,0.7101495441491522,1.062884954210906,3659.70885064078,31.295051162454456,31.292740604729442,31.29389588359195,0.8080950977737373,300.02191091854036,0,nan
453.5,0.5297965981247075,1.0964060859510414,3660.0188371763484,31.351132150927196,31.34868092058423,31.349906535755714,0.7886092074685631,300.0033624921075,0,nan
454.0,0.47349984359582037,1.0049763959759817,3660.2696612867785,31.511923898777514,31.50951286009549,31.510718379436504,0.7664018810398705,300.105129464304,0,nan
454.5,0.13306451998934107,1.117702704947378,3660.4213023776747,31.5811345635821,31.578760071115177,31.579947317348637,0.8076550013940809,300.09494399687867,0,nan
455.0,0.5076999169849415,1.1013171992297195,3660.581493486918,31.374360446777747,31.371919829925172,31.37314013835146,0.7911965941941043,300.0937862402998,0,nan
455.5,0.19641344967864144,0.948937880869715,3660.7575218285842,31.489922510123552,31.48742359230473,31.488673051214143,0.7679064186274874,300.2283611713134,0,nan
456.0,0.6692153833755441,1.106447894500044,3660.973929036848,31.410049630781394,31.407694227694627,31.40887192923801,0.7594601645823875,299.910679055577,0,nan
456.5,0.6335780251966383,0.9342209354847697,3661.299627388991,31.520183190640957,31.517656874733802,31.51892003268738,0.7568932015010322,300.1975548263646,0,nan
457.0,0.851052120409733,1.0428185318537686,3661.6707849253926,31.48519639554693,31.482594221314866,31.483895308430895,0.7519606905303159,300.28985073445034,0,nan
457.5,0.31059052618269334,1.0045804201066597,3661.9611955870405,31.57023862307428,31.56775618077445,31.568997401924367,0.718655097209834,300.169406000081,0,nan
458.0,0.5051088255998935,0.7518883067970006,3662.165120424986,31.49989787403897,31.497447286904936,31.498672580471954,0.7293125592057921,299.9725851798037,0,nan
458.5,0.381456670492787,1.0213083754643368,3662.386761799009,31.426276225649918,31.423843127275358,31.425059676462638,0.7309388698354848,299.90513757237,0,nan
459.0,0.7727254536392933,0.7904891481351549,3662.675307330042,31.363590226796987,31.361039810920374,31.36231501885868,0.7003078439129489,300.23382757005976,0,nan
459.5,0.19037835385168478,0.8697276578256367,3662.916083281915,31.485826772769496,31.48340843980004,31.48461760628477,0.7198645616013359,299.9402954181477,0,nan
460.0,0.575226824361701,0.8736918380654405,3663.1074845764683,31.474761651957486,31.472369093529778,31.473565372743632,0.7011061846940126,299.91777601247804,0,nan
460.5,0.432883740442594,0.9221970800937066,3663.3595122176694,31.576373265293206,31.573947474000853,31.57516036964703,0.6855230924237761,300.0752203544383,0,nan
461.0,-0.34394290929739385,0.8705193634229256,3663.3817474254556,31.562107877034258,31.559709280870084,31.560908578952173,0.7030772978096343,300.00930139001696,0,nan
461.5,0.2697092350965448,0.8059491968442203,3663.3631890069055,31.467102770237034,31.464693085479848,31.465897927858443,0.717017037839687,299.91488753537,0,nan
462.0,0.5241499870111312,0.8873962100031797,3663.5616538124323,31.378764407271955,31.376383526175232,31.377573966723595,0.736704891330059,300.07614408758843,0,nan
462.5,0.5944033987832086,0.8447412754339887,3663.841292158881,31.386275994945027,31.3838296637201,31.38505282933256,0.7390254728554111,300.14540579956076,0,nan
463.0,0.3709101615515465,0.8543640464841924,3664.0826205489648,31.48075897011895,31.478391764305343,31.479575367212146,0.7595083578469651,299.983805870013,0,nan
463.5,0.6650766385115844,0.7951818498182808,3664.3416172489806,31.515216399198742,31.51284049486494,31.51402844703184,0.7572489389905652,300.01058221630797,0,nan
464.0,0.07522804309971605,0.8259221519751705,3664.5266934193833,31.687288491249728,31.684781618395572,31.68603505482265,0.7379341196081479,300.1421950111054,0,nan
464.5,0.1842669086924019,0.8467606439390725,3664.591567157331,31.692594748275997,31.690186255964726,31.691390502120363,0.7356063049482156,300.0699835545857,0,nan
465.0,0.7536406146377033,0.8059098802357052,3664.8260440381637,31.527416198503715,31.52501946800494,31.52621783325433,0.7442444651050909,299.9533946023836,0,nan
465.5,0.7968850247759065,0.8547271697494567,3665.213675448017,31.532441854274975,31.53010036357955,31.531271108927264,0.7624109293706537,299.9806138394064,0,nan
466.0,0.23018405675075826,0.9512113595786122,3665.4704427183988,31.626703396335596,31.624267742834853,31.625485569585226,0.7562134411222522,300.0840859107743,0,nan
466.5,0.6921243271269617,0.792067901064294,3665.701019814368,31.550260904390917,31.54791860482037,31.549089754605642,0.7681565905565798,299.9025900930361,0,nan
467.0,0.626318451000742,0.8377160789898748,3666.0306305089,31.368832630891394,31.36645793662992,31.36764528376066,0.8056176996895928,299.9862232619244,0,nan
467.5,0.8849979404935624,0.83550741515014,3666.4084596067732,31.20724926624475,31.204883616689948,31.20606644146735,0.7805599768477378,299.94946977813066,0,nan
468.0,0.6420750769055473,0.7882772250459876,3666.790227861123,31.40427784422827,31.40187776411458,31.403077804171424,0.7487443849569521,300.220511312304,0,nan
468.5,0.30222261143363766,0.8181156701445689,3667.0263022832078,31.46693579402131,31.46463250960569,31.4657841518135,0.6960571316675813,299.93684544366454,0,nan
469.0,0.9204722587498935,0.7566493281887667,3667.3319760007535,31.323871502662588,31.32144821662514,31.322659859643863,0.7213823391887678,300.0946714286102,0,nan
469.5,0.41837080075114275,0.800430625461336,3667.6666867656286,31.364477368769304,31.362032323054883,31.363254845912092,0.7052992794932194,300.2161926329912,0,nan
470.0,0.5177422561391893,0.6519747754586277,3667.900715029851,31.47510806288428,31.472767880684295,31.473937971784288,0.7222797724251188,299.9327598314918,0,nan
470.5,0.2388202004018524,0.8128585966733433,3668.0898556439865,31.32774865834176,31.32548123356046,31.32661494595111,0.7323729393615559,299.9902512227592,0,nan
471.0,0.8292904637633797,0.8115209112512658,3668.356883310028,31.19909556085768,31.19676355023548,31.19792955554658,0.7472584626496827,300.0887031673373,0,nan
471.5,0.1241692010589702,0.926221218363771,3668.5952482262337,31.46032442601386,31.457919133279937,31.4591217796469,0.7301918016766326,300.010403773157,0,nan
472.0,0.4562953505540065,0.8527209828116982,3668.740364364137,31.47337213208043,31.471025994010233,31.47219906304533,0.7355853353318085,300.0957957398956,0,nan
472.5,-0.03877233748938806,0.8134718312480971,3668.844745117403,31.47971016482279,31.47725543072047,31.47848279777163,0.7265842962314409,300.0006345562696,0,nan
473.0,0.4518258343919115,0.7570558976034796,3668.9480084916286,31.48572343597325,31.483238966980387,31.484481201476818,0.6971806135449425,300.3605626343114,0,nan
473.5,0.4633358868025056,0.8745201771604483,3669.176798921927,31.43457999446059,31.432036378219344,31.433308186339968,0.7227703413909313,300.22155791564103,0,nan
474.0,0.9058120542337378,0.8881302467215622,3669.519085907186,31.400159125025265,31.39767141504526,31.398915270035264,0.7331579600004378,300.15158296603363,0,nan
474.5,0.21910629201309462,0.924064942113738,3669.8003154937473,31.471083302033684,31.468708852294732,31.469896077164208,0.7193004375660577,300.02767499662025,0,nan
475.0,0.5409083205478111,0.7480725151295634,3669.9903191468875,31.322181719692573,31.319820165034617,31.321000942363593,0.7107312022733439,300.02157188089893,0,nan
475.5,0.02056351226873119,0.8595649668926431,3670.1306871050915,31.484279435164353,31.48180334847566,31.483041391820006,0.7533134382895859,300.01617015057815,0,nan
476.0,-0.1684016668265514,0.7232491270373396,3670.093727566452,31.64888764727998,31.64654953235968,31.647718589819828,0.7382271129617284,299.9331056868613,0,nan
476.5,-0.5665645645356477,0.8303727209969048,3669.909986008611,31.442327861069042,31.440017035370147,31.441172448219596,0.7120140369207184,299.84122371248907,0,nan
477.0,0.4272250102799603,0.8971913895906815,3669.875151120047,31.257681905745766,31.255300338290546,31.256491122018154,0.7146998957594973,299.9711834153187,0,nan
477.5,-0.6330812007407957,0.9895451613772487,3669.8236870724318,31.545407343780653,31.54320318282971,31.544305263305183,0.7044573269193618,299.6979999312289,0,nan
478.0,0.34204644619554186,0.8238139432993716,3669.7509283837953,31.613049971915643,31.61076048535506,31.61190522863535,0.6833507163045894,300.01824452730386,0,nan
478.5,-0.3307426475669587,0.8971720265568284,3669.7537543334524,31.49340381258694,31.491080011119813,31.492241911853377,0.697965266618809,299.8633790618575,0,nan
479.0,0.796548620947459,0.9072018446739856,3669.8702058267977,31.397155276521516,31.394760398044674,31.395957837283095,0.7302774505300627,300.14160180717226,0,nan
479.5,-0.014731246973150291,0.8025095532927444,3670.0656601702913,31.575674153373075,31.573328306849543,31.57450123011131,0.7416110227720256,299.9891395226035,0,nan
480.0,-0.6294386828136567,0.8955106161024617,3669.9046176878446,31.82615946978681,31.823750044620102,31.824954757203454,0.7633022949734221,300.10102319444667,0,nan
480.5,0.31417661755880033,0.8904156402437574,3669.825802171531,31.57006275533727,31.567667679330043,31.568865217333656,0.7445642161678412,300.06697469081814,0,nan
481.0,0.5855075565066074,0.974657459336094,3670.050723215047,31.505049710532738,31.50259407561025,31.503821893071496,0.7517504498298009,300.21719626656176,0,nan
481.5,-0.08416519369714877,0.9225979818252289,3670.1760588057496,31.556083058677178,31.553655676600464,31.554869367638823,0.7253396200624324,300.15839128753777,0,nan
482.0,-0.21411395021088991,0.9261531938071903,3670.1014890197725,31.611784404174294,31.609433754094606,31.610609079134452,0.7408828365902853,299.92360906425967,0,nan
482.5,0.32884129881379354,0.9132057933578945,3670.130170856923,31.54521824643057,31.54289146648025,31.54405485645541,0.7093741382580296,299.78806359892036,0,nan
483.0,0.0035426593362387847,0.8864100922483037,3670.2132668464606,31.622954269753244,31.62062462855447,31.62178944915386,0.7010920726837907,299.9440694727633,0,nan
483.5,0.25339317258673477,0.8290511957267483,3670.2775008044414,31.6924126549171,31.689956804295253,31.691184729606174,0.7049960683247795,300.0272939321011,0,nan
484.0,-0.20843834850504095,0.9523112842617003,3670.2887395104617,31.603182185767444,31.60077865054045,31.60198041815395,0.7023789896986635,299.9191494900033,0,nan
484.5,-0.16567164942390492,0.8619291469043441,3670.1952120109795,31.554049364691217,31.55172044726951,31.552884905980363,0.7044178630116872,299.7378072931289,0,nan
485.0,0.4319119522823428,0.8620257125946604,3670.2617720866942,31.363917082350735,31.361644449925006,31.36278076613787,0.7179699785161365,299.85242758233005,0,nan
485.5,0.5663735420313003,0.878945652132779,3670.5113434602727,31.519121616507938,31.51675993862973,31.517940777568832,0.7157899447640633,299.9706283280217,0,nan
486.0,0.23834609312720828,0.8687075121616421,3670.712523369062,31.668804326812143,31.66633322663456,31.66756877672335,0.7229933304938515,300.1589852638137,0,nan
486.5,0.4717979557108606,0.957349280036462,3670.890059381272,31.456351440112485,31.453899650925088,31.455125545518786,0.7391931066974475,300.11410114728346,0,nan
487.0,0.28372109175490723,0.8185369902752379,3671.078939143138,31.483802345197365,31.48151332266516,31.482657833931263,0.7394698774624722,299.90301409840134,0,nan
487.5,0.11628093812451254,0.9080716881953169,3671.178939650608,31.67373517807323,31.67136234190548,31.672548759989354,0.7371448934605357,300.1003127681048,0,nan
488.0,-0.03831070257103022,0.8122689788102848,3671.1984322094963,31.722301528746858,31.719919808905434,31.721110668826146,0.7318019448099626,300.03857501302423,0,nan
488.5,-0.23832548959956057,0.8438410106222577,3671.1292731614535,31.714278086703008,31.712044195999805,31.713161141351407,0.7409808406710738,299.8702975607795,0,nan
489.0,-0.052379091177803615,0.7260395626661004,3671.0565970162593,31.67790900032501,31.6756597059104,31.676784353117704,0.7058772236656915,299.9210433276219,0,nan
489.5,-0.1800604349283418,0.8931820458436102,3670.998487134733,31.70120486158221,31.698939745394636,31.700072303488422,0.7452333950669001,299.94916153563673,0,nan
490.0,0.15194748609989403,0.7719908936615579,3670.9914588975257,31.818404658514872,31.816041886880157,31.817223272697515,0.7301148020924584,300.0824320641279,0,nan
490.5,-0.07871284173111519,0.777383674034154,3671.009767558618,31.74749620062348,31.745173880774747,31.746335040699115,0.7387940891385506,300.1280919616721,0,nan
491.0,0.24888573952610216,0.8098591364580521,3671.052310783067,31.62127598545576,31.618929101740285,31.620102543598023,0.7650339374949247,299.9433595247702,0,nan
491.5,-0.34230402149840133,0.8586182075293918,3671.0289562125736,31.73764341122378,31.73538432050991,31.736513865866847,0.7510456022781704,299.8368361394348,0,nan
492.0,-0.2074022673202421,0.8539493416148644,3670.891529640369,31.849764684476987,31.847340086059738,31.848552385268363,0.7510299356329144,300.13420009541494,0,nan
492.5,-0.3186911177035654,0.9120854045181296,3670.760006294113,31.958576008573935,31.956243753239686,31.957409880906813,0.7407594002725513,299.9073824603603,0,nan
493.0,-0.3730232590612331,0.8525837719307868,3670.587077699922,31.940563266212074,31.938216735105016,31.939390000658545,0.760357535774096,299.92232429106974,0,nan
493.5,-0.3159716470377788,0.9212984073764896,3670.414828973397,31.792684741254654,31.790279756705786,31.79148224898022,0.7637220655864803,300.1215460365578,0,nan
494.0,0.11966034027565228,1.0139252909663228,3670.3657511467068,31.737450741656495,31.735082497639997,31.736266619648244,0.7176732830089293,300.17373699740995,0,nan
494.5,-0.4489273341810957,0.7552240445174577,3670.2834343982304,31.857480845084048,31.85512127367456,31.8563010593793,0.7122452593965184,300.0668676875059,0,nan
495.0,-0.3248699719467396,0.8639869563846028,3670.0899850716983,31.8471149459916,31.844753579419923,31.84593426270576,0.7288142601384687,300.08725491650796,0,nan
495.5,0.3198869505301502,0.9970795978689584,3670.0887393163443,31.729818033838548,31.72748029465547,31.72864916424701,0.7592356583339933,300.2036494816119,0,nan
496.0,0.06080648229230121,0.9018751940167198,3670.18391267455,31.745568150548525,31.743238336935065,31.744403243741793,0.7332965536599748,299.89413476499766,0,nan
496.5,-0.05405529139543717,0.9555417388370484,3670.185600472274,31.755690437667774,31.7534016558704,31.754546046769086,0.7406904022056269,299.9526845779475,0,nan
497.0,0.264311036592548,1.0367768043784493,3670.238164408573,31.69164506923007,31.689284343234977,31.690464706232525,0.7661518601354119,300.13391069575164,0,nan
497.5,0.4234403424914547,0.781775754817448,3670.410102253344,31.628259684896147,31.625984907679776,31.62712229628796,0.759223654217885,299.8953461694812,0,nan
498.0,0.2949202981795963,0.8789065661768646,3670.589692413512,31.465322812142496,31.46299497983491,31.464158895988703,0.7411350275478231,300.0298475063771,0,nan
498.5,-0.23807549812275966,0.9341903824747902,3670.603903613526,31.550191603611257,31.54786268175012,31.54902714268069,0.7208963841674698,299.88472587766904,0,nan
499.0,0.1458354102154459,0.9055098338963609,3670.580843591549,31.54016130115001,31.537903024934348,31.53903216304218,0.7164832934985219,299.87246139740193,0,nan
499.5,0.46421870184874764,0.8624165205212165,3670.7333571195654,31.330202848091904,31.32783219753437,31.32901752281314,0.729010082702863,300.0327726625186,0,nan
