Time  E_hot  E_cold
0  0  0
1000  -0.0616348925694065  3.70740017380463
2000  1.30238773927367  5.28974722773919
3000  -1.7271046238616  4.05575850056458
4000  0.671680688135256  3.95824362263094
5000  -1.97861510582085  5.66967443120865
6000  -2.26870302684455  4.23911285276731
7000  0.563123813388853  3.92990967802045
8000  -2.07698504739085  6.79225148989025
9000  -2.4250641140054  6.34969162626486
10000  -4.13531535960858  8.93064442596085
11000  -1.31776685872887  8.5258572320977
12000  -2.76862872956425  9.76030158269772
13000  -4.34258522848509  6.8534729061703
14000  -4.62933647542909  9.37728419235134
15000  -4.95792160241965  9.94570298689744
16000  -4.48715966444287  13.1627178088362
17000  -6.42958222859972  8.87558069957526
18000  -9.12299432775698  11.248251841759
19000  -7.72341902673281  9.44896698922875
20000  -7.26024789423295  9.76575696904953
21000  -5.97028698634344  9.8564022460543
22000  -7.15883197729941  11.0407349312049
23000  -8.20860169775095  8.9231007098571
24000  -7.47879296348297  12.9638141748573
25000  -8.8144130130852  9.8149580543701
26000  -10.677111922077  11.80850073809
27000  -10.2480107418841  12.2695344267509
28000  -14.3861165002618  11.1368011687501
29000  -13.5825921481057  11.940825901544
30000  -10.3172015048224  12.0248415890831
31000  -10.4436150762676  14.4908408931939
32000  -11.9809600479898  13.6342457036305
33000  -10.2522456527665  15.7923059395016
34000  -12.5503598417359  16.2692449258242
35000  -10.4443578818546  15.6269055601078
36000  -11.0627953680273  18.1006540978975
37000  -10.9506203735274  19.0765960673062
38000  -14.1120697342634  19.1040827965174
39000  -13.2759221984871  15.5766267145384
40000  -11.9328467758435  21.1725554534955
41000  -13.0288801443437  22.5565409997479
42000  -13.5248385075596  22.2277647169924
43000  -15.1068314602276  22.2084233988515
44000  -12.6105852645672  22.4947271616844
45000  -13.1048792554762  22.0108293472817
46000  -13.0873867010387  24.161812626343
47000  -12.3006866711893  23.6870210943076
48000  -12.8916813233462  21.7738129144271
49000  -13.7915767658943  21.4008820903611
50000  -13.8307705921533  25.4716166378429
51000  -13.7309977959747  25.7111865157613
52000  -14.7259786229236  28.4965714669874
53000  -16.0517531270591  26.8134336749274
54000  -17.2242615151273  26.0400727846642
55000  -16.5561839742328  27.5464218896562
56000  -18.8850776206984  26.2285643200933
57000  -17.7528168680185  28.7766526399546
58000  -16.1044078774152  25.8615477314684
59000  -19.1549861825043  27.510108878596
60000  -21.2256145517513  30.2534866145505
61000  -20.0572959125518  33.5006290160633
62000  -20.9131941056907  31.4895693340165
63000  -19.9283231235066  30.1852894281791
64000  -18.6943981343382  32.7666340108857
65000  -18.0397568064169  31.8856060382806
66000  -20.8112671860467  32.714222722832
67000  -16.3506822797071  31.8589667574771
68000  -17.96103735623  33.5961009226797
69000  -16.6613445882079  34.903200173765
70000  -16.1742485291707  37.5960364821212
71000  -21.779296851882  36.9768629265159
72000  -21.3379734583974  38.9260032125448
73000  -21.3447491356608  38.2867300901784
74000  -20.1602592259821  37.9269292316431
75000  -18.7455742761902  39.4579061486226
76000  -19.1423638047824  38.6504245192079
77000  -21.9440112646772  37.3942706917177
78000  -23.4615893950955  38.5801279623185
79000  -20.8156405356273  37.3594442295077
80000  -24.5538921186137  38.4415254165345
81000  -20.265105873867  37.5072075249052
82000  -22.4320654730931  39.6533364560186
83000  -24.7221006140783  37.5014692758548
84000  -24.29023472689  39.7072520905746
85000  -22.4858486407168  37.6769017330918
86000  -23.9332602907056  41.2389010201974
87000  -27.6409841876487  39.2143335874232
88000  -25.2044610493432  41.837999328395
89000  -28.5395700314969  38.720327250236
90000  -23.8429446122368  41.4232854392487
91000  -27.2569073697598  39.5349316601951
92000  -27.9144716409896  38.6376337204383
93000  -30.5035287396616  40.233852913369
94000  -25.9594426499872  38.6509679292048
95000  -28.7517754493343  39.8568480623591
96000  -28.330124657821  41.1416815113553
97000  -28.8405665808538  39.3713585565274
98000  -28.7673499524479  39.9446381932125
99000  -27.8693697077202  39.7360146430271
100000  -28.9256112001311  41.9967516983081
101000  -30.5406186223875  40.1954087622469
102000  -30.5324976212528  41.3666116687659
103000  -31.5721120095488  44.4853301358941
104000  -31.3267741557891  43.9295374339402
105000  -32.7141850087511  44.6270305109746
106000  -31.9453901339777  45.7875746279871
107000  -34.3585248201033  46.3166836107339
108000  -36.3645507686967  48.5359264582626
109000  -33.7336997129697  47.9112177475522
110000  -36.0840191761743  47.8791859830796
111000  -37.9281471414726  49.5186338546974
112000  -36.3747017802638  49.150415459679
113000  -34.7364755179421  46.8368195321024
114000  -35.4001840488619  46.7482213332462
115000  -35.5817119609844  46.4892523556683
116000  -38.7331417694405  49.8837582449632
117000  -37.3774633964898  47.3630519359128
118000  -40.0028601226106  50.2510489874532
119000  -37.4976717310228  51.5446554884692
120000  -39.892710846278  48.3059381751481
121000  -40.9026085191245  49.4072967882142
122000  -40.5187448142389  50.8594440535301
123000  -42.4963538403281  51.541930192881
124000  -39.8417981878351  50.6705318108551
125000  -41.2789766004315  53.5933833851455
126000  -46.6859209081471  54.6049737604576
127000  -39.4163870735356  53.2202829411731
128000  -43.691099155757  56.5971949130159
129000  -40.8289813481626  56.178761433494
130000  -42.899073636236  56.2246189934308
131000  -42.9048054421519  54.7988303945844
132000  -42.3802546763433  55.6046995874638
133000  -42.2434149607644  56.9684773249716
134000  -44.2341083042375  56.147795611175
135000  -41.6393968070723  55.0413890176882
136000  -43.2943017444378  54.7804874352901
137000  -45.661215594251  57.3603446970788
138000  -43.4618488194831  57.4042574409807
139000  -45.5352158379758  56.3887146750683
140000  -46.6503797167359  58.9652477878251
141000  -47.0315050018509  57.1046717462759
142000  -45.7041523219759  59.9878896612845
143000  -46.1357953000119  58.9442798466011
144000  -47.3455948618763  60.9094996387935
145000  -46.8168654702476  62.3837913088687
146000  -49.2528173652624  61.0948218877643
147000  -49.3523569117212  63.7050881654154
148000  -47.9152824582221  62.489352804371
149000  -51.5747715310949  61.7974160530271
150000  -50.8892424671531  63.3109098036248
151000  -50.3584260464929  63.2321368316981
152000  -53.4754844520824  63.3410510243776
153000  -53.4469735511868  62.902938495298
154000  -52.1663005589348  62.4591802075454
155000  -52.425854969843  63.0926693148673
156000  -54.4767640749985  64.2004553104578
157000  -53.5327844132448  64.2055485772785
158000  -55.1174494325121  65.658384459966
159000  -52.6894662249999  67.0076461678808
160000  -54.6023727599132  67.0068441037095
161000  -53.9201699442814  65.1908579368561
162000  -53.5874430210223  68.7460177712707
163000  -54.4025725777527  67.9345527198702
164000  -55.3832881825779  68.0090703827068
165000  -56.5933706185494  68.1800133576266
166000  -56.9073813850912  68.2973045660537
167000  -54.4201543918178  73.5286950278469
168000  -57.3470037268049  69.0397193511161
169000  -58.6532262934891  69.5739274080789
170000  -57.9285767251137  71.4135300377962
171000  -59.5674762400188  70.3308137598447
172000  -58.3031987548437  73.9932761115626
173000  -60.5571048231739  71.9355353345557
174000  -60.3751082780407  74.8524359437119
175000  -61.8733139552269  71.4221217449867
176000  -64.918542112733  73.8499704475938
177000  -63.3201151579932  73.980656962268
178000  -65.8728507687656  73.6806105945773
179000  -64.3065776123046  74.4856180127508
180000  -63.5314271372573  74.9623988716579
181000  -68.5765012372781  76.6159470068655
182000  -66.5301662464396  75.9454006964951
183000  -67.3524249119572  76.4738207099701
184000  -68.5365679966007  74.5037686557237
185000  -69.2550468481669  72.7903304841515
186000  -69.124804878129  77.4830314555349
187000  -68.8138460438252  77.5126721073031
188000  -72.8967986495517  77.6215027729473
189000  -72.8778249506984  78.3645314922683
190000  -72.3330798350622  78.2639383708293
191000  -71.3470222493882  80.9127954205989
192000  -70.0222369799026  80.6191398792132
193000  -72.7654360370321  81.441277837702
194000  -70.6652017199553  78.3524155565437
195000  -72.831313084469  78.4978851242736
196000  -72.9110253647554  78.9816002890573
197000  -72.7266928169711  81.3275289923954
198000  -70.5173263908583  81.5570376631752
199000  -70.3276283716026  81.1138453471121
200000  -73.6653203205792  81.8987831288227
201000  -74.5605783639314  79.4895144472477
202000  -73.1749488609586  82.78462863856
203000  -74.9727208422283  81.5567936522673
204000  -73.7150016473166  85.9084199495466
205000  -76.961553150912  86.0381620711772
206000  -74.1001197900448  85.3789816948446
207000  -79.814262884955  86.4688092846436
208000  -77.8463327521873  86.2003209402863
209000  -76.4073702986701  87.385852334717
210000  -74.7764582427733  87.4542459257614
211000  -77.8617846750757  84.2369478951424
212000  -76.9406359276173  86.5024096724953
213000  -78.3297172943292  85.2597120301062
214000  -75.6043408342485  88.6901806572726
215000  -77.3082616472154  86.6177521177957
216000  -76.4444312947585  90.0681665778061
217000  -75.9585727760056  89.0817942171101
218000  -80.0631179130817  87.0471050151122
219000  -79.3569273774043  92.3178195497914
220000  -78.8127319467685  90.6669765999049
221000  -79.3498995118351  89.2150154361041
222000  -79.9680738794215  92.751589820609
223000  -79.6322329748908  91.0527300581034
224000  -78.7286690445336  91.1105476068262
225000  -78.3403575638182  92.0020317208724
226000  -81.9452639204745  90.0879372572272
227000  -80.3786319577645  93.0923109426554
228000  -82.4474962522691  94.8495912414344
229000  -81.237167800892  94.6566462784619
230000  -82.5331034866655  93.6217377658985
231000  -83.9519538951534  97.4648983660771
232000  -85.7347551121265  97.5380116117827
233000  -85.1632552083827  98.8454056918251
234000  -83.0089840343514  97.7284957607241
235000  -85.8802153982914  97.2984875086452
236000  -87.0571099718475  98.5918837164188
237000  -85.3653122927013  96.7410090740161
238000  -85.7075099086104  97.726851463094
239000  -86.2769401033925  98.2510997140812
240000  -88.3598169638557  96.143927153523
241000  -89.5383257350503  97.410850374591
242000  -86.0473662434443  99.2563740437287
243000  -88.056920900163  99.6191663640368
244000  -88.3594470395876  98.836837930476
245000  -90.5274556632474  97.1022385172132
246000  -89.9911691968754  99.9457830105684
247000  -89.5074833270807  99.3730656669469
248000  -91.0997402455771  98.8272419728737
249000  -92.6257439790303  98.3787596112058
250000  -93.6883680698452  99.7888152434522
251000  -91.1427008096763  102.824564875916
252000  -91.6246287841418  102.381642945784
253000  -90.5137967183014  102.361379776767
254000  -94.4248473963476  101.692238328653
255000  -92.9664172668658  104.351854786895
256000  -93.5529578183439  103.29420303026
257000  -96.3153038251226  103.555260071455
258000  -97.334765917251  106.609182375988
259000  -93.3761344170065  107.052911153796
260000  -95.701900865624  107.209925007084
261000  -94.7137458573936  106.942856426609
262000  -94.9680860622703  106.604048449175
263000  -96.0713610009022  106.816546544442
264000  -95.8244202527663  107.991647017429
265000  -92.8053092521808  106.763780185184
266000  -96.1807866047981  107.685167712506
267000  -97.1296339866248  109.320850471387
268000  -98.0495985424198  109.084157877407
269000  -97.2131174728651  110.830590517762
270000  -99.1849701402505  110.295280743115
271000  -99.5840111533272  109.059719421
272000  -100.206374861726  111.693233392427
273000  -96.5550451674216  113.278841908714
274000  -100.368995521626  112.575864248379
275000  -99.5073387836559  116.794373921256
276000  -102.104977145614  116.853557946232
277000  -101.131886222865  115.314128016569
278000  -101.765190901281  114.352797948127
279000  -102.596031832539  117.246888572659
280000  -104.818318354085  116.042829889133
281000  -104.826026203308  115.512531357924
282000  -105.173930783675  114.79350336887
283000  -104.462098065422  117.837755585921
284000  -107.0346921164  116.485964051586
285000  -104.954793076916  117.517424393284
286000  -107.285236011427  117.403769339572
287000  -106.847198656854  117.34857052897
288000  -103.669312821711  119.002212059479
289000  -105.561989747252  119.076160627267
290000  -108.977880699213  120.683099990209
291000  -107.764684964138  120.904440107196
292000  -108.187129381196  120.716617281296
293000  -106.397091528622  121.341291321438
294000  -109.765315558484  122.405233107444
295000  -107.051256977525  120.692915349257
296000  -107.6806473473  122.493519947955
297000  -108.22458250244  122.690759607923
298000  -111.033867656458  123.195295077405
299000  -112.41294055902  122.833146339233
300000  -108.659862369562  124.600349769274
301000  -111.891743414884  124.207953898863
302000  -111.43915207686  121.917781143971
303000  -110.908025745272  123.746139149426
304000  -111.162666877388  123.036776217865
305000  -110.609411358464  127.28090726867
306000  -108.744540002213  128.201289656059
307000  -110.483373881072  126.243081510904
308000  -112.702646688804  125.604199574471
309000  -112.967069482001  126.879623299741
310000  -115.291259908717  127.530924917056
311000  -115.867358082786  126.517085615574
312000  -114.634307903681  127.595016254577
313000  -115.09810178479  128.509270701998
314000  -115.218000103527  129.298700679435
315000  -113.981617013435  127.438284282869
316000  -114.218141709822  131.041219123171
317000  -119.358028974086  127.966409784628
318000  -115.015537191252  130.925274074194
319000  -116.928999264228  129.844939853538
320000  -117.788633531504  129.716880443175
321000  -119.514072582251  129.599545233711
322000  -120.230537166308  132.018336757425
323000  -121.902507958863  128.216837202878
324000  -122.316716089561  130.367050067427
325000  -122.223531382425  131.621221634828
326000  -123.288726044992  134.453350443603
327000  -123.601241180953  132.533923979518
328000  -125.618771054392  131.765329187448
329000  -126.778066604822  132.527073644249
330000  -125.72732805769  132.092769966292
331000  -129.479626073473  133.635991028768
332000  -127.156361669508  133.720716775353
333000  -122.361419977125  134.198659173298
334000  -127.582869409867  132.059094960293
335000  -129.96885547784  134.948040166431
336000  -129.310550999704  134.263224973318
337000  -127.692604605103  134.848583614287
338000  -130.573777728318  134.508046744775
339000  -130.409336371193  135.803128793128
340000  -128.566837544465  133.829728859557
341000  -129.312450493516  134.821977065683
342000  -128.94235432606  134.34299527324
343000  -128.740772306127  133.682303064389
344000  -128.925939928318  132.902467188028
345000  -127.936119089182  133.779647874014
346000  -129.625351174814  137.567901119154
347000  -129.4268280557  134.637786206267
348000  -132.998639512566  136.677642331853
349000  -131.264907911145  136.618400693632
350000  -131.318994640038  137.014833151057
351000  -130.701157820727  137.770005922372
352000  -131.674832574501  139.223380374532
353000  -133.223481498683  139.014687310715
354000  -130.796313394852  139.734351567013
355000  -131.587459798794  141.265757581285
356000  -130.445530260117  140.532309389525
357000  -130.925434812976  144.29167626193
358000  -133.996624887319  141.427755438464
359000  -136.349159712287  143.630538011082
360000  -135.05160532204  144.779885537812
361000  -133.100830546976  145.430318554131
362000  -135.119518584039  146.926925184198
363000  -133.764411658486  144.065451321534
364000  -131.178004826638  145.446495202417
365000  -135.978654140443  146.597060034275
366000  -136.296137628424  147.046598759039
367000  -136.929948496192  148.092587874367
368000  -134.268931486307  147.039960862297
369000  -134.867193436191  149.82344684501
370000  -135.881448537468  149.843792043812
371000  -136.942377635593  148.909083400897
372000  -136.157924715938  148.144449195977
373000  -139.087919314253  149.397460414965
374000  -137.73722730979  147.154516043007
375000  -137.10565418153  150.201197376824
376000  -140.481627121222  150.621755763411
377000  -139.140308261986  149.338866852297
378000  -139.139348047655  149.90247581821
379000  -140.341638913008  149.204522677852
380000  -142.591581789682  147.824121423906
381000  -142.360094186565  150.557170212713
382000  -140.474624472898  149.469887288892
383000  -137.357425235802  148.366007664315
384000  -141.37603694499  150.705736561653
385000  -141.219674299975  150.544589135903
386000  -139.541826819648  149.114416188572
387000  -142.583060194134  151.039500302406
388000  -144.540614778552  153.509847877902
389000  -143.642851798531  154.177481475484
390000  -144.433452286195  150.955147623711
391000  -144.36659446261  150.709937810318
392000  -147.362812979446  151.019853710765
393000  -145.422762956197  149.621797537618
394000  -147.474912678228  153.600468623252
395000  -148.117727011525  151.924095667892
396000  -150.815886733053  153.017283351118
397000  -149.964238733349  153.386164607602
398000  -148.875070211339  153.430955456711
399000  -150.015279159981  152.559591968825
400000  -150.438213139591  151.379110938383
401000  -150.269664223777  156.596108077964
402000  -151.69581550078  156.408069266901
403000  -153.595115076868  155.386145081878
404000  -151.072537530016  158.618022195408
405000  -151.749902111681  158.279515412346
406000  -148.976479333594  157.402956892726
407000  -150.274586315633  157.138773070561
408000  -148.656072854462  157.186154651276
409000  -149.46559520631  157.366877400625
410000  -149.815458539896  157.563070650559
411000  -151.520245064411  161.314682447072
412000  -149.441065592304  161.477149283358
413000  -152.439041498068  161.726159020719
414000  -151.423862997072  161.494759771954
415000  -150.749050843593  162.334921595981
416000  -151.692887357656  165.125529289438
417000  -151.4230296411  163.219870507879
418000  -153.411227387568  164.83845732224
419000  -152.686043652812  161.562485537145
420000  -153.748925797602  166.164453936005
421000  -153.894333470434  164.908937665188
422000  -156.064489964265  164.837640770855
423000  -155.278255715269  165.495539859337
424000  -153.621056696328  164.775798044444
425000  -154.37643559899  164.918172894519
426000  -154.791200755351  166.06875980788
427000  -155.256440284176  168.944208430847
428000  -156.788013007401  167.326084553803
429000  -154.016603822578  167.679354645769
430000  -155.735581593303  167.220098875667
431000  -156.483310011094  164.768267211637
432000  -154.785342323138  162.319579245846
433000  -157.805686505158  166.075012447622
434000  -155.150646263749  166.377007597199
435000  -154.849649186217  166.852180579308
436000  -156.910095559929  163.857985399012
437000  -155.473813857112  165.206340306315
438000  -155.748020600201  165.950846661919
439000  -152.391229494569  165.7480066878
440000  -155.517583721611  165.686997551294
441000  -155.602648915087  164.432494722727
442000  -160.083263324954  167.92585255459
443000  -158.115767707699  164.646882594103
444000  -159.153775484144  165.55283784451
445000  -160.366855120908  165.839709186674
446000  -159.285326161318  167.387443114879
447000  -160.973493992043  169.435627480309
448000  -164.079556114819  168.087834558988
449000  -162.308009597979  167.02820222105
450000  -162.256177132064  168.266317214614
451000  -167.00117708302  170.967973634949
452000  -162.409296228159  172.324255325587
453000  -166.081171424272  171.626980456239
454000  -164.336130922654  174.187072217277
455000  -163.466195406796  173.452707545469
456000  -163.224535420538  172.289427932782
457000  -163.238898150907  172.4635998847
458000  -165.204442214975  177.372239201049
459000  -165.604462316688  174.66190942314
460000  -163.929179120851  172.54481141115
461000  -165.749944773438  173.365326666043
462000  -164.357884742863  174.657507027729
463000  -163.938352231697  176.670972182155
464000  -164.640837355698  174.091966140931
465000  -164.869237772759  172.531878581337
466000  -161.902542891817  173.475712498093
467000  -164.323932441937  173.385077326067
468000  -164.802015481848  174.230515686352
469000  -165.545326386667  173.764345472762
470000  -165.362816851766  173.106775941881
471000  -166.265855067251  173.811539681328
472000  -164.755726242971  175.112661256059
473000  -166.050804489591  173.957471041753
474000  -165.123121258565  174.58994213061
475000  -164.602255666473  175.464198228831
476000  -165.23163204356  175.367641650785
477000  -164.937469871424  175.361267056535
478000  -165.327948604724  178.657530850577
479000  -165.204125487696  177.415040053255
480000  -165.856781143496  178.375260159465
481000  -165.644538814998  178.132592353302
482000  -169.572590792209  178.062280002321
483000  -169.797609741593  178.582774867921
484000  -169.548234840321  180.132612785167
485000  -168.157998954488  182.109218725606
486000  -171.424400363431  179.978605009837
487000  -168.398887524434  181.186330799981
488000  -170.613729815536  178.906944240053
489000  -173.496202003354  181.369885725755
490000  -172.872903138382  182.297616462728
491000  -172.367916705782  181.400973877815
492000  -173.291680929817  182.193985652251
493000  -172.013187557777  182.923590999728
494000  -175.123674439941  185.385891716997
495000  -171.787149396635  182.486791010358
496000  -173.552266906954  184.897188501881
497000  -173.418661801838  182.077912042771
498000  -174.406304731391  185.057916515118
499000  -174.124333649311  183.561023286042
500000  -178.73574914266  184.427755242575
501000  -176.512159747283  184.140147850593
502000  -176.117506641142  185.100055225879
503000  -173.986296922424  184.410882291066
504000  -176.397721158327  185.879705126658
505000  -174.957597302628  184.248583512124
506000  -178.496670864602  183.379775115089
507000  -178.002543163399  187.677425138057
508000  -177.311505619324  187.182746809586
509000  -178.29597890859  184.875952317435
510000  -178.741919593883  186.898571131342
511000  -180.209312904263  185.612125198824
512000  -179.363402580354  183.977662775983
513000  -181.427572215937  188.024885070175
514000  -181.350998405184  187.147198685741
515000  -181.783847319931  188.739348629371
516000  -179.648905783064  187.096806523287
517000  -181.903559639206  188.857956819508
518000  -180.968917713294  189.423919320398
519000  -183.884742868622  187.846980434543
520000  -179.194799232357  188.702979059844
521000  -181.956747399472  189.569434679854
522000  -184.348778253167  190.53855431557
523000  -184.883394732278  192.704421491939
524000  -185.556215699872  190.806884576424
525000  -183.217047846762  191.823541519315
526000  -184.567457322106  193.19450161895
527000  -183.018334105196  193.669364807219
528000  -187.672768119643  193.226238544615
529000  -189.03467228968  192.996440237211
530000  -188.330333217584  193.054635752349
531000  -188.224069928475  195.890334128206
532000  -187.465245065746  192.340788276791
533000  -185.627654287891  190.293461526083
534000  -188.565175434553  192.427823155193
535000  -184.696310411724  191.703527768835
536000  -188.379215903445  194.153602270251
537000  -188.574480096654  196.184710799409
538000  -188.477253189668  193.353442184964
539000  -187.866843397667  195.263940751279
540000  -189.94586424879  193.450470089826
541000  -189.271774900085  193.526660150337
542000  -188.562552158196  196.913541928268
543000  -187.031409767943  193.514007543555
544000  -191.413116529744  197.343406347095
545000  -189.290894995487  196.506794986146
546000  -192.833547994188  196.409150769381
547000  -191.675010326182  198.107627036887
548000  -192.276418813158  197.313635235008
549000  -191.673799135196  200.379607149753
550000  -194.021305154463  201.911380591613
551000  -195.793761340688  198.866614224311
552000  -198.007551050045  198.994375127274
553000  -196.05332293997  201.149149189795
554000  -197.387205942448  199.997752477639
555000  -195.217740550835  202.853420706389
556000  -197.684621696116  199.255000284984
557000  -197.112426363067  201.891755663204
558000  -200.462846846978  202.261781877103
559000  -199.763446912699  202.431199436277
560000  -202.22123392071  201.838490297965
561000  -200.029792585681  202.426147863082
562000  -204.373126949683  204.435262440862
563000  -200.869471256756  206.1917397668
564000  -199.505724231143  204.928430193817
565000  -200.610534662955  206.651239002692
566000  -202.426005186834  207.548269496592
567000  -203.262074747937  208.29531171441
568000  -203.521530749782  206.255552753265
569000  -206.095762863937  209.264260504302
570000  -204.152201539931  210.375627275183
571000  -205.954112531151  210.626662533937
572000  -205.322391051673  211.851804745636
573000  -204.633155680916  210.831043976042
574000  -202.150069490251  212.471293212863
575000  -203.917054646547  211.32167499217
576000  -203.832239237675  210.960395301204
577000  -203.300569791554  209.8058886037
578000  -204.78353456468  211.104854520298
579000  -204.678004622195  214.116426825202
580000  -206.917560486941  211.797790230392
581000  -208.512837933052  214.642929974759
582000  -203.457133787107  212.218031185736
583000  -203.685868154878  212.496441564673
584000  -205.254416223369  214.796129499461
585000  -207.006141802694  214.346528306573
586000  -207.155311166613  214.547276939077
587000  -207.729073933476  214.125145536362
588000  -205.803351031734  213.037795314315
589000  -207.961084446464  214.397917346837
590000  -206.488943379476  215.181609363995
591000  -206.053431531889  215.814051269263
592000  -205.828478359643  216.769442117767
593000  -202.07044088448  214.510107985344
594000  -204.916772377243  218.427642769467
595000  -203.686132684622  216.981479844824
596000  -205.943288715827  219.777433206749
597000  -205.6215893495  218.612864125561
598000  -205.808612828606  219.412581341439
599000  -204.562037977553  221.061164970869
600000  -205.239865170096  222.300664290336
601000  -201.70767354257  221.726203537123
602000  -203.108190395859  221.915375420937
603000  -205.064644396331  222.369534691701
604000  -205.195413682438  222.828720389968
605000  -207.374478314182  223.630919981423
606000  -209.504922962013  223.936902352816
607000  -208.402440579491  224.526943078437
608000  -208.781847270898  224.358054486632
609000  -208.809784410464  222.109178469572
610000  -211.014605084909  224.467094087853
611000  -211.195992491632  227.627627808528
612000  -211.453657239725  227.412168645441
613000  -213.026024497557  226.425896947318
614000  -212.145749652649  227.221836189537
615000  -214.894056457266  226.344477170532
616000  -212.007948721848  227.806748753011
617000  -211.811900431256  227.452132877032
618000  -212.013519573359  230.497404264133
619000  -213.396332571578  228.99760561322
620000  -212.277149906357  232.118072969388
621000  -212.47586499748  232.492586893078
622000  -214.809650073163  230.058833312747
623000  -212.710904135795  231.247033191596
624000  -214.481417254789  230.834839295321
625000  -216.211243758125  230.512251213515
626000  -212.779036985145  229.640053610206
627000  -211.878058790455  229.023826439696
628000  -215.220062441157  231.806742502487
629000  -215.114209733521  233.593984719818
630000  -216.995011785991  231.999779042044
631000  -213.117490473477  235.125040765356
632000  -214.087760765809  235.8252893773
633000  -216.216294394705  237.894499785318
634000  -218.242717501955  237.589388129672
635000  -220.250242293138  236.122868787529
636000  -218.692180311388  235.945116853511
637000  -218.568149091655  238.118384391426
638000  -219.457430375208  238.467948799915
639000  -224.014048083113  239.572808735713
640000  -220.204249952453  239.568575153098
641000  -222.665036541288  236.770627106983
642000  -223.580150628059  239.849843315171
643000  -223.913430708443  240.188244097959
644000  -222.548164382034  239.961501137667
645000  -226.191162375832  240.305174846766
646000  -228.774718064305  240.10047459477
647000  -229.283649897196  243.107319797638
648000  -224.629680406278  243.406632665989
649000  -226.695124325574  243.571271722744
650000  -226.180529333994  244.268783515641
651000  -226.982310671883  243.448152159976
652000  -224.196902111755  244.895793196858
653000  -225.090836807834  247.400291009179
654000  -228.844965677159  244.424943763034
655000  -226.169857185776  244.893615209224
656000  -229.429682604475  245.34047910503
657000  -232.170057313073  244.813617921977
658000  -230.311403269805  244.301629711335
659000  -231.568485403107  246.921059577252
660000  -231.440884310903  243.427464580641
661000  -232.025938063256  243.774014610469
662000  -233.329098949269  242.021559476535
663000  -232.41047380067  245.030995112111
664000  -231.085090229701  244.313152962932
665000  -232.664350661806  244.268909921766
666000  -234.869581286934  246.412944950636
667000  -234.968445429531  245.934078999734
668000  -234.145485226987  248.079668198546
669000  -233.247463654894  247.041706355071
670000  -232.857321542825  246.978979584885
671000  -231.689246936626  249.390706905501
672000  -231.797960108476  246.533468964537
673000  -234.646534233589  246.236964436999
674000  -233.586631307834  246.964887709525
675000  -235.062299035135  250.239873903879
676000  -233.78639206408  251.049434817688
677000  -235.458650898384  249.698064643727
678000  -233.338567437314  249.034679840968
679000  -234.480746351115  248.792517774227
680000  -236.976240135984  247.441134648408
681000  -235.689099087576  249.155987034253
682000  -232.592148025047  248.098843689608
683000  -235.534620642723  247.309142085848
684000  -233.773668166935  246.480533206865
685000  -235.765907932432  250.428905722703
686000  -237.158121092598  248.224636158452
687000  -240.987546246655  250.74936024567
688000  -235.076447572571  251.564131812293
689000  -238.052336370494  249.814468984954
690000  -236.266828408813  251.67457538707
691000  -237.731045586905  249.287487390426
692000  -238.885865246812  250.728194926888
693000  -237.603549481939  252.886400565149
694000  -235.270748645833  254.944558454449
695000  -235.292041718538  252.589215867579
696000  -235.797042706773  253.539065532311
697000  -239.871817907188  254.462452684528
698000  -239.627333403373  255.597836229161
699000  -239.806432691172  255.67138847885
700000  -239.838621592931  256.392370121285
701000  -238.528359896634  257.875929921105
702000  -240.753877007073  255.225515221702
703000  -240.289822492968  255.87544511019
704000  -239.638920017895  256.12250676964
705000  -241.373884957829  255.883320053126
706000  -243.271302017958  257.003145685557
707000  -242.760603271659  259.605981606895
708000  -244.624358374943  259.395106508991
709000  -244.607536040152  258.375568076954
710000  -247.187548153697  261.235555851295
711000  -245.815169590886  260.432866264679
712000  -247.814810897137  257.466931507941
713000  -247.682359609186  259.488344970429
714000  -248.216884950004  258.946029934827
715000  -250.566646224565  261.114308854075
716000  -249.228130720915  257.765492618167
717000  -251.213727662252  257.429674081924
718000  -249.627588565212  259.580424654223
719000  -252.694051226402  261.71240778317
720000  -252.878729416775  259.822754125055
721000  -255.662640340891  259.861012972974
722000  -254.274638674331  264.152366466561
723000  -255.941011063634  264.89008169542
724000  -254.401547822031  262.625817541975
725000  -254.284744223682  262.332459865885
726000  -256.731087434803  263.818193878037
727000  -254.762631360829  263.704620619275
728000  -253.600373043019  264.093253054653
729000  -255.299039151678  263.930152129351
730000  -252.746923385414  264.447070193844
731000  -253.919123358676  264.750057412039
732000  -254.403147351324  261.83217807237
733000  -253.163747307397  264.642267201972
734000  -255.328332426109  262.171813457178
735000  -255.676179900864  264.636484402102
736000  -258.352135683658  267.380008924834
737000  -256.159453558564  265.651989946549
738000  -258.618770987153  264.975955394174
739000  -256.925417046665  268.26779799984
740000  -256.620763299532  269.543155688438
741000  -260.010936240018  270.271413678506
742000  -259.88237704865  269.630636091938
743000  -261.989967386732  271.405108334166
744000  -257.704661028157  271.203958467724
745000  -260.781716110104  271.632603563374
746000  -260.38733690257  272.169646740145
747000  -261.736182147936  272.80546753797
748000  -261.39271828664  272.960168190169
749000  -262.268026628423  273.555992792781
750000  -264.684187415916  271.25317368677
751000  -264.990870004554  271.431036778867
752000  -261.947005889855  270.394661536529
753000  -262.556396736469  270.970485259651
754000  -266.10309481138  272.750163814667
755000  -263.091507648002  271.449319371633
756000  -268.449237765079  273.128819123084
757000  -265.188432939173  274.678390080008
758000  -265.861262539077  276.772793725194
759000  -265.168728047864  276.764524695875
760000  -268.077630594614  276.425005831439
761000  -269.442419653099  276.384113928296
762000  -267.87303608596  275.876276405824
763000  -267.334834584339  276.351784391198
764000  -269.293489825374  279.42750894568
765000  -271.3313538553  277.886061639243
766000  -268.722864948879  280.308811716741
767000  -271.713123016027  278.103516444943
768000  -268.784043723989  280.777614069557
769000  -273.136527736775  281.788832823377
770000  -272.031286048893  281.233930166844
771000  -273.165385032476  280.064084499848
772000  -274.053138766893  278.500566480006
773000  -273.562094728338  282.934981998689
774000  -274.852885210448  282.074043280344
775000  -277.916300498055  280.933894139583
776000  -276.802176936705  282.634479847177
777000  -276.189911470851  282.103220039818
778000  -278.786256473513  283.630964545764
779000  -277.148944396923  283.744570752341
780000  -277.044465033423  284.65876974415
781000  -277.724176128053  286.331509851533
782000  -278.543984103085  287.263896950342
783000  -275.411223767065  286.622646037924
784000  -277.749162436774  288.23093917723
785000  -277.332394609402  288.56537267607
786000  -277.356901035811  291.163566573531
787000  -277.274599305115  291.901619887211
788000  -279.212661526048  290.14406236073
789000  -278.759269550263  290.727378461145
790000  -277.681436508355  293.039753124013
791000  -278.6269999471  292.329989639388
792000  -277.885807396969  291.585335210014
793000  -281.210575889476  293.684105140247
794000  -281.435481542014  293.429862654108
795000  -278.055961084618  294.090143532197
796000  -281.579373194716  295.054234951205
797000  -278.205503491659  295.481280170671
798000  -282.704345220412  293.82246546458
799000  -283.166397447525  294.500707303792
800000  -281.09636107161  295.869888000991
801000  -281.410675508716  295.456310879758
802000  -280.137362200663  295.920014879536
803000  -280.006901929937  296.387320766785
804000  -280.606902952691  293.957165502367
805000  -284.405684465929  298.118393386599
806000  -283.260858931195  296.951655686935
807000  -283.882901851599  296.36385004233
808000  -285.816176273774  296.236832565935
809000  -286.787024682455  296.628665640735
810000  -284.706983328891  297.10050864846
811000  -285.708755068502  296.794722653063
812000  -285.677020811909  298.670797270624
813000  -284.612851872277  300.181878468847
814000  -287.004158137339  300.685955602236
815000  -286.726567707627  300.339802737245
816000  -287.72938400788  302.245986093403
817000  -289.45544421268  300.579363463353
818000  -290.093875107051  300.67224428731
819000  -288.927487564664  299.764950357978
820000  -287.271289212051  302.058265009422
821000  -294.209181406342  299.644980923995
822000  -289.817452985911  301.531926414566
823000  -292.711320588593  300.122488411525
824000  -288.864898482391  302.772299838093
825000  -289.078505533988  303.187083183555
826000  -291.252675688723  304.346797609469
827000  -288.073765706087  303.125753425288
828000  -292.369910858852  304.513795008023
829000  -291.001725241559  303.964189879754
830000  -292.097852782688  305.097453364937
831000  -290.328231813223  303.943086261531
832000  -294.005751991384  304.162765876944
833000  -296.578616387139  304.095120966341
834000  -293.727608737351  304.717038368982
835000  -294.944185131794  305.608463905035
836000  -295.369671556852  306.514783357361
837000  -295.743270909618  307.765550490625
838000  -291.962793459259  307.647676324162
839000  -296.461871380097  310.234304952814
840000  -297.551742497722  310.136554309822
841000  -296.70944417764  310.152193435527
842000  -298.830068407051  310.355932302326
843000  -296.993070501883  309.178489286169
844000  -298.724926127313  312.936370851693
845000  -297.376236490807  312.77278766325
846000  -298.165268938035  311.206540117357
847000  -297.37782798214  309.401714237023
848000  -296.084153840098  313.281179231934
849000  -298.535828773785  312.904348595272
850000  -298.969954473612  313.378905314934
851000  -297.77259127501  313.823815567175
852000  -299.807256466978  313.621923126814
853000  -301.770775507487  313.45601749158
854000  -298.874304046905  316.546913225174
855000  -298.802877012977  314.466135018433
856000  -300.150314405932  314.395103547591
857000  -300.195907625286  315.97933060443
858000  -299.14953540046  315.931586055007
859000  -301.353967824992  315.586426466671
860000  -303.851090792032  317.332030109841
861000  -301.259627938917  318.986155585463
862000  -302.608940462399  319.23791722449
863000  -302.751982386731  318.950270392503
864000  -301.514342599106  315.475531340821
865000  -300.808702243828  319.549253310946
866000  -299.83885948745  318.862347899721
867000  -302.568726497299  321.467335517812
868000  -304.503284528642  320.860907658479
869000  -303.378281551443  320.174036249886
870000  -302.60164268203  318.225094270528
871000  -303.618835093783  319.100792868742
872000  -306.27608345701  319.79191938432
873000  -306.422486327223  318.345042313256
874000  -306.793271059509  321.159762525737
875000  -306.496882184044  321.172793119027
876000  -304.811341308612  318.802759101781
877000  -305.672960436852  318.855980343214
878000  -304.917715843814  321.755415179465
879000  -309.566108643441  322.680439199807
880000  -306.793229769997  321.547283799408
881000  -310.190370947305  322.185409978876
882000  -311.706692566335  320.562669620052
883000  -311.835472770137  321.653399062506
884000  -313.427892006405  321.748023522201
885000  -309.5688240455  321.312576001332
886000  -309.212399316603  322.836463023951
887000  -310.208036823619  319.497684850082
888000  -309.361328406434  322.66247703306
889000  -312.565324276596  322.634991116201
890000  -313.124991733076  321.923506121482
891000  -311.471122413359  319.998527305609
892000  -310.79546248457  323.044219687798
893000  -311.60309850006  325.330178483642
894000  -309.242094932406  325.444263853238
895000  -312.566266904357  324.597965354173
896000  -311.448358122735  325.589999117315
897000  -312.826818499364  325.947512842839
898000  -312.693536201354  325.791249402795
899000  -312.780320381636  328.806639891309
900000  -313.116974732326  328.597968442994
901000  -315.276638589289  329.16167690318
902000  -317.391077913923  328.074155545404
903000  -315.401694980789  326.436110612688
904000  -316.862371376927  327.651663514726
905000  -314.092665055286  329.620058543264
906000  -315.174315554363  327.855579791732
907000  -317.690903142375  330.295615541465
908000  -316.326080387012  328.184983000512
909000  -321.512083706702  330.146934376971
910000  -320.935635446493  332.123669599361
911000  -320.884817341305  328.827213084001
912000  -322.553962064582  329.657199210856
913000  -321.576819687578  327.331318050889
914000  -323.590883156713  332.60621398673
915000  -320.967004163596  329.702050859508
916000  -322.153741164539  332.526310306483
917000  -322.295431495875  331.39284659416
918000  -322.440433835596  332.18340943802
919000  -322.19072920813  332.862899316117
920000  -322.887201852924  331.280732536939
921000  -327.685458696318  333.858676476096
922000  -325.943095086173  334.888695506968
923000  -327.088522577388  333.779171966805
924000  -325.668339633897  334.395096706858
925000  -326.302772756949  335.749259576652
926000  -326.88871602009  336.886893899467
927000  -326.516635840763  332.965424053429
928000  -328.482778373296  335.876842316836
929000  -329.058936353097  337.832202185361
930000  -329.918439218576  338.120764701731
931000  -330.263048488959  338.80683792875
932000  -330.234427260086  337.857030061813
933000  -331.568367470899  339.587519380334
934000  -329.997767306442  339.984527971672
935000  -332.883806301421  340.355825553688
936000  -333.594513773831  340.446413320933
937000  -333.591157347684  341.141937404095
938000  -333.969674499301  339.845348151649
939000  -338.69541358753  342.264533440492
940000  -334.828789233662  340.713337539524
941000  -336.496591919145  343.470940399582
942000  -336.200791752297  341.87462696989
943000  -337.593451533889  346.711258108061
944000  -338.765161164303  344.517112724918
945000  -338.446996336023  343.910387149529
946000  -341.364699398769  347.507991707197
947000  -339.183642207303  346.84291212475
948000  -337.050767342209  346.127150368138
949000  -338.110135357641  346.103125371444
950000  -339.743550009454  347.753490368114
951000  -340.53234762177  347.2680860183
952000  -341.364114456434  349.054079205849
953000  -341.474180367402  348.700905299089
954000  -342.091673042175  351.111603925402
955000  -343.728561756078  351.120719240885
956000  -342.209778921432  353.749857094649
957000  -343.664628839477  352.047657734968
958000  -344.603645468761  355.163181065534
959000  -341.213331635557  353.518610272338
960000  -340.869663186523  352.981723795823
961000  -340.758059518337  353.015268320951
962000  -343.11300275391  353.94569575647
963000  -344.021214234719  352.333932865901
964000  -342.758845965116  352.673797253226
965000  -345.523029413791  356.371679583011
966000  -342.569082467638  353.841856143328
967000  -345.524436153595  353.699710199804
968000  -346.682129152697  353.96727337738
969000  -348.199738090812  356.573660654934
970000  -346.995181953514  353.818452370958
971000  -346.532723065424  355.88529944227
972000  -349.910385067147  352.246658210949
973000  -349.242595533364  354.086791601214
974000  -349.600358834619  353.467275093778
975000  -349.957277132545  353.003747392999
976000  -348.442504479363  356.552425735594
977000  -352.429225803957  357.997233926228
978000  -354.218360857117  356.886041021417
979000  -354.108472194861  355.724524173891
980000  -353.574081493898  355.701621643074
981000  -349.679479279276  357.950670983559
982000  -354.20583519828  358.946688425094
983000  -354.697482048098  358.187018310015
984000  -354.62547154425  358.877396862228
985000  -354.26870314504  359.146528809159
986000  -355.722874868248  361.52070724028
987000  -359.311094228088  362.127856575357
988000  -355.489943179792  360.718217154553
989000  -356.308963344064  363.617169017541
990000  -359.533034066062  363.786984891698
991000  -363.395678317243  361.8511997743
992000  -361.986322724769  364.411716614567
993000  -360.011356356797  365.538128985017
994000  -360.479926873866  363.902566543026
995000  -359.326849626079  364.299762890484
996000  -362.485480465983  366.50737534339
997000  -362.019891089271  367.06448070971
998000  -363.025828287488  369.703352123238
999000  -366.474820578105  371.912759748703
1000000  -364.668238649978  367.02238707503
1001000  -365.559867695271  370.353792360176
1002000  -365.295399237531  371.408987525038
1003000  -367.886701706327  372.060132134125
1004000  -366.153523315124  369.925968819018
1005000  -364.581782650478  375.170417039003
1006000  -365.285496757281  374.199681488677
1007000  -367.150618552483  374.228197710145
1008000  -369.821921613443  373.830386184144
1009000  -371.195142911451  373.350149266388
1010000  -368.490308541555  374.043709042017
1011000  -370.791398540826  371.252286513112
1012000  -369.832628550879  376.791058334923
1013000  -368.914132843771  374.041738322969
1014000  -370.521080591596  373.39806803248
1015000  -371.738375283743  375.723408350852
1016000  -373.487539357952  375.99216946194
1017000  -371.242213824777  375.561028121698
1018000  -368.31352333927  373.24579606013
1019000  -370.836794464429  374.616671409579
1020000  -370.206368484657  375.26003157326
1021000  -374.00825486095  375.370957953831
1022000  -372.33027224767  376.609377587706
1023000  -374.464338309812  378.205589341887
1024000  -375.052519349668  379.851146868589
1025000  -373.885853730548  379.903870978375
1026000  -375.385974263165  381.554807100256
1027000  -374.464215258954  380.617351462155
1028000  -377.201581005232  383.225236956763
1029000  -375.633769556672  381.766831094808
1030000  -377.979865518614  384.560478176796
1031000  -373.473050331132  384.906820476101
1032000  -376.090305994869  385.173650776892
1033000  -376.772593127789  383.945997085554
1034000  -375.892120745843  382.197201602119
1035000  -374.067065232303  384.822038946283
1036000  -377.446866699848  383.203938072814
1037000  -377.870110132003  385.511813310093
1038000  -375.798422819699  383.645822639118
1039000  -377.950336156587  384.222165950745
1040000  -378.207430035453  385.910236519834
1041000  -377.433479996287  386.095727498628
1042000  -378.54022965732  385.67099756964
1043000  -376.788524190075  387.599104171305
1044000  -379.276387866474  390.536329257495
1045000  -380.957229939709  389.959886425177
1046000  -382.120940634498  390.63765733482
1047000  -382.817558632498  389.708489560384
1048000  -384.781643937231  390.402198957282
1049000  -385.703492705708  390.110154872741
1050000  -383.384112213672  389.629785015338
1051000  -385.221153129518  390.547350577534
1052000  -385.491856353763  390.640241577194
1053000  -384.895850289903  392.479795142357
1054000  -386.326508592706  392.210101933219
1055000  -388.115880258161  391.928067727483
1056000  -385.816697539881  392.188710120716
1057000  -385.779943426632  392.578500076677
1058000  -385.215393320389  394.242390654701
1059000  -392.101397080474  395.64180112597
1060000  -389.890275217902  395.986192439445
1061000  -392.284252236045  395.86304912206
1062000  -390.646027395737  396.106492429467
1063000  -394.142853411691  394.739883160046
1064000  -395.646084402663  393.724037640017
1065000  -394.640720538219  397.128105080546
1066000  -396.688593813791  396.786081954722
1067000  -395.383533354427  397.144911810591
1068000  -396.974402824517  400.147823624348
1069000  -396.797073055363  395.431425090166
1070000  -396.650433445724  396.130135000203
1071000  -399.671472309234  396.794719486696
1072000  -397.80705434995  396.493222501354
1073000  -399.102592071947  397.131090190304
1074000  -397.031297542727  397.303450138767
1075000  -401.403666234384  400.335984499191
1076000  -403.527360099061  399.152307452299
1077000  -404.060931963983  399.449592646005
1078000  -401.476669279672  400.254830641916
1079000  -403.231129231615  403.28215421777
1080000  -403.767961774504  400.398476510575
1081000  -401.126116923354  401.387832678538
1082000  -400.822312914729  404.190178753112
1083000  -405.660899412797  404.723146283576
1084000  -405.589222830563  404.309244437122
1085000  -407.268085017563  404.207992295093
1086000  -406.209248940691  407.113635427819
1087000  -407.16692127816  403.449584909394
1088000  -408.317412112498  407.145351627286
1089000  -410.146986333491  404.204340730164
1090000  -408.986334847072  406.041463116558
1091000  -409.463533460762  405.8679948671
1092000  -412.114859723863  405.693210757469
1093000  -409.976554973079  406.649822847588
1094000  -411.590936242831  407.193048119321
1095000  -412.020968673717  408.066136278597
1096000  -413.036648369351  408.294269743447
1097000  -412.45639271041  406.619727451837
1098000  -411.636113944048  407.782379289001
1099000  -414.646614015389  408.350201684407
1100000  -412.424511593755  409.542642661021
1101000  -415.02426572213  410.719736780109
1102000  -418.791980357251  409.802915272742
1103000  -418.038745180917  411.625859180385
1104000  -417.071907486369  411.656409526194
1105000  -418.185497396153  411.510214566736
1106000  -418.896877639858  411.900935171167
1107000  -422.04204464004  411.80933064021
1108000  -419.750583877598  414.137838053045
1109000  -424.375900441126  416.257466624225
1110000  -425.746894901191  414.474674416781
1111000  -423.170617245968  415.989283661568
1112000  -423.063955509505  416.924413715859
1113000  -421.203436903524  415.310643449516
1114000  -425.293888211459  417.526987008558
1115000  -426.005488225783  419.392258271788
1116000  -424.710926185137  419.596906075851
1117000  -426.152615483948  417.93405246357
1118000  -425.771990165795  420.067986135771
1119000  -427.621992265185  424.803353262941
1120000  -430.446581416426  419.267452453761
1121000  -429.435358898852  422.964420587224
1122000  -429.30604099597  423.825794054506
1123000  -428.859183607462  422.787107565728
1124000  -428.777099805049  422.421507832281
1125000  -428.220404754729  422.101305385782
1126000  -427.152667961653  423.76425069719
1127000  -429.985281986559  426.026846559793
1128000  -432.348694238103  423.856248304272
1129000  -428.292518285645  424.573734981888
1130000  -428.302351434211  425.311144096287
1131000  -427.436384739265  426.333203354453
1132000  -428.125575406329  424.246097318558
1133000  -428.728316965775  425.916169003943
1134000  -429.569686861093  426.409987175912
1135000  -430.566845685364  426.189512817753
1136000  -432.504398108391  425.521606263125
1137000  -429.604223267428  427.785187568915
1138000  -428.342874860522  427.269292699526
1139000  -429.463813569953  427.673064100696
1140000  -431.09416886634  425.91861343722
1141000  -431.847176556498  425.404727938113
1142000  -430.257386084162  431.058665515224
1143000  -430.618606287167  430.4653242429
1144000  -431.644993380731  427.988807329062
1145000  -435.635897633351  432.049763798476
1146000  -432.695487491679  430.556060589826
1147000  -432.829652476403  428.548307403823
1148000  -433.061122313789  430.36025122063
1149000  -435.45968135429  432.125330637031
1150000  -432.734394729374  431.510985022829
1151000  -435.049575886505  432.59702213741
1152000  -434.524571043719  431.860564619803
1153000  -435.853901414003  435.540366314578
1154000  -437.992529793239  435.8558661545
1155000  -435.860671486592  434.14982334362
1156000  -436.975572090844  433.758020319783
1157000  -435.488101613131  438.821457129897
1158000  -435.975703957749  437.08005250448
1159000  -434.190223598256  435.770848708803
1160000  -435.492922736845  437.661907570722
1161000  -437.412537618938  437.234349298535
1162000  -438.541889420094  437.693660895074
1163000  -438.357409027731  438.280035964908
1164000  -437.455679035518  437.57652128614
1165000  -439.871788284394  441.305671207075
1166000  -436.576181896819  440.313305157472
1167000  -440.674289318084  442.287802470892
1168000  -442.159802578976  439.50735843981
1169000  -440.815054495547  440.39498296809
1170000  -440.459308100207  439.078410138096
1171000  -438.377718334582  440.265693153838
1172000  -441.423655006301  437.481394792811
1173000  -442.366140045385  441.656541281632
1174000  -442.474136979527  440.67882186291
1175000  -446.972190570185  439.379412786461
1176000  -442.969483160883  441.755610222328
1177000  -443.554411516717  441.154942536496
1178000  -445.143753503923  443.378277131403
1179000  -442.478738231572  443.697070288681
1180000  -444.409180640478  443.800971482823
1181000  -442.49711414396  444.398152640751
1182000  -443.205363461621  442.919218833778
1183000  -443.782883459824  446.250307442566
1184000  -443.79774558159  444.314090103182
1185000  -440.317471781122  446.885045547294
1186000  -444.239787256888  446.334940951812
1187000  -444.460925645761  447.434304550372
1188000  -445.353151242676  449.483278459967
1189000  -446.053270128234  448.157624188362
1190000  -445.306817538051  445.613871469429
1191000  -447.738721966594  449.535243757316
1192000  -447.873351321923  449.652985940549
1193000  -447.898797190537  451.774408392272
1194000  -447.525837355295  451.399957252625
1195000  -448.853044096011  453.934459012674
1196000  -446.865551747118  452.816586632527
1197000  -450.489356518661  452.677349669017
1198000  -448.99069090135  453.570822753014
1199000  -448.734896382037  452.511167932122
1200000  -448.242190345678  453.247878452763
1201000  -448.24536095385  451.950167386752
1202000  -448.313092757934  452.02898131987
1203000  -447.827306653264  450.464429394959
1204000  -449.292639265761  452.247351502589
1205000  -451.078357589897  453.368638822281
1206000  -450.536091518244  453.349090562483
1207000  -450.536135297971  452.529519204729
1208000  -450.339411748854  455.569293161554
1209000  -450.618098237509  455.722234916784
1210000  -451.600237048805  457.057206639967
1211000  -451.095222553335  455.490545013711
1212000  -453.720589950895  457.720820581194
1213000  -451.674501266636  457.754179423354
1214000  -453.061767344354  457.18839047489
1215000  -451.490118654412  458.836362004614
1216000  -451.87844033275  458.224553421046
1217000  -452.782308191628  454.802988656793
1218000  -454.323850203541  459.409033974851
1219000  -452.921027363363  459.087529583984
1220000  -453.085509329893  458.905801322063
1221000  -453.226361956586  458.988781412949
1222000  -453.812839678645  458.271431418989
1223000  -455.742081388033  459.387047225573
1224000  -456.313799442504  458.499092105181
1225000  -457.657045291863  458.096692633355
1226000  -458.174386660156  458.575788267248
1227000  -459.342472999738  458.214133389793
1228000  -459.389798386562  459.945050832386
1229000  -455.318487906257  457.955647173022
1230000  -458.094200399402  460.888150486799
1231000  -458.073642671379  462.180526083941
1232000  -461.560047378685  461.635163357765
1233000  -461.905325561048  463.137292350719
1234000  -460.649537484975  460.704420216628
1235000  -462.391237605966  462.605504053127
1236000  -463.435805515449  464.211628427166
1237000  -461.677273633253  464.882955227987
1238000  -465.471067102445  464.896708888236
1239000  -463.096820137357  465.597646339801
1240000  -463.71736559527  467.631815480031
1241000  -464.896316427781  465.507659346075
1242000  -465.483999354729  465.116460136421
1243000  -465.753343340694  468.318822152236
1244000  -467.34992012431  467.885665869768
1245000  -466.962206589532  468.66137911248
1246000  -465.795928303565  467.492419338848
1247000  -468.399364906436  470.455095717333
1248000  -469.476770160988  469.94784070737
1249000  -470.872813866575  472.154009378499
1250000  -472.584030450434  470.058232514638
1251000  -469.651477525669  470.978764699442
1252000  -471.883301515147  469.881014219246
1253000  -470.339232309825  469.216677673343
1254000  -472.052934159814  472.768937602059
1255000  -469.730684548301  471.403057196209
1256000  -469.912097963294  472.902916933197
1257000  -471.020288674773  472.619117453325
1258000  -473.35574494597  472.811291725171
1259000  -471.007356094916  474.876172914426
1260000  -469.631165045825  472.608524100809
1261000  -472.264920200377  472.963188051017
1262000  -471.885758056699  474.785594749308
1263000  -472.529302263021  475.706037685409
1264000  -474.147901403869  474.579950575756
1265000  -474.454665173927  477.44525036276
1266000  -476.83641208288  479.10626228594
1267000  -474.675894327716  477.03532524883
1268000  -473.914023726228  477.445996572356
1269000  -474.806284447504  479.86890323823
1270000  -476.679065589937  479.661266472438
1271000  -477.987690144244  478.683864008019
1272000  -477.332723694613  478.908004474026
1273000  -480.277797267625  479.639101127987
1274000  -479.189580906139  480.957635624053
1275000  -481.974681568214  478.221356878476
1276000  -480.310344427033  481.380633363143
1277000  -480.996284402735  479.624185375156
1278000  -479.949026438895  481.484707716142
1279000  -484.593702592178  480.736297684209
1280000  -482.703584289529  483.226701619596
1281000  -484.098181756815  480.399236994316
1282000  -484.744851739168  484.143296087112
1283000  -485.080795553429  484.961814884141
1284000  -486.022065559352  485.174995642408
1285000  -486.141556072531  485.803372547326
1286000  -484.63553550639  485.92825090493
1287000  -488.435338044934  485.22003504118
1288000  -484.902013515189  488.284661598123
1289000  -487.274938291671  487.397875199912
1290000  -488.2513195635  485.301386361159
1291000  -487.385806821399  489.426550053421
1292000  -486.965392433434  488.970895797077
1293000  -487.983837182172  489.260316486559
1294000  -489.178124512867  491.024448627098
1295000  -488.907858661481  491.628131778623
1296000  -488.863031807706  490.55425261167
1297000  -491.248870215734  490.170083593687
1298000  -492.173806217057  492.047583263499
1299000  -489.195346690617  491.106898524954
1300000  -490.061388031831  492.748815847642
1301000  -492.003058013705  491.648625297153
1302000  -492.722451167536  494.323779888895
1303000  -489.80443846779  493.069730262721
1304000  -491.094182485647  492.357880157589
1305000  -492.690612034248  492.722214706688
1306000  -488.010859580581  493.010891676687
1307000  -489.194251311947  493.760027729852
1308000  -490.240317841969  495.715845290254
1309000  -491.769982738438  495.173730500592
1310000  -494.062717611811  496.581498118249
1311000  -495.117404779395  495.675328888265
1312000  -496.354016092098  496.283697842339
1313000  -495.722090578971  497.395226799969
1314000  -494.053089297788  499.114221619224
1315000  -494.01897805508  498.002140976226
1316000  -494.38695906139  498.665512827101
1317000  -495.45313794006  499.040990775391
1318000  -495.011889352827  497.425467633625
1319000  -499.111239797388  502.948892263588
1320000  -495.740469007662  501.246607596691
1321000  -495.819552697173  503.57314933302
1322000  -496.481419222565  503.005628661502
1323000  -495.165991682392  502.552119848928
1324000  -497.577027912255  503.111857860068
1325000  -497.889505943722  504.737846518088
1326000  -499.180996920584  504.830957103825
1327000  -498.452348702699  507.731166575519
1328000  -499.343824891703  506.028602913572
1329000  -500.334149911525  506.227673889338
1330000  -496.880416845944  508.725549307703
1331000  -496.893417127882  507.756412790334
1332000  -500.301887290597  509.296059983147
1333000  -498.924028899925  508.179643937008
1334000  -498.031706412906  508.328788279164
1335000  -499.46879463098  511.710916048545
1336000  -502.167217034635  508.188717138592
1337000  -497.817877412421  509.187727012878
1338000  -501.866891508909  510.028160612856
1339000  -502.238879191731  508.78142015288
1340000  -501.715598436913  510.808833467532
1341000  -503.605452696469  511.358107348153
1342000  -503.364304552556  511.760892992667
1343000  -504.50152986111  513.133771593392
1344000  -504.89563797995  512.845192115312
1345000  -504.175285728058  514.280861852738
1346000  -506.602621524257  516.280140159461
1347000  -506.245293692673  514.308008098894
1348000  -505.039302512909  514.535201929344
1349000  -508.469013749419  518.3311861828
1350000  -508.711122594183  515.621180565748
1351000  -507.199967306115  517.46096879547
1352000  -508.550511366072  516.203740910757
1353000  -510.16967243401  517.504401689427
1354000  -510.305039276724  515.872450251948
1355000  -510.104084746404  517.803784583868
1356000  -507.622176462505  519.065617599544
1357000  -512.011600346315  521.605992279031
1358000  -511.335659052205  521.307527330044
1359000  -510.428504568368  522.9809699403
1360000  -511.603343389621  521.307516528636
1361000  -511.990363760393  521.032959935819
1362000  -510.568066764939  522.57528431576
1363000  -511.736220551435  524.397689860994
1364000  -513.144406694667  523.662009450367
1365000  -515.454259776457  523.17604720932
1366000  -513.900661826892  524.760009480441
1367000  -516.762019677516  521.20799834226
1368000  -517.350988050035  525.680843466919
1369000  -517.462867453649  525.748435608291
1370000  -518.179971414281  523.81318866228
1371000  -517.367868485816  524.754548954137
1372000  -517.315725295734  525.841196023394
1373000  -517.271837177171  525.561788579294
1374000  -517.875521840598  526.296611703751
1375000  -517.443593874477  526.082832253478
1376000  -519.643396275314  523.979605734109
1377000  -518.775339457988  525.977774296539
1378000  -521.839151951168  526.352355629735
1379000  -520.843611063655  526.827841213682
1380000  -518.970676652733  529.082848900073
1381000  -522.924302609886  525.393965742383
1382000  -521.995240298585  526.206538929558
1383000  -523.706110515982  527.258096087806
1384000  -520.612773733393  525.596410919268
1385000  -522.084297759708  525.480602156167
1386000  -519.233333959459  528.577264612148
1387000  -519.836194575657  529.587084385078
1388000  -521.145716796195  528.909423277637
1389000  -521.637378517031  530.019009233449
1390000  -521.995081285367  530.642353593394
1391000  -524.510942564897  528.160699037389
1392000  -521.67284683205  530.733382186237
1393000  -524.048965658791  529.952600268482
1394000  -525.221649155412  530.798955929187
1395000  -524.613556896007  530.866268837627
1396000  -523.381150906396  530.601300211561
1397000  -525.734962195287  529.383628903941
1398000  -525.937918818698  531.870014484293
1399000  -525.929907408289  530.746363974757
1400000  -525.002450454708  532.614519179633
1401000  -525.955326811983  533.155718423424
1402000  -523.073238515778  531.367035077864
1403000  -526.054481724527  533.441780478108
1404000  -529.323289860073  532.776277234043
1405000  -529.056151865744  530.32963835331
1406000  -529.029781759091  533.20107255142
1407000  -528.039191128906  536.087073451676
1408000  -529.144897256391  537.386588492021
1409000  -528.638999324287  536.343800162631
1410000  -530.361221179507  538.478842137646
1411000  -528.525374740885  536.49006942939
1412000  -530.368418337762  538.380267409039
1413000  -529.184626329606  539.076522556554
1414000  -531.29731949234  538.966048352733
1415000  -530.266421296763  540.568059675196
1416000  -532.858608520103  540.109767369005
1417000  -531.798827213786  540.694314396216
1418000  -532.809674105146  540.790610291948
1419000  -536.045087645473  541.620384913509
1420000  -532.486721265418  542.009001790035
1421000  -533.987038504661  541.122596823909
1422000  -531.821518671844  542.159994862452
1423000  -535.695146782693  544.094134251376
1424000  -537.422417094372  545.374948126939
1425000  -535.698704140485  543.557060193356
1426000  -535.746649700454  542.914069848363
1427000  -537.604992960096  546.596027480878
1428000  -535.708772531553  547.927487740858
1429000  -536.181851810244  547.356655634058
1430000  -536.253475376211  547.74048020574
1431000  -540.467600868089  549.231860980571
1432000  -540.109489407238  550.461946954944
1433000  -538.650176038573  548.175398467036
1434000  -539.34479103121  550.401693070271
1435000  -543.42098108169  550.417921463099
1436000  -543.585610301974  547.955380788838
1437000  -542.800241991319  546.859620537149
1438000  -543.419526281017  551.448101290356
1439000  -542.625457313271  550.68835005931
1440000  -543.124381737923  550.480879618479
1441000  -541.593836771232  551.281545311423
1442000  -544.529157387104  551.505089994929
1443000  -541.586370694255  552.095403054232
1444000  -544.775849631933  553.864115089682
1445000  -544.131128290408  553.208433835836
1446000  -544.87325639482  553.265728404905
1447000  -545.993561063862  553.850646254346
1448000  -546.965482239243  554.148358240045
1449000  -547.67214289471  555.929873495695
1450000  -549.021940916621  554.512601986612
1451000  -549.515764465186  556.266441619685
1452000  -550.022994220092  559.454345260848
1453000  -548.431351114406  556.027628133633
1454000  -552.38956431533  558.054597808609
1455000  -551.997128999708  558.288544314782
1456000  -551.664650075087  559.746918314742
1457000  -552.647266122286  560.67270057018
1458000  -554.369853101308  561.911142347425
1459000  -551.085655208466  560.743086004915
1460000  -553.407251660909  562.874802565276
1461000  -554.95097874349  561.178423546342
1462000  -550.962518796276  562.520259810247
1463000  -552.424817186113  561.879199115546
1464000  -551.648034162509  563.438267888166
1465000  -552.913962817698  563.235007384046
1466000  -554.985532962042  563.982029404267
1467000  -554.748174848865  566.613640244057
1468000  -555.782281637812  566.560605418647
1469000  -557.005682570182  568.1533927031
1470000  -557.483743513887  569.165556266368
1471000  -555.613361386478  567.724573184884
1472000  -557.641626054956  566.668249541214
1473000  -557.418544092414  565.855000739269
1474000  -558.2378661775  567.089145244897
1475000  -558.262432487106  565.621102782383
1476000  -559.393740383984  566.679234401439
1477000  -562.020068227982  567.418102875233
1478000  -560.200195569433  565.775838798535
1479000  -559.325897780551  568.713278551631
1480000  -559.410114502904  567.247260079188
1481000  -561.918528178638  568.779412733135
1482000  -560.476417952715  570.431034227634
1483000  -560.116242616197  569.737023085086
1484000  -563.469365441022  571.620104700303
1485000  -559.847941673242  570.992416419187
1486000  -564.615129842856  569.861182587053
1487000  -564.715907274991  568.431865737798
1488000  -561.791466748642  570.088426184117
1489000  -564.513187600036  573.613982393209
1490000  -564.877034625639  569.84560140411
1491000  -565.311646445625  572.060374215563
1492000  -566.559191734602  571.153471779512
1493000  -568.283307717213  572.573072032608
1494000  -565.097286747615  572.57564982037
1495000  -565.5847540228  570.149132925679
1496000  -567.908754861876  572.564845840221
1497000  -566.21010512704  574.874977482397
1498000  -566.260030627348  574.60786665307
1499000  -569.626497288852  576.009690876442
1500000  -571.654874001416  576.049394228651
1501000  -568.970280890059  573.684738191307
1502000  -568.393048505718  574.325556432466
1503000  -567.320621943978  573.764340176409
1504000  -568.613173267633  573.943901689998
1505000  -571.522194448274  573.99057601986
1506000  -569.660378483818  576.706766354188
1507000  -572.105605579713  578.026160970832
1508000  -572.639611885466  577.530897284576
1509000  -574.02963454485  576.919372243584
1510000  -572.914050252896  578.767789067715
1511000  -572.550612045645  576.207867570492
1512000  -572.064180046193  578.349060889699
1513000  -572.961897842723  575.130716113654
1514000  -575.361880616285  575.184704935839
1515000  -575.91570816007  578.321682768035
1516000  -574.115644485879  575.190073011362
1517000  -576.054428425512  578.152439852635
1518000  -573.021086373088  576.364181262482
1519000  -575.924308986801  575.820526890129
1520000  -572.92000601445  576.556084545645
1521000  -576.832635087389  578.397897658272
1522000  -573.936491774287  577.828967999724
1523000  -577.751857463697  576.848859309915
1524000  -578.073531008492  580.242400330408
1525000  -576.028251536914  577.120426281111
1526000  -575.237201924798  578.885081528662
1527000  -576.69632511576  578.385176904894
1528000  -576.183602234145  581.620189028772
1529000  -578.293469544477  580.937787227994
1530000  -579.461929770953  578.29928663159
1531000  -578.353430217901  584.314834945832
1532000  -579.083725157879  581.487243588213
1533000  -580.651064055901  579.231179036748
1534000  -578.666867559923  580.762097057064
1535000  -578.712237289502  582.629775253602
1536000  -578.153728663217  582.222758054314
1537000  -581.146089158167  581.532579111168
1538000  -581.930081663924  583.587143386736
1539000  -582.711422337569  584.330393081458
1540000  -581.364428809252  585.16345266294
1541000  -580.164757190273  582.84137764154
1542000  -581.80707802205  583.062642179505
1543000  -584.688726139465  584.30626604865
1544000  -582.160703663074  582.79387985676
1545000  -581.09376983851  584.766129585102
1546000  -584.310366317037  585.227990146011
1547000  -583.002462999465  585.558231064584
1548000  -583.097040483915  585.305771307676
1549000  -584.872336440012  586.697160875664
1550000  -585.118478987273  587.481281888677
1551000  -586.815072234564  588.793761205683
1552000  -589.920539170225  589.646710473075
1553000  -588.453857101083  588.988518294684
1554000  -589.778347990209  589.84725832165
1555000  -591.673077417027  589.360664568911
1556000  -592.291204946184  588.644199401324
1557000  -589.967964572775  592.559135148489
1558000  -588.720597397383  594.209370504053
1559000  -588.956245391214  592.971104727502
1560000  -592.771615291129  594.234589610818
1561000  -590.568056650008  594.01738055146
1562000  -592.44656563341  594.640495139406
1563000  -590.481552972797  593.186416936271
1564000  -593.726133072397  593.360475284293
1565000  -592.813688385727  595.228135900479
1566000  -594.462719486516  595.903442906828
1567000  -591.957073155498  594.860572984307
1568000  -594.472812161582  596.623641063067
1569000  -595.05546625216  595.50326921755
1570000  -594.9638426068  592.464851266428
1571000  -595.472866154822  594.026738917845
1572000  -593.92482689672  592.031658388684
1573000  -593.035517864861  595.705979334936
1574000  -596.163730964934  593.260942081101
1575000  -598.224571789665  593.198887305815
1576000  -595.484353705623  597.413262944587
1577000  -595.406574233755  595.894541927561
1578000  -598.166019416093  595.448270486363
1579000  -600.187534330422  596.596633005575
1580000  -597.630763402571  596.852717832559
1581000  -598.782452453236  595.925226937282
1582000  -597.828302943788  598.849874458596
1583000  -601.467053064268  600.016104149719
1584000  -595.456751042482  599.262787250095
1585000  -597.97402140931  600.170738268027
1586000  -597.925716067464  599.245469365694
1587000  -601.210689234606  602.108176429612
1588000  -599.991232700341  603.58398846068
1589000  -598.118673909843  601.751636816178
1590000  -600.310813331689  601.585423349669
1591000  -600.731189294259  603.095145322848
1592000  -602.207090456349  601.959189199468
1593000  -602.922244282282  600.835373130499
1594000  -601.598252327595  604.514832695028
1595000  -602.136139121267  604.167220133531
1596000  -603.559076959084  605.659964220377
1597000  -601.150538388392  605.931448452604
1598000  -603.177567053025  606.966286518463
1599000  -600.451967496824  607.63888441346
1600000  -600.467149571615  604.233194640758
1601000  -602.210794660328  606.31681730729
1602000  -603.052032512963  607.968530564249
1603000  -600.279285931763  609.154556056012
1604000  -604.111675221766  607.503919570791
1605000  -606.842779296387  606.627712201994
1606000  -607.00832290309  609.699995356296
1607000  -603.897307695084  610.185313087375
1608000  -607.167563447291  606.39458430234
1609000  -605.123398031605  609.613321444597
1610000  -607.291426601005  610.877983006255
1611000  -606.539405913021  610.104405552124
1612000  -605.616950106153  610.408639614442
1613000  -609.606426270374  610.471126671867
1614000  -607.134797724845  611.926559157602
1615000  -608.243956808066  611.486309790781
1616000  -610.882861523949  611.966818414451
1617000  -612.845675402105  611.745765142229
1618000  -606.711607325205  611.245225757442
1619000  -610.037991748665  612.366522006488
1620000  -609.801710147072  611.349267932918
1621000  -611.204100607305  611.195174893674
1622000  -609.265093237095  614.440617299213
1623000  -610.105889014765  616.617705225839
1624000  -609.911297375515  618.50910976095
1625000  -611.923906859429  615.337909907723
1626000  -612.866467245551  616.379562923024
1627000  -612.870519708224  616.362619661154
1628000  -613.219827726598  616.96028208382
1629000  -612.499492534425  617.892800911914
1630000  -613.21728702479  618.547534743999
1631000  -613.297271301594  618.157152652813
1632000  -612.436705221913  620.656394732809
1633000  -616.497442489425  620.258583217627
1634000  -615.099820864117  618.482152532554
1635000  -613.706805584173  621.625326600658
1636000  -614.092069687808  619.473532776623
1637000  -616.048185844621  619.95912104109
1638000  -616.546776376269  620.553101055133
1639000  -617.698588197714  623.16166458268
1640000  -615.051879723807  620.351535497408
1641000  -614.793670495564  623.419821218841
1642000  -617.723625036613  623.326728390107
1643000  -617.720559881487  623.276375269299
1644000  -621.611400151901  624.489890895703
1645000  -620.587640519257  625.008918922649
1646000  -619.697589646172  625.805653088174
1647000  -619.031020413869  626.113482984115
1648000  -620.828535651511  626.7347591668
1649000  -619.383969590862  626.371232969827
1650000  -621.270521102495  628.055872141476
1651000  -621.527957062012  625.852113255939
1652000  -618.989211495663  627.945036094727
1653000  -622.498791029941  625.737261577608
1654000  -624.15429644556  626.940181200839
1655000  -624.232191222885  631.739114080747
1656000  -625.324600991988  629.087324223794
1657000  -622.890250767044  630.677170216319
1658000  -623.343995519672  629.707088156044
1659000  -627.992823308288  630.339936386685
1660000  -627.383654145648  629.544852470805
1661000  -627.172205290484  629.917631351659
1662000  -625.339311245921  629.284886708025
1663000  -628.065045418345  627.309475490543
1664000  -631.922397467612  628.373852400221
1665000  -627.606319554939  629.758451923991
1666000  -630.066463691942  630.533538087137
1667000  -631.008347935242  630.976131711338
1668000  -632.225437983933  627.940877825368
1669000  -629.539114953802  630.873336353796
1670000  -629.955048216025  632.003624477039
1671000  -629.594647475322  631.61919484833
1672000  -630.39682899046  630.42539568082
1673000  -630.107042572536  632.243560268429
1674000  -631.83065098056  635.50981433016
1675000  -630.842640105307  634.086450109272
1676000  -631.124250154499  633.23948341086
1677000  -633.130964637295  635.133314734079
1678000  -633.579466735235  635.9058876779
1679000  -631.460872703847  636.459656785709
1680000  -632.912686178475  634.050999186571
1681000  -633.910067185066  634.769985741907
1682000  -633.873342655059  636.570090677418
1683000  -633.675018275913  637.680119893918
1684000  -632.960649806115  636.463830854402
1685000  -632.582722352931  638.344108744794
1686000  -633.968481156265  638.350085943624
1687000  -632.378469895322  640.059868343335
1688000  -632.774588374158  640.453950975937
1689000  -632.754198924155  639.194312359018
1690000  -632.560566993694  641.907565531019
1691000  -633.375124842409  640.72754770342
1692000  -633.939378119869  641.041603667741
1693000  -637.64364403147  641.263565395451
1694000  -636.023628650946  642.331029229075
1695000  -638.597490677547  640.092503438573
1696000  -636.228122813382  640.999326436636
1697000  -637.899199973851  643.071478392614
1698000  -638.4186407619  642.432436111495
1699000  -638.915500354456  642.56003540697
1700000  -642.058234610407  644.375251216299
1701000  -639.707189138889  647.65865791199
1702000  -642.00508801734  643.817668352866
1703000  -640.838859648762  645.355195802701
1704000  -641.996733498217  645.240288190715
1705000  -640.497773655295  643.002016533759
1706000  -637.670376568594  644.145880907338
1707000  -640.138088549876  642.688073342835
1708000  -638.688055491824  646.901725493228
1709000  -641.599748077468  644.711786752524
1710000  -640.003459869378  646.469218454238
1711000  -641.194900772221  649.074958564954
1712000  -641.901639696002  649.328075900716
1713000  -641.95892968925  649.084213752351
1714000  -642.330088789302  648.02836158762
1715000  -641.656973055309  648.245396836233
1716000  -639.997771751007  651.439164461408
1717000  -642.239284248528  652.275750263538
1718000  -642.80022008322  652.447716043825
1719000  -641.451699577319  651.072729726095
1720000  -641.230581041525  651.904971928928
1721000  -643.569804819623  651.932408940708
1722000  -645.537941208495  647.88248095193
1723000  -642.227221166664  650.371603577006
1724000  -643.341954563919  651.32045442016
1725000  -646.266289419912  650.775022467038
1726000  -646.516526812933  652.140337821964
1727000  -648.473308039129  651.748849942037
1728000  -649.26422339082  650.539187234646
1729000  -652.578277987872  649.921391212045
1730000  -651.835074781849  652.144635897358
1731000  -650.506484012877  651.396903604602
1732000  -649.857312788927  652.566203598761
1733000  -654.619077279185  652.533322497825
1734000  -651.163237478804  651.943089411274
1735000  -651.845609029845  650.015569347769
1736000  -653.404961134564  655.094264177336
1737000  -654.889200142654  654.808953354322
1738000  -653.985744246487  655.010676829836
1739000  -653.478602265071  657.025562418326
1740000  -654.28942877982  657.519944344362
1741000  -652.998937462918  657.420785443366
1742000  -652.065547063351  659.644683274363
1743000  -653.149418397057  657.575003750074
1744000  -652.567576987028  658.886476240855
1745000  -652.407343832935  658.619494059808
1746000  -653.220313600645  659.782716432353
1747000  -656.742261239302  660.661023481677
1748000  -657.741839768392  663.389671706308
1749000  -657.061739875688  662.45325939662
1750000  -655.628616335054  662.631735667034
1751000  -657.905809644319  662.550672566426
1752000  -654.589195263139  661.871331900453
1753000  -657.219480679756  661.931491085536
1754000  -656.583353565354  663.802367634673
1755000  -659.844481467254  663.879736389846
1756000  -660.124584633754  662.89634614655
1757000  -659.012749475713  664.367574659325
1758000  -658.923801911155  664.464403505212
1759000  -660.223764815115  661.710756728225
1760000  -661.078828616758  662.190198005119
1761000  -659.238086696139  664.41036965734
1762000  -660.418004771006  665.024980248574
1763000  -663.00593569236  666.057670983782
1764000  -661.970725327194  666.968091833642
1765000  -662.007183440077  665.828034214209
1766000  -662.047697329522  663.516508171797
1767000  -662.423799386538  663.710010756568
1768000  -659.718135050607  666.377795376054
1769000  -662.89145753822  668.277533016421
1770000  -662.24449660607  667.920899656782
1771000  -664.623207738207  667.884560386226
1772000  -661.132562137241  666.714050214567
1773000  -662.540476176668  670.185639764077
1774000  -663.775420579442  665.774799507892
1775000  -665.96072079842  667.877627458268
1776000  -663.058130521656  670.021233642769
1777000  -663.95155426374  669.553729593362
1778000  -663.61212683295  670.76711083562
1779000  -663.48056122252  671.048303537228
1780000  -663.497551246972  669.467129018289
1781000  -662.319973953589  670.378071756378
1782000  -665.962599183766  670.655832991963
1783000  -667.309097872915  671.579323576539
1784000  -666.782744184803  673.097844382109
1785000  -664.446845722977  672.875535246816
1786000  -667.253640951204  675.650463750636
1787000  -666.424963142205  671.009858338598
1788000  -666.628729133909  671.324540510791
1789000  -665.323597918272  675.255713717675
1790000  -667.318102139008  674.661708861164
1791000  -666.946041204056  670.868356489267
1792000  -665.202339865198  673.415344285541
1793000  -664.743419119984  674.942839953265
1794000  -665.956781852918  672.75578949475
1795000  -666.433615178952  674.931162723306
1796000  -666.100057922491  674.108474318646
1797000  -667.663375641696  674.924591912624
1798000  -670.7719402938  676.304888959304
1799000  -669.516477756861  675.89372461331
1800000  -668.520200227123  676.756394579256
1801000  -669.241759070238  675.883752445668
1802000  -669.049705780014  677.331672330713
1803000  -671.26713446061  677.219766779196
1804000  -670.67899375893  677.192231710787
1805000  -674.922048772421  676.314731610792
1806000  -671.552965077163  677.73868126937
1807000  -675.08276134363  676.320320464491
1808000  -671.081024910644  676.767884692691
1809000  -673.857526179929  678.582993426808
1810000  -676.673751776043  678.523686828895
1811000  -676.299106273381  679.182859365502
1812000  -676.939805002836  679.941228476775
1813000  -676.769053945389  679.294617645952
1814000  -675.004590197978  679.113547728118
1815000  -674.16120485245  681.009630854257
1816000  -675.648640987757  680.20166827747
1817000  -674.111692062539  680.069831304901
1818000  -678.550359822126  681.596553500025
1819000  -676.59899623304  680.990450161101
1820000  -677.174315916019  683.040989152735
1821000  -676.881395554921  683.026875241504
1822000  -677.986726681549  681.369667650425
1823000  -679.985486850746  683.34450653081
1824000  -677.817785898883  683.73097391775
1825000  -678.655398794108  682.965769757417
1826000  -677.979117196077  683.631765660872
1827000  -679.973514464697  686.635734309694
1828000  -679.464996837628  684.501328436555
1829000  -678.925091226934  688.257223636661
1830000  -679.994986995833  686.893176961737
1831000  -681.268630851673  688.650519940755
1832000  -681.483240348573  687.222291617566
1833000  -683.252393999034  689.354514073986
1834000  -682.430689639939  689.880835655796
1835000  -682.765359843442  688.631715706694
1836000  -682.38893040444  689.109183823186
1837000  -682.767009326783  687.99579976241
1838000  -682.343816306093  688.194217284492
1839000  -681.307079970322  687.712786054227
1840000  -682.746832944383  687.796561753726
1841000  -685.191583316207  688.864156293392
1842000  -685.274771643571  690.68145622282
1843000  -684.381759598923  687.541078985554
1844000  -685.024860919125  689.225206250004
1845000  -682.789440875976  692.043130698241
1846000  -683.087606430322  693.845231416743
1847000  -681.761363660039  692.600172475053
1848000  -682.510592887986  692.207352795391
1849000  -684.941424650094  693.613834028396
1850000  -686.21263829902  694.906460393166
1851000  -685.011345226895  697.643182580601
1852000  -684.749603815106  696.387937730145
1853000  -684.732977517896  695.713594427773
1854000  -684.590329277409  697.149903042378
1855000  -684.303889403827  698.259328370411
1856000  -686.278254284958  697.255991149831
1857000  -688.517602610984  697.166170111463
1858000  -689.480848359457  699.902525861072
1859000  -687.701870102608  700.351602035507
1860000  -690.219466909048  701.243634629924
1861000  -689.581427367678  702.807802223388
1862000  -692.083429049574  697.795478661744
1863000  -689.329424584624  702.678358704412
1864000  -692.606247194949  703.077398249306
1865000  -690.734505588241  702.57157866929
1866000  -691.746734714866  702.437442775665
1867000  -689.88076221064  702.189162906306
1868000  -691.680428654549  702.881983213902
1869000  -693.148203664963  700.561682518797
1870000  -693.175338471274  703.358264102208
1871000  -693.947951764296  701.453158192321
1872000  -692.130473217859  705.621034761429
1873000  -697.853252973446  703.612865044004
1874000  -695.520664360332  703.583101020006
1875000  -696.152601038837  704.573431709938
1876000  -696.82272360605  702.521632201443
1877000  -699.17386640768  703.169750017592
1878000  -698.490608363679  703.338017451179
1879000  -700.577499746988  705.538937080802
1880000  -699.42658927751  704.25173042462
1881000  -700.164765284915  702.800402111039
1882000  -699.526515454435  701.983574349547
1883000  -700.228121152815  706.076352376643
1884000  -700.013220347985  705.515923696759
1885000  -702.476949274651  704.729791073885
1886000  -701.894191962498  706.396393089263
1887000  -701.188945470833  707.169786840239
1888000  -699.088331129815  706.704373648917
1889000  -701.024978773011  706.826952374563
1890000  -701.706241206542  708.456643360151
1891000  -702.803950196781  708.016861083483
1892000  -701.946930064374  708.743838512419
1893000  -699.731758496257  708.668651890734
1894000  -700.491099066297  708.077095121395
1895000  -703.805470208624  710.721289271594
1896000  -706.665389301687  713.088114029115
1897000  -702.63261333114  711.874980276838
1898000  -706.379179647715  713.934999448964
1899000  -700.073318030626  710.952839840213
1900000  -700.803051458574  711.267730753993
1901000  -702.068572988508  710.059189335003
1902000  -703.340111162683  713.197264593808
1903000  -704.115305548088  714.207916715799
1904000  -706.082880159817  714.937562086715
1905000  -706.87611802725  713.689190732156
1906000  -706.169886847713  716.628330055698
1907000  -707.022796603057  717.211988962215
1908000  -707.360632066061  715.730247158166
1909000  -706.27157056499  717.886294224276
1910000  -706.762240549953  717.561331320047
1911000  -705.444501797185  719.58185011925
1912000  -706.437164930748  717.915595693434
1913000  -706.202670681444  718.516789059186
1914000  -704.147965123053  718.20190765587
1915000  -704.539986802672  718.676081451619
1916000  -708.10229333445  718.93418873453
1917000  -707.624638830666  720.131006115497
1918000  -709.994239158529  719.45212129316
1919000  -708.642769165812  720.337888495217
1920000  -708.995788636816  723.371068202329
1921000  -708.704397336677  721.263909257624
1922000  -708.823088013419  721.194213145943
1923000  -710.839133450597  724.215223525097
1924000  -709.091318931986  722.240632085676
1925000  -709.742887566321  723.597546648754
1926000  -712.164752810416  724.274377559937
1927000  -711.573005047488  724.315300658835
1928000  -709.515649933513  724.791990199144
1929000  -710.49746954735  721.829059064886
1930000  -711.850597406566  724.874049453911
1931000  -713.301538313733  724.205087456639
1932000  -715.342409811433  726.673724070478
1933000  -711.608036593893  727.374263678598
1934000  -710.779292737302  728.413389854432
1935000  -717.071694741519  725.479614527913
1936000  -713.904628410378  726.988089490901
1937000  -715.13418118481  729.440335514914
1938000  -713.715824413549  728.627204930566
1939000  -714.882813735037  727.818447482731
1940000  -716.912197481574  728.309974794223
1941000  -717.160277394611  726.45286964349
1942000  -716.749065496296  728.779342499304
1943000  -715.158399559631  727.925993157363
1944000  -718.848938196001  728.200721393923
1945000  -716.804015281709  726.987699016986
1946000  -719.373146216669  728.359824253368
1947000  -721.575052791477  729.663507722806
1948000  -721.430104172193  729.670274657095
1949000  -721.366340376611  727.646578243963
1950000  -724.825182537004  730.102024309644
1951000  -722.066344345591  733.667794440721
1952000  -721.856804313241  732.112657401157
1953000  -721.949672799984  729.437821897148
1954000  -720.692300208078  731.146856411793
1955000  -723.045575245095  734.027952858658
1956000  -725.203919840065  734.219708009015
1957000  -724.87775630011  734.780360808981
1958000  -723.556237167476  736.277624102982
1959000  -726.987890402561  736.81004431493
1960000  -725.228052529584  737.371644968286
1961000  -727.899925278244  737.844034274301
1962000  -727.901441036185  738.310691576848
1963000  -729.879943244571  739.480002566273
1964000  -730.060912464352  738.508780471855
1965000  -729.747443132085  741.485014407567
1966000  -731.173621706522  742.587269540955
1967000  -735.084177528619  742.550873721912
1968000  -732.057771422435  741.006889411555
1969000  -733.463500261178  741.072262295979
1970000  -735.610915819758  739.243945937386
1971000  -732.003659995523  743.180859690731
1972000  -735.195006599087  743.538676157293
1973000  -735.527886310756  743.008031254426
1974000  -736.030796932699  741.335160887085
1975000  -737.999986979343  742.304768867088
1976000  -738.042719204653  743.493948678258
1977000  -736.826969529911  746.500930548587
1978000  -737.966968074438  746.411793732493
1979000  -740.083009603895  744.604866456536
1980000  -740.627831274794  745.477696315203
1981000  -737.802029477219  748.238275271485
1982000  -737.736200031568  748.539912219555
1983000  -739.479922435063  749.494965906565
1984000  -742.346444659177  752.492746608238
1985000  -739.361050697969  750.309969074495
1986000  -739.669693394044  750.853905117485
1987000  -740.155797671506  753.60948167018
1988000  -740.650303153263  754.783968252158
1989000  -739.985642577392  755.42803824713
1990000  -739.700212915954  752.730231161946
1991000  -742.016538122485  754.90660297956
1992000  -742.345853477309  756.148490207793
1993000  -743.994912393511  756.593875438475
1994000  -746.017404829034  761.359761178439
1995000  -745.090995550206  755.959599225728
1996000  -743.280172829047  757.787653072332
1997000  -746.968839989475  760.57728244511
1998000  -745.782377586781  759.951666866372
1999000  -746.925774238937  759.024198615064
2000000  -752.050235987705  757.887726962687
2001000  -751.533586718873  759.904527138082
2002000  -750.448920177988  757.509837360483
2003000  -749.29361470569  759.103447119422
2004000  -752.873426414713  758.769421267027
2005000  -749.312147919647  760.616454233622
2006000  -753.005774828484  757.703384502731
2007000  -751.489860731724  762.887481535807
2008000  -751.627824995289  763.746333310911
2009000  -755.557647223244  761.178421747743
2010000  -750.972294641089  761.922673986686
2011000  -752.81115734413  762.29491756138
2012000  -753.820035078451  762.43437970524
2013000  -754.155843102726  764.642506119145
2014000  -752.968485463839  763.493892556985
2015000  -754.739888054599  762.972606496255
2016000  -754.626172732057  766.579800962535
2017000  -756.744700539303  765.46133425369
2018000  -759.03008825238  765.953084367623
2019000  -760.486936635868  766.9663830178
2020000  -758.339756366928  764.819800323204
2021000  -760.748666010703  764.943677693163
2022000  -759.91022312087  767.046882552427
2023000  -760.009855653152  765.962165593778
2024000  -763.085713536613  765.572391461361
2025000  -763.129646242419  767.101047998233
2026000  -764.431973455301  770.625627086219
2027000  -763.969374111109  768.996607164332
2028000  -763.977544838038  767.356301074276
2029000  -767.188580168208  769.524339739846
2030000  -763.590167056211  771.566065988743
2031000  -765.669428777179  770.694755348048
2032000  -766.362524257945  771.500280486502
2033000  -766.341023805209  771.463859378061
2034000  -766.761999872431  770.602380079778
2035000  -764.67239032542  771.077426429891
2036000  -765.434305874226  773.930372240674
2037000  -768.911101438347  774.225805641724
2038000  -768.598571896091  776.313384904005
2039000  -770.493293395053  776.130693321417
2040000  -769.022771418911  774.57568054828
2041000  -769.197837944607  777.12219672863
2042000  -768.651252243199  779.299863211577
2043000  -770.946807780867  778.175106420888
2044000  -769.917090556426  776.999892328279
2045000  -770.280066520031  776.886371998418
2046000  -772.222477063144  777.077326703206
2047000  -770.984429146935  776.701982763854
2048000  -770.41912460265  776.43442041323
2049000  -766.844907917445  781.200016915435
2050000  -768.141613341659  778.966144568599
2051000  -769.670949079687  781.560349439617
2052000  -768.785905258761  784.719068930038
2053000  -770.996454070261  781.730821363454
2054000  -771.737298384166  782.37604636087
2055000  -770.308718668652  782.893696519792
2056000  -773.772418809257  782.249512203465
2057000  -775.82567214874  781.333796774818
2058000  -773.821592777527  781.976561758464
2059000  -775.786050227611  782.439966371604
2060000  -775.972764564579  781.089049990754
2061000  -775.732960119756  780.599450614481
2062000  -776.775106836132  783.279597073085
2063000  -773.47868812848  783.35253288127
2064000  -776.061693921473  784.886911288853
2065000  -776.49695664429  786.036851544415
2066000  -777.546393023204  785.625901753198
2067000  -777.778840462157  784.6738563303
2068000  -776.809657868226  784.570233384332
2069000  -778.793688213344  787.173145226001
2070000  -777.301756059568  785.3327457516
2071000  -781.856059062731  785.100220909377
2072000  -780.698570561309  786.876321273455
2073000  -778.827246300698  789.391585293893
2074000  -779.592318245414  787.072272690361
2075000  -780.168403296388  787.396979431759
2076000  -780.816490175198  788.60665878296
2077000  -780.860303984939  789.135162256922
2078000  -783.941281644745  791.970852834987
2079000  -782.658579227209  790.021238133347
2080000  -782.996953906938  790.832475837167
2081000  -780.775545341979  793.319594671902
2082000  -781.97270329307  793.051872327197
2083000  -782.397288673231  794.367419797677
2084000  -785.833922700744  793.390303104264
2085000  -783.080296824916  791.159450351986
2086000  -781.643308003074  792.613295792098
2087000  -784.943686401614  793.649685170753
2088000  -782.734461488789  793.534680515288
2089000  -785.963880141596  793.875256661254
2090000  -785.522066085252  794.274184977058
2091000  -785.1381387372  793.63272730981
2092000  -783.347861580247  795.072241881515
2093000  -786.952100531322  794.762770827617
2094000  -785.351363043561  795.997038050967
2095000  -785.741315367261  795.787264373324
2096000  -784.166253346664  798.499304071502
2097000  -786.219413448081  797.628633840867
2098000  -787.500420716726  796.743848823124
2099000  -786.456258674876  798.140278434331
2100000  -790.820189386713  798.380053972631
2101000  -792.60561177629  799.784446342593
2102000  -793.219703712866  801.467598672067
2103000  -793.736446174858  799.474966554778
2104000  -793.632224433526  801.783148906064
2105000  -794.395648183933  801.646746632856
2106000  -796.644091565828  803.733331120022
2107000  -792.898194644446  803.138894186995
2108000  -793.765140005686  804.099727966452
2109000  -795.136059619427  805.399310409958
2110000  -794.169435380033  804.115055189469
2111000  -794.145992395115  804.309219024785
2112000  -796.188275549437  804.677190355734
2113000  -795.853039194994  805.547260968442
2114000  -796.446989820464  804.632331210688
2115000  -794.334555446159  804.778129579637
2116000  -799.093079689093  802.856902140029
2117000  -799.472100639802  803.684845540009
2118000  -797.007244595512  801.766833535043
2119000  -797.853356106655  806.917448027662
2120000  -798.206363479788  804.368032994776
2121000  -797.891786418045  807.563223742593
2122000  -799.0097620696  806.574257185955
2123000  -795.297754340423  806.200874720653
2124000  -800.595476910872  807.103521093279
2125000  -797.692046727625  806.384501799383
2126000  -802.30985073492  808.25676484402
2127000  -800.772775813025  807.593260664046
2128000  -799.934732072442  807.409274534321
2129000  -801.213941253476  807.496075262826
2130000  -804.052463393739  806.958860979226
2131000  -802.886475398447  809.963945867211
2132000  -804.172815610425  809.458138085575
2133000  -802.499709265399  808.768752314897
2134000  -801.222036170927  808.838278367121
2135000  -800.081055469367  808.509780693764
2136000  -802.602729594205  807.646796197662
2137000  -803.674288393449  808.364864023829
2138000  -802.997617277494  809.573465708965
2139000  -802.464704732659  806.868092624661
2140000  -806.202651790506  810.239450389216
2141000  -805.277807024178  809.12329633022
2142000  -804.725722211676  813.573987731054
2143000  -804.533236566485  813.287632497227
2144000  -804.754026554973  814.040401754731
2145000  -806.135752694291  815.01683931593
2146000  -806.916347107605  816.657512504947
2147000  -807.554928518978  815.60031823655
2148000  -806.867846643509  817.416776130343
2149000  -807.659881803776  817.162789562609
2150000  -806.569156199972  818.693538483324
2151000  -808.970351747914  817.901342349663
2152000  -808.509124293083  822.057428032411
2153000  -810.03687914705  820.665504927955
2154000  -811.697378185424  821.629618531359
2155000  -814.154603039926  820.417340498189
2156000  -811.560526062665  822.401644835052
2157000  -810.448429186861  819.71272845929
2158000  -812.809985834679  819.079251261982
2159000  -812.667659836389  821.545535593499
2160000  -813.256670983762  820.854636643454
2161000  -814.731420545193  822.606921595566
2162000  -813.145019709555  823.272854276489
2163000  -813.448354621616  822.60190880089
2164000  -814.258354298848  821.679297051538
2165000  -814.520611043393  823.627500994418
2166000  -815.106676291848  824.405870198497
2167000  -815.960293038857  823.949221808025
2168000  -817.881393164367  826.033738060883
2169000  -816.875541949958  825.552867047418
2170000  -818.470052364994  825.26573566652
2171000  -818.433256251844  824.934862048929
2172000  -817.567383897519  826.316931500327
2173000  -819.238844003218  827.154926999482
2174000  -820.446736959307  828.442412501961
2175000  -820.055959716808  827.081919609746
2176000  -821.161681694503  828.763771020831
2177000  -820.243776344857  829.995470049005
2178000  -821.682828632281  830.491542288893
2179000  -822.822138083946  831.2999184154
2180000  -825.427307457102  829.489878188841
2181000  -823.718805449153  831.167058714721
2182000  -825.852315365297  830.471136215554
2183000  -824.359108041948  828.399739823273
2184000  -826.926807203445  832.202751248682
2185000  -826.746126208519  834.312486535626
2186000  -829.823580927214  834.001767382551
2187000  -828.646604503283  837.26378207628
2188000  -828.272979394163  835.410504765915
2189000  -828.160464172796  837.076948701959
2190000  -827.433099333349  836.643685123982
2191000  -831.024912994941  835.270567629876
2192000  -826.855936035026  834.826579399077
2193000  -828.337486045079  838.233256382598
2194000  -829.687455037941  838.329871551126
2195000  -828.742138700471  837.506300595034
2196000  -829.090286955516  841.552465379064
2197000  -827.421114450132  839.944433450809
2198000  -829.621790788259  840.271217157875
2199000  -830.18299577141  840.732665089787
2200000  -828.87291444661  838.356465964159
2201000  -830.378508648374  838.312987468099
2202000  -831.930588128321  838.714848449901
2203000  -830.893941663324  841.785679574097
2204000  -833.743826916576  839.638966109564
2205000  -835.452030880304  840.71859094068
2206000  -838.063200387638  841.503526149865
2207000  -836.5220151816  844.535288027791
2208000  -835.333672709103  843.646387245005
2209000  -835.630924767437  842.298665683644
2210000  -833.225590449421  843.491002299481
2211000  -833.436354443435  846.321978764488
2212000  -833.976998628641  844.884393662421
2213000  -832.981705491952  848.210848178236
2214000  -834.56339069561  846.889050567205
2215000  -832.852469275022  848.831309714358
2216000  -833.185799664661  848.010464567608
2217000  -832.40385170656  847.675724646952
2218000  -833.657695486479  845.487699100346
2219000  -837.065104917556  846.772641955449
2220000  -838.234609182715  848.776449128608
2221000  -838.91164972709  848.548491462205
2222000  -837.198651987146  850.081638804118
2223000  -838.478839587294  849.838318262327
2224000  -838.546614346707  850.129817886778
2225000  -840.517769871459  850.119602279924
2226000  -840.473679081803  850.987173600254
2227000  -839.711568430653  851.509148327997
2228000  -842.072321520174  852.016797056629
2229000  -840.936433502134  850.932218831397
2230000  -845.245054511753  852.616692772335
2231000  -842.527419533725  850.182056762074
2232000  -841.384492484557  851.539772396259
2233000  -845.822961638211  850.723559699798
2234000  -842.715956138544  852.093079948025
2235000  -845.372684144214  852.020654098731
2236000  -846.335578134581  852.552304456215
2237000  -844.122994834448  851.137614890571
2238000  -847.876745669245  852.047485570115
2239000  -843.687612247176  853.446290357172
2240000  -846.418122043603  853.744120632079
2241000  -848.878469355903  853.871346125973
2242000  -848.718360634299  852.428296719188
2243000  -847.232969980063  854.681017614292
2244000  -847.070550252775  855.179494710751
2245000  -849.686505804056  854.237446144394
2246000  -850.226648551593  853.488166798412
2247000  -851.206808221703  855.718349241112
2248000  -850.737671118546  857.64835994663
2249000  -851.709254312314  854.334898486396
2250000  -850.206312644936  856.62333421202
2251000  -849.400783518545  857.898156227389
2252000  -851.480643510581  857.915441534312
2253000  -850.796825957902  857.571676463925
2254000  -850.536606418376  854.825489654182
2255000  -851.870202990695  859.743904475353
2256000  -850.106776639125  860.993123531305
2257000  -850.387418221408  858.869488145815
2258000  -851.323343571218  861.41883253024
2259000  -853.597624933281  861.636591194472
2260000  -851.908749190968  861.455370447575
2261000  -852.078760082972  860.654213616105
2262000  -851.44839240056  863.372468372482
2263000  -853.038996070504  862.035209949386
2264000  -853.644227726555  859.036250737521
2265000  -856.245362228884  859.153366658467
2266000  -858.339662292264  860.90662479535
2267000  -860.668035530553  861.487829808303
2268000  -861.362583318741  860.811718951509
2269000  -860.664634645146  860.772528225672
2270000  -860.408181992914  860.80836031392
2271000  -862.320547788017  860.363997380755
2272000  -859.123069785917  860.898277673941
2273000  -861.46716086578  863.36343555374
2274000  -860.677424420012  862.235190437819
2275000  -858.395702627328  862.67118842823
2276000  -861.869471639689  864.798712195187
2277000  -864.12032577479  864.551770955562
2278000  -861.208442579602  864.204766668311
2279000  -861.319349856071  866.689685168966
2280000  -866.639390336865  864.811895583209
2281000  -864.503466546707  866.372268045085
2282000  -865.119224957753  866.439278288945
2283000  -863.809223834888  865.884826268372
2284000  -866.736538077196  866.853808055219
2285000  -861.72444308572  866.345528977856
2286000  -866.547461341347  864.979383605525
2287000  -867.686532690448  866.711078666174
2288000  -864.422983088984  866.825544437327
2289000  -864.807176376125  869.412759968938
2290000  -864.558463630144  870.791643184183
2291000  -866.717760960782  869.843731764115
2292000  -868.334547083975  869.744934304509
2293000  -869.443546556368  870.802494423395
2294000  -869.797507585587  870.351268088458
2295000  -871.441736666893  873.769951821483
2296000  -869.651213732143  872.777949425892
2297000  -871.091726259971  874.871295877256
2298000  -872.447227345684  873.446652020801
2299000  -874.323095422077  876.154023778251
2300000  -872.394305881487  874.964496935673
2301000  -871.816744222013  875.970591436825
2302000  -872.337592409266  876.554136756444
2303000  -872.159675649215  875.200679165986
2304000  -872.846550113468  875.242704716478
2305000  -872.363115700143  877.629355078351
2306000  -876.132870596422  878.667329946742
2307000  -876.637719081471  879.250389099739
2308000  -877.665213990706  880.297019499199
2309000  -877.607177682808  878.822518689714
2310000  -876.949579743525  881.636406009076
2311000  -874.632536485262  880.412546545505
2312000  -879.127280622808  880.423446070183
2313000  -875.96850200643  881.238678586712
2314000  -877.642448478496  882.420136561535
2315000  -879.943947376686  881.35885416583
2316000  -880.063556398925  883.093303756208
2317000  -880.956759810168  882.880744288735
2318000  -878.486834942008  884.50440343915
2319000  -877.646639488644  884.866925427627
2320000  -882.709895440392  882.932613545132
2321000  -880.226891162627  882.060628823516
2322000  -879.328908387477  883.861773201214
2323000  -880.589266128427  884.558747672373
2324000  -880.903897593682  885.56901998385
2325000  -880.217098681899  885.759496148908
2326000  -881.599430185691  884.515211378661
2327000  -882.761846845469  886.113243815282
2328000  -882.52289761915  889.019350809974
2329000  -881.548863109042  888.071581437399
2330000  -883.025809556769  888.987915713736
2331000  -882.733360302485  890.53662426525
2332000  -881.686550087365  889.390112640953
2333000  -883.205245924452  889.758626359675
2334000  -882.422304333033  889.283095708555
2335000  -882.215616475527  889.041355760073
2336000  -882.672112068708  891.968871769818
2337000  -883.795372010104  891.317631532586
2338000  -885.559207926649  892.709009781798
2339000  -885.517233606804  890.647306828254
2340000  -888.461209400748  892.782596924405
2341000  -884.301516124847  892.867317479087
2342000  -887.30488530189  891.175750148037
2343000  -893.809463735636  892.7699128555
2344000  -888.857776366375  891.488491245631
2345000  -890.347321317871  893.71839251865
2346000  -887.928674529401  893.639652814919
2347000  -890.848937234944  896.895903634721
2348000  -892.215580496396  893.574414586836
2349000  -892.960739790303  897.831487322643
2350000  -892.242893284863  897.783031822974
2351000  -892.199642027773  895.171994399597
2352000  -893.842501264817  900.077987854934
2353000  -896.548518478528  896.562765368469
2354000  -897.719973013193  896.094493185182
2355000  -896.465562986986  898.709154722157
2356000  -897.534369728572  899.636120058527
2357000  -895.700949982103  897.09750379128
2358000  -897.245268394767  900.574567192448
2359000  -898.832392690899  899.403584057014
2360000  -899.798488903566  901.145779216152
2361000  -898.315404173977  902.808745042155
2362000  -900.195252505553  900.679673531372
2363000  -900.604844354911  905.105130118438
2364000  -899.183783519565  902.318293634106
2365000  -900.229788510855  904.86272860757
2366000  -903.6183069985  905.453896569802
2367000  -904.551853653635  908.475578544691
2368000  -905.586639104182  908.227065951957
2369000  -904.24581790336  906.905739562881
2370000  -905.51040427181  908.043980579523
2371000  -908.035547581025  909.918221367518
2372000  -908.917787666586  913.815639713898
2373000  -908.095431720329  912.556165535134
2374000  -905.750180428188  910.28911478255
2375000  -907.968171851346  910.933853719242
2376000  -908.882597242723  912.738949235904
2377000  -909.989086691289  910.933967155244
2378000  -907.527549246218  914.085713708524
2379000  -909.924536257761  912.133440510916
2380000  -907.168040866607  912.692189319384
2381000  -909.398440616643  914.418565131866
2382000  -910.410755783155  911.395589864365
2383000  -909.855078465281  914.387968946051
2384000  -910.612678062867  912.332577977763
2385000  -910.986556111009  913.292653599371
2386000  -910.428969252882  913.617273152324
2387000  -910.856070882904  917.364920098304
2388000  -914.18190810572  917.322312850654
2389000  -914.200999725482  919.598344229359
2390000  -912.464117802774  919.133172707935
2391000  -913.86423860643  921.237138212267
2392000  -912.247177792111  920.04533948892
2393000  -916.534067458067  922.420231654678
2394000  -915.965546433668  920.336173269399
2395000  -913.812298192986  922.816317317644
2396000  -912.731719908263  920.692157419167
2397000  -915.005547859831  920.130006017689
2398000  -914.635075801707  924.568290097459
2399000  -913.146014255559  924.631662663203
2400000  -913.28955024985  924.20867011835
2401000  -917.073300485149  926.087948627039
2402000  -917.752914781446  926.847609490197
2403000  -919.249413068175  925.030123012342
2404000  -918.163865317564  927.950338501161
2405000  -919.361429712609  926.948543705231
2406000  -919.692349157215  928.141273482838
2407000  -919.774613911288  927.461746917102
2408000  -921.765040576453  929.737766532596
2409000  -921.615430221269  930.064778290485
2410000  -921.846368326575  930.431612653044
2411000  -923.15522967522  931.269188944826
2412000  -922.275412455018  929.819628221835
2413000  -923.834129023151  931.228865070176
2414000  -924.367270458017  931.386776575138
2415000  -924.683955291064  933.52781610745
2416000  -923.820006758676  935.701993630563
2417000  -922.586450810815  934.982405028961
2418000  -925.075392007477  932.498119224833
2419000  -925.054901559403  931.830871225261
2420000  -923.734719275675  933.275036105129
2421000  -924.676997673604  933.778171916404
2422000  -927.705122185813  934.464174906886
2423000  -927.490779650135  934.032304505915
2424000  -928.398566496343  934.348562396931
2425000  -925.662501111448  933.60191075476
2426000  -927.493425781945  937.543677617561
2427000  -929.726226687568  937.343849980515
2428000  -930.177443719065  939.637717840907
2429000  -929.57562534614  940.433489316635
2430000  -932.713798115603  940.903109856069
2431000  -929.994191442238  941.843495978927
2432000  -929.142214408137  942.864909207722
2433000  -931.825987070433  944.034046501319
2434000  -927.421026935771  944.13350878024
2435000  -929.833200498306  945.042160596463
2436000  -930.424642339416  943.731996655578
2437000  -930.976116871014  944.394659302812
2438000  -933.080513594303  946.43071705923
2439000  -930.541112839394  945.963164171757
2440000  -929.348230467818  945.720185639532
2441000  -929.43633093921  946.020995826255
2442000  -934.285445216949  946.048128806967
2443000  -932.274234742145  948.974772662414
2444000  -931.849494859715  946.148915111802
2445000  -933.813104429171  947.744826460356
2446000  -933.316657504166  947.783767180673
2447000  -934.497994386849  949.99752176873
2448000  -931.983946358336  949.678242260862
2449000  -933.676383400852  947.798523990515
2450000  -935.323090627668  952.66516287746
2451000  -937.999197713862  950.516275280297
2452000  -935.387445818199  951.209665820216
2453000  -937.440944503005  951.980645905984
2454000  -938.804151728319  952.282264011983
2455000  -937.136761759197  952.985745887534
2456000  -940.582122399232  953.888099496975
2457000  -940.404498156133  953.842735854104
2458000  -941.030817517359  955.635325673159
2459000  -940.523233494448  954.588126837705
2460000  -940.027259101562  954.727992800124
2461000  -938.577949469605  956.173570941874
2462000  -940.648993082189  955.649231393701
2463000  -940.62392633984  955.587911793803
2464000  -942.820334858161  952.724434395786
2465000  -941.883813605425  955.602939965275
2466000  -942.769632558377  954.607548854147
2467000  -945.319910644717  956.693669454566
2468000  -944.48626856843  957.506234229374
2469000  -947.567912695641  955.73707863006
2470000  -947.409480000935  956.977623392145
2471000  -946.872668012648  957.549451746486
2472000  -948.877737622244  956.401982671309
2473000  -946.639681848093  956.920770489192
2474000  -950.884336144223  957.540094061918
2475000  -950.644395254924  957.524710916466
2476000  -949.434570760724  960.188764733634
2477000  -950.620477189144  959.85201807692
2478000  -948.340844337265  959.118517202416
2479000  -949.587763864079  959.527692295168
2480000  -949.653712112769  958.456247544922
2481000  -951.381326426163  961.472803261797
2482000  -950.982505757998  959.001015547756
2483000  -951.294515381363  962.372677865645
2484000  -952.930551753907  961.222717770906
2485000  -952.763383686513  960.907678253831
2486000  -951.648306711415  961.612943437088
2487000  -951.337977129005  960.82904318851
2488000  -953.564860795722  960.315498678132
2489000  -952.97103527845  960.564335169545
2490000  -953.596852286108  961.572837874442
2491000  -951.781585694759  960.057973462884
2492000  -952.513341194795  962.51346987028
2493000  -953.90654341647  961.684026231452
2494000  -952.296662380836  961.448030612079
2495000  -953.604542436594  962.822874969629
2496000  -955.268802218929  964.423325889073
2497000  -953.87602175992  963.342290819467
2498000  -950.866403395841  963.808287937333
2499000  -952.843301501153  964.436082761216
2500000  -954.448510521838  963.012627138895
2501000  -954.325653123125  964.204530452681
2502000  -953.206020317873  962.59964088648
2503000  -954.163942185195  965.811548002513
2504000  -957.441872420764  968.410947452566
2505000  -956.839497634849  967.796010360504
2506000  -956.863984982509  966.876223449409
2507000  -956.734615588311  969.127501701404
2508000  -956.762500620962  967.560719714899
2509000  -956.990093123071  969.055935873318
2510000  -956.053838639608  967.356976413685
2511000  -959.079166812944  967.102176976808
2512000  -960.756515999038  971.360254679698
2513000  -961.009688552675  971.077332967421
2514000  -961.808495718241  969.666285190473
2515000  -959.656478546465  969.256599585564
2516000  -961.383261307709  972.934672536116
2517000  -959.491392795454  971.172012469936
2518000  -959.936320782162  972.003430760651
2519000  -959.067409950735  972.014464244879
2520000  -961.185625989719  970.236397045062
2521000  -960.025844593412  969.396689532744
2522000  -958.97204124533  969.287878680884
2523000  -959.976589536  969.382248784857
2524000  -958.969272360281  971.189740152263
2525000  -961.006713226526  970.678412268766
2526000  -960.853636363007  970.318402072022
2527000  -961.377540157287  971.731329775318
2528000  -961.149743275924  968.653139450895
2529000  -963.333148598535  969.117285110601
2530000  -962.14179584682  971.075523617652
2531000  -963.311355612271  972.282848446141
2532000  -963.142442005008  974.426185212958
2533000  -964.098018389906  972.204361728998
2534000  -964.436817790846  972.529602136927
2535000  -962.149346235531  974.025314355447
2536000  -964.227905540995  972.623594024353
2537000  -963.952704972393  974.853519032448
2538000  -962.663690768307  974.43398994049
2539000  -962.114770073801  975.162965781054
2540000  -963.841600163  974.835121189329
2541000  -965.497871455886  974.703090736344
2542000  -966.033350865858  974.576078447166
2543000  -968.590911374059  973.02632767706
2544000  -963.656790329611  975.211420867452
2545000  -965.382938677062  974.498731030167
2546000  -966.678615546144  973.571698843305
2547000  -967.476428649163  975.751359240022
2548000  -966.864332076996  977.709596931712
2549000  -964.237762764065  977.025384111149
2550000  -965.772886580606  975.457379504388
2551000  -965.458156309104  975.737126707112
2552000  -965.690523659033  976.112032725569
2553000  -966.984133550263  976.673918926525
2554000  -968.247492340825  976.545954841111
2555000  -968.596152939382  977.583550959402
2556000  -967.283131667196  978.747687466558
2557000  -969.062082621596  980.095984552727
2558000  -968.974346350279  983.789853154371
2559000  -969.553151996284  982.957185792723
2560000  -967.946037789879  986.499204085608
2561000  -968.439332473043  984.589919296696
2562000  -972.412361558295  982.737088110665
2563000  -969.566870830006  982.989947896186
2564000  -971.081809692093  983.559580956312
2565000  -970.549320471216  983.903443156349
2566000  -970.537514450067  982.803817803933
2567000  -971.005036988274  984.526746009151
2568000  -970.431624849816  983.116912212151
2569000  -967.592126659121  985.69506483913
2570000  -970.11586010808  984.622265094231
2571000  -971.30208587454  985.471518608279
2572000  -969.467229395738  985.669288629227
2573000  -970.73369147071  985.982557707275
2574000  -971.366489498886  986.826468305313
2575000  -970.935592583995  983.445163812755
2576000  -970.158099985266  986.166400598545
2577000  -973.34896804342  985.891962436572
2578000  -975.678404346054  986.384477079141
2579000  -974.033062222809  987.516847401224
2580000  -975.415150376981  987.064776482905
2581000  -974.585699521345  985.198519439019
2582000  -976.692432943324  987.664006676566
2583000  -978.677106551058  987.329662451532
2584000  -977.068903757998  985.428930851951
2585000  -975.454077560807  988.589939531108
2586000  -979.353839797801  988.475443103767
2587000  -978.834819916123  988.990095572001
2588000  -977.840732093666  990.89491871
2589000  -979.467463368075  989.49486453318
2590000  -978.551456281695  990.57450178345
2591000  -976.222240339807  990.871254914925
2592000  -979.733055136654  992.363192951003
2593000  -978.600325504741  994.594883134828
2594000  -977.780543886623  992.946872308003
2595000  -981.835101170809  993.661681637056
2596000  -977.968658894233  991.627951591151
2597000  -979.965466153764  994.323563108477
2598000  -980.350342515938  993.96892808127
2599000  -981.256033835569  993.242331116815
2600000  -982.174302087599  996.048903228955
2601000  -979.781984383316  994.415136585234
2602000  -982.659875061108  997.684731502005
2603000  -982.928561914124  996.220424590321
2604000  -984.065409761158  997.751899558593
2605000  -985.774153593501  997.481262228725
2606000  -983.710369576645  1001.78054265697
2607000  -982.790897246914  1001.39513573091
2608000  -985.257570906636  1000.57407495405
2609000  -984.53629931555  1000.31280492147
2610000  -987.15765048283  998.691206243546
2611000  -985.522007040354  998.598371540871
2612000  -985.228693066173  1001.31322121179
2613000  -984.257187695058  999.645648708272
2614000  -985.574155062337  997.32587922549
2615000  -984.231242491066  997.418951023493
2616000  -984.039502735959  1001.88397646374
2617000  -983.683835727929  1001.07006925846
2618000  -988.645083483401  1001.88683037038
2619000  -986.87831113436  1003.9215737506
2620000  -986.017749158975  1003.18788453823
2621000  -987.904407308589  1002.75031358645
2622000  -986.29551030992  1004.65698259643
2623000  -989.258508177465  1005.32265241199
2624000  -985.194064564063  1005.25738833632
2625000  -987.438478233241  1004.24721501345
2626000  -990.577607674767  1007.09708881224
2627000  -989.546032221496  1006.27882140373
2628000  -990.876301557635  1009.22562715837
2629000  -990.278469968614  1005.81172793518
2630000  -988.988468839311  1007.54802682495
2631000  -991.77593636606  1008.07486027199
2632000  -993.136671411985  1007.65723326125
2633000  -992.219814412545  1008.144705404
2634000  -993.179353874277  1007.6822050323
2635000  -995.504231828273  1008.82460652191
2636000  -993.150305499968  1009.05622175976
2637000  -992.537082242689  1008.51798271902
2638000  -996.765689794669  1009.8854157471
2639000  -995.397929479056  1011.32662403457
2640000  -996.308773628487  1008.25879996678
2641000  -994.503304265369  1010.89762431517
2642000  -995.07232711611  1010.50638500872
2643000  -994.1330956799  1012.01405058798
2644000  -995.078801068227  1011.97074853579
2645000  -994.294858563342  1012.2935764104
2646000  -992.994822127111  1012.05368821522
2647000  -995.094138141362  1013.40789124176
2648000  -997.109259378385  1012.2112370642
2649000  -996.086767842468  1012.75557229534
2650000  -999.128567248834  1014.33680486287
2651000  -999.977156183474  1013.82952922098
2652000  -1000.1507621508  1012.67535872178
2653000  -999.853233188765  1014.35395036401
2654000  -998.757359847337  1014.54822470212
2655000  -996.992149285976  1013.70662290534
2656000  -997.745283055051  1014.52919240722
2657000  -998.818215491514  1017.1888972831
2658000  -999.166593456493  1017.14606727605
2659000  -999.472830033528  1019.28650718625
2660000  -998.853440786026  1016.83453933884
2661000  -998.721979658392  1019.04290874539
2662000  -1002.65202814085  1017.84296593818
2663000  -1002.91281774201  1019.85788015672
2664000  -1002.04307139845  1020.14334080771
2665000  -1002.343683322  1019.1749525501
2666000  -1001.25761630024  1019.63294133432
2667000  -1001.57345538195  1019.19217884317
2668000  -1000.01185864728  1019.44674143768
2669000  -1000.01480084401  1019.9057676467
2670000  -1001.97603818012  1019.82705788926
2671000  -999.866672473595  1021.61917987274
2672000  -1003.11836219078  1022.25094180072
2673000  -1005.66909179679  1022.93339222176
2674000  -1004.15792728147  1022.51515361488
2675000  -1005.15724089637  1023.34474501804
2676000  -1004.41809140455  1024.97354843038
2677000  -1004.84646769745  1026.50508242892
2678000  -1004.9105623544  1026.81081935833
2679000  -1005.71536386663  1027.1820989522
2680000  -1005.13167401464  1027.27259286523
2681000  -1004.9901687623  1024.85422385877
2682000  -1005.70760346966  1028.25701427505
2683000  -1007.04890421757  1027.65775168844
2684000  -1005.39001193844  1027.58315135082
2685000  -1007.06720715509  1025.76023465362
2686000  -1003.13536334228  1028.45940417836
2687000  -1006.37819889235  1030.57624523064
2688000  -1009.01621756345  1030.02077896905
2689000  -1007.68001641549  1030.37860325317
2690000  -1009.02153088667  1029.49103369747
2691000  -1011.06671507136  1029.4718161348
2692000  -1012.33199653941  1031.88519299812
2693000  -1013.32623606937  1031.41499310002
2694000  -1014.59813129343  1032.9515207755
2695000  -1015.54491138057  1033.07834479725
2696000  -1014.9511926739  1034.46354848196
2697000  -1014.32533675161  1034.59924981529
2698000  -1015.96734696015  1036.04118620078
2699000  -1016.84897651601  1035.05527609461
2700000  -1016.29732304561  1034.98011504091
2701000  -1017.05292355238  1036.39272855873
2702000  -1016.8460690001  1034.33197340214
2703000  -1019.44993357614  1035.62159953877
2704000  -1021.20279814683  1035.91083755835
2705000  -1019.59428423197  1034.37096083882
2706000  -1018.17226606991  1036.66643135803
2707000  -1016.69756712721  1039.12045674102
2708000  -1019.11501235747  1039.93046839305
2709000  -1018.54855503088  1040.78035237308
2710000  -1020.35108178074  1039.65231418302
2711000  -1020.89907479017  1040.0737515107
2712000  -1022.44424782728  1039.94293413855
2713000  -1022.16134176827  1039.21232682867
2714000  -1022.89717484688  1040.44952034929
2715000  -1024.35712682172  1042.80568957303
2716000  -1024.85861926332  1041.60776241273
2717000  -1022.46008239164  1041.94961263445
2718000  -1028.44495738719  1042.78066373106
2719000  -1025.91909294391  1044.28604268253
2720000  -1026.83818628653  1043.33010571114
2721000  -1026.12727067753  1041.04003018273
2722000  -1026.71997533845  1043.85715005705
2723000  -1024.92576831246  1043.2235249925
2724000  -1028.21965434444  1042.31956212506
2725000  -1025.20598873925  1043.3831192347
2726000  -1026.4550772954  1043.1931449409
2727000  -1029.5077009923  1044.24923299215
2728000  -1024.13241884843  1045.20221085465
2729000  -1026.32299916233  1043.05914774112
2730000  -1029.85493709825  1043.71144992708
2731000  -1026.96598735698  1044.15868244235
2732000  -1028.19994147187  1046.29053482223
2733000  -1030.49266533329  1044.99930365682
2734000  -1030.48738357289  1044.90193787717
2735000  -1032.07251045374  1046.27564553801
2736000  -1032.78420917556  1046.03796333201
2737000  -1028.18550756778  1046.70524020503
2738000  -1030.00549301094  1046.46690894331
2739000  -1029.82402489992  1048.08029918951
2740000  -1031.33740589921  1046.48849865045
2741000  -1033.57192123132  1046.77017561083
2742000  -1034.53391299826  1047.80963813319
2743000  -1031.80599412643  1049.70197610698
2744000  -1031.37763235152  1046.41200356258
2745000  -1032.54907253169  1047.13675049359
2746000  -1031.45710326207  1049.90822789615
2747000  -1032.86015952763  1047.56279972872
2748000  -1035.04640158509  1049.39066393048
2749000  -1033.75537500979  1049.51680332585
2750000  -1035.59279625471  1049.99256949595
2751000  -1033.26211289784  1050.7894708357
2752000  -1035.23200893839  1049.80650121104
2753000  -1033.04161045729  1049.11720179878
2754000  -1035.47932866234  1049.98162830097
2755000  -1036.35673738507  1049.04892824558
2756000  -1037.01193922798  1048.19600708788
2757000  -1037.87136008829  1048.35772937746
2758000  -1035.64487921624  1049.40659285359
2759000  -1037.02514072657  1049.3015040067
2760000  -1038.39771073128  1050.96396026226
2761000  -1040.22916641798  1051.27821529956
2762000  -1040.0065751577  1050.55983165598
2763000  -1040.70255235368  1051.1944777294
2764000  -1039.92714778536  1054.13927385886
2765000  -1040.27137190275  1053.1668334977
2766000  -1039.66736217108  1053.69898378232
2767000  -1042.60663287755  1056.22084118289
2768000  -1040.22531873457  1055.75561727686
2769000  -1039.65269972266  1055.0574769489
2770000  -1040.65659062315  1055.78827436569
2771000  -1040.80548855254  1056.66682974576
2772000  -1041.00027900398  1056.02885284726
2773000  -1042.41520125263  1054.06429712648
2774000  -1041.21128856794  1055.64479417925
2775000  -1041.25364953723  1057.27253032568
2776000  -1045.09755271089  1055.50221378203
2777000  -1045.88630075827  1056.86830258936
2778000  -1045.86024706265  1058.29322383167
2779000  -1042.53504271941  1056.58155495076
2780000  -1047.12784099415  1056.21760537369
2781000  -1047.549922906  1057.59676609455
2782000  -1051.36080870456  1055.61737943005
2783000  -1049.53766530439  1057.49517631854
2784000  -1052.2747668382  1057.76797223791
2785000  -1052.64911928815  1057.66213787565
2786000  -1052.44635802614  1057.50764248241
2787000  -1051.41064017022  1059.00309873465
2788000  -1053.86586495549  1058.8214171152
2789000  -1055.20790217918  1060.62228764325
2790000  -1052.11791687063  1057.76923059831
2791000  -1052.91181766114  1061.61832955314
2792000  -1055.55354389013  1060.21894951696
2793000  -1055.56814687862  1061.74849578971
2794000  -1056.39531669153  1060.63514394742
2795000  -1053.1165455853  1062.58742798757
2796000  -1055.46748356258  1060.79683888399
2797000  -1054.00927255544  1061.62557200223
2798000  -1057.9367285132  1063.83238394456
2799000  -1056.8926438755  1062.9786471356
2800000  -1058.00967116999  1064.3660570368
2801000  -1057.57522856716  1063.19598705681
2802000  -1059.54514791161  1063.9547445006
2803000  -1060.19415843104  1065.37462198472
2804000  -1058.62255596398  1067.77310500561
2805000  -1059.89639995726  1066.56343666379
2806000  -1061.54212986864  1069.95209104497
2807000  -1058.89275302962  1067.11745559382
2808000  -1064.8869505408  1070.02663854098
2809000  -1063.41245391775  1068.9192759411
2810000  -1063.31848327394  1070.09697706642
2811000  -1065.74048648176  1071.8829316271
2812000  -1064.71757558311  1073.84711980373
2813000  -1063.12854930431  1074.07908643694
2814000  -1063.17447283998  1070.89394690865
2815000  -1066.90507146836  1070.32291937713
2816000  -1064.94928661596  1072.78367442048
2817000  -1066.29265141269  1072.9677090938
2818000  -1067.90856608428  1076.48949334588
2819000  -1067.0400883559  1075.22096527716
2820000  -1068.934905888  1076.04483321182
2821000  -1066.71355637037  1076.78291352384
2822000  -1069.3495310102  1073.83063889659
2823000  -1070.76974575205  1078.61267337836
2824000  -1071.80239493864  1076.96783394312
2825000  -1068.4531703852  1079.48924104969
2826000  -1070.49258637251  1076.62348360982
2827000  -1070.18660689088  1078.40010326459
2828000  -1072.60367141508  1076.81502069661
2829000  -1069.96747750392  1079.37307152643
2830000  -1069.9072172883  1077.95655288774
2831000  -1071.41236108513  1080.81149446862
2832000  -1071.39252098468  1081.91389324132
2833000  -1071.47029967591  1079.82203994971
2834000  -1071.24322263378  1079.05825708381
2835000  -1070.33072463841  1080.37702156835
2836000  -1071.7364122478  1080.29647036959
2837000  -1071.34591641903  1079.60297476656
2838000  -1072.95773722389  1080.57973915703
2839000  -1070.9786768566  1082.53409706496
2840000  -1073.55301951232  1082.69261491637
2841000  -1070.50274311452  1083.12385277327
2842000  -1072.75167139715  1081.64126160741
2843000  -1075.32696430224  1082.47738051964
2844000  -1076.50036246381  1081.96778722846
2845000  -1076.3607850455  1083.59566357707
2846000  -1077.26259940066  1083.80893472771
2847000  -1078.15007732039  1084.10522248537
2848000  -1076.73375304965  1084.28385496564
2849000  -1078.13847145678  1085.14036364748
2850000  -1078.00869010148  1083.06326665561
2851000  -1078.45217117432  1081.61140021065
2852000  -1079.37167779243  1081.82829374021
2853000  -1079.38801132142  1081.47364884914
2854000  -1080.76269995274  1081.95396035528
2855000  -1078.58121251546  1084.78981276197
2856000  -1079.74451575322  1083.66124345019
2857000  -1078.94058503516  1083.02505514277
2858000  -1079.45145968986  1083.98381445241
2859000  -1079.52011732199  1085.38225721243
2860000  -1080.44059094509  1085.68327204674
2861000  -1080.8995102528  1085.83352447974
2862000  -1084.60212838626  1084.3845344032
2863000  -1081.67324835979  1084.22904081786
2864000  -1081.44279296419  1085.9334754913
2865000  -1080.98660343039  1086.91153551699
2866000  -1084.80986977763  1087.14109269726
2867000  -1081.65806311898  1089.12553107991
2868000  -1082.08192213195  1089.35060075996
2869000  -1082.9573406772  1088.39323228755
2870000  -1082.00620472497  1087.17853195123
2871000  -1084.93485701028  1088.84061177018
2872000  -1083.38420855916  1091.48804335325
2873000  -1082.40987158831  1094.23557061635
2874000  -1083.27886869979  1090.0709281485
2875000  -1083.10014496783  1094.11399742614
2876000  -1086.5060667955  1094.08817723271
2877000  -1084.75167294271  1094.24832821238
2878000  -1085.601055418  1093.02081483621
2879000  -1085.43782142992  1092.58189905716
2880000  -1088.66119649465  1093.27208128581
2881000  -1087.79325107769  1094.8588832032
2882000  -1088.02263236349  1095.32936138722
2883000  -1086.6142538696  1097.30185605659
2884000  -1090.12701079925  1095.10020649334
2885000  -1090.13939085856  1095.41720150289
2886000  -1090.11786323874  1097.89989160557
2887000  -1088.8822660011  1095.12201586553
2888000  -1091.6169566073  1095.62235491734
2889000  -1091.54442164221  1096.07026290012
2890000  -1090.64967378998  1095.34998600536
2891000  -1092.85492168205  1096.61815651569
2892000  -1091.52391661393  1095.99179724622
2893000  -1091.03311333536  1095.4167764808
2894000  -1094.337588268  1098.17747978834
2895000  -1094.23368126478  1097.73251147737
2896000  -1096.1737704611  1095.54914267557
2897000  -1091.92468260064  1096.72991244163
2898000  -1094.15044914308  1098.35176785006
2899000  -1092.90055762319  1099.21360821864
2900000  -1094.24855971354  1101.77610173182
2901000  -1094.25465527828  1102.02185789082
2902000  -1089.07940568936  1102.61935498306
2903000  -1094.64045767353  1103.75885574817
2904000  -1092.00658682301  1101.29455182398
2905000  -1092.95704342806  1104.30703346913
2906000  -1095.22397854387  1104.35371441638
2907000  -1092.69916556889  1104.52490168045
2908000  -1095.1425594889  1105.76880284307
2909000  -1093.92375352467  1106.81448259822
2910000  -1094.26241521309  1105.15720197651
2911000  -1097.17011662839  1107.3687595059
2912000  -1094.97751439301  1107.87349620932
2913000  -1096.56261188668  1108.8839408705
2914000  -1096.38113807671  1107.21748234908
2915000  -1096.62281669229  1105.96241051143
2916000  -1098.50289760224  1107.69602034184
2917000  -1097.6814586554  1107.82477091552
2918000  -1099.33667683203  1109.37553568763
2919000  -1098.82774580921  1107.90556117356
2920000  -1102.55085327757  1108.60948396515
2921000  -1101.09891045018  1111.90626531483
2922000  -1100.99412099266  1109.76907425673
2923000  -1101.97555144642  1110.6301507081
2924000  -1100.24015197824  1107.65802270602
2925000  -1102.24980474846  1108.65677935783
2926000  -1103.65452074918  1110.14639795428
2927000  -1102.27828484097  1112.05180286696
2928000  -1105.46247835022  1109.65087113344
2929000  -1100.69165122571  1109.51438542562
2930000  -1102.37910837955  1111.53342666439
2931000  -1101.18151907068  1108.87472409384
2932000  -1101.21893663691  1112.02635407837
2933000  -1103.13778736685  1111.13646840801
2934000  -1102.31334219662  1114.69405361303
2935000  -1105.39043409724  1114.85240210298
2936000  -1103.49537287746  1117.33243601406
2937000  -1103.9618581147  1116.12196226499
2938000  -1107.07551088145  1115.20948691931
2939000  -1105.37267720285  1116.95832950688
2940000  -1103.86973407511  1119.03526661022
2941000  -1107.0722432493  1117.98607077536
2942000  -1105.35991810267  1118.93284465134
2943000  -1106.70242158523  1119.41847657588
2944000  -1109.05752781998  1120.71137444168
2945000  -1107.18455894027  1121.282998269
2946000  -1108.95272462764  1120.51213028177
2947000  -1109.29675218147  1122.39554663348
2948000  -1109.69592531246  1120.2487704601
2949000  -1112.0560650167  1120.08552973511
2950000  -1112.86980423942  1121.41478838011
2951000  -1112.64129077887  1121.51645446876
2952000  -1112.91060253673  1120.48401263057
2953000  -1115.54179949803  1119.4949823691
2954000  -1114.43138038455  1120.03890018618
2955000  -1111.98476440498  1124.35641559524
2956000  -1115.02602940752  1122.05478138359
2957000  -1114.82806650868  1122.39326284979
2958000  -1113.71274278954  1122.64114617265
2959000  -1113.70785966041  1121.84026130087
2960000  -1116.03999821604  1126.62097529875
2961000  -1113.67617459206  1123.7958680822
2962000  -1116.42845867928  1126.42306814137
2963000  -1118.07430468191  1125.697538474
2964000  -1115.67240794023  1126.43632411388
2965000  -1115.79100351567  1128.24033745512
2966000  -1116.86584027613  1125.76730561142
2967000  -1115.18568816146  1127.93119972278
2968000  -1117.44943673053  1128.97353886608
2969000  -1117.37191343585  1126.05080951228
2970000  -1118.2076250599  1127.47190555746
2971000  -1116.0440520274  1129.68659724603
2972000  -1116.77035246638  1128.77598857968
2973000  -1117.77399925949  1130.58026472279
2974000  -1117.90943361928  1132.260804489
2975000  -1121.83279721146  1133.46495694971
2976000  -1122.52651479674  1131.71090731097
2977000  -1121.85979584455  1134.19185938258
2978000  -1121.28966931178  1133.089643132
2979000  -1122.14879762469  1131.12823875962
2980000  -1123.33909275289  1135.12435637178
2981000  -1125.09016249302  1132.99617266375
2982000  -1122.76055949424  1134.19083284003
2983000  -1121.71929606616  1135.36407518362
2984000  -1124.7561869966  1135.25285155216
2985000  -1125.64755272098  1135.63254406921
2986000  -1126.44849016444  1136.84956079952
2987000  -1125.90892696356  1136.43418711317
2988000  -1125.93071838395  1138.6124315446
2989000  -1127.78263037994  1136.56972468749
2990000  -1126.34995365805  1137.42719623961
2991000  -1128.4121671704  1138.37479530371
2992000  -1128.86356728391  1137.43087758966
2993000  -1129.26836466049  1136.03521516595
2994000  -1127.52772680258  1138.33670317189
2995000  -1128.08422016078  1135.25952208432
2996000  -1128.17719261761  1137.34357808865
2997000  -1127.89084293958  1140.41326957445
2998000  -1128.74357567434  1139.15857896909
2999000  -1129.75702110118  1140.84738008207
3000000  -1128.44158964087  1140.16930449706
3001000  -1132.53186398048  1142.86941417934
3002000  -1130.71095444047  1143.76811943355
3003000  -1129.01556864359  1143.66707976057
3004000  -1132.90555337857  1146.21516162864
3005000  -1132.46653038975  1143.8617053758
3006000  -1132.75685086177  1147.61060423919
3007000  -1135.25853262106  1146.66920501747
3008000  -1131.49671678343  1145.20907661123
3009000  -1136.56472966286  1148.67342891041
3010000  -1138.13673030101  1147.84214098553
3011000  -1134.63832573468  1146.91287338553
3012000  -1139.85289071984  1147.542868923
3013000  -1139.21834949699  1147.50214278853
3014000  -1139.51057004238  1149.9277933505
3015000  -1138.84996985729  1149.33565005128
3016000  -1137.20043051904  1149.72124503476
3017000  -1140.88994114851  1154.5437167067
3018000  -1139.87473312641  1152.7794281325
3019000  -1141.81126613497  1151.83723654629
3020000  -1142.5571110944  1153.47844018663
3021000  -1142.74344537888  1155.75417614664
3022000  -1140.47180795352  1156.01836821632
3023000  -1142.25331615141  1155.9258826929
3024000  -1140.94251658277  1157.36976274682
3025000  -1142.22982591721  1158.60330109607
3026000  -1141.95173346691  1156.748472699
3027000  -1143.99748566377  1158.18192566565
3028000  -1143.63394214226  1157.9964155502
3029000  -1144.81196475547  1157.18167608509
3030000  -1145.77714961899  1157.57662199425
3031000  -1145.71010109314  1156.00100363294
3032000  -1144.55423507011  1159.6875995653
3033000  -1145.59299752106  1159.30292605418
3034000  -1144.85072954416  1161.77173770039
3035000  -1147.83095677829  1161.27266325795
3036000  -1148.0248623298  1164.49493348401
3037000  -1148.11088494604  1164.56321231134
3038000  -1148.67942965159  1163.41644979252
3039000  -1150.30483051515  1166.86076132413
3040000  -1150.35374380444  1166.84571751537
3041000  -1149.98664764665  1166.48591233464
3042000  -1152.63584868132  1168.44086740028
3043000  -1153.72701754878  1165.75158464983
3044000  -1153.90050498269  1164.52836088763
3045000  -1152.69291697017  1165.61437630981
3046000  -1153.88056627354  1166.23713893778
3047000  -1151.28611479841  1167.3523575722
3048000  -1154.12431422356  1166.28009272098
3049000  -1153.5333986676  1168.33832201209
3050000  -1151.56361372083  1167.37254198329
3051000  -1153.38630583816  1169.3273998769
3052000  -1152.0605928336  1167.53386771114
3053000  -1156.12450760204  1168.77729032469
3054000  -1156.22945850137  1169.24771205259
3055000  -1157.60235013198  1170.21912967346
3056000  -1155.90642915887  1169.33927526015
3057000  -1156.13630146386  1169.69529249281
3058000  -1158.53987966853  1169.98719143842
3059000  -1157.03484073538  1171.42579904121
3060000  -1161.57222335963  1174.5312987246
3061000  -1158.11871706112  1170.26807578279
3062000  -1157.81583459412  1172.05962075013
3063000  -1158.97259402578  1174.00888773269
3064000  -1160.66926808017  1173.1256287433
3065000  -1158.65034572317  1171.84982353602
3066000  -1162.21852992417  1174.82929683147
3067000  -1159.12348847979  1172.37565259482
3068000  -1159.16839030961  1174.82293648386
3069000  -1160.04343431188  1173.36187332163
3070000  -1161.30547454272  1176.41117247026
3071000  -1161.96056520602  1174.41019300882
3072000  -1161.28229321115  1173.68970023609
3073000  -1161.08551506167  1174.77957141481
3074000  -1160.53247130944  1176.4511042527
3075000  -1160.14272536781  1176.0219540772
3076000  -1160.83247866579  1176.69093299694
3077000  -1162.15274303098  1176.69431700743
3078000  -1165.35915171222  1177.00839487949
3079000  -1164.75047599169  1176.25687873267
3080000  -1166.45114237476  1176.97331663066
3081000  -1168.28761201802  1178.68533510578
3082000  -1167.29790506412  1175.72678635687
3083000  -1169.58953065196  1174.68811964157
3084000  -1171.39759888972  1177.28653516431
3085000  -1168.56525422656  1173.6227874991
3086000  -1169.20282562702  1175.08276800737
3087000  -1170.89267126471  1175.60770012476
3088000  -1169.03728698435  1178.05818733284
3089000  -1170.96114811298  1176.72474153119
3090000  -1171.79876963917  1176.55216876052
3091000  -1173.30680297293  1177.13713472125
3092000  -1173.42313700409  1176.68681884667
3093000  -1172.55455173147  1177.17507020093
3094000  -1173.93518546962  1178.91214528263
3095000  -1174.42145650335  1178.1183577905
3096000  -1172.62523749272  1176.54122732619
3097000  -1171.95904312935  1179.0317044449
3098000  -1171.18627335814  1181.61048709842
3099000  -1172.15165670756  1181.48748888295
3100000  -1172.99401388133  1180.16528835173
3101000  -1171.9016246556  1181.70414790803
3102000  -1177.62411897778  1181.85691469636
3103000  -1174.77135285028  1181.83606097897
3104000  -1176.01518772578  1182.3733388241
3105000  -1178.8509174848  1182.70367376591
3106000  -1176.51757673099  1181.64456881178
3107000  -1179.02093850205  1182.58243768826
3108000  -1176.40428367845  1184.8197261752
3109000  -1178.00600933204  1186.08757371029
3110000  -1177.43279509361  1185.32683823064
3111000  -1180.42085328976  1185.95217093394
3112000  -1178.2294251752  1186.74105541946
3113000  -1180.62796263905  1185.62304782249
3114000  -1178.6872098232  1185.77888906816
3115000  -1180.96780145724  1189.15180826947
3116000  -1177.50851197353  1187.60323794322
3117000  -1179.47216918591  1190.73592072203
3118000  -1179.70640453314  1192.32119058303
3119000  -1180.69074118677  1189.92667951255
3120000  -1177.94010986322  1187.90737859546
3121000  -1179.56253533587  1191.1418777353
3122000  -1180.29764771085  1190.75708997731
3123000  -1180.5876901214  1190.07600681255
3124000  -1180.09707642465  1190.83496753928
3125000  -1178.78021551746  1189.38409327283
3126000  -1180.49220824768  1191.00114357194
3127000  -1180.71702732359  1187.51150197277
3128000  -1180.83996922969  1190.97880371255
3129000  -1181.53648356285  1191.01965654943
3130000  -1181.74033887238  1191.83401361027
3131000  -1183.09732460434  1192.0650722248
3132000  -1185.63793522506  1194.14340434009
3133000  -1184.21138516854  1193.20561151386
3134000  -1181.89920216454  1189.87332109925
3135000  -1186.54948366391  1193.39876563605
3136000  -1186.42489653168  1191.88239654255
3137000  -1185.19509731633  1192.91647370269
3138000  -1186.81720996697  1190.8853945539
3139000  -1184.32228031574  1193.53940001636
3140000  -1183.01911307401  1194.29724653626
3141000  -1186.66750434261  1193.48155832673
3142000  -1184.0351698425  1191.98857804786
3143000  -1184.84811167087  1191.64789346434
3144000  -1186.24657632989  1194.03649941548
3145000  -1185.15770278931  1194.40936787318
3146000  -1185.4276764954  1194.41116092805
3147000  -1183.62728892384  1195.71443931839
3148000  -1188.93702170803  1195.47950325557
3149000  -1186.92196369937  1198.3005567447
3150000  -1191.31656764385  1199.47008824187
3151000  -1187.62994269197  1200.28509373058
3152000  -1187.63121953001  1201.41180906885
3153000  -1187.26247158034  1203.56189344202
3154000  -1186.15969788594  1201.30528314092
3155000  -1185.67676971137  1202.82530470649
3156000  -1186.76811365009  1197.67660305764
3157000  -1187.66906850813  1203.44147213976
3158000  -1187.98644358287  1202.65125158008
3159000  -1188.9860748846  1203.81066023056
3160000  -1189.11703419059  1204.31102757238
3161000  -1189.10966028037  1204.47610794944
3162000  -1188.41989381608  1205.13020522942
3163000  -1189.65888471372  1206.0323569828
3164000  -1192.79197024916  1204.64974629575
3165000  -1191.60909930754  1205.80460547516
3166000  -1192.24286085337  1208.8226767143
3167000  -1194.31831810812  1205.58345907672
3168000  -1193.59542610537  1206.3015005361
3169000  -1193.40441564235  1206.34061151407
3170000  -1195.8309687675  1207.7556250417
3171000  -1194.18509020189  1208.2392830626
3172000  -1194.42548497757  1206.40464763265
3173000  -1196.96686484082  1205.91632545072
3174000  -1199.12112768152  1207.68742257046
3175000  -1200.00920879185  1210.15189901002
3176000  -1198.45692737802  1208.87353926
3177000  -1199.44785258089  1211.50924836423
3178000  -1199.639852579  1211.73301548396
3179000  -1199.16770061784  1209.90908328301
3180000  -1201.87240074571  1212.20933715165
3181000  -1200.44769109107  1212.64699773612
3182000  -1198.7878334777  1215.35197212572
3183000  -1200.68853613976  1213.10111427525
3184000  -1199.7513727484  1213.99162523456
3185000  -1200.69521552669  1214.42901754668
3186000  -1202.5721071086  1214.738455591
3187000  -1202.35106788502  1213.57582686659
3188000  -1202.36943292507  1212.52369215658
3189000  -1199.98740369875  1214.41303412871
3190000  -1202.95912263728  1211.82338707861
3191000  -1201.43502830554  1215.35437511734
3192000  -1202.8186296526  1215.17534173976
3193000  -1204.03081565358  1214.57179480745
3194000  -1203.08800970869  1217.04348110752
3195000  -1204.63749618138  1215.17757486807
3196000  -1202.63917442759  1215.65709994762
3197000  -1204.93752119443  1216.6483188169
3198000  -1208.32728665838  1216.5331884413
3199000  -1207.67770634659  1218.84157152766
3200000  -1205.6532171136  1216.23770063934
3201000  -1207.72524285697  1216.43045441741
3202000  -1208.18736309043  1217.91741409667
3203000  -1207.22332933171  1217.25922588801
3204000  -1207.24364275207  1219.43839446647
3205000  -1210.06618819462  1219.11778131497
3206000  -1208.31547398733  1221.88566811114
3207000  -1210.28846636358  1221.08729553119
3208000  -1209.26559782292  1221.36654690209
3209000  -1211.13102506079  1222.64265012247
3210000  -1210.39715651898  1221.67559809552
3211000  -1211.31072329284  1219.50971844914
3212000  -1211.53257916896  1219.12624775404
3213000  -1214.24447960297  1223.43433355959
3214000  -1213.56159611612  1224.02442119149
3215000  -1212.37038241872  1223.19030716317
3216000  -1216.03974873209  1220.629808733
3217000  -1216.41466829912  1227.42101428244
3218000  -1214.92426612135  1223.49646658196
3219000  -1214.85212349827  1226.20744583009
3220000  -1213.43376012841  1226.44337752435
3221000  -1214.72402869997  1226.40116305025
3222000  -1211.32178077621  1227.8219813625
3223000  -1214.51602855647  1226.15528772857
3224000  -1214.68047865855  1226.11824936246
3225000  -1214.22705907182  1227.24775202441
3226000  -1215.20456206683  1227.3203758441
3227000  -1216.19311788548  1227.33614399788
3228000  -1216.48312774679  1230.27719194586
3229000  -1216.60425820492  1228.86355294727
3230000  -1215.29753155713  1227.71171398958
3231000  -1216.16942384976  1227.76287158466
3232000  -1219.73796867393  1226.26692479665
3233000  -1220.83113822741  1227.20270853138
3234000  -1218.26975417825  1227.49598680604
3235000  -1217.17675346409  1227.87115252802
3236000  -1218.36503023473  1228.58188332101
3237000  -1216.11330190677  1227.27262162741
3238000  -1218.46752591005  1229.86597725849
3239000  -1221.74787739431  1228.33514488293
3240000  -1220.83258682926  1229.00780602847
3241000  -1220.40885641941  1229.51493084463
3242000  -1223.51245928583  1231.02730693699
3243000  -1222.3650157276  1230.58629202018
3244000  -1224.85385209102  1228.2259082334
3245000  -1224.06121009374  1231.40567275904
3246000  -1223.24427078677  1230.82335037973
3247000  -1224.48286638724  1229.97584135499
3248000  -1226.18448857158  1230.63626613496
3249000  -1224.84726192044  1230.14280011115
3250000  -1227.2266913533  1235.61006266741
3251000  -1227.39902058916  1233.45018515828
3252000  -1228.22920531881  1233.34448406484
3253000  -1231.0904887436  1233.26050508064
3254000  -1228.98234980133  1235.45679188302
3255000  -1228.09714041999  1236.20291557902
3256000  -1229.51607182067  1235.64856175436
3257000  -1231.76952804351  1233.15089375114
3258000  -1228.78397010013  1235.16500465085
3259000  -1230.65672246128  1232.59122783538
3260000  -1228.01693876048  1232.80191961545
3261000  -1226.68700540407  1231.08850631451
3262000  -1231.08712111147  1233.24731282472
3263000  -1229.89580405506  1233.37241656629
3264000  -1228.55056652764  1232.99197049143
3265000  -1231.4073924847  1233.88203329603
3266000  -1229.66528978306  1231.85601804654
3267000  -1232.70920503038  1231.64902746907
3268000  -1233.34778593512  1234.14844737497
3269000  -1232.42847239086  1236.68839781366
3270000  -1232.32850613161  1237.35351446195
3271000  -1233.45266315205  1238.69918742582
3272000  -1231.34207824277  1238.15268448487
3273000  -1232.53570288078  1238.96747983617
3274000  -1234.51035765039  1238.37725501578
3275000  -1234.0735173465  1238.86923004434
3276000  -1232.21122167638  1236.35353174516
3277000  -1234.52103835222  1238.1978405161
3278000  -1235.72551851  1238.476287955
3279000  -1236.61928945852  1240.15126963945
3280000  -1234.5960473023  1240.05884873165
3281000  -1235.61737091778  1237.69272139147
3282000  -1237.02078079921  1240.89460322785
3283000  -1237.75851490832  1242.37011448245
3284000  -1237.92342636213  1242.25235458803
3285000  -1237.0101133308  1241.32556915768
3286000  -1241.85358114096  1239.97496869972
3287000  -1240.2519917983  1242.5000271119
3288000  -1240.52634498205  1243.90349471323
3289000  -1241.83348855918  1244.73068302171
3290000  -1241.32508588233  1244.14561074903
3291000  -1240.47681023087  1243.02306598152
3292000  -1241.83985430961  1245.84719491964
3293000  -1243.86521213014  1245.76881284112
3294000  -1240.68885428078  1245.57805789063
3295000  -1243.76916162664  1247.60868940098
3296000  -1244.34121522828  1245.77182792385
3297000  -1245.18599711115  1246.4797801562
3298000  -1247.64953917424  1248.750508659
3299000  -1248.82966929526  1250.6283583592
3300000  -1248.10594235026  1247.4880603841
3301000  -1246.03332614776  1248.00815641671
3302000  -1244.98255717691  1251.03690044315
3303000  -1248.95545057212  1250.93886648333
3304000  -1246.93486848072  1249.98821103406
3305000  -1247.52990566795  1248.40679242795
3306000  -1244.86799988531  1250.06711737012
3307000  -1247.07139638368  1250.38820254445
3308000  -1247.27287372649  1250.37095716692
3309000  -1248.45631862927  1249.91662435931
3310000  -1248.42314093891  1251.26536052998
3311000  -1249.95333824736  1253.3882825229
3312000  -1250.36854848055  1252.35289718833
3313000  -1252.61241550589  1252.59085127171
3314000  -1254.19616399626  1250.86698325176
3315000  -1252.86202311072  1252.99520341877
3316000  -1253.9281008016  1252.94663686799
3317000  -1253.52438190151  1251.20716667642
3318000  -1255.81610441984  1256.73802464585
3319000  -1258.05472711616  1254.72874470576
3320000  -1253.67371872854  1254.71398065316
3321000  -1255.80402665328  1257.07625256178
3322000  -1256.02464735168  1254.63970763634
3323000  -1253.4022495192  1254.87984500893
3324000  -1253.43265180594  1256.08253719433
3325000  -1256.29136610835  1257.60322521849
3326000  -1255.95552975424  1258.1687809035
3327000  -1255.2748592867  1256.63689570795
3328000  -1255.8610665702  1257.37299205142
3329000  -1255.01298165399  1257.3049288534
3330000  -1254.61228043944  1260.43235133612
3331000  -1256.86344167304  1259.85411911276
3332000  -1253.27583323083  1260.95009566136
3333000  -1255.60777859551  1260.6006816656
3334000  -1257.21345925927  1261.14923864332
3335000  -1258.2025815923  1261.76059235754
3336000  -1258.20742112371  1258.74872202171
3337000  -1257.92714223766  1262.06177228287
3338000  -1259.13055066952  1260.59684626736
3339000  -1260.33800829486  1261.14856137472
3340000  -1259.14223603675  1262.04893111302
3341000  -1259.88993120541  1263.67342617277
3342000  -1260.23365482062  1265.60734870481
3343000  -1259.73645581368  1262.72213866005
3344000  -1260.14131846849  1264.59954745292
3345000  -1264.27096482129  1260.44933367621
3346000  -1264.03949967923  1262.70719775799
3347000  -1264.57585008026  1263.0918163475
3348000  -1265.47245059  1264.48058532258
3349000  -1263.94024886681  1265.43852065702
3350000  -1267.37525046983  1264.067308311
3351000  -1263.49065284869  1265.35648061936
3352000  -1264.6919167342  1265.81570915169
3353000  -1262.7168191062  1267.22459799682
3354000  -1263.88087920203  1266.99083177874
3355000  -1260.96115161046  1266.83919762932
3356000  -1265.51484404026  1266.74741339525
3357000  -1265.37037518523  1265.67434383681
3358000  -1264.60034531671  1269.41887459371
3359000  -1263.50776907495  1270.84810845372
3360000  -1264.13555640487  1269.23149619019
3361000  -1265.5436700837  1269.14182098413
3362000  -1263.57944285532  1269.78139541661
3363000  -1261.98809441223  1270.17885415235
3364000  -1264.55406963077  1270.40114564962
3365000  -1263.96265600743  1271.63858837251
3366000  -1262.65495686596  1274.01836709942
3367000  -1266.37374315004  1273.17620895593
3368000  -1264.65320471928  1273.55609505513
3369000  -1267.29483028474  1273.58770017054
3370000  -1266.88632146412  1275.369441182
3371000  -1266.94058144897  1275.72228379842
3372000  -1270.75207593212  1275.35368860476
3373000  -1270.44460327435  1272.81052003653
3374000  -1270.49393237607  1274.75868596099
3375000  -1269.38849143718  1274.51780603547
3376000  -1273.20897222219  1275.71697869496
3377000  -1271.75629790403  1274.39325516895
3378000  -1272.27051356364  1274.0863128213
3379000  -1275.18237803993  1275.31834443053
3380000  -1277.80359244134  1275.3442993816
3381000  -1276.66495040011  1276.03708644639
3382000  -1275.38232647871  1277.73217075447
3383000  -1276.50496994539  1277.18362571477
3384000  -1275.32981156023  1277.85240829972
3385000  -1275.27361319978  1276.97161828884
3386000  -1277.40995528539  1279.82230320753
3387000  -1277.6289874496  1279.46817976602
3388000  -1277.07687922784  1279.37651842688
3389000  -1275.43193105357  1280.14364711536
3390000  -1279.0174956344  1280.14020790892
3391000  -1276.49119667932  1281.72782452151
3392000  -1278.55699494885  1281.12584121916
3393000  -1277.92038450396  1282.17948520811
3394000  -1279.52105065148  1280.0398800562
3395000  -1281.02352010807  1279.35967232111
3396000  -1276.97339718375  1281.66924407114
3397000  -1278.42308191184  1282.85280460654
3398000  -1279.17620157752  1282.6465676437
3399000  -1280.24873029786  1280.63519206166
3400000  -1280.6933651672  1283.19792766363
3401000  -1281.30684547515  1282.50945292433
3402000  -1279.596459565  1283.27102516105
3403000  -1279.95487393338  1280.05353376048
3404000  -1280.76323887912  1283.2283750787
3405000  -1279.6843040655  1283.19017328148
3406000  -1281.53830221643  1282.23688585202
3407000  -1281.27293006038  1283.60620401062
3408000  -1279.400246022  1284.32697677852
3409000  -1280.2083843897  1284.42322245902
3410000  -1280.96800372511  1284.16332818024
3411000  -1283.59203248305  1284.05551455282
3412000  -1284.13970997347  1286.6447248492
3413000  -1284.07535912005  1286.78547444461
3414000  -1281.77681594823  1288.32322347921
3415000  -1284.06477239039  1288.0425783737
3416000  -1284.53009870488  1288.67639169682
3417000  -1284.81822959471  1287.51483369867
3418000  -1282.12459106825  1289.68652880095
3419000  -1283.94105078438  1290.17813162056
3420000  -1285.11980992552  1290.91303836709
3421000  -1287.31332117527  1286.64823755042
3422000  -1283.91150753368  1288.27811609225
3423000  -1285.07628091208  1288.77619174682
3424000  -1286.46774783573  1288.3136327451
3425000  -1285.28276446088  1287.79316094611
3426000  -1283.79408367853  1288.39147416785
3427000  -1283.97275188931  1289.63407238346
3428000  -1284.28124065158  1292.99215399535
3429000  -1287.58127430832  1293.00882355267
3430000  -1285.52421352069  1291.86176244996
3431000  -1288.65667574102  1293.05581321185
3432000  -1289.49516584188  1290.35294000631
3433000  -1287.80555196319  1293.45770045929
3434000  -1289.30290125691  1294.50164955082
3435000  -1289.44152515713  1294.02709674313
3436000  -1289.76990220554  1294.58259861875
3437000  -1292.57849600466  1295.41781039366
3438000  -1289.77008420133  1295.30279805812
3439000  -1285.80275524357  1296.28201011293
3440000  -1289.25868007669  1295.92120134599
3441000  -1290.75433211816  1295.41829298564
3442000  -1290.55057937632  1298.35858683749
3443000  -1290.77745138726  1298.00429748614
3444000  -1291.76764084179  1300.67928914335
3445000  -1292.43789697456  1300.83548516931
3446000  -1290.35267886601  1300.99756621766
3447000  -1291.71637635393  1299.22553537814
3448000  -1291.45486164236  1301.33835221241
3449000  -1292.685740405  1304.15186695928
3450000  -1294.6146329921  1300.73057106179
3451000  -1294.97616312041  1302.62189925926
3452000  -1295.07075687879  1304.12009137511
3453000  -1298.39919545767  1304.93751408303
3454000  -1296.82637223276  1305.00699056139
3455000  -1295.77569067659  1305.8273017707
3456000  -1297.13488941095  1304.33715741231
3457000  -1296.71410482887  1305.73770599592
3458000  -1296.73526849545  1307.09355375054
3459000  -1296.47220312517  1305.44830217981
3460000  -1297.79095195677  1304.63516331007
3461000  -1298.6996723945  1307.89917585873
3462000  -1296.97655646235  1306.6464482129
3463000  -1299.57275547024  1305.68511307836
3464000  -1297.97331396659  1307.91470821021
3465000  -1295.85939927142  1306.9756759663
3466000  -1297.21157400299  1306.84044517055
3467000  -1298.76022542912  1304.52309231617
3468000  -1297.7069613604  1305.65662950535
3469000  -1298.2709145523  1306.25178282393
3470000  -1297.17125790191  1306.93122610889
3471000  -1299.1435925101  1306.81556345133
3472000  -1300.7436492025  1307.99275959595
3473000  -1298.56752122911  1309.28027686652
3474000  -1298.16061932854  1309.67778735313
3475000  -1296.94569789812  1308.61220847972
3476000  -1297.32180835024  1310.55660055265
3477000  -1296.84104296779  1310.63083921173
3478000  -1298.25847911731  1307.72217547278
3479000  -1297.69236605214  1307.57281292048
3480000  -1299.32796149643  1311.92000275954
3481000  -1298.07253047526  1311.50811679605
3482000  -1297.12809865776  1308.65443191306
3483000  -1301.06796145392  1309.35966463008
3484000  -1300.49693850439  1308.9567683275
3485000  -1300.58808569048  1307.56638928497
3486000  -1300.28882619145  1308.90777969352
3487000  -1299.50204547251  1308.56556297485
3488000  -1302.21545220539  1306.91418739379
3489000  -1301.47447978014  1308.39470039839
3490000  -1299.4472842861  1311.96210880797
3491000  -1302.24510147934  1311.88924830325
3492000  -1302.31027763998  1311.22507048509
3493000  -1299.88066553804  1310.77051246079
3494000  -1305.01161160159  1312.28180572482
3495000  -1301.76949919034  1310.0225112956
3496000  -1303.81838242834  1311.01722213913
3497000  -1303.26381599955  1312.54428809307
3498000  -1303.23687994543  1310.26226232387
3499000  -1305.61871002416  1311.82330466066
3500000  -1304.45144446911  1311.97048709129
3501000  -1306.87032157577  1312.27723628234
3502000  -1305.61174297788  1314.36703737315
3503000  -1305.37184792603  1313.14909617036
3504000  -1305.18440775249  1316.42038120866
3505000  -1306.92496257851  1314.99028937316
3506000  -1307.16287050377  1315.43851587283
3507000  -1307.18521680355  1314.67075342243
3508000  -1309.27636599968  1316.14313470899
3509000  -1307.83318378055  1313.3384564266
3510000  -1307.75635654616  1314.69600413955
3511000  -1312.05869393796  1316.42341758863
3512000  -1308.32945836566  1315.70691167089
3513000  -1309.98199111095  1317.75738836671
3514000  -1309.43884593613  1316.48341770948
3515000  -1309.16519486946  1318.55896447699
3516000  -1310.8226605077  1317.54231841631
3517000  -1309.24436250721  1317.79904641709
3518000  -1312.22407469865  1319.04913725152
3519000  -1311.92485524443  1318.40330375552
3520000  -1309.12229667712  1319.57093919003
3521000  -1314.09744298838  1321.49536407997
3522000  -1313.52926952702  1320.37885807456
3523000  -1316.35653330133  1318.66806248886
3524000  -1314.1651934078  1320.69029260716
3525000  -1317.02911448532  1320.13359239052
3526000  -1318.12208907581  1319.81591947143
3527000  -1317.06631919578  1322.5770756725
3528000  -1314.9839585089  1319.64849672717
3529000  -1317.76787810358  1319.61735181667
3530000  -1317.95378225888  1319.91642110553
3531000  -1316.56618859577  1320.78704589413
3532000  -1319.92693982913  1320.23477789545
3533000  -1319.658756882  1320.81118379427
3534000  -1319.05353772506  1320.83358650672
3535000  -1320.40855264364  1322.52584685492
3536000  -1318.1895568991  1320.12425647775
3537000  -1321.0838738875  1321.12124292223
3538000  -1319.20387144191  1324.15285085811
3539000  -1316.73079317673  1322.98151031388
3540000  -1319.20159251914  1324.10122537454
3541000  -1317.08600075675  1323.9461654343
3542000  -1318.24750238995  1326.35856218605
3543000  -1317.61360275883  1326.18675851275
3544000  -1319.42328900919  1330.44669325994
3545000  -1319.66014132136  1329.43570281676
3546000  -1320.52804114348  1329.18654991978
3547000  -1317.53202328603  1327.97863676036
3548000  -1319.5438941255  1326.50867705693
3549000  -1316.78578915094  1329.39603744426
3550000  -1319.15745475105  1331.689778846
3551000  -1320.83192303283  1328.00342150212
3552000  -1320.9333943834  1331.22859834677
3553000  -1319.65273984619  1330.92596296915
3554000  -1321.24140845967  1331.36959217838
3555000  -1320.23807670702  1330.2504009367
3556000  -1318.62530744265  1332.84542756445
3557000  -1323.36518910025  1333.89851848618
3558000  -1322.50781424389  1332.90521314828
3559000  -1325.56558967227  1333.61583671415
3560000  -1323.77247053665  1334.47112951007
3561000  -1321.53920375644  1333.39303297234
3562000  -1324.59638272805  1333.46367680371
3563000  -1322.36275544826  1333.89129787632
3564000  -1322.33960015584  1333.05473851348
3565000  -1323.85877480405  1334.25251927951
3566000  -1324.2288685377  1334.07511627337
3567000  -1324.07161724172  1333.77364599959
3568000  -1324.72815412848  1335.99009790348
3569000  -1325.35260158692  1335.13630961227
3570000  -1325.08109161524  1337.46585178694
3571000  -1325.82011233753  1334.40813706666
3572000  -1326.1448606824  1334.78307843874
3573000  -1328.62695685174  1335.02242884819
3574000  -1328.4390576487  1335.27742953752
3575000  -1328.26441952424  1333.21588752073
3576000  -1330.03617895969  1333.40800533259
3577000  -1326.90913010751  1335.45974382927
3578000  -1329.7356649813  1336.16127058378
3579000  -1332.94348143289  1335.63725692092
3580000  -1331.74811147818  1333.84714536771
3581000  -1331.65390481565  1336.56796032635
3582000  -1332.73354149875  1336.63796203888
3583000  -1331.38651560881  1336.58346909672
3584000  -1330.57735827225  1335.16682964267
3585000  -1331.71555313702  1336.33605775665
3586000  -1333.16538660464  1337.80525835044
3587000  -1334.84447855194  1338.00454702371
3588000  -1334.78213695048  1337.74372546879
3589000  -1335.27313877296  1336.49264059281
3590000  -1329.93549753514  1338.39858309245
3591000  -1331.07143532726  1338.68334427456
3592000  -1332.6554013672  1338.01905812963
3593000  -1331.516729166  1339.96534683201
3594000  -1332.15781766682  1340.99659578522
3595000  -1333.93945455422  1338.87117028994
3596000  -1334.02769098959  1339.24463786938
3597000  -1332.16377143721  1341.80323541567
3598000  -1333.80575745049  1341.72755672303
3599000  -1337.8014651927  1342.32073403096
3600000  -1333.99224076502  1339.49444682356
3601000  -1335.97471048758  1338.73793880308
3602000  -1335.43278427465  1336.87602583194
3603000  -1334.50879985471  1338.33167091067
3604000  -1336.69860693127  1339.05622922449
3605000  -1335.72869610862  1337.52793739317
3606000  -1336.43444437884  1337.84010642584
3607000  -1336.39376489506  1340.01785820125
3608000  -1336.82012246994  1342.28817277473
3609000  -1336.24969632849  1340.7110531026
3610000  -1336.62823864928  1345.04507560256
3611000  -1337.4937797881  1343.88325338389
3612000  -1337.79736292952  1345.51649879995
3613000  -1342.31872833416  1344.43197399088
3614000  -1337.22031266985  1345.37810541297
3615000  -1337.23829201757  1347.95088279059
3616000  -1338.65506265416  1347.62046856471
3617000  -1340.34170857127  1348.41430734023
3618000  -1338.10127137082  1344.55693928343
3619000  -1339.51816665513  1346.03434083609
3620000  -1338.55214770303  1346.96475202716
3621000  -1340.83681339356  1345.86806588671
3622000  -1341.02728692255  1346.67721802819
3623000  -1340.50450115129  1349.51594429718
3624000  -1342.27602348117  1348.04927271668
3625000  -1341.0048271069  1346.85017573312
3626000  -1343.66439688105  1347.7372917759
3627000  -1343.86613988514  1347.75814985175
3628000  -1342.2365210837  1347.39136591849
3629000  -1343.93528412721  1348.76184909724
3630000  -1345.75182640416  1350.59543335438
3631000  -1348.01553226811  1350.04614295071
3632000  -1345.07137965749  1349.56013865716
3633000  -1345.41913240528  1350.80823624558
3634000  -1343.75729865295  1349.02177614567
3635000  -1343.88411480606  1348.60002198482
3636000  -1346.02820890229  1348.99559904484
3637000  -1345.08652640496  1351.18911072472
3638000  -1344.50216676475  1352.59959818572
3639000  -1346.8283842708  1351.45768877804
3640000  -1348.08345903582  1352.04448250186
3641000  -1348.41488095934  1354.71528948136
3642000  -1347.75477268804  1353.63430785618
3643000  -1349.53279579126  1352.4927829738
3644000  -1348.22585361655  1353.84471461169
3645000  -1351.39761162485  1355.81571637938
3646000  -1349.62757500883  1355.04664915526
3647000  -1352.75948753081  1352.9798691417
3648000  -1353.38826247066  1355.73101967418
3649000  -1351.94045664788  1351.96696471243
3650000  -1353.13227276359  1353.20839591001
3651000  -1355.45155556576  1358.74021418318
3652000  -1352.24435715195  1356.44509975009
3653000  -1355.92741371953  1354.29411408935
3654000  -1354.73166747641  1358.28268604868
3655000  -1355.71032063463  1357.62103989246
3656000  -1355.75863402124  1355.77561435467
3657000  -1354.62542985653  1359.18146411837
3658000  -1357.13228499258  1359.66303354161
3659000  -1358.50562994126  1357.98998993749
3660000  -1358.7385532351  1358.51693800629
3661000  -1359.68734378456  1356.41738918841
3662000  -1360.52353590963  1360.12644068965
3663000  -1363.20658121686  1361.51412508584
3664000  -1359.76524914942  1359.99391793517
3665000  -1360.97664978658  1361.50768584476
3666000  -1363.15593724378  1362.79511372597
3667000  -1362.22272631487  1362.6177255123
3668000  -1362.66480239057  1361.08525813482
3669000  -1362.35574884822  1363.12993905464
3670000  -1362.53997977617  1361.72609995534
3671000  -1363.43217108093  1361.74421082774
3672000  -1363.36375020393  1363.06381088877
3673000  -1366.80829687925  1364.68564488809
3674000  -1365.35508816199  1363.48291369477
3675000  -1366.42970569581  1365.66365813639
3676000  -1369.50153806902  1363.52782793847
3677000  -1370.71114948816  1363.57610661239
3678000  -1369.78486194799  1365.49722860947
3679000  -1372.67292044821  1363.45101266335
3680000  -1373.1395762101  1367.37130831515
3681000  -1373.00542626611  1365.25313201006
3682000  -1374.52380980694  1366.82638269847
3683000  -1373.10159182569  1368.23876608074
3684000  -1371.41522965213  1369.58091532165
3685000  -1373.37949257898  1367.05097502448
3686000  -1371.79478170502  1368.25557720843
3687000  -1373.6029285637  1369.7526771191
3688000  -1374.59893352908  1371.96845825121
3689000  -1372.47387308692  1376.06483419555
3690000  -1374.38155217337  1373.62538553828
3691000  -1374.61062200442  1375.61481197587
3692000  -1374.98695231818  1377.86509927916
3693000  -1376.73885579192  1378.01739582756
3694000  -1375.37808119558  1377.34017848566
3695000  -1375.25374969832  1376.87808228451
3696000  -1376.51513271264  1378.52295949676
3697000  -1372.23895605467  1378.73095961914
3698000  -1373.80424219805  1377.74995439771
3699000  -1372.3746874156  1381.00873880761
3700000  -1374.64151211191  1381.43884667262
3701000  -1375.61151843802  1382.21097336267
3702000  -1376.13464842465  1382.21743326303
3703000  -1375.22200233989  1380.43801814539
3704000  -1376.13044427249  1383.96684877624
3705000  -1372.71141101882  1383.57632973386
3706000  -1374.8464835452  1383.89789981627
3707000  -1376.44630256792  1384.56521980279
3708000  -1374.09302478246  1383.72797151731
3709000  -1376.41981800444  1384.78556961297
3710000  -1374.12551139485  1383.54449837805
3711000  -1374.34027802475  1385.79543579492
3712000  -1373.24179969493  1382.92793028923
3713000  -1373.76792859223  1383.98356078778
3714000  -1375.35648501063  1384.88770116395
3715000  -1379.09699250831  1385.7234413777
3716000  -1377.71745381512  1386.28640456985
3717000  -1377.0087178884  1385.45709198533
3718000  -1377.3662342879  1385.79548546076
3719000  -1379.13321846865  1388.89806001126
3720000  -1376.99270455711  1388.33151204905
3721000  -1379.75979009596  1389.52319657796
3722000  -1380.07206728922  1391.37323960219
3723000  -1381.81995845207  1389.79803005578
3724000  -1384.37660088585  1391.12401130004
3725000  -1383.82244110673  1390.86168004582
3726000  -1383.94908732816  1390.61591362847
3727000  -1384.73664366685  1390.14948017941
3728000  -1385.38363690992  1391.12641434931
3729000  -1386.8905656415  1388.29042940788
3730000  -1386.88020307052  1391.15359701512
3731000  -1389.33206338815  1392.64784763825
3732000  -1389.35430327738  1393.77260224091
3733000  -1387.83738073343  1394.15402760037
3734000  -1387.06862056453  1395.7149864252
3735000  -1390.69412844513  1396.15480894018
3736000  -1388.68633250678  1391.20162165504
3737000  -1390.07541641859  1394.19368506766
3738000  -1388.86549608845  1397.80680228616
3739000  -1390.67638837342  1395.40852682913
3740000  -1388.08363446527  1394.67355043608
3741000  -1386.90791185244  1395.52612577204
3742000  -1390.39496508712  1393.02688433262
3743000  -1389.5788180588  1397.93864891021
3744000  -1392.15438025962  1398.18705878259
3745000  -1388.8887778468  1397.94634659241
3746000  -1388.43168575627  1399.64777919731
3747000  -1393.30225911105  1399.69386014249
3748000  -1391.28383704191  1398.81006922104
3749000  -1391.03372672755  1402.06415646961
3750000  -1392.27468667946  1401.98819347868
3751000  -1392.01090097158  1400.44081345871
3752000  -1393.38528196833  1401.08792161851
3753000  -1390.96115064819  1399.19997872018
3754000  -1392.6520366282  1401.90851557272
3755000  -1395.60089014138  1398.21979159333
3756000  -1395.1557723682  1402.78019010748
3757000  -1394.48572784448  1401.5370036579
3758000  -1393.2185124063  1401.78095892233
3759000  -1391.79208666629  1406.70340290448
3760000  -1393.06400671159  1403.68319813882
3761000  -1396.5007396335  1404.91007918243
3762000  -1396.68301905355  1405.75410058971
3763000  -1396.61426075812  1406.50774449505
3764000  -1396.41222800651  1405.96271323501
3765000  -1396.73738662307  1407.09983612064
3766000  -1399.01744465688  1408.82495454416
3767000  -1398.56050131939  1408.02902236581
3768000  -1395.78309522256  1407.97329752406
3769000  -1398.68849013805  1408.85103733053
3770000  -1399.31672501897  1409.88979079311
3771000  -1399.96063258884  1410.46975818911
3772000  -1396.17818548379  1408.93554557362
3773000  -1396.45417744465  1409.02138684112
3774000  -1396.28638210301  1413.543583458
3775000  -1398.53075028206  1412.44678351868
3776000  -1397.84443900008  1412.55608536999
3777000  -1395.38905131612  1413.81106759175
3778000  -1398.50247479431  1414.90231189152
3779000  -1399.58720611006  1415.76313583201
3780000  -1396.9972549761  1414.94775843193
3781000  -1400.7966084993  1412.20777492482
3782000  -1400.84342404832  1413.25910992179
3783000  -1397.84445782068  1414.91118212084
3784000  -1398.437236477  1411.86701766288
3785000  -1399.84387324891  1410.74654497554
3786000  -1402.9997143577  1412.29934834039
3787000  -1403.97734532571  1412.32307242619
3788000  -1401.00088902389  1415.64409207773
3789000  -1400.34075440651  1416.44701413615
3790000  -1403.61138900553  1418.15052524318
3791000  -1403.60517362478  1416.90116354353
3792000  -1402.64305861804  1415.99721802427
3793000  -1402.06784661568  1417.5668788544
3794000  -1402.9054720832  1418.94950662545
3795000  -1402.19604708155  1417.28342781017
3796000  -1404.44050440352  1419.03115898939
3797000  -1406.91443765107  1419.13870586697
3798000  -1405.24175541735  1422.10852043643
3799000  -1404.66507782646  1421.84936142815
3800000  -1405.52696520561  1421.78243131554
3801000  -1407.27625848717  1421.14435680273
3802000  -1405.58073652483  1421.49575717555
3803000  -1407.63570003937  1422.30703709917
3804000  -1407.80430812209  1422.03789122636
3805000  -1407.97495005247  1421.34181878045
3806000  -1409.1177595892  1420.55657475378
3807000  -1408.98954049214  1421.6382095847
3808000  -1407.47364361979  1421.39142176025
3809000  -1408.9384490505  1422.84636375996
3810000  -1408.76974456454  1422.67188556042
3811000  -1410.52726840669  1421.87620567577
3812000  -1411.14368290591  1424.64108435147
3813000  -1408.15531041393  1423.93905378264
3814000  -1413.58144526822  1424.71740717292
3815000  -1413.055974765  1426.38636081207
3816000  -1412.05107432491  1427.03843653612
3817000  -1412.86118232967  1426.72406749971
3818000  -1411.28327285619  1428.22499347622
3819000  -1411.30368722265  1428.36855492116
3820000  -1414.89137216928  1428.42377554747
3821000  -1414.2886096457  1428.04471680762
3822000  -1416.48808973149  1431.9746794659
3823000  -1416.3987703619  1427.51501703009
3824000  -1417.4981890005  1428.22626486368
3825000  -1417.79904434449  1430.96988672137
3826000  -1417.57677012741  1428.11950136254
3827000  -1416.90715779461  1429.80271506546
3828000  -1418.62300367398  1430.75844963916
3829000  -1419.94238034154  1430.0984979698
3830000  -1420.71542711411  1429.12407193622
3831000  -1423.55197750603  1429.91324000631
3832000  -1424.20915289743  1431.64751991677
3833000  -1423.22678532488  1431.77705011868
3834000  -1426.8370683907  1430.45201385201
3835000  -1428.51400127028  1429.75817120388
3836000  -1428.24717482786  1431.68598955793
3837000  -1426.32001120957  1433.27230044139
3838000  -1426.36682175082  1432.29659124694
3839000  -1428.53362960344  1432.42361021807
3840000  -1429.04278279119  1432.8651324169
3841000  -1430.60828048736  1433.67448186865
3842000  -1430.73597287046  1435.02129372131
3843000  -1429.30637538862  1435.90846741929
3844000  -1433.31858631356  1437.27092577254
3845000  -1432.91751688941  1438.11113205645
3846000  -1435.41725906509  1436.5348025388
3847000  -1434.75882862957  1436.11938915084
3848000  -1434.96406705897  1438.39039986926
3849000  -1433.20752158992  1440.67179116471
3850000  -1434.5850951543  1438.40663590131
3851000  -1434.77735904842  1439.67378796587
3852000  -1434.83835407681  1439.89256884231
3853000  -1436.06787827201  1440.99138253407
3854000  -1432.93161119454  1440.68049762303
3855000  -1435.32192751955  1444.02619256713
3856000  -1435.71490515816  1444.59832192988
3857000  -1436.28927498641  1442.74720695923
3858000  -1437.11996660428  1445.31247558539
3859000  -1437.38120517545  1445.13873969032
3860000  -1437.7852104628  1445.91384654188
3861000  -1438.84521980923  1444.21864361457
3862000  -1440.60492453248  1444.00205832383
3863000  -1441.20601614889  1444.03969087345
3864000  -1440.41884927235  1444.83060596078
3865000  -1441.18778174232  1443.47253089542
3866000  -1443.98167037886  1443.95457219231
3867000  -1441.16345658176  1445.34682457304
3868000  -1443.95598114153  1444.95144970726
3869000  -1441.73260416679  1445.1255398417
3870000  -1441.20479228653  1447.10173073372
3871000  -1442.34734724735  1447.98516904222
3872000  -1445.26168474368  1445.83365360731
3873000  -1445.78115605069  1447.84178597608
3874000  -1446.70681834575  1449.56966530358
3875000  -1447.60338582218  1448.59946480543
3876000  -1446.52639818986  1446.56525135258
3877000  -1451.40829922359  1445.92208802052
3878000  -1449.13145029933  1450.31245984231
3879000  -1451.15444164641  1450.30943259837
3880000  -1450.24947749323  1450.99879301804
3881000  -1450.36148472768  1452.76307902686
3882000  -1451.37487387442  1452.23354118796
3883000  -1451.97835307423  1448.87391014256
3884000  -1448.31616876747  1449.8713593471
3885000  -1450.42091916333  1451.09929785396
3886000  -1449.74284401777  1451.95605706673
3887000  -1453.28242985981  1452.02693069341
3888000  -1451.85171087522  1452.33218088794
3889000  -1452.99639745741  1452.51307152674
3890000  -1454.82079552903  1450.28844170573
3891000  -1452.51888843345  1453.60793124651
3892000  -1455.66560987861  1455.11368575964
3893000  -1456.27319001376  1453.14116198516
3894000  -1453.95511706545  1456.41262222782
3895000  -1451.69384171246  1452.5979413447
3896000  -1455.73034780511  1457.068678682
3897000  -1454.23688331822  1455.81343546565
3898000  -1455.22743690917  1458.59984040534
3899000  -1454.06057629092  1456.26942218605
3900000  -1454.48190458167  1456.82274607863
3901000  -1454.73353602027  1458.59245863844
3902000  -1452.77433243565  1458.50246557919
3903000  -1453.99870919924  1461.92058582462
3904000  -1456.55364847027  1459.76900372928
3905000  -1459.89694568001  1459.14662427957
3906000  -1455.4150284802  1460.11979758209
3907000  -1457.21892151385  1459.80904269839
3908000  -1459.77202519691  1461.11547178788
3909000  -1457.930208098  1462.88380509563
3910000  -1459.31019569402  1460.89883462734
3911000  -1458.49640317571  1462.57361755906
3912000  -1460.77920928137  1463.41538325914
3913000  -1461.23165377426  1462.56600785237
3914000  -1461.59733829989  1464.45359491714
3915000  -1459.48794526806  1461.56963897187
3916000  -1459.5173805687  1464.43578170502
3917000  -1462.54253191401  1461.32466861736
3918000  -1460.67088870937  1462.73310196682
3919000  -1459.80864336708  1463.57616375336
3920000  -1462.39658952559  1462.23132850234
3921000  -1464.32382986285  1463.08097962139
3922000  -1464.77806390603  1462.09158554126
3923000  -1463.7352792521  1463.32247973093
3924000  -1465.87378614602  1464.44643426645
3925000  -1465.64060803978  1465.32437260254
3926000  -1465.5126138493  1466.49754368457
3927000  -1468.22467855052  1468.13134626899
3928000  -1466.97065414573  1466.208907275
3929000  -1467.00705037498  1467.91194991633
3930000  -1468.57653208157  1471.40344993848
3931000  -1471.1360496506  1469.33374316828
3932000  -1471.85720811026  1468.30871247522
3933000  -1470.12267113281  1470.32151643434
3934000  -1470.70348091295  1471.65344825571
3935000  -1470.63040415651  1469.57485327713
3936000  -1471.15112290618  1469.5649784608
3937000  -1473.25468101297  1468.77904145906
3938000  -1474.53371672244  1471.21795145837
3939000  -1470.85618009108  1473.8887299731
3940000  -1470.59061938248  1470.79878294843
3941000  -1472.44067007582  1471.98468490085
3942000  -1471.61038944594  1472.4945388461
3943000  -1473.15057912771  1473.23850306307
3944000  -1471.7446276916  1475.49853055085
3945000  -1473.80281048194  1473.14584662473
3946000  -1474.11205101936  1474.22633604559
3947000  -1475.80097407217  1474.20666533768
3948000  -1475.66276393119  1474.60768633883
3949000  -1474.60488396826  1478.33362102953
3950000  -1476.80676836901  1478.11070850752
3951000  -1474.45523555276  1479.48933444216
3952000  -1478.43669137328  1476.67647101068
3953000  -1474.62770850142  1479.26619593
3954000  -1473.92394643728  1479.45063441043
3955000  -1475.38490294537  1479.98114477799
3956000  -1472.66048646743  1479.13093743748
3957000  -1474.36496308257  1479.35863312923
3958000  -1475.20999922226  1480.77634056957
3959000  -1472.57673984368  1482.1821110127
3960000  -1476.6351781869  1484.29562756326
3961000  -1473.08950799717  1483.65649721336
3962000  -1475.28767644255  1483.4680249745
3963000  -1475.55464393412  1487.21898249102
3964000  -1477.5179874334  1482.8295698547
3965000  -1477.09728128514  1484.93166126865
3966000  -1478.45233158602  1482.13455905379
3967000  -1478.43099155963  1481.43112995498
3968000  -1479.16962178192  1483.30066592273
3969000  -1476.07887036101  1486.2762250045
3970000  -1476.02092635328  1485.25913951818
3971000  -1476.80087018881  1485.7214591081
3972000  -1474.81325915255  1485.21578097028
3973000  -1475.35095486437  1486.25492882824
3974000  -1478.69241097951  1485.59912551733
3975000  -1476.54958068616  1486.6356094441
3976000  -1479.29749520388  1486.61139626892
3977000  -1478.40351117844  1489.03407434637
3978000  -1480.39952917752  1490.15306475322
3979000  -1479.85326513542  1491.40476520869
3980000  -1480.02651124724  1488.88883629332
3981000  -1478.17500821798  1489.73039450997
3982000  -1477.37656257994  1491.97176267526
3983000  -1476.41429872477  1490.04641153399
3984000  -1476.79764109135  1490.54679929595
3985000  -1477.40199118059  1490.28629291246
3986000  -1476.8388371261  1490.01959197742
3987000  -1476.77003682912  1490.81054084999
3988000  -1477.66532259762  1491.6366777432
3989000  -1478.7467091956  1492.71348203479
3990000  -1478.21504706628  1490.73726750973
3991000  -1479.64648851632  1495.60537779033
3992000  -1480.21814695047  1493.44303182517
3993000  -1480.44045597287  1492.20661075856
3994000  -1480.57513465497  1492.00539054176
3995000  -1482.12832171085  1495.35746036725
3996000  -1482.63249247669  1497.57055594978
3997000  -1486.87469501617  1492.82975662948
3998000  -1482.55012383086  1491.49167240647
3999000  -1483.34565353026  1494.09324180614
4000000  -1482.89580706443  1497.02924874161
4001000  -1482.9102079008  1495.71030152156
4002000  -1482.67498347369  1494.1042712079
4003000  -1484.30912246028  1496.37446915844
4004000  -1484.33194856768  1495.52357835877
4005000  -1485.32108655845  1497.54396491323
4006000  -1486.28296772354  1498.88279675991
4007000  -1486.19564935919  1498.86428440092
4008000  -1485.87396575007  1498.07989187388
4009000  -1484.18521682779  1499.72516136916
4010000  -1488.57816044044  1498.89797060326
4011000  -1483.95187255128  1496.16464174159
4012000  -1483.67270302136  1496.76299188683
4013000  -1487.01159693889  1499.06849203565
4014000  -1487.62506211201  1499.11550006531
4015000  -1489.04465432123  1498.69968367018
4016000  -1486.82173703652  1497.43704657938
4017000  -1486.92912007552  1497.41092252689
4018000  -1489.95617650289  1500.434593845
4019000  -1491.93364774839  1500.36139472292
4020000  -1490.34306932757  1497.24783511478
4021000  -1489.5567263853  1499.63798491378
4022000  -1489.87673744779  1500.57757760305
4023000  -1495.2108852599  1500.53459368151
4024000  -1491.53544259229  1502.62287312536
4025000  -1492.21972683091  1500.54647172397
4026000  -1497.2766489255  1502.16770399368
4027000  -1496.66259432695  1500.58349617645
4028000  -1494.82767174214  1503.596974392
4029000  -1495.01457495378  1501.73840112633
4030000  -1493.8966106045  1503.10737679001
4031000  -1495.44402263558  1503.05320853718
4032000  -1497.80377276163  1500.83141889569
4033000  -1496.86409272121  1501.05373391551
4034000  -1496.99475679287  1503.36798652075
4035000  -1497.25733613866  1503.30907140715
4036000  -1497.04681312597  1506.0740022917
4037000  -1498.34727721198  1503.48677770701
4038000  -1496.32395297491  1505.46780164883
4039000  -1498.15611992588  1504.26505640356
4040000  -1497.89784477267  1505.88402293871
4041000  -1498.5480481792  1504.90493867635
4042000  -1500.80359343761  1506.19103436819
4043000  -1501.48655877335  1503.65867265354
4044000  -1505.25944998738  1506.80351191544
4045000  -1502.74374218838  1506.98538513143
4046000  -1502.81198409955  1505.63869349624
4047000  -1505.58636773643  1506.62919527161
4048000  -1507.03267337823  1507.07770193377
4049000  -1504.17616995677  1506.28519797598
4050000  -1506.06830391675  1507.85374711061
4051000  -1507.35165357969  1508.32610831512
4052000  -1506.70409033094  1509.76548365273
4053000  -1505.59634433686  1507.48738968261
4054000  -1508.37303694173  1508.21934356315
4055000  -1507.59871159696  1509.68615424182
4056000  -1510.42227546556  1511.49562948023
4057000  -1514.07257219156  1511.6928577586
4058000  -1515.10563712121  1512.73718103825
4059000  -1515.56290517208  1509.072466072
4060000  -1515.19326114402  1510.43456536537
4061000  -1514.03913162475  1511.6328728162
4062000  -1517.90740763019  1512.94799349644
4063000  -1516.95062080059  1511.66684679702
4064000  -1516.74501384224  1514.20116060399
4065000  -1518.09436124735  1513.43450148537
4066000  -1519.5155304114  1513.59139367464
4067000  -1516.22031721198  1515.30907373773
4068000  -1518.65008795432  1514.79893498484
4069000  -1521.26793268298  1519.46214321778
4070000  -1517.35186879898  1519.25665887295
4071000  -1518.39317108527  1516.61944865688
4072000  -1518.630812905  1517.17048504973
4073000  -1517.36725108514  1518.4965846936
4074000  -1520.60765673389  1521.08884709824
4075000  -1520.0612845211  1520.93962314751
4076000  -1518.24855761131  1520.9357910758
4077000  -1521.09646410152  1520.75065118854
4078000  -1522.12361149273  1521.17226390975
4079000  -1523.94937564907  1524.02234068949
4080000  -1524.27408993729  1523.84786982047
4081000  -1523.82222089333  1524.06531737831
4082000  -1523.91108532541  1526.39385626144
4083000  -1522.21321161309  1522.3256275969
4084000  -1524.04643870279  1524.377494146
4085000  -1523.99969682548  1523.47191538055
4086000  -1528.79411750626  1523.91783417239
4087000  -1524.15822180947  1524.88022159856
4088000  -1528.49435349159  1524.39998914808
4089000  -1528.68857206046  1526.14329929163
4090000  -1529.19179508322  1528.74094513501
4091000  -1525.64098775396  1526.69014412908
4092000  -1526.80770093444  1529.41074524477
4093000  -1529.68221973795  1529.32356392145
4094000  -1530.48186889841  1529.6718102065
4095000  -1531.2870627724  1531.01410403364
4096000  -1528.4682480177  1531.90915992422
4097000  -1531.39923856956  1532.3373536936
4098000  -1531.02152010571  1532.67847419867
4099000  -1532.16119760322  1530.6184777276
4100000  -1533.2767648218  1535.12798405048
4101000  -1534.10342713656  1536.10652608417
4102000  -1536.59961742261  1535.42772123418
4103000  -1533.76123609548  1534.82559183342
4104000  -1535.96903124342  1535.72698119483
4105000  -1537.07298600108  1537.54492506255
4106000  -1536.29028429432  1539.58549039416
4107000  -1535.18829024408  1539.54402638104
4108000  -1538.9802085107  1540.25399735532
4109000  -1539.41410177126  1539.37720514283
4110000  -1536.06059876722  1540.85592383459
4111000  -1537.86102608754  1538.96005754266
4112000  -1540.87915494928  1541.34207311499
4113000  -1539.85782266966  1538.14566389872
4114000  -1544.56200548851  1541.97767489468
4115000  -1540.84548961571  1542.60192633552
4116000  -1541.53903955029  1541.07831715984
4117000  -1542.70690684182  1542.50272641716
4118000  -1540.69657283522  1545.35181800909
4119000  -1543.23513760162  1543.12577340284
4120000  -1542.04058334819  1545.02193117003
4121000  -1542.76704662221  1544.88741423534
4122000  -1543.02700177788  1547.80995330048
4123000  -1545.38997007091  1545.7458653039
4124000  -1543.20886504724  1546.78669182013
4125000  -1545.02303830405  1546.86351272328
4126000  -1546.83147210783  1547.48166910999
4127000  -1545.46685489502  1550.34436209297
4128000  -1547.89393044156  1549.71466542708
4129000  -1548.40907268561  1546.01685841913
4130000  -1550.56393049023  1550.51562599933
4131000  -1548.25138747816  1550.56980153558
4132000  -1548.69739960398  1551.73364083602
4133000  -1551.57806495678  1552.30162215155
4134000  -1549.98288994377  1552.54877118484
4135000  -1551.66844673109  1552.91319649042
4136000  -1553.72775791384  1556.06658767419
4137000  -1553.87945227055  1556.29105369952
4138000  -1555.30415269344  1553.65817084063
4139000  -1555.80872789046  1554.11586098232
4140000  -1554.08783160463  1554.58395797044
4141000  -1556.59006679334  1554.76212313422
4142000  -1557.82374491667  1551.9200375425
4143000  -1555.54932363288  1555.44452149437
4144000  -1558.3578161788  1554.29747015124
4145000  -1554.99364887381  1554.58708883773
4146000  -1558.3143617969  1555.00467421364
4147000  -1559.37078928653  1552.22776466043
4148000  -1555.7702297089  1555.17546279267
4149000  -1557.97075029279  1552.43581396211
4150000  -1557.64446240349  1554.81903150555
4151000  -1560.07971282877  1555.23725858225
4152000  -1558.15098224733  1555.95942018959
4153000  -1556.69435972664  1555.4864288709
4154000  -1561.01734344678  1556.51748706233
4155000  -1558.0828556453  1556.65664516509
4156000  -1559.30161395159  1559.37771086628
4157000  -1558.14125937417  1557.49447451493
4158000  -1557.60049091493  1558.54870857803
4159000  -1559.27388048475  1559.64492638861
4160000  -1558.95390655857  1558.43159927574
4161000  -1559.33974091642  1560.63800439957
4162000  -1559.83107009117  1558.9853440685
4163000  -1559.48693975916  1558.11319341275
4164000  -1559.69498545828  1556.84197314174
4165000  -1559.36023095202  1559.63381790823
4166000  -1560.96967170512  1560.69587705729
4167000  -1560.83657422884  1559.67078640588
4168000  -1561.38259425229  1560.12196543956
4169000  -1560.55950868591  1562.50800191507
4170000  -1561.7031823219  1560.92790453766
4171000  -1562.26612770931  1559.94205031309
4172000  -1563.08945664478  1560.19096209739
4173000  -1561.79489461141  1562.2256798768
4174000  -1565.50843539585  1563.31761376692
4175000  -1564.57708789184  1563.46398921393
4176000  -1564.09082003999  1563.30198953146
4177000  -1564.26513162968  1565.95107126289
4178000  -1567.11722019378  1566.67903426579
4179000  -1568.13650610866  1565.91871711555
4180000  -1568.13057883353  1566.61008043627
4181000  -1567.13332817762  1567.08770028876
4182000  -1565.32484284177  1567.36515568534
4183000  -1566.57859385294  1568.15862594382
4184000  -1566.35567406056  1566.92218176883
4185000  -1568.37597592867  1567.66809164084
4186000  -1567.34338646558  1566.85738218606
4187000  -1566.91405230444  1569.13307895058
4188000  -1567.96703604742  1567.41343383176
4189000  -1567.05635828749  1568.75637029728
4190000  -1567.58411926912  1566.89248882768
4191000  -1570.50604400454  1565.35645118675
4192000  -1568.975779431  1568.65248333627
4193000  -1569.45093025762  1569.39386973144
4194000  -1571.59630032604  1572.47173000749
4195000  -1569.62461982315  1571.34744443786
4196000  -1569.34795268979  1570.84740395974
4197000  -1569.62540610999  1572.10709663556
4198000  -1568.82115718529  1572.90712311774
4199000  -1570.41342900468  1574.29243297455
4200000  -1570.65265379577  1573.70894907992
4201000  -1572.05034754528  1575.60467017322
4202000  -1571.17210152914  1574.98126494332
4203000  -1574.4855012671  1576.39041432169
4204000  -1571.35346427937  1574.63541992733
4205000  -1574.07432379862  1577.48469457183
4206000  -1571.34217602464  1578.15000825051
4207000  -1575.81399723655  1575.52003742909
4208000  -1574.80365387757  1575.85514787531
4209000  -1577.05374183688  1578.40998507375
4210000  -1573.60574194654  1582.69288296901
4211000  -1577.02701120976  1580.59415905232
4212000  -1576.83235515284  1581.5122216714
4213000  -1575.82030825774  1581.34343189835
4214000  -1578.86831045086  1581.28907299257
4215000  -1579.29369855387  1583.52562100758
4216000  -1576.18448246035  1584.08962719333
4217000  -1578.98707796957  1584.68218827555
4218000  -1577.80504063445  1583.84015147627
4219000  -1579.24040650773  1586.18049564069
4220000  -1572.58178798299  1584.29851777405
4221000  -1576.56394336415  1584.27295893076
4222000  -1578.18324611477  1585.67016237729
4223000  -1577.63843105048  1583.03581794376
4224000  -1576.23234893579  1584.98142312888
4225000  -1576.57830655954  1585.6314249634
4226000  -1576.11996734903  1584.30185761934
4227000  -1576.59854585655  1585.98961521262
4228000  -1577.4461206277  1586.04466827697
4229000  -1577.55658928909  1587.10844294649
4230000  -1577.32487544468  1585.508002932
4231000  -1579.14268852439  1585.62207182285
4232000  -1579.89670469058  1584.83281730606
4233000  -1576.47525011963  1586.36316398769
4234000  -1579.20446286905  1586.6848084303
4235000  -1581.92985877976  1588.44630396281
4236000  -1579.68515688389  1591.23867956655
4237000  -1579.22776077318  1591.42819371503
4238000  -1577.9883483844  1589.13707017809
4239000  -1581.51338793512  1591.72074458282
4240000  -1581.76937197572  1589.19707231716
4241000  -1582.23898220159  1591.7548718832
4242000  -1584.99701355403  1591.93707024528
4243000  -1584.2947730511  1592.60485449345
4244000  -1585.01822564388  1595.20736376223
4245000  -1584.04039302269  1594.75197066243
4246000  -1583.43410523897  1592.36097166943
4247000  -1588.04031366375  1594.37193201168
4248000  -1586.75132278707  1593.58848917879
4249000  -1585.78218891666  1592.61324705859
4250000  -1586.86201010123  1594.20429124796
4251000  -1585.28432295618  1593.26218969494
4252000  -1588.23064102505  1593.48665569807
4253000  -1588.03349083067  1592.92613657595
4254000  -1589.17538499106  1595.0995214468
4255000  -1590.02243120628  1596.21741600867
4256000  -1588.05832140196  1593.48196425798
4257000  -1589.68431660011  1596.4175964168
4258000  -1590.25404344396  1598.39543823134
4259000  -1591.8031763395  1597.16947717418
4260000  -1591.30217819197  1600.0068366462
4261000  -1591.6403010718  1598.29524286225
4262000  -1597.54076989051  1601.03082026562
4263000  -1592.98443551994  1601.35317723434
4264000  -1593.57468176907  1601.04656068332
4265000  -1595.98483780405  1602.20930700612
4266000  -1595.95058859937  1600.44004300651
4267000  -1597.06229561965  1600.56440100565
4268000  -1598.8537489116  1601.99960178647
4269000  -1597.81011502519  1604.0070514519
4270000  -1596.02347167713  1602.80493182145
4271000  -1598.95544397745  1601.98668875089
4272000  -1600.18805631174  1602.33234074325
4273000  -1599.31274158962  1603.02787071751
4274000  -1599.1263431872  1603.54755926719
4275000  -1600.14216901747  1603.59375494917
4276000  -1599.1844375213  1604.4727586875
4277000  -1603.46234347847  1605.16154308754
4278000  -1603.52153663691  1605.38154626315
4279000  -1602.69540350994  1605.46082683448
4280000  -1602.23923672331  1607.52494165154
4281000  -1602.20622492424  1607.08413094861
4282000  -1606.11835789518  1606.72277116954
4283000  -1605.54009475201  1606.15020175697
4284000  -1606.34078976832  1605.67816592479
4285000  -1607.7745114772  1608.30479239663
4286000  -1606.43857309867  1607.76370996711
4287000  -1606.87576101955  1608.0589491985
4288000  -1609.06302515897  1609.63009563391
4289000  -1607.14670718774  1610.44314673503
4290000  -1607.6212454099  1609.57116896779
4291000  -1605.20356775317  1610.36046627319
4292000  -1605.76510627087  1614.16330724634
4293000  -1607.24136834962  1609.46489907881
4294000  -1608.73817906628  1611.14485737834
4295000  -1608.2928709315  1613.38644798795
4296000  -1608.22040043562  1613.08400907454
4297000  -1607.49551862573  1614.87495964515
4298000  -1609.3407763388  1613.67116006919
4299000  -1607.64425551844  1613.62714164576
4300000  -1610.20075682499  1615.65481879299
4301000  -1608.35828185612  1615.11441578099
4302000  -1611.42411785607  1614.46124151275
4303000  -1608.81895058629  1615.62057110446
4304000  -1611.71961836881  1616.90211164123
4305000  -1612.77161963382  1614.42301128789
4306000  -1612.96566596431  1615.86789798709
4307000  -1612.14298619939  1613.70458684857
4308000  -1612.44298451487  1616.6574606616
4309000  -1611.69169526836  1617.17312164432
4310000  -1610.57655947812  1618.76463380552
4311000  -1610.02919184435  1618.88286014929
4312000  -1611.5065402616  1619.20147921744
4313000  -1613.19126246594  1618.32319808456
4314000  -1613.6668972543  1619.23322929229
4315000  -1613.11476688189  1621.95286041473
4316000  -1616.51521616305  1619.32032673909
4317000  -1613.64434916208  1620.26912749769
4318000  -1614.17296518209  1618.74645220136
4319000  -1615.42132325682  1620.33451067287
4320000  -1614.64799522927  1621.6736574147
4321000  -1616.34002281555  1620.05272465745
4322000  -1613.45428903277  1620.22565678641
4323000  -1613.73641431686  1622.00444927895
4324000  -1615.23128978441  1619.61378490133
4325000  -1617.11271023743  1619.98045113913
4326000  -1617.83131762092  1621.84990740077
4327000  -1619.9310293398  1623.83924239261
4328000  -1617.98888434778  1621.71214583736
4329000  -1618.28291079199  1625.22496425732
4330000  -1619.10733688396  1622.40974758757
4331000  -1620.92377219063  1623.48816734926
4332000  -1617.92699136793  1620.30754533735
4333000  -1616.84040512543  1622.46053183274
4334000  -1622.32240719783  1624.81853437624
4335000  -1620.16042496232  1623.39619377608
4336000  -1620.71875635766  1622.24423988997
4337000  -1620.12579034429  1625.2765964395
4338000  -1618.89250849212  1623.70096013144
4339000  -1620.4562477303  1625.94719265303
4340000  -1616.40737124403  1625.28399520258
4341000  -1619.10953305204  1627.76739719214
4342000  -1620.61653355196  1625.79112485627
4343000  -1619.71505878151  1625.94971855536
4344000  -1620.30524638863  1624.81897841512
4345000  -1619.17280093482  1625.4108695106
4346000  -1617.67630306987  1629.5292740973
4347000  -1618.30186996495  1628.02184601207
4348000  -1619.82298582587  1627.32497295474
4349000  -1619.53942387303  1625.62991541982
4350000  -1622.25099588918  1629.52853829253
4351000  -1623.97690320502  1629.03643021918
4352000  -1621.34235604625  1627.29578677549
4353000  -1624.31360150286  1629.961380993
4354000  -1620.76146065954  1627.85539671426
4355000  -1624.40597112185  1629.12802330651
4356000  -1623.78745409435  1630.26277577162
4357000  -1622.189693555  1629.28650562653
4358000  -1624.84478951503  1629.67018148254
4359000  -1624.06915505657  1629.5651895412
4360000  -1625.18761904659  1631.59880558806
4361000  -1621.69039224551  1630.24406159079
4362000  -1621.8096961113  1630.455467028
4363000  -1621.81576480856  1634.35853365961
4364000  -1621.15809409196  1631.47205574566
4365000  -1624.34636441966  1630.54992756641
4366000  -1625.40204346984  1633.55087391826
4367000  -1623.69396592398  1631.60272853005
4368000  -1622.80824575875  1631.95738476672
4369000  -1625.39729961546  1634.87729099957
4370000  -1622.94427142272  1633.72098064906
4371000  -1626.7041389472  1634.9957217847
4372000  -1624.46135916438  1634.6601530417
4373000  -1623.32958490557  1635.04113258085
4374000  -1626.51846660343  1633.17079663733
4375000  -1625.48512407188  1632.8351707874
4376000  -1626.1079911675  1630.18756775828
4377000  -1626.37552876918  1636.0610345873
4378000  -1623.95987124271  1635.7826574604
4379000  -1627.54712108358  1632.94005116936
4380000  -1626.9553575861  1635.22516255762
4381000  -1625.63580195889  1634.73325428314
4382000  -1627.78719750976  1632.31865286864
4383000  -1628.80683725558  1634.37577019566
4384000  -1629.23125039841  1634.68747664165
4385000  -1628.42227285549  1633.27154625292
4386000  -1629.19506074432  1633.38214085167
4387000  -1629.58897479695  1635.78601805057
4388000  -1629.39757794759  1635.98690517229
4389000  -1629.56741300624  1634.26601864872
4390000  -1630.5726910936  1635.02252072263
4391000  -1632.54229031051  1638.43243837253
4392000  -1633.44323400122  1638.38269119317
4393000  -1633.87170083783  1639.16964267048
4394000  -1631.90538813768  1638.62141111007
4395000  -1634.36206393335  1637.74284138234
4396000  -1632.67078441647  1638.25138165041
4397000  -1633.57705514076  1638.35132391339
4398000  -1633.32265198667  1638.35275027479
4399000  -1630.18139650874  1638.08368582173
4400000  -1632.06748505147  1641.39680665855
4401000  -1633.03149752156  1640.9122418649
4402000  -1636.50969703925  1639.6427874751
4403000  -1633.53411066276  1640.98305472032
4404000  -1634.77393894448  1640.06305931386
4405000  -1636.74818881641  1640.31522324088
4406000  -1633.38100361205  1642.11750053813
4407000  -1635.04589358084  1639.50480405744
4408000  -1637.60295557374  1643.49125170343
4409000  -1634.10741265255  1642.44730970142
4410000  -1636.12098988154  1640.72077361852
4411000  -1635.93717448499  1643.3423873458
4412000  -1639.67516220321  1647.46128734693
4413000  -1637.8741318757  1644.53871290842
4414000  -1641.41588022858  1643.95662744337
4415000  -1639.66683793531  1643.78935658787
4416000  -1641.27329687966  1645.26069003399
4417000  -1638.86933903144  1645.09605485907
4418000  -1641.7575584393  1644.04533146064
4419000  -1640.55392832384  1645.43119215988
4420000  -1641.16303984035  1645.3845250295
4421000  -1642.78659882531  1648.07078176676
4422000  -1640.70590020464  1646.56023536925
4423000  -1639.81168758899  1649.10562666902
4424000  -1641.48807060372  1648.16003972953
4425000  -1639.67500625538  1647.13754411263
4426000  -1641.44897197789  1648.82169132696
4427000  -1640.34664383359  1649.19739629523
4428000  -1643.71187968303  1650.16988766022
4429000  -1642.03945540822  1648.98346685531
4430000  -1643.50824694165  1652.39454809224
4431000  -1640.00461321343  1650.37882454236
4432000  -1643.99270581104  1650.23548876138
4433000  -1642.84188504999  1651.69627315241
4434000  -1642.0714773556  1655.39269798232
4435000  -1642.1200374519  1655.58699371443
4436000  -1643.54784144976  1657.52447197276
4437000  -1647.39022694981  1655.98443189137
4438000  -1642.42516155163  1659.11627576892
4439000  -1642.0261632579  1659.62315937162
4440000  -1643.7717571738  1658.73219588043
4441000  -1647.77255766313  1659.29524458951
4442000  -1648.75951629055  1660.92659705328
4443000  -1648.05591673507  1661.38970774414
4444000  -1646.10910369278  1658.83362044325
4445000  -1646.10268633019  1658.84783235514
4446000  -1649.33372497018  1659.04716938197
4447000  -1647.35285521511  1658.67099891993
4448000  -1649.14535259909  1658.05685705343
4449000  -1652.08696346002  1661.95394208275
4450000  -1651.46801622369  1662.2731229861
4451000  -1651.98615029448  1664.35459457616
4452000  -1652.63999750249  1662.18927222675
4453000  -1653.81757678619  1663.7005695151
4454000  -1649.96482861622  1665.26252306852
4455000  -1655.34759656093  1663.43487706288
4456000  -1651.89233638784  1666.10407377736
4457000  -1652.61585568177  1664.28606363871
4458000  -1651.47042701819  1664.39938454944
4459000  -1650.80378516282  1662.31133711631
4460000  -1652.0414590609  1665.13875417641
4461000  -1654.93459440106  1665.54900083249
4462000  -1652.86928096709  1663.30293671888
4463000  -1654.60622218248  1662.00293876168
4464000  -1653.85834614003  1665.77906013213
4465000  -1652.01463729587  1666.30449959606
4466000  -1654.54638831946  1665.39817734291
4467000  -1655.35942458329  1666.2372081687
4468000  -1654.22270664293  1667.46623000778
4469000  -1656.27943274168  1667.50115116238
4470000  -1658.24487989319  1667.00507348872
4471000  -1654.73792442858  1670.28083307826
4472000  -1656.43456065751  1667.07271739224
4473000  -1656.75070836169  1669.5870460607
4474000  -1656.13272413752  1670.52658689162
4475000  -1655.98097124841  1671.73356311633
4476000  -1659.38677100823  1670.59821930536
4477000  -1659.71499034007  1669.91715087487
4478000  -1659.37860597653  1671.68234569099
4479000  -1661.49107798962  1673.14710440095
4480000  -1659.58731618011  1672.23225109577
4481000  -1662.2765366913  1676.64498223021
4482000  -1660.87549646341  1676.43684188209
4483000  -1660.66046333808  1678.11055619956
4484000  -1662.23869523437  1677.31733824536
4485000  -1660.76105687656  1679.40926160819
4486000  -1662.91533873664  1680.30374695119
4487000  -1663.03165068479  1678.33506860245
4488000  -1661.5412217366  1680.23241432812
4489000  -1661.66751752457  1679.14957693911
4490000  -1662.38759453675  1679.99007514989
4491000  -1661.05752965037  1678.41869178472
4492000  -1662.50262155828  1678.29485241827
4493000  -1661.69572909522  1681.63908278642
4494000  -1661.90740122754  1680.10050397148
4495000  -1662.79266631246  1681.56556885725
4496000  -1662.8065105099  1680.44858268038
4497000  -1661.91310924364  1680.73154979636
4498000  -1664.43106957118  1682.26732549173
4499000  -1666.41109971264  1680.71344466831
4500000  -1666.17293810443  1683.08150365034
4501000  -1667.62276374106  1682.86828688146
4502000  -1666.79019280517  1684.70141396141
4503000  -1666.5260210367  1683.10461635973
4504000  -1670.46244576603  1685.65123281797
4505000  -1666.93539310362  1684.06142650927
4506000  -1668.15803749099  1685.14193101704
4507000  -1669.62059347274  1684.79526785967
4508000  -1667.68274293656  1684.99888999191
4509000  -1664.97087941696  1684.19514199943
4510000  -1667.24024752661  1686.37500289025
4511000  -1667.19168005969  1685.04172647685
4512000  -1668.16732269034  1682.51689242367
4513000  -1670.62695554802  1686.57792781908
4514000  -1669.95304809762  1686.87348427309
4515000  -1670.59307921986  1687.25298837672
4516000  -1672.16001905551  1685.92384352062
4517000  -1673.67453369279  1685.37240401078
4518000  -1672.69610087508  1684.4379493499
4519000  -1673.71618576259  1685.93051413221
4520000  -1671.89106941663  1685.2859524206
4521000  -1671.13033291424  1687.00642103107
4522000  -1673.77700391005  1684.87334316506
4523000  -1674.72688110369  1686.2672536671
4524000  -1673.8685463394  1685.70343426004
4525000  -1675.09636085388  1685.56460067118
4526000  -1676.11581172601  1687.76296704636
4527000  -1674.80120422484  1687.94193374085
4528000  -1676.55241005199  1689.56097798596
4529000  -1675.16806502381  1689.51387412362
4530000  -1676.02205074168  1688.5015482374
4531000  -1675.52124238922  1688.67975173604
4532000  -1676.41400030857  1691.74904349384
4533000  -1674.07877232421  1689.26226002184
4534000  -1674.91209026576  1690.40400043008
4535000  -1675.4848851486  1691.06094701883
4536000  -1676.46884502608  1689.77807326946
4537000  -1674.18317409883  1693.02080987661
4538000  -1675.34704494973  1691.3260159196
4539000  -1676.90702418961  1690.65559331202
4540000  -1679.02096396755  1693.30577306706
4541000  -1679.73351295813  1695.28414854023
4542000  -1679.00270747074  1693.7512562071
4543000  -1680.43182708279  1692.45695505913
4544000  -1681.19551495772  1696.02837006353
4545000  -1682.90385839592  1694.77925210189
4546000  -1684.45215116079  1696.14912671658
4547000  -1683.41452078415  1697.84159167435
4548000  -1682.08100200616  1696.24997776151
4549000  -1684.42485543078  1698.11282798709
4550000  -1684.82703526882  1697.46467176519
4551000  -1683.24231225978  1699.41925833738
4552000  -1681.69197380595  1698.94079749176
4553000  -1681.95831361012  1700.08765784423
4554000  -1683.92158832428  1702.20341407442
4555000  -1687.57689998722  1699.85244820896
4556000  -1683.93017516911  1698.80932488494
4557000  -1685.00606649138  1701.12435631661
4558000  -1685.87739903252  1702.22639906656
4559000  -1686.30307263372  1704.0085393674
4560000  -1687.32776442562  1702.58447727586
4561000  -1686.82990541169  1704.17612484131
4562000  -1685.74538948183  1703.7259502104
4563000  -1686.08964584263  1703.68657977634
4564000  -1687.70456774639  1704.94314440162
4565000  -1688.60498692915  1702.61080013608
4566000  -1689.26629559133  1701.86586430034
4567000  -1688.98053001228  1704.16337547064
4568000  -1690.44272281483  1704.5011150096
4569000  -1690.92464594135  1704.97281161541
4570000  -1690.58340014301  1705.03783201825
4571000  -1690.82995666621  1704.8347321624
4572000  -1689.84371338643  1704.91855538469
4573000  -1691.20301219563  1703.88652330048
4574000  -1691.38419527175  1705.81502983393
4575000  -1693.5109473516  1706.5765906995
4576000  -1691.59273746659  1707.57236785428
4577000  -1693.409092487  1704.4893535904
4578000  -1692.95060015849  1706.67246401689
4579000  -1691.89337404159  1706.55747276783
4580000  -1691.45661870021  1710.82800535392
4581000  -1693.20738527758  1708.24730470182
4582000  -1695.49044905171  1709.70704711036
4583000  -1696.11944286073  1708.24003552252
4584000  -1694.96688948481  1710.61588845632
4585000  -1694.80532022019  1712.88027742831
4586000  -1696.44520208038  1714.04833369713
4587000  -1698.93394025691  1711.58594029561
4588000  -1696.46575625783  1711.19570906315
4589000  -1697.5393891093  1710.25745529046
4590000  -1698.72004802776  1713.06158375436
4591000  -1699.62176840873  1713.6084807755
4592000  -1699.02679803352  1714.5575165669
4593000  -1700.86870972523  1709.53791751791
4594000  -1700.72316062785  1713.09863210633
4595000  -1700.34977859629  1713.85342695743
4596000  -1699.36046066136  1714.1912125982
4597000  -1702.68195935778  1717.17512069866
4598000  -1704.79227791719  1715.84139370395
4599000  -1704.41223890619  1716.98118924703
4600000  -1705.99363236016  1716.85745547889
4601000  -1705.89897505261  1717.0592142196
4602000  -1704.35689057742  1718.75969208034
4603000  -1704.24062696124  1718.64955247641
4604000  -1707.22621590964  1722.30401123913
4605000  -1706.15222515554  1721.58700195553
4606000  -1705.85811016702  1722.69916928873
4607000  -1708.23967121233  1720.62298016124
4608000  -1707.43834102283  1719.17430712907
4609000  -1708.22026390033  1721.91865866377
4610000  -1706.36748795074  1724.54103605584
4611000  -1707.21205223015  1724.89451067383
4612000  -1705.74066118232  1725.1707329536
4613000  -1706.91585135521  1724.07117202635
4614000  -1709.17421965642  1722.22511592723
4615000  -1709.32554621917  1723.8075143043
4616000  -1709.19614454823  1724.06482480181
4617000  -1710.96862794315  1726.28051079439
4618000  -1711.10565119647  1726.60152757932
4619000  -1710.22939524433  1725.7644702474
4620000  -1711.10663614955  1725.56449475175
4621000  -1713.6575455331  1726.81569620899
4622000  -1712.80953041997  1726.92419962527
4623000  -1711.61426666621  1727.36744378348
4624000  -1713.33162567271  1728.80246964667
4625000  -1714.80907495774  1726.6954242033
4626000  -1714.57137533047  1730.54387916051
4627000  -1715.22698482181  1729.46044533849
4628000  -1715.35889892402  1731.38160753909
4629000  -1716.0507382611  1730.10295671902
4630000  -1714.3882886624  1731.68217181889
4631000  -1716.51008741547  1731.33711300181
4632000  -1714.78772035918  1729.41451459858
4633000  -1715.73037196409  1729.57813489363
4634000  -1713.1340230123  1730.30944639069
4635000  -1714.96377168866  1730.48570135468
4636000  -1717.84768331861  1730.06658313952
4637000  -1718.51089146833  1731.04507876091
4638000  -1718.47641522279  1732.38992167016
4639000  -1718.68866556602  1735.05653742015
4640000  -1718.11839541825  1733.70607782163
4641000  -1721.64520677964  1734.88310768158
4642000  -1721.01885018876  1733.26241178381
4643000  -1721.12549287604  1736.34465708527
4644000  -1721.67812116266  1735.27605413335
4645000  -1721.95328290851  1734.60859392318
4646000  -1721.59503650937  1732.38657438811
4647000  -1724.26880723261  1733.33248037587
4648000  -1725.85822673655  1732.64128123155
4649000  -1722.40916761981  1734.76854484697
4650000  -1724.23362929428  1734.71126495295
4651000  -1725.41812533904  1733.61269698746
4652000  -1726.60054969236  1736.28348232613
4653000  -1726.17013558284  1737.2338753691
4654000  -1726.95329210359  1738.17743641385
4655000  -1730.81826698916  1738.44398457775
4656000  -1730.09602798712  1739.28184512777
4657000  -1733.48002812661  1739.19521818862
4658000  -1727.49788518176  1742.31887525129
4659000  -1729.81120954285  1741.55550748622
4660000  -1728.93928098277  1741.7412185186
4661000  -1728.69371498383  1740.79241685103
4662000  -1728.87050726942  1742.84682247884
4663000  -1726.89611393221  1740.5586164875
4664000  -1727.85081822565  1741.99603511327
4665000  -1727.7401647187  1744.27257850317
4666000  -1727.38667918602  1743.56869424865
4667000  -1725.99019759577  1745.06893685966
4668000  -1730.28952762383  1745.15402603646
4669000  -1731.3728892867  1745.27882204239
4670000  -1731.28854004485  1744.40695837489
4671000  -1731.32977801355  1743.8273875907
4672000  -1730.61193172717  1745.04655538186
4673000  -1730.98270325178  1746.41575440709
4674000  -1732.90252165502  1743.74493003734
4675000  -1730.74191058647  1744.15407525549
4676000  -1730.63765752646  1744.04565196942
4677000  -1731.49905587247  1744.63449090096
4678000  -1729.43816829031  1747.24388557652
4679000  -1730.80866356064  1744.76524287019
4680000  -1731.12556354288  1744.48776075589
4681000  -1733.33712567276  1743.08142033689
4682000  -1732.50594124234  1742.55779739179
4683000  -1733.20202221198  1745.35554141582
4684000  -1735.08767726455  1748.83231206462
4685000  -1734.36809972599  1746.90060608866
4686000  -1733.68723614226  1747.19381673923
4687000  -1735.56672624536  1746.74953226619
4688000  -1737.13726930824  1748.874743955
4689000  -1738.09624602021  1746.41064247037
4690000  -1736.44865773107  1746.55092011022
4691000  -1737.99890349878  1746.36241315904
4692000  -1737.03851141066  1748.76147138664
4693000  -1738.03215788566  1750.96199827931
4694000  -1738.45603706484  1750.5746561738
4695000  -1739.29191419397  1750.19684816675
4696000  -1736.86276655639  1751.50640625727
4697000  -1739.82554338313  1750.81877889703
4698000  -1741.49760559815  1751.27753749331
4699000  -1745.16475905186  1752.63909266876
4700000  -1743.20769209912  1753.69731534203
4701000  -1742.55143906595  1754.13675449853
4702000  -1741.7277065089  1752.7757915864
4703000  -1744.23217177492  1754.29356444555
4704000  -1741.72543028769  1755.12095120699
4705000  -1742.80451628014  1753.09180724495
4706000  -1744.3189997991  1755.80580609451
4707000  -1744.52400214781  1753.26201278851
4708000  -1746.19305730844  1753.36967414356
4709000  -1745.62395446465  1755.61709961718
4710000  -1747.92643456545  1754.44221882885
4711000  -1748.78032483878  1755.3371854512
4712000  -1745.74274726707  1758.46732666224
4713000  -1746.43589062882  1753.96651526871
4714000  -1745.84083841756  1755.85114542696
4715000  -1744.48937246466  1755.42998211013
4716000  -1747.27266104763  1753.42125339392
4717000  -1743.06041136655  1754.13704920367
4718000  -1745.31120203288  1753.57575822071
4719000  -1748.69910854869  1754.29242844654
4720000  -1749.14384386309  1755.23198065881
4721000  -1749.93057201264  1756.92512468454
4722000  -1749.47304958421  1757.73658950175
4723000  -1747.9626761584  1757.38073250009
4724000  -1750.19195775635  1758.3289613441
4725000  -1746.86654699952  1757.03939935832
4726000  -1749.17267086716  1757.19982422199
4727000  -1749.34568253232  1757.0221206681
4728000  -1750.0429273703  1756.16492771669
4729000  -1751.32359225437  1758.07269664764
4730000  -1749.94640936667  1757.59098897449
4731000  -1748.50690195894  1756.94254572293
4732000  -1752.88364314607  1757.46922959865
4733000  -1752.20076657432  1757.24067197178
4734000  -1753.08051340581  1758.58963918684
4735000  -1749.09556156014  1759.3153963487
4736000  -1749.56271543452  1757.68721941094
4737000  -1752.98058120549  1757.20170631001
4738000  -1750.76140871008  1761.49311892768
4739000  -1752.4517031655  1760.17398599246
4740000  -1754.07041809679  1758.12734807202
4741000  -1755.03347963012  1760.13563633174
4742000  -1755.00842052983  1759.16687867995
4743000  -1757.41682000235  1760.09815081754
4744000  -1756.58389461301  1760.54391219892
4745000  -1755.19002217492  1759.81040213543
4746000  -1755.19691203541  1760.65318201224
4747000  -1756.62048274801  1763.4699932602
4748000  -1755.80687398262  1759.48280879091
4749000  -1759.30545788694  1759.67457626021
4750000  -1758.8272692959  1760.31249232777
4751000  -1759.59525063181  1760.46235802861
4752000  -1759.39880539893  1762.43755289346
4753000  -1760.4153763015  1762.17908583515
4754000  -1758.62884008414  1763.14961474229
4755000  -1760.48508355265  1762.94441867913
4756000  -1757.43375697069  1762.72336258861
4757000  -1758.03810402207  1762.7887627996
4758000  -1759.24416990969  1763.56351112982
4759000  -1759.81104936947  1762.81541910733
4760000  -1758.39021736595  1764.12502900542
4761000  -1759.65553741905  1763.60911570637
4762000  -1761.40962589743  1765.25131467186
4763000  -1760.31220574417  1766.13041356946
4764000  -1761.11236097236  1766.71896559152
4765000  -1762.70523050463  1765.33451818626
4766000  -1763.1267276047  1766.16979256245
4767000  -1759.45018608489  1767.86332996678
4768000  -1763.8536479476  1768.15064363602
4769000  -1761.95062049119  1767.70195072373
4770000  -1762.50028937937  1766.87183630383
4771000  -1761.14722764082  1767.59074062433
4772000  -1761.47669464786  1765.97261632361
4773000  -1761.57972395616  1770.54191885234
4774000  -1761.27411793208  1770.45905331207
4775000  -1763.40293662331  1768.96410819156
4776000  -1763.44525927633  1770.55198165443
4777000  -1763.75156734871  1774.64922464169
4778000  -1765.24437396397  1773.2824844113
4779000  -1762.32219297641  1771.48338974112
4780000  -1767.43222189867  1773.21497941915
4781000  -1764.91999137786  1772.98747557066
4782000  -1765.18400681146  1774.44995129925
4783000  -1768.52390940277  1776.28027372989
4784000  -1768.02540943838  1773.55859480876
4785000  -1766.31589517609  1775.79059985813
4786000  -1768.37556452591  1777.28232230571
4787000  -1768.25093513988  1775.12929203438
4788000  -1772.87134327339  1776.16191912188
4789000  -1770.58437371603  1775.66732557018
4790000  -1769.87101242287  1776.06844043481
4791000  -1770.58313007963  1777.10091846818
4792000  -1767.84141100804  1777.32113458254
4793000  -1770.79746313452  1778.80204053338
4794000  -1769.03349409782  1777.69553292232
4795000  -1770.710274311  1777.45855291043
4796000  -1770.59749785271  1779.48873228198
4797000  -1770.83330238202  1779.31599150562
4798000  -1771.47125735976  1777.25240502692
4799000  -1768.84008529216  1779.69669194142
4800000  -1776.42800691592  1777.82769242391
4801000  -1772.19233335066  1780.59367867459
4802000  -1771.04691273472  1780.70202125244
4803000  -1773.0307458013  1781.97669619926
4804000  -1773.03303876829  1782.26460388383
4805000  -1776.55945584844  1780.78664300275
4806000  -1774.56068138338  1780.16262733403
4807000  -1776.06698574077  1779.25637985941
4808000  -1774.9108865454  1779.69063130888
4809000  -1776.80841974202  1779.67786026024
4810000  -1774.59287879122  1779.64460703191
4811000  -1773.91992599818  1780.77573115142
4812000  -1776.10827230559  1781.01084659662
4813000  -1779.64999737389  1783.21079883543
4814000  -1778.86740781492  1779.7740794969
4815000  -1781.88978192315  1780.38146822483
4816000  -1779.60232107785  1781.81083137747
4817000  -1783.93666544664  1783.31318615418
4818000  -1781.58954082734  1782.89106713099
4819000  -1783.84407075694  1784.65150880036
4820000  -1782.84872401002  1783.95856858594
4821000  -1783.15213097647  1785.51662389777
4822000  -1782.21266309107  1785.96650116265
4823000  -1784.12150503272  1787.09801019912
4824000  -1785.6025609934  1787.70720609274
4825000  -1785.13320860554  1789.02310249955
4826000  -1782.618123431  1790.14990507104
4827000  -1784.35208994962  1789.35968321017
4828000  -1786.2333140671  1790.14937401238
4829000  -1787.4040572106  1791.36813659959
4830000  -1786.60565415309  1790.64494477089
4831000  -1788.13618003898  1791.15817405318
4832000  -1786.98967317871  1791.65459037412
4833000  -1786.80509278157  1792.56711777325
4834000  -1786.22163214478  1789.51559399095
4835000  -1787.37958774247  1792.913744
4836000  -1786.24927671066  1792.99911179982
4837000  -1786.56286307267  1791.84618698053
4838000  -1788.45389248636  1792.16504659601
4839000  -1788.71359537291  1792.94167620135
4840000  -1786.39258428771  1794.70116724032
4841000  -1787.98583958499  1793.41728806197
4842000  -1788.39743742817  1794.13010363253
4843000  -1788.00005518601  1793.7362341331
4844000  -1787.23713524696  1792.77792003844
4845000  -1786.95303375094  1795.2242063787
4846000  -1787.8332057882  1794.88438548703
4847000  -1788.23814766038  1795.80784424054
4848000  -1790.76394268656  1796.27597823467
4849000  -1788.22862368362  1793.75584171614
4850000  -1789.63113880285  1794.85278979979
4851000  -1788.84955564998  1794.19366639544
4852000  -1791.52361848409  1796.2529760713
4853000  -1793.67658565275  1796.26107455877
4854000  -1793.27445057573  1795.50864466644
4855000  -1792.19019041386  1795.32819095643
4856000  -1793.99683963704  1796.43196386809
4857000  -1793.40246216319  1797.54526426031
4858000  -1792.2073600998  1796.27360106394
4859000  -1792.04675855284  1796.0493326734
4860000  -1790.43907877798  1795.7429873859
4861000  -1792.7318030342  1798.48546028047
4862000  -1795.39351885849  1798.32691991757
4863000  -1791.21549265613  1801.27535666268
4864000  -1792.93541915764  1800.71333239125
4865000  -1793.16120532729  1800.06286499542
4866000  -1794.795150558  1801.04612713645
4867000  -1794.71171871535  1802.73099263242
4868000  -1795.30266167038  1804.71377816022
4869000  -1795.74638662211  1802.62753936717
4870000  -1796.99087931633  1801.6482269858
4871000  -1797.78901412169  1802.20084080262
4872000  -1797.68281373443  1798.48219031433
4873000  -1796.3362136538  1798.76915221697
4874000  -1795.64271643399  1800.00995974015
4875000  -1797.462939037  1804.99318771826
4876000  -1796.65340975743  1802.08954444064
4877000  -1798.2976723449  1801.17059462979
4878000  -1802.41662732877  1800.94325557075
4879000  -1801.65088536501  1801.2685707063
4880000  -1801.51054356846  1805.1688322691
4881000  -1803.76213322341  1805.58805132987
4882000  -1801.67424851605  1806.01771301895
4883000  -1802.25181414523  1805.61851279102
4884000  -1802.02483581595  1805.68079916801
4885000  -1801.58415455519  1805.30183883153
4886000  -1801.46155121435  1809.46455961142
4887000  -1803.51733694713  1808.59331703947
4888000  -1801.63280289955  1809.46251239363
4889000  -1802.16679044079  1807.50178822653
4890000  -1804.82410439176  1810.27154396207
4891000  -1803.53222364466  1809.94778201279
4892000  -1804.62346187339  1812.83903648853
4893000  -1804.87891720687  1812.45587623645
4894000  -1805.53059654815  1811.59730360917
4895000  -1807.14649791306  1811.52555259175
4896000  -1809.54255789263  1815.35870239684
4897000  -1806.90739121005  1814.89525016466
4898000  -1812.44501257629  1816.41283130705
4899000  -1809.53598281578  1817.66553866799
4900000  -1807.89134738187  1816.04962777132
4901000  -1811.30333372914  1814.36447297467
4902000  -1811.36140638954  1819.72975614171
4903000  -1812.97165677547  1815.72192671757
4904000  -1810.75410734589  1820.14628727638
4905000  -1811.58862910262  1816.15478335731
4906000  -1816.19282154793  1819.22990079149
4907000  -1812.70112318668  1817.06743834132
4908000  -1814.40397389452  1819.75687026997
4909000  -1813.82992249414  1822.34567548504
4910000  -1815.90868749295  1823.34557789578
4911000  -1816.35751676775  1824.26198353386
4912000  -1816.04040964095  1824.71655124172
4913000  -1816.48732759951  1824.37826637108
4914000  -1814.91425170868  1823.9278780335
4915000  -1815.91211607094  1825.39603658135
4916000  -1819.19940807873  1826.37873051916
4917000  -1814.68548480445  1823.00872255511
4918000  -1818.44550323327  1825.50724580301
4919000  -1819.31357493744  1823.55378592441
4920000  -1820.68158018214  1826.72844403505
4921000  -1820.32544934891  1826.96247988462
4922000  -1819.59801956229  1827.72821966678
4923000  -1818.22531887892  1826.83316274576
4924000  -1820.99983730079  1827.50240813569
4925000  -1820.36105770004  1828.55214496301
4926000  -1818.74532422422  1827.22765529433
4927000  -1823.19076908809  1826.93246384857
4928000  -1820.65138152237  1827.16251756485
4929000  -1820.92967917881  1829.58202580875
4930000  -1824.14060501297  1829.13523003532
4931000  -1823.18553895209  1827.58691725808
4932000  -1820.67560187376  1828.11028245351
4933000  -1822.48218052443  1830.11983606103
4934000  -1822.36917377876  1830.84903500896
4935000  -1821.78924439904  1828.24464134426
4936000  -1823.584399818  1830.01183632748
4937000  -1824.55870570653  1829.25309550654
4938000  -1824.09128150069  1829.99122135885
4939000  -1825.80428551328  1829.05111628644
4940000  -1827.92987609339  1831.32073080725
4941000  -1829.4968201286  1832.32933000929
4942000  -1825.71555226869  1832.89354524298
4943000  -1826.49740328525  1833.24438368548
4944000  -1829.63959169701  1830.24779367584
4945000  -1827.18102488577  1830.89900663693
4946000  -1827.39516397433  1833.13741147837
4947000  -1828.48911002413  1831.67779703598
4948000  -1827.59310911475  1831.59197227796
4949000  -1828.14191895989  1832.85622916717
4950000  -1830.33847626233  1833.35717686221
4951000  -1830.2162851374  1833.08374766307
4952000  -1830.09750151953  1835.58154534617
4953000  -1832.63009613316  1837.60935026592
4954000  -1829.38967048964  1838.29386581813
4955000  -1832.20207880417  1838.83250782656
4956000  -1833.178632116  1839.00610619848
4957000  -1831.867791106  1840.2676784812
4958000  -1833.3937424314  1841.39911734643
4959000  -1835.94793891247  1839.26927158208
4960000  -1831.4477117551  1840.49432357923
4961000  -1835.70538207658  1839.69899338027
4962000  -1835.0241883729  1839.64978493281
4963000  -1834.9274938569  1841.23387956732
4964000  -1836.17296370655  1842.69765695072
4965000  -1837.0730574828  1844.84094102958
4966000  -1837.88802799712  1846.09228223093
4967000  -1839.65066087271  1844.23209938705
4968000  -1839.99732424438  1843.27123024577
4969000  -1840.24000202993  1844.98696944963
4970000  -1839.79969764892  1845.34568613849
4971000  -1839.77341445495  1844.12896831291
4972000  -1838.95120030839  1846.40554263486
4973000  -1839.20604178308  1848.17090149711
4974000  -1838.9984720941  1848.74115939894
4975000  -1838.29356223022  1848.83941489155
4976000  -1838.35737518731  1849.45277659359
4977000  -1836.7195950335  1849.46525811691
4978000  -1837.75921928645  1848.15554678665
4979000  -1836.86641194428  1848.09713106093
4980000  -1841.28268454238  1849.19556916513
4981000  -1842.56553914445  1849.04279552549
4982000  -1843.71667216054  1849.64628737143
4983000  -1844.17116622742  1848.53780713442
4984000  -1844.08051723888  1846.09389828495
4985000  -1842.29257411343  1846.75491551045
4986000  -1843.74347059609  1848.15915579697
4987000  -1844.69903075087  1847.40040259617
4988000  -1846.46776456191  1849.0166814205
4989000  -1845.92813295265  1847.9957571535
4990000  -1847.80451209221  1848.87165629746
4991000  -1848.17834058777  1849.13510017301
4992000  -1847.23715239395  1849.20802881401
4993000  -1845.35857884066  1847.56594763644
4994000  -1846.64328243889  1849.60468448165
4995000  -1849.12221561965  1851.36970330404
4996000  -1847.1688302494  1852.58455474623
4997000  -1847.64112951567  1852.20378020751
4998000  -1851.81093712283  1852.61578514872
4999000  -1847.16998081262  1850.82132924004
5000000  -1850.36369714034  1850.45825406215
5001000  -1851.14383781701  1852.56828898402
5002000  -1849.7355089985  1853.06493435648
5003000  -1851.08910336576  1853.6434310056
5004000  -1849.2743169385  1852.56236178471
5005000  -1850.31303145809  1853.5362845563
5006000  -1847.88486637322  1851.79763279522
5007000  -1847.47569224417  1853.97936367708
5008000  -1850.2973338514  1854.07805815584
5009000  -1851.11254191411  1853.91266286159
5010000  -1848.21660205622  1854.1177996742
5011000  -1852.22531589841  1854.27854513884
5012000  -1851.8807869401  1854.94292470846
5013000  -1850.55969707126  1853.46416104987
5014000  -1849.51888439585  1858.0401589866
5015000  -1851.97648023133  1858.14426169313
5016000  -1851.96563639005  1857.45227154312
5017000  -1849.41666837664  1859.36366909056
5018000  -1852.69219784839  1858.70848721441
5019000  -1854.37888086961  1859.17811624497
5020000  -1852.47292133854  1858.88407950764
5021000  -1854.37494335015  1859.38700089949
5022000  -1854.44803906197  1863.07719602255
5023000  -1855.02022042039  1861.62425519171
5024000  -1850.24193013636  1864.8322190725
5025000  -1850.02686125218  1862.33964582322
5026000  -1851.70969450247  1862.83275885133
5027000  -1852.43250615659  1861.19512800402
5028000  -1853.32964217492  1862.20037760235
5029000  -1856.25063184849  1861.23435780354
5030000  -1853.78811731454  1862.00352847961
5031000  -1856.46603987586  1862.83368271825
5032000  -1859.03201203503  1863.81469892401
5033000  -1855.82039821492  1864.12067121441
5034000  -1854.68975798175  1864.37432444197
5035000  -1853.35791930282  1864.0088358811
5036000  -1854.84665128431  1861.70237576259
5037000  -1854.02581207702  1866.67603033314
5038000  -1856.32742087121  1863.81455664201
5039000  -1853.09653844306  1864.52722240609
5040000  -1855.90731626725  1864.92226436023
5041000  -1856.50145497777  1868.39732811748
5042000  -1856.47890927287  1867.54892699045
5043000  -1857.35054569974  1869.98980359137
5044000  -1857.430130097  1866.85422339574
5045000  -1856.54728000747  1870.99584066106
5046000  -1857.2996907263  1870.39620213872
5047000  -1858.68183952413  1871.81615086986
5048000  -1858.51978445512  1869.17163191338
5049000  -1858.45584238475  1870.26371121811
5050000  -1861.47659305007  1867.15773803329
5051000  -1861.73306376255  1870.35092171383
5052000  -1859.0496042152  1872.55565471649
5053000  -1860.95192616706  1870.86070648144
5054000  -1863.36923433307  1871.71146345165
5055000  -1862.43875516292  1870.33364993953
5056000  -1863.40750555885  1873.59466666188
5057000  -1862.8947844503  1871.67545237147
5058000  -1865.90624301425  1872.51652694836
5059000  -1864.38498748729  1870.85708026116
5060000  -1865.61997792434  1872.44653354722
5061000  -1867.35642312935  1873.73305504861
5062000  -1865.31546536278  1876.9423000827
5063000  -1864.66302571843  1875.31851270643
5064000  -1865.20577190034  1871.13848029742
5065000  -1866.81601970476  1874.84347790025
5066000  -1865.71048267293  1874.89647789577
5067000  -1867.86765074789  1872.61185771511
5068000  -1866.93885565569  1874.84566674602
5069000  -1868.6739165317  1876.1180485822
5070000  -1865.72901924174  1879.63896900128
5071000  -1866.12931800596  1876.04675564811
5072000  -1866.47674603541  1879.67473054079
5073000  -1867.56962700122  1878.42739109535
5074000  -1864.94691629086  1881.02027734753
5075000  -1868.93459220779  1879.03296581866
5076000  -1866.95676139465  1880.79397428114
5077000  -1863.4654051227  1881.95869125412
5078000  -1864.9079049195  1880.14502068527
5079000  -1866.91555901951  1880.34714894546
5080000  -1866.82379335601  1881.40218393244
5081000  -1867.31055489859  1881.91673518822
5082000  -1867.41681814126  1882.37265272985
5083000  -1869.95645692587  1881.90102433711
5084000  -1867.99717090732  1881.77088914727
5085000  -1869.81770404854  1882.11511681675
5086000  -1868.06362329656  1880.78013796001
5087000  -1872.96151391311  1885.82677274615
5088000  -1871.43879512523  1885.29828408152
5089000  -1869.89840329478  1885.48273014003
5090000  -1870.64940737892  1884.2240696427
5091000  -1875.27669183578  1882.36293321806
5092000  -1874.70694951089  1883.03120336123
5093000  -1876.57366814453  1885.34327298957
5094000  -1878.13832932841  1884.68927608309
5095000  -1877.15452119068  1885.50895508759
5096000  -1874.58370100486  1886.05855418262
5097000  -1877.5918374317  1884.48285775831
5098000  -1879.74191758447  1886.56621511171
5099000  -1878.16299869586  1885.41799581056
5100000  -1878.86882259332  1887.8375030415
5101000  -1879.44976682801  1886.09958812826
5102000  -1877.50364807135  1888.42628771154
5103000  -1880.12398035753  1888.71507114715
5104000  -1879.7192876121  1889.56609832018
5105000  -1880.04102416444  1890.39454838497
5106000  -1882.35914721889  1891.04062102641
5107000  -1882.79214839661  1891.02803149226
5108000  -1881.66641553162  1889.65277190355
5109000  -1881.65413413189  1890.80556372219
5110000  -1881.74209181435  1887.17628862759
5111000  -1883.56574019573  1888.96553010075
5112000  -1883.8339530068  1889.61735730097
5113000  -1880.49441655039  1893.70606956477
5114000  -1881.06573169368  1895.5060613383
5115000  -1883.37486280302  1892.66348877263
5116000  -1881.97747355359  1892.60967759289
5117000  -1881.75420542434  1894.33987235596
5118000  -1883.35163110704  1894.82259170092
5119000  -1883.65470886709  1893.87789544415
5120000  -1883.88054548789  1892.70678177444
5121000  -1882.17321194332  1895.49506925124
5122000  -1884.71437383895  1899.20104810197
5123000  -1883.01441931361  1897.79954036071
5124000  -1886.08542203157  1896.81645172519
5125000  -1883.45954375709  1899.07449737642
5126000  -1886.61288750314  1898.19225983056
5127000  -1886.22252907947  1897.19076636192
5128000  -1884.3233232727  1900.18725449333
5129000  -1887.64363116996  1901.01244083725
5130000  -1887.44915848125  1900.60405762478
5131000  -1887.41209365701  1901.7930867516
5132000  -1889.37376640332  1905.12606538423
5133000  -1888.72874170293  1903.73476130183
5134000  -1889.55027807838  1905.67078214577
5135000  -1890.55524495211  1903.09171175691
5136000  -1890.12061294572  1904.70373924605
5137000  -1887.00087476305  1904.33894200006
5138000  -1889.48006069406  1904.41419702611
5139000  -1888.62049648597  1904.89437032525
5140000  -1890.01615497179  1905.01157739796
5141000  -1890.9292740633  1906.32605681714
5142000  -1889.0536533541  1905.12659961826
5143000  -1890.65283940998  1906.17291324832
5144000  -1892.3285812824  1905.20652475327
5145000  -1893.16844611006  1904.8172664356
5146000  -1892.94871187478  1905.67075094404
5147000  -1893.30908072093  1903.42980273331
5148000  -1894.91446252287  1906.36920038932
5149000  -1895.19755586231  1906.45718563601
5150000  -1895.02734069444  1906.92177821029
5151000  -1895.11279744632  1906.94367568148
5152000  -1896.88100777825  1907.21443802519
5153000  -1895.7532254232  1907.36884812136
5154000  -1899.92866358388  1909.58337276064
5155000  -1896.45032555303  1906.28102994463
5156000  -1896.16099853066  1908.72236874739
5157000  -1898.47479893333  1909.89270524201
5158000  -1898.41399675822  1908.91291947003
5159000  -1898.66402112857  1908.96550426598
5160000  -1897.65071088917  1909.72335987251
5161000  -1900.08131053505  1909.57206982864
5162000  -1900.92569925533  1909.52888709148
5163000  -1901.35590764881  1909.43965212501
5164000  -1900.93137596721  1909.62444186706
5165000  -1900.77694485608  1908.4002198033
5166000  -1901.15571638303  1912.0691308257
5167000  -1898.58798400111  1909.56693900716
5168000  -1899.58927324216  1913.08088804538
5169000  -1901.86641013623  1911.28823357767
5170000  -1898.93753792512  1912.31261595752
5171000  -1904.04586210616  1911.89615750841
5172000  -1901.98896101065  1910.78224594337
5173000  -1899.14455738803  1912.92804546135
5174000  -1899.24281739394  1912.18674620128
5175000  -1901.44753913844  1913.78060088745
5176000  -1901.48662164698  1912.85820851268
5177000  -1900.00910627545  1914.83567751836
5178000  -1900.27791552316  1912.87937521181
5179000  -1897.36202518996  1916.04919344475
5180000  -1899.30825454778  1911.13878935595
5181000  -1902.34298087361  1912.05888584995
5182000  -1899.78167956043  1915.92089938633
5183000  -1903.01011227606  1913.417210294
5184000  -1901.47910506784  1912.94002061103
5185000  -1899.90223440043  1915.6467580277
5186000  -1902.77656646852  1913.48427204886
5187000  -1904.24511066562  1913.12999434346
5188000  -1901.47371785975  1914.90280331976
5189000  -1904.60934402307  1912.41568649756
5190000  -1905.32338540419  1912.89983509933
5191000  -1902.67662904163  1916.68558165354
5192000  -1905.35000579166  1916.42494135146
5193000  -1904.1832131738  1917.15460919055
5194000  -1906.48914090876  1917.81066847894
5195000  -1905.02738801524  1916.24597824107
5196000  -1902.773789305  1916.26321955184
5197000  -1905.23130916813  1916.65701268462
5198000  -1904.70901127708  1917.9941799305
5199000  -1904.55026337133  1915.08751842341
5200000  -1904.37172171032  1916.26231635909
5201000  -1906.04366271771  1918.21323469875
5202000  -1906.09959345398  1917.05985170534
5203000  -1903.98147112329  1918.08036954805
5204000  -1904.6354824347  1917.37419749058
5205000  -1903.33040767983  1916.87812047196
5206000  -1902.79495571114  1919.80958325669
5207000  -1906.30763689824  1915.59319009653
5208000  -1905.44275773415  1919.4936038322
5209000  -1904.77035413321  1918.94948084737
5210000  -1903.60830284232  1918.43519285183
5211000  -1905.78686186059  1920.34903720475
5212000  -1907.47518889805  1921.25263454242
5213000  -1905.75026988233  1922.19024712742
5214000  -1905.78322235772  1923.54542447027
5215000  -1905.93648698797  1922.27798516897
5216000  -1907.07096424092  1922.37064988908
5217000  -1907.80741582736  1923.52920810171
5218000  -1910.16256543248  1922.64711498788
5219000  -1909.49141621676  1923.85006496118
5220000  -1909.18994064423  1924.35479227438
5221000  -1907.96108079289  1924.42725731875
5222000  -1908.34377628819  1923.6268727311
5223000  -1910.22342719188  1923.15564053484
5224000  -1907.86319420902  1924.19725762958
5225000  -1906.89929417779  1923.60599012964
5226000  -1909.34782633537  1922.66443958374
5227000  -1911.21613363117  1923.86328855414
5228000  -1909.03006739424  1924.12521415727
5229000  -1911.5680485013  1925.9692841705
5230000  -1911.06218797502  1924.95500821498
5231000  -1911.66618464231  1928.24700360571
5232000  -1913.36296399129  1922.26855468985
5233000  -1915.20113830225  1927.22911104031
5234000  -1912.70124696351  1925.23097848222
5235000  -1914.3563200824  1923.68694664499
5236000  -1912.79556811558  1927.19282707228
5237000  -1913.67904641296  1925.69815308295
5238000  -1914.82478549931  1925.26845802301
5239000  -1912.70698905409  1927.12925118738
5240000  -1909.88684249948  1928.98330237055
5241000  -1911.21435150551  1929.56421337779
5242000  -1911.77929973668  1928.15628409306
5243000  -1913.53412869519  1929.79382439402
5244000  -1913.42767301607  1929.24773944231
5245000  -1911.55842138075  1928.46311426663
5246000  -1912.71021680041  1931.32818934236
5247000  -1912.95608316818  1930.36873420022
5248000  -1913.88095170742  1928.92692683658
5249000  -1915.0300943063  1931.62970477363
5250000  -1914.46953615869  1931.53784923811
5251000  -1911.76264068714  1931.45575538783
5252000  -1915.49924680577  1933.24081264907
5253000  -1913.9032718397  1934.42928130566
5254000  -1916.48005611985  1932.67543102662
5255000  -1914.00129608365  1935.04834810884
5256000  -1916.92028688447  1931.63852543719
5257000  -1919.10364695716  1931.95600988154
5258000  -1917.87653244664  1931.75303648058
5259000  -1919.00762827132  1932.0147346716
5260000  -1917.92830515772  1932.88713840206
5261000  -1918.39834947177  1935.00444080794
5262000  -1921.58899371744  1936.82790383549
5263000  -1922.59914346062  1933.97492430528
5264000  -1922.05457785213  1934.92989020142
5265000  -1920.27200011999  1937.98701821355
5266000  -1919.96044210637  1937.11217410905
5267000  -1920.15111823303  1936.54710141636
5268000  -1918.60136283517  1937.12282988687
5269000  -1920.62976816491  1939.10020081141
5270000  -1921.95454571222  1940.40871126054
5271000  -1922.36767584706  1937.84580508677
5272000  -1923.35608044676  1939.61210917722
5273000  -1925.13213311897  1939.03420351629
5274000  -1923.25520108049  1941.02428537424
5275000  -1926.99080563619  1939.4139538671
5276000  -1924.96113030342  1938.44149830954
5277000  -1926.38244472215  1938.16258900487
5278000  -1929.30565368732  1938.67103534846
5279000  -1929.34733496808  1940.91324579387
5280000  -1928.88575785722  1938.53597839977
5281000  -1925.42276794947  1938.02389720033
5282000  -1929.76361377232  1940.07461668634
5283000  -1931.38088618518  1940.78452300312
5284000  -1932.72316523894  1938.15460407159
5285000  -1933.30643571079  1939.71675591857
5286000  -1932.36077052156  1940.56925278344
5287000  -1937.92387987372  1942.76771255294
5288000  -1931.5021174378  1940.36219751338
5289000  -1935.43376950073  1940.13956557485
5290000  -1932.64049109184  1942.6838914236
5291000  -1934.44629041188  1941.59550016424
5292000  -1938.60903676079  1941.0175767263
5293000  -1935.64366495439  1940.84910732286
5294000  -1934.35677917692  1940.46009681069
5295000  -1936.50514343651  1942.18846072701
5296000  -1936.20448817609  1943.42811177702
5297000  -1936.95004452048  1944.86583201494
5298000  -1935.95334189314  1944.57345597453
5299000  -1938.78228717076  1946.80446109476
5300000  -1940.46157334445  1945.60360859072
5301000  -1937.77623946878  1946.67021352574
5302000  -1942.18325257459  1945.63862970359
5303000  -1938.91030081496  1948.93896357504
5304000  -1938.9727209403  1949.74693506188
5305000  -1936.07208156358  1950.32821582615
5306000  -1940.88776285733  1948.65039837378
5307000  -1939.37341892611  1947.36380120061
5308000  -1939.46896960108  1949.84520087804
5309000  -1940.71328715219  1951.85624737592
5310000  -1944.73041887549  1953.51863644236
5311000  -1944.67664035422  1952.62009571441
5312000  -1943.50178263423  1953.29504284463
5313000  -1944.44203238797  1952.58276715382
5314000  -1942.31923551729  1953.06367098562
5315000  -1946.42300150547  1954.25787610281
5316000  -1946.36037905823  1952.88218011027
5317000  -1943.55432033185  1953.88087810454
5318000  -1946.34315193329  1956.23886639805
5319000  -1942.93718731862  1957.7921544342
5320000  -1944.37179924454  1955.62137196271
5321000  -1947.03020344097  1952.88344051315
5322000  -1944.18406009863  1956.23839369044
5323000  -1945.0588479163  1956.66352206604
5324000  -1945.35184312455  1954.96173040652
5325000  -1945.87113709491  1957.7522678713
5326000  -1946.70284111769  1958.67620889458
5327000  -1947.44080048183  1957.71426509588
5328000  -1947.36643636294  1957.4854178977
5329000  -1950.28035081669  1958.94033136569
5330000  -1952.10915009823  1956.68746021369
5331000  -1951.30635533792  1958.94749378427
5332000  -1953.54001122639  1959.17820011767
5333000  -1953.92368084377  1959.82564357568
5334000  -1953.03967220171  1959.19468087757
5335000  -1951.22268989524  1958.55207475348
5336000  -1953.5754232599  1960.9453119256
5337000  -1955.89886076017  1961.05857041869
5338000  -1954.49888015604  1959.73458292987
5339000  -1953.11867179835  1958.40822728392
5340000  -1953.99163109566  1963.27608132263
5341000  -1954.82952199115  1960.66392016538
5342000  -1959.11769413839  1961.58739380401
5343000  -1957.54178688167  1961.30134918336
5344000  -1956.98723378076  1961.4017571453
5345000  -1959.01428123715  1961.92304790848
5346000  -1960.81667201642  1960.9784178889
5347000  -1961.19847389165  1964.24031174328
5348000  -1957.69501984228  1960.2266790802
5349000  -1957.37582261231  1962.52766406463
5350000  -1962.8886217541  1963.19665179677
5351000  -1962.45747068638  1963.50866860989
5352000  -1959.59934174289  1963.89472859142
5353000  -1960.89704275302  1963.15378938234
5354000  -1964.01826692981  1964.09378264195
5355000  -1963.58621611523  1962.12566469442
5356000  -1966.08532287203  1961.00144014746
5357000  -1964.13503303094  1962.50379489438
5358000  -1962.9065327907  1961.14112894276
5359000  -1964.35449448773  1963.58604500899
5360000  -1962.35638387782  1964.66678051701
5361000  -1963.07720214497  1963.96331623188
5362000  -1963.85172251741  1968.57899161826
5363000  -1966.90980061755  1965.11470330948
5364000  -1965.27314819363  1966.20924886977
5365000  -1965.5605334397  1967.89637020389
5366000  -1967.0599177142  1968.23683251675
5367000  -1969.27943661057  1968.8622990304
5368000  -1969.84812434093  1969.51041980614
5369000  -1967.01143713725  1969.91590484632
5370000  -1970.07420508329  1970.215314891
5371000  -1968.26443926492  1969.76410925556
5372000  -1966.76752884887  1969.74016865166
5373000  -1970.89808321778  1971.68186274961
5374000  -1966.12028285308  1973.09978925089
5375000  -1967.22492156079  1972.29461019884
5376000  -1968.39881873786  1972.405772424
5377000  -1969.1923253738  1971.07701271535
5378000  -1968.00159316804  1971.81118883838
5379000  -1968.54573778767  1972.61672556258
5380000  -1967.49945794076  1974.63953343901
5381000  -1971.70440219505  1977.95483886363
5382000  -1969.22203173202  1973.40625006653
5383000  -1971.12655613953  1974.62369055382
5384000  -1971.4049932932  1974.78877710184
5385000  -1970.66110417428  1975.30652056737
5386000  -1971.06091242201  1976.14748591989
5387000  -1971.95611419187  1976.15313886936
5388000  -1974.90571337993  1975.22251453032
5389000  -1970.83100191318  1976.43037851004
5390000  -1975.41676139179  1977.70719201289
5391000  -1977.76459096949  1976.05003430234
5392000  -1975.48635276213  1975.27322147161
5393000  -1975.63001834921  1975.99271987781
5394000  -1976.55951069506  1975.94869379171
5395000  -1977.57853221346  1974.830595089
5396000  -1978.56332143513  1974.48406334561
5397000  -1979.02883407062  1975.82984806212
5398000  -1979.35269035589  1978.60547793845
5399000  -1982.61245768689  1977.9828540858
5400000  -1981.97106331362  1976.77042825185
5401000  -1980.90706718753  1979.76450151483
5402000  -1980.62663350137  1977.08869618116
5403000  -1982.40818573831  1978.60918857305
5404000  -1982.88136870803  1979.69973304917
5405000  -1981.09418465335  1979.19383271869
5406000  -1982.6424292841  1979.89527161573
5407000  -1982.99907363257  1981.94942963285
5408000  -1983.57974668187  1980.15987300498
5409000  -1982.81076570446  1980.4718524833
5410000  -1985.51734883811  1981.72349846001
5411000  -1982.30558753226  1982.21545837973
5412000  -1985.57666852677  1985.56320435241
5413000  -1983.80087325207  1986.93601810536
5414000  -1984.95327174941  1984.04680444607
5415000  -1986.0280758809  1985.59682629701
5416000  -1985.71302800947  1985.85568023378
5417000  -1985.16522454719  1983.64916084642
5418000  -1984.3751609366  1986.42530650934
5419000  -1986.65103023753  1986.24559593067
5420000  -1984.79678492633  1986.74486907865
5421000  -1984.70421367231  1988.5781893942
5422000  -1982.8348760869  1987.0502517845
5423000  -1985.47747377845  1984.99401958047
5424000  -1986.38977484076  1989.70395923659
5425000  -1986.21631567839  1989.18801187645
5426000  -1987.93763929553  1989.46773620136
5427000  -1986.22070179274  1988.58868369877
5428000  -1986.50255159286  1991.67553044873
5429000  -1985.74944399695  1990.67175945853
5430000  -1987.72186558667  1991.75360903903
5431000  -1990.27733129379  1993.13787098516
5432000  -1988.81082056526  1992.80881165138
5433000  -1988.02527632934  1992.660100713
5434000  -1984.33089083904  1995.26836354953
5435000  -1987.45501223333  1992.50837453536
5436000  -1989.32537211281  1993.06827972395
5437000  -1987.93403127457  1993.85291136483
5438000  -1985.81736861583  1990.81217057116
5439000  -1987.2977254731  1995.91029147072
5440000  -1987.7424662088  1994.14811121578
5441000  -1987.73856361991  1995.36174725117
5442000  -1989.54465655133  1998.02177375191
5443000  -1986.85623931274  1996.67092499777
5444000  -1984.89860080049  1994.47050193695
5445000  -1987.89977451963  1996.3831602482
5446000  -1989.37691136443  1996.87592001186
5447000  -1989.46119530606  1996.30013262607
5448000  -1993.26215482898  2000.36452591391
5449000  -1988.35029874769  2001.2330062999
5450000  -1990.99306015016  2000.09517864825
5451000  -1988.03787329973  2002.11052887327
5452000  -1990.29635185473  2003.22623411466
5453000  -1989.05947592612  2000.84903741001
5454000  -1988.76334235753  2002.40930314836
5455000  -1990.14730741869  2004.87401453868
5456000  -1990.71617058599  2002.10671703489
5457000  -1991.37442662427  2005.24179129455
5458000  -1991.31457497679  2003.17252257097
5459000  -1990.98309217232  2002.73968554307
5460000  -1991.62407859468  2004.17144040504
5461000  -1992.62434229011  2003.71598459744
5462000  -1992.4303970042  2005.27793059765
5463000  -1994.56495791902  2007.64479452831
5464000  -1994.53997838542  2003.7671516719
5465000  -1995.0947624775  2003.65389315944
5466000  -1993.95343260354  2006.14062961256
5467000  -1995.69383579051  2004.21942258907
5468000  -1996.75494810902  2008.39438337642
5469000  -1996.16408507028  2010.70509715303
5470000  -1996.79780316658  2007.14811910166
5471000  -1998.89153395476  2007.11264899606
5472000  -1996.49353486356  2008.43715529811
5473000  -1996.46919382029  2008.55038960326
5474000  -1996.21815681207  2005.92424394922
5475000  -1997.3135947738  2005.88941823841
5476000  -1997.87702475649  2006.70306746427
5477000  -1994.40516289532  2006.00218534478
5478000  -1996.7673106539  2008.56176095072
5479000  -1997.8318337682  2007.52423094618
5480000  -2000.38817070664  2008.85534955442
5481000  -1998.14105071082  2008.75924621787
5482000  -1999.4452379523  2011.14247341465
5483000  -1999.66603124707  2010.71804928017
5484000  -1997.15709480959  2011.78477321254
5485000  -1996.94232999541  2010.31123573682
5486000  -1998.26004977647  2011.0557713131
5487000  -1997.58389370159  2011.55164436197
5488000  -1999.39392207405  2010.36349822075
5489000  -1998.43650712969  2013.61132183398
5490000  -2001.27571301703  2011.09819290288
5491000  -2001.3284324871  2011.21969976307
5492000  -2002.19386971106  2011.71390661557
5493000  -2000.85252878618  2011.7062014725
5494000  -2000.8013461245  2011.21425649012
5495000  -2001.00857454907  2015.98209975024
5496000  -2002.30288786141  2016.2690662002
5497000  -2000.15173082361  2017.75320689032
5498000  -2001.12540060869  2017.98372214046
5499000  -2007.05224668229  2018.08995118356
5500000  -2005.69086883609  2019.56190113812
5501000  -2005.61310268698  2019.26248511364
5502000  -2003.73527987762  2020.49186234056
5503000  -2003.78168278181  2021.17880869894
5504000  -2005.5528633373  2019.75424440902
5505000  -2005.98470329943  2022.73713505815
5506000  -2007.14614034187  2021.36854126896
5507000  -2010.17012991203  2022.74335534828
5508000  -2009.90594389787  2021.84347401556
5509000  -2011.56956663417  2025.04043247396
5510000  -2011.82134340591  2023.37854771265
5511000  -2009.92064150284  2023.68527195354
5512000  -2012.67848673715  2025.08081832456
5513000  -2013.50565246307  2026.13762288487
5514000  -2012.23164861209  2025.15719941142
5515000  -2014.2162904191  2024.66293562371
5516000  -2012.54798132077  2026.18670663113
5517000  -2015.69238062163  2023.86504376948
5518000  -2014.44550801086  2023.1461142268
5519000  -2015.46727460361  2024.53378377008
5520000  -2017.62216646277  2025.99990675269
5521000  -2016.9452126323  2023.86980702606
5522000  -2018.84467450189  2026.31693523003
5523000  -2016.37649646048  2027.48038021875
5524000  -2019.91704037502  2025.87638547291
5525000  -2021.0364909449  2024.42151193857
5526000  -2021.24641026075  2026.93743636238
5527000  -2020.43341263307  2028.85964043516
5528000  -2020.83748962642  2027.37409835783
5529000  -2021.5594070288  2028.78915603249
5530000  -2019.72951978807  2029.15096853661
5531000  -2023.55369964643  2029.02530176391
5532000  -2021.67212323178  2029.98424759144
5533000  -2023.01839614728  2031.3732203017
5534000  -2021.40903142624  2029.76099137285
5535000  -2019.33435548955  2032.01737908579
5536000  -2022.78159228349  2030.67130660875
5537000  -2021.4884308972  2030.30733485472
5538000  -2022.84010135071  2033.98556191543
5539000  -2023.21824285773  2029.52914760453
5540000  -2023.86658563833  2032.75993870388
5541000  -2021.63541890482  2034.15007056676
5542000  -2024.16393319117  2034.41872232707
5543000  -2025.07096663596  2034.87226838332
5544000  -2026.86426549312  2033.63510145936
5545000  -2028.10631721589  2036.72944521113
5546000  -2030.71110161899  2035.12746708349
5547000  -2027.79241783283  2036.28253993283
5548000  -2026.54567540479  2037.17823644645
5549000  -2027.60358942239  2036.64494640939
5550000  -2030.24108533736  2035.19800672609
5551000  -2030.93070032286  2039.66262706191
5552000  -2030.50862368473  2036.51716751776
5553000  -2028.85746876201  2039.85201930737
5554000  -2030.54979969352  2041.06732478357
5555000  -2029.38436841154  2039.82951802134
5556000  -2033.46962746817  2039.5699327654
5557000  -2031.59466292584  2041.13610697402
5558000  -2031.65501941539  2040.93082829957
5559000  -2033.29404586665  2039.41596664447
5560000  -2035.97161377744  2040.3441383075
5561000  -2035.01357545186  2039.56182565175
5562000  -2035.62793052573  2038.5961548375
5563000  -2035.5055324312  2038.86349172654
5564000  -2034.01770962088  2038.86227557816
5565000  -2035.72667212906  2041.43862342709
5566000  -2033.41474665642  2042.51913810545
5567000  -2035.25254682593  2041.23581871767
5568000  -2036.95257218622  2042.73203789267
5569000  -2037.89576894522  2042.56995145396
5570000  -2039.65193015892  2044.18904436569
5571000  -2037.36264421447  2040.34703677501
5572000  -2038.08017740646  2041.73031035068
5573000  -2039.74752077385  2043.25381212482
5574000  -2039.77936358571  2041.77281906809
5575000  -2040.74581192527  2043.15321256347
5576000  -2039.53759079826  2043.33084931752
5577000  -2042.60888885528  2045.22946143277
5578000  -2039.99717934389  2047.48200339618
5579000  -2042.34206273089  2047.95055882811
5580000  -2040.28471408721  2048.29519531409
5581000  -2040.99005506894  2048.76316777723
5582000  -2041.48403859486  2050.03144977898
5583000  -2043.04112095108  2050.70905968313
5584000  -2040.65306003201  2047.90716998689
5585000  -2043.20962969818  2048.55487050794
5586000  -2043.57450394274  2050.21933988945
5587000  -2045.15802772122  2050.10915725504
5588000  -2045.33707056722  2049.34645187136
5589000  -2047.42170202214  2052.9740222893
5590000  -2047.93627244466  2053.52491111059
5591000  -2045.37578676872  2053.60330437602
5592000  -2046.54264404238  2054.60258594807
5593000  -2046.49206255727  2054.26745519125
5594000  -2047.94803190345  2052.78556779456
5595000  -2048.90761620599  2053.23101613279
5596000  -2051.8517870412  2054.55381301558
5597000  -2048.25764018603  2053.29354128908
5598000  -2050.44257681447  2054.26342636942
5599000  -2051.54923331064  2055.3365501137
5600000  -2052.16498226454  2055.20431487636
5601000  -2050.33478883871  2054.33713688144
5602000  -2053.41824101914  2054.43595909977
5603000  -2053.09983118327  2058.06471911866
5604000  -2052.9625402786  2055.13115779163
5605000  -2052.47437429752  2055.5258607212
5606000  -2050.9312052033  2057.47978462939
5607000  -2052.37249637509  2056.77792121019
5608000  -2054.51273275226  2057.00554655202
5609000  -2052.28546458374  2056.73924662101
5610000  -2052.61445492821  2058.94402177521
5611000  -2051.1366490308  2058.9438466173
5612000  -2052.31439758416  2060.37799025351
5613000  -2052.76779548024  2059.47563655482
5614000  -2054.90193997667  2060.60739503031
5615000  -2054.66384599525  2058.36713200754
5616000  -2055.02034808308  2060.23520415583
5617000  -2053.99222117653  2060.78683076542
5618000  -2058.11587716229  2060.50639692577
5619000  -2055.55691451939  2063.94304513247
5620000  -2058.45070399839  2063.74607205655
5621000  -2058.94307977694  2065.06860337139
5622000  -2059.7147647744  2062.64436895541
5623000  -2060.11501634407  2066.34807113152
5624000  -2059.8821462143  2065.72714526402
5625000  -2058.65710406914  2064.42250935072
5626000  -2061.64512072863  2064.59026299385
5627000  -2059.37025494033  2064.86147367488
5628000  -2063.14386402497  2065.25941756749
5629000  -2060.00216555998  2066.18941769147
5630000  -2060.87209755796  2068.48892443569
5631000  -2066.27246027797  2068.17634492936
5632000  -2065.72766269733  2070.1734393646
5633000  -2063.0451513284  2073.61917967203
5634000  -2063.99229635274  2072.94901873049
5635000  -2066.28372675517  2071.33230935361
5636000  -2066.43243545895  2072.34334470776
5637000  -2065.83142343516  2072.85776659567
5638000  -2066.59558670362  2073.45783767539
5639000  -2067.62987478941  2077.70361854264
5640000  -2068.70599228934  2074.3984313004
5641000  -2067.74903300311  2078.05376540581
5642000  -2066.56503003948  2076.64921962165
5643000  -2069.48558983964  2076.44214480845
5644000  -2068.08624746025  2077.77716409712
5645000  -2068.67660440102  2078.16226650616
5646000  -2068.19481809281  2078.65936222768
5647000  -2070.17240397202  2079.0210210644
5648000  -2071.60487499909  2081.74016285248
5649000  -2073.64586874802  2081.87106216285
5650000  -2073.40293805018  2082.63051819282
5651000  -2077.40018221708  2082.64488096295
5652000  -2073.84961293565  2080.73796647184
5653000  -2076.21284154604  2082.92607310186
5654000  -2072.76801298228  2083.3430143734
5655000  -2076.85565457429  2085.71257845089
5656000  -2079.78583414367  2084.18294531116
5657000  -2078.25140864682  2085.22978865413
5658000  -2080.70989050285  2085.62660140833
5659000  -2078.87723054149  2085.30467953303
5660000  -2080.39826680989  2085.24842173393
5661000  -2078.0372048021  2087.87196726083
5662000  -2079.78629661765  2089.05731999424
5663000  -2079.51762867879  2091.24902043921
5664000  -2079.93476884365  2089.49824849844
5665000  -2079.71779553278  2092.5620436994
5666000  -2080.46194232794  2089.88325428164
5667000  -2078.84983230918  2091.68257310363
5668000  -2080.45596721375  2094.41613809211
5669000  -2081.31831883904  2091.91709628174
5670000  -2079.983138108  2091.84744400365
5671000  -2078.66602368756  2091.54572930626
5672000  -2081.1344733709  2094.01893975718
5673000  -2078.87514870277  2092.42796730833
5674000  -2077.9162302265  2091.15603710649
5675000  -2081.52054642748  2095.52868701094
5676000  -2079.10150537928  2093.69252828379
5677000  -2078.80774541861  2098.09397195945
5678000  -2080.11647492289  2097.34279603906
5679000  -2082.25658434353  2097.07303110573
5680000  -2081.68649890542  2097.80344372812
5681000  -2082.54820598494  2099.18939920006
5682000  -2082.88289595791  2098.64727621804
5683000  -2082.40866095495  2099.94899447783
5684000  -2080.92196998595  2099.29601356157
5685000  -2085.18349073445  2100.7959095847
5686000  -2081.17192588751  2099.23927063307
5687000  -2082.9670725898  2097.86722312671
5688000  -2083.66893795327  2102.65954768458
5689000  -2086.35911131638  2103.17224515001
5690000  -2087.45569464941  2105.36209583736
5691000  -2085.28459080014  2103.69226447877
5692000  -2087.82788618182  2104.83380233892
5693000  -2086.70507537101  2102.49167250605
5694000  -2087.14498773192  2103.65538574846
5695000  -2088.86184771953  2105.6252295648
5696000  -2091.19658609821  2102.4641407722
5697000  -2089.23629995394  2106.93640277327
5698000  -2091.55063703393  2102.43566668699
5699000  -2089.32692022286  2106.00945861604
5700000  -2090.44676026568  2105.21244312057
5701000  -2090.11331006357  2104.5568275754
5702000  -2090.82091917101  2108.00674551335
5703000  -2090.03072930001  2107.33645234053
5704000  -2091.53712571209  2104.83638961005
5705000  -2093.73544420746  2106.92750556276
5706000  -2090.55475626601  2107.94068460109
5707000  -2089.37801622513  2108.22018396223
5708000  -2092.58754545714  2106.95483448435
5709000  -2092.79801966124  2107.95597353227
5710000  -2093.22758412687  2108.00314447599
5711000  -2093.78195256585  2108.12819024253
5712000  -2092.98284846541  2107.45995751264
5713000  -2093.02180972467  2110.16776075469
5714000  -2093.87028710451  2111.60350195656
5715000  -2093.67670390805  2110.16852637469
5716000  -2097.04385577486  2110.99253948553
5717000  -2093.80978179798  2113.16669146625
5718000  -2095.08556437  2110.49330635187
5719000  -2098.35330446288  2112.42202548519
5720000  -2096.04623441741  2111.4350044055
5721000  -2098.88843977138  2113.11324160461
5722000  -2099.16164657051  2113.06895816951
5723000  -2098.82306861488  2113.57147125598
5724000  -2099.2166737742  2114.49427186389
5725000  -2100.17031992813  2114.40631867051
5726000  -2099.08084331056  2114.41070880404
5727000  -2096.85544043155  2113.85927609303
5728000  -2101.5236396452  2115.73840650526
5729000  -2101.64145394045  2116.98962572444
5730000  -2105.50017639462  2117.33372548769
5731000  -2102.48235832822  2113.62452277742
5732000  -2102.95711438484  2114.4459232677
5733000  -2103.12157881882  2118.539987729
5734000  -2101.74110194088  2118.23290071996
5735000  -2105.71088710339  2114.62553430888
5736000  -2108.31828032211  2116.2769943286
5737000  -2106.80241465516  2115.55454093958
5738000  -2106.56119268436  2115.75553687728
5739000  -2107.38587166081  2114.9112100407
5740000  -2108.75963120099  2114.48708239962
5741000  -2107.69853260867  2115.61836120228
5742000  -2104.22412471713  2117.70050172269
5743000  -2105.52742036253  2115.80697661975
5744000  -2106.95212076857  2114.95792381304
5745000  -2108.36021601278  2119.38920862399
5746000  -2108.23113468725  2116.92425091189
5747000  -2108.89555961885  2118.12489345757
5748000  -2110.20952542692  2119.45518362856
5749000  -2112.15776399693  2121.01518175796
5750000  -2109.92510683327  2119.45989382836
5751000  -2110.58832921628  2118.38221709991
5752000  -2112.15113717206  2117.86716962795
5753000  -2112.84036222595  2121.32348037503
5754000  -2113.26951990931  2120.91084889387
5755000  -2112.3802206555  2120.56749008329
5756000  -2113.1872491799  2121.00551854562
5757000  -2115.23042960515  2123.76260421433
5758000  -2117.97367416395  2120.87314530696
5759000  -2115.87275681438  2122.88520376705
5760000  -2115.74364707918  2121.09327394444
5761000  -2119.11448605693  2122.49394369465
5762000  -2117.85826236223  2121.98095507825
5763000  -2117.83808253922  2125.21077839349
5764000  -2118.53068295314  2121.75134124573
5765000  -2117.49141314704  2124.85037947671
5766000  -2118.41399221914  2125.80873069231
5767000  -2117.52791555073  2124.39870861101
5768000  -2116.93215494272  2125.87877476265
5769000  -2119.58703891927  2124.53302109965
5770000  -2118.12797769718  2125.37061412824
5771000  -2118.18473869927  2127.38804265842
5772000  -2118.7844727027  2125.97606434282
5773000  -2118.06913713222  2125.34187225532
5774000  -2119.06247529726  2127.84736654201
5775000  -2119.17039691006  2127.21474171724
5776000  -2121.97551420417  2126.5592779978
5777000  -2118.78782171977  2128.9851643419
5778000  -2121.389419886  2130.21572872941
5779000  -2121.51703048081  2132.67479858238
5780000  -2123.39277020582  2131.41317299764
5781000  -2120.80011981828  2129.61581905442
5782000  -2119.14484464345  2130.66972892003
5783000  -2120.29989174739  2130.87460512802
5784000  -2123.31808022713  2130.56262149611
5785000  -2122.23372287454  2131.47105836655
5786000  -2120.06332498013  2131.96450478614
5787000  -2123.61683920231  2131.78834898748
5788000  -2123.29928923153  2132.33217938131
5789000  -2123.09991455538  2133.11191247527
5790000  -2124.08134756669  2134.4195997736
5791000  -2121.74239916401  2134.32657762519
5792000  -2126.13554166819  2133.46171153511
5793000  -2122.425697845  2133.49849705499
5794000  -2122.26738450414  2136.15659429737
5795000  -2123.54887421338  2135.11246779855
5796000  -2124.46138797789  2135.65417043255
5797000  -2125.38707142519  2136.72831320731
5798000  -2126.29208462502  2137.02994356513
5799000  -2125.6904763428  2136.71210984204
5800000  -2127.17461182757  2138.45315349582
5801000  -2126.89043801944  2139.59984979414
5802000  -2126.91528412948  2136.96850842734
5803000  -2127.87641780231  2135.34567027058
5804000  -2130.97684780166  2137.65641633712
5805000  -2128.28963892099  2138.51425725284
5806000  -2129.4834624746  2136.91793809031
5807000  -2131.2514723767  2135.30687001825
5808000  -2129.10944208736  2138.72761077225
5809000  -2130.53824718351  2138.32213944593
5810000  -2131.40047990671  2138.39944048925
5811000  -2130.64612551369  2137.53615271194
5812000  -2132.05544529295  2138.94554217264
5813000  -2131.21038930415  2138.31400943162
5814000  -2129.85210117805  2141.74626529806
5815000  -2133.50532973494  2139.45547636416
5816000  -2131.17746777414  2141.74258409388
5817000  -2132.7351141141  2142.56170901067
5818000  -2131.52972421214  2139.68926726366
5819000  -2134.96518680904  2141.95623185088
5820000  -2131.48884002406  2142.10049676719
5821000  -2132.79491264209  2144.49735180249
5822000  -2134.98440872297  2144.42113822985
5823000  -2135.19907387747  2144.41836012627
5824000  -2135.81471277667  2144.56732145516
5825000  -2137.70255806416  2144.52754794808
5826000  -2137.75995031027  2146.63448480795
5827000  -2138.43984845454  2146.87693513147
5828000  -2138.26451505689  2146.72493819868
5829000  -2137.42850640251  2148.23341865755
5830000  -2136.79611751554  2149.26565965088
5831000  -2138.07565688103  2149.39561368952
5832000  -2138.3907757393  2151.1893467791
5833000  -2137.35315040289  2150.25483081325
5834000  -2139.44811350177  2153.37594252754
5835000  -2136.85063102123  2152.30001657216
5836000  -2139.44125505002  2153.93993882823
5837000  -2137.77625790384  2149.42451191669
5838000  -2138.58843141548  2149.3364223531
5839000  -2141.30671085839  2153.65877697877
5840000  -2140.28613899279  2153.43580264413
5841000  -2141.634720392  2154.10403272916
5842000  -2140.05643315355  2152.54107216789
5843000  -2142.38706777746  2155.17625751674
5844000  -2144.12615029654  2152.80889167233
5845000  -2143.97615838555  2155.33874467116
5846000  -2141.06993816525  2154.64688918536
5847000  -2144.75094619299  2153.50844037579
5848000  -2144.06587398935  2155.98356075801
5849000  -2145.08373924671  2154.55916000736
5850000  -2144.03498470737  2154.52082250973
5851000  -2142.883017187  2154.161048757
5852000  -2145.26470722253  2153.51376166385
5853000  -2143.40187457784  2156.22690972984
5854000  -2145.98200244171  2155.25421193169
5855000  -2144.472790765  2156.78264662486
5856000  -2144.18854473161  2156.09463245702
5857000  -2143.42923188611  2156.72397349976
5858000  -2142.13868642319  2154.62713032647
5859000  -2143.01660397321  2155.32625751082
5860000  -2144.92411060466  2157.24681210196
5861000  -2142.98543425255  2158.78588722282
5862000  -2146.25301608979  2161.39354353787
5863000  -2148.23758880382  2159.73536479118
5864000  -2148.0277746779  2160.66810908755
5865000  -2145.18781617805  2163.97757946761
5866000  -2146.91163557055  2158.79857077813
5867000  -2146.39105014225  2158.22043626752
5868000  -2144.67650635583  2161.36219543748
5869000  -2147.9366712418  2163.42599319866
5870000  -2144.92665153055  2162.09048965244
5871000  -2148.34631003549  2163.8784110247
5872000  -2149.13013504063  2161.57057398663
5873000  -2151.31924008521  2163.62391203988
5874000  -2148.25269001491  2161.88997797466
5875000  -2150.83772812662  2161.52707409018
5876000  -2153.09480013475  2162.30796163909
5877000  -2150.91003111611  2161.27836722506
5878000  -2151.55160337314  2164.05995834104
5879000  -2154.71194443733  2163.76746378471
5880000  -2154.6238844869  2163.29914757088
5881000  -2155.26777389984  2163.90506735875
5882000  -2156.29210175708  2163.44044140364
5883000  -2158.95654267133  2164.12012537078
5884000  -2156.73517777778  2163.10327872078
5885000  -2157.56661252156  2164.20555781428
5886000  -2160.6170089092  2162.85908286309
5887000  -2161.80908379402  2166.10716498062
5888000  -2160.04198659004  2165.68262928574
5889000  -2163.14604747809  2168.90030209109
5890000  -2163.45810877402  2165.32774789845
5891000  -2164.32849322196  2168.57412359293
5892000  -2162.7237070532  2168.94261359805
5893000  -2164.56184174464  2170.97565257676
5894000  -2164.9569548833  2170.45266358508
5895000  -2162.11542005288  2170.27629437708
5896000  -2165.81923227681  2169.93065725675
5897000  -2163.46809453446  2169.37230367616
5898000  -2162.35303802205  2171.86245453257
5899000  -2163.91919723714  2171.888148621
5900000  -2165.91830793458  2171.53809860963
5901000  -2165.92952081901  2170.66171120443
5902000  -2163.43091165622  2172.44893860521
5903000  -2167.27694176841  2171.69821851043
5904000  -2167.19346799985  2173.14012777042
5905000  -2166.60102891117  2174.31109043005
5906000  -2167.97840782326  2173.02841383591
5907000  -2165.84698742341  2174.37048364923
5908000  -2169.49719153762  2175.19242045488
5909000  -2168.36556005322  2173.831542864
5910000  -2166.97087929135  2173.59408189203
5911000  -2173.16558837709  2175.53493546109
5912000  -2166.35325727151  2173.78135607048
5913000  -2171.76881795322  2175.91879375602
5914000  -2167.94491819182  2176.24392655809
5915000  -2169.32936381716  2174.36389194169
5916000  -2170.86980400543  2174.32255470234
5917000  -2172.90127764341  2176.33738961381
5918000  -2169.18590562606  2177.92381586319
5919000  -2169.4360837537  2177.74733374678
5920000  -2172.96397039543  2176.56275241339
5921000  -2172.34685605255  2176.83202450362
5922000  -2174.79380166255  2178.71252190094
5923000  -2173.12587765366  2180.62920532733
5924000  -2174.42988035689  2182.25227081079
5925000  -2172.45741707776  2182.38712330583
5926000  -2174.29223626276  2182.48450329833
5927000  -2178.10553821624  2177.84576874466
5928000  -2176.78602062174  2179.55300874146
5929000  -2175.41495585316  2183.31961201245
5930000  -2179.72711933955  2181.75481030324
5931000  -2175.43472068389  2183.24310023355
5932000  -2179.24660787108  2181.7779989286
5933000  -2176.83114634865  2182.14547829291
5934000  -2174.76443983056  2184.42935109572
5935000  -2178.0159363936  2184.22750704139
5936000  -2179.18025459784  2186.3862259287
5937000  -2179.2551377096  2186.03300582834
5938000  -2181.63965391359  2184.25713344606
5939000  -2181.97316456732  2187.07391400584
5940000  -2181.9478633895  2187.6379127844
5941000  -2182.05668538412  2187.00767160241
5942000  -2179.81261650535  2187.31817113953
5943000  -2182.1974819402  2190.01009816917
5944000  -2184.16394326692  2188.75721276774
5945000  -2181.71243400006  2187.59088475397
5946000  -2184.12896658208  2186.69507440113
5947000  -2186.34718455427  2186.44211876214
5948000  -2185.29387782714  2187.23181046329
5949000  -2187.47582682698  2185.69972359322
5950000  -2188.40133006739  2186.91992247051
5951000  -2188.37544489044  2185.76882790023
5952000  -2187.24471344277  2186.50999400551
5953000  -2186.85110679433  2186.83563736238
5954000  -2187.2705975361  2186.34178570949
5955000  -2187.89518729877  2188.52971828009
5956000  -2189.95605097548  2190.4357275892
5957000  -2187.67860770577  2188.06016352726
5958000  -2186.97654040683  2190.98761092682
5959000  -2189.35551707552  2192.97941481832
5960000  -2191.05347468179  2193.86621359677
5961000  -2189.52141819831  2192.41023834161
5962000  -2189.28647079559  2193.61922192101
5963000  -2189.08020085838  2197.81191154313
5964000  -2187.79651598518  2195.78765707621
5965000  -2190.0525228427  2197.46487700358
5966000  -2189.87971437676  2197.37948909188
5967000  -2190.64958084778  2193.7070206221
5968000  -2193.63567209131  2197.82591099539
5969000  -2192.42776219144  2196.44635678121
5970000  -2190.66645731581  2197.07486997894
5971000  -2192.89324975851  2200.68251423218
5972000  -2193.25869444666  2196.61394005162
5973000  -2192.08775323279  2200.58104412339
5974000  -2193.22451673146  2198.90325982966
5975000  -2193.11567333696  2198.7712456448
5976000  -2192.1843484874  2201.09401901708
5977000  -2194.96722538763  2200.55249439169
5978000  -2195.22047508825  2199.89488893498
5979000  -2195.86658011696  2199.15089584333
5980000  -2198.63207309473  2200.99555539317
5981000  -2195.62704685777  2200.49699461306
5982000  -2199.06080552064  2201.22267051911
5983000  -2198.64875237407  2203.36151154872
5984000  -2199.22677918723  2202.23544187496
5985000  -2198.25754814593  2203.43574962622
5986000  -2195.82975947353  2203.60612303259
5987000  -2196.18808156239  2204.82156133667
5988000  -2200.72546248634  2204.13451179378
5989000  -2199.30907302174  2204.27732796017
5990000  -2198.7290512701  2204.8396355411
5991000  -2199.99007162235  2205.64208685083
5992000  -2197.59866560289  2204.15490653748
5993000  -2196.44125603135  2205.80432627639
5994000  -2201.4209652041  2206.13692799937
5995000  -2201.50244645794  2205.94559520144
5996000  -2195.89566684849  2208.07855119884
5997000  -2200.05101631464  2207.85470934989
5998000  -2199.78804808214  2209.90207697922
5999000  -2200.42568479033  2208.67259043256
6000000  -2201.38609801517  2209.08909246981
6001000  -2203.12436096542  2209.70387711213
6002000  -2203.26389617417  2209.85435178281
6003000  -2204.80423010245  2209.63794372569
6004000  -2208.53183056503  2210.60772253497
6005000  -2200.83397115975  2211.40367194785
6006000  -2205.59289598185  2209.00651295675
6007000  -2204.530703195  2210.30182151661
6008000  -2205.14271196309  2210.4344334559
6009000  -2202.48961782256  2213.02686004037
6010000  -2203.62381295601  2209.9381262654
6011000  -2205.49135643127  2211.69625537398
6012000  -2205.24455079026  2211.27332409065
6013000  -2205.78044674965  2211.82266277071
6014000  -2207.29447855966  2213.84609375612
6015000  -2205.77897540713  2214.48135343799
6016000  -2208.2958852652  2213.08926517227
6017000  -2208.0179435525  2213.57480633758
6018000  -2210.44652957391  2214.38449925219
6019000  -2207.76353264991  2213.42334160277
6020000  -2209.46911878929  2213.49174548774
6021000  -2211.02263442306  2214.90030286476
6022000  -2208.97340263026  2212.04800855487
6023000  -2209.19956548242  2214.1711739574
6024000  -2207.72391629081  2214.62870034965
6025000  -2208.40570006054  2214.41809954904
6026000  -2208.59205567471  2211.84267688395
6027000  -2208.81681425783  2214.12524684669
6028000  -2206.73465602665  2217.281510297
6029000  -2208.90397002886  2214.33468425166
6030000  -2207.37336586457  2213.59501749501
6031000  -2210.88569217917  2216.549505879
6032000  -2210.18785487121  2218.53112018243
6033000  -2211.34983917388  2213.60076869779
6034000  -2212.05726736847  2214.32387726359
6035000  -2211.42598707203  2214.46715553005
6036000  -2211.59154716032  2215.49249331184
6037000  -2214.19054371692  2216.91593485301
6038000  -2211.95665577133  2215.13760100314
6039000  -2211.46121628224  2218.30181842184
6040000  -2215.36302450893  2219.14871589077
6041000  -2211.39014778754  2216.02439750739
6042000  -2212.79316910414  2216.56076448787
6043000  -2211.32173929783  2218.84794314294
6044000  -2213.87848524936  2218.34686903882
6045000  -2211.8869012676  2216.93210654165
6046000  -2213.57041879926  2217.9539882571
6047000  -2213.58356800312  2216.88651135722
6048000  -2213.13637309761  2220.11799885577
6049000  -2213.14798080078  2220.06221409056
6050000  -2212.19167913182  2218.07141600253
6051000  -2211.62000226877  2218.46919900884
6052000  -2213.85426137236  2218.83042488041
6053000  -2215.15452113615  2220.46097659939
6054000  -2215.0422693297  2220.1970213563
6055000  -2217.26782531021  2220.31438622421
6056000  -2216.99731832127  2225.00724431259
6057000  -2215.52806426471  2226.74144544267
6058000  -2216.5918265238  2223.46142891634
6059000  -2217.38973746532  2225.13126242894
6060000  -2217.87560877626  2225.23133751894
6061000  -2218.02099655642  2225.78189767061
6062000  -2218.01373211694  2225.08980526526
6063000  -2219.01565235638  2223.44663161396
6064000  -2219.68311134089  2226.93727543525
6065000  -2218.6742238193  2225.46432312753
6066000  -2219.40463439266  2227.13344569644
6067000  -2221.26645491921  2227.66734754953
6068000  -2222.13575504687  2227.27470567831
6069000  -2223.19547998573  2225.62466043889
6070000  -2220.71443817064  2228.03446885235
6071000  -2222.13748624962  2229.34649752413
6072000  -2224.50508364459  2231.55914357996
6073000  -2225.18365276869  2231.21514426644
6074000  -2223.19577011538  2233.3322449363
6075000  -2230.28492302922  2231.37091239626
6076000  -2226.60453913204  2232.98687450696
6077000  -2224.89984583421  2231.1412925453
6078000  -2226.73912600265  2233.22523119328
6079000  -2228.63991803585  2232.26448250922
6080000  -2224.97735844346  2233.18015963773
6081000  -2228.22364775781  2234.89850720276
6082000  -2227.47646455651  2235.59993283544
6083000  -2227.66272341775  2233.68560450336
6084000  -2225.45984749861  2233.2170824167
6085000  -2228.65173585774  2236.16009775061
6086000  -2228.33928938608  2235.28537761937
6087000  -2229.36306468877  2236.82906386465
6088000  -2227.60398846159  2238.55592126256
6089000  -2229.10812022731  2237.77173364161
6090000  -2230.1235952098  2239.50871144638
6091000  -2231.30578922222  2240.3873138048
6092000  -2231.80494998694  2240.90993985914
6093000  -2230.80691740828  2239.72404177372
6094000  -2230.53222036382  2241.62932038306
6095000  -2230.7281243277  2239.63152853396
6096000  -2232.21105121562  2242.36490402841
6097000  -2233.35426253638  2243.2290746466
6098000  -2234.40469809455  2241.6256336952
6099000  -2233.33643123132  2244.1492891241
6100000  -2231.99215097677  2241.27432608513
6101000  -2233.77026748314  2242.61850179197
6102000  -2236.42295394389  2242.64864794384
6103000  -2237.0006726504  2243.47319590179
6104000  -2236.27838531815  2242.58750707636
6105000  -2235.19401579776  2242.21142480955
6106000  -2238.72522008423  2240.77692838165
6107000  -2238.23516624355  2242.45213813919
6108000  -2241.40634786815  2241.21081826746
6109000  -2240.22304797184  2241.80503593348
6110000  -2243.8720303614  2242.24518762406
6111000  -2242.63403083069  2241.82132872202
6112000  -2241.36032087731  2242.83100572335
6113000  -2241.73462392513  2243.59030029203
6114000  -2243.78485050193  2244.65995755987
6115000  -2242.54252678696  2243.60714971493
6116000  -2241.62163640879  2241.99633381945
6117000  -2240.40519706354  2244.76367558335
6118000  -2244.974473989  2243.15993438443
6119000  -2243.43595733604  2245.39270575665
6120000  -2247.05875628767  2245.92327689702
6121000  -2244.77232825405  2244.94799553737
6122000  -2246.67814642904  2244.17224190345
6123000  -2246.7993269033  2246.06288823494
6124000  -2245.81342858331  2247.23810921326
6125000  -2243.28835421867  2246.50328265541
6126000  -2245.07258354016  2247.20018056847
6127000  -2244.55411450027  2246.51334555532
6128000  -2247.53444020415  2246.62525773344
6129000  -2249.1589723141  2248.45206259533
6130000  -2248.22529217715  2245.98857136733
6131000  -2253.33539723002  2244.91673508825
6132000  -2250.75460998218  2245.53555988208
6133000  -2252.11673849317  2249.4566134087
6134000  -2253.60608126926  2249.69496075761
6135000  -2251.12168941768  2249.5516837909
6136000  -2254.33034530538  2247.94274365423
6137000  -2250.7998053002  2249.21394338852
6138000  -2252.16357881291  2247.32229805456
6139000  -2251.89901145138  2247.62856616774
6140000  -2251.43781787189  2249.76374063575
6141000  -2252.70003261414  2248.81185706404
6142000  -2251.92158373858  2250.12706019469
6143000  -2250.91203174707  2250.90298435571
6144000  -2252.6425104369  2252.37157271524
6145000  -2257.69043641721  2252.44106153328
6146000  -2255.66051809345  2254.55651018073
6147000  -2254.72872128608  2253.53976202319
6148000  -2258.79515417909  2253.25199536412
6149000  -2256.02521998462  2254.89850279591
6150000  -2253.09614229307  2255.54006729684
6151000  -2256.31387333277  2253.69538217727
6152000  -2256.25530080453  2257.20615100698
6153000  -2255.70478917556  2254.25588807909
6154000  -2257.07730444084  2256.48464427895
6155000  -2258.85509341458  2256.96644169305
6156000  -2255.11003395261  2255.06997197269
6157000  -2257.53352655323  2256.01012163184
6158000  -2255.6215335865  2258.13926656224
6159000  -2254.11218615304  2259.04075329655
6160000  -2256.28374451574  2259.05309180024
6161000  -2257.99206862102  2258.98079780109
6162000  -2255.64927577588  2258.03587749826
6163000  -2255.94856533867  2258.90331567686
6164000  -2255.95173716763  2262.36480921728
6165000  -2255.8860027927  2259.18737626735
6166000  -2256.52327602002  2263.10221259033
6167000  -2255.84972002267  2261.17975925699
6168000  -2256.52902167915  2261.26683780659
6169000  -2255.68476425769  2263.53462576102
6170000  -2255.71271558208  2263.54763386794
6171000  -2257.2031222168  2263.4773897805
6172000  -2255.62477433016  2265.4723034024
6173000  -2256.08360968437  2265.49464263069
6174000  -2251.58274541474  2265.71180029219
6175000  -2255.99203136418  2264.0283364581
6176000  -2255.97413880279  2265.61948423181
6177000  -2257.10788723118  2267.04914926441
6178000  -2255.12768764038  2266.83396331473
6179000  -2256.39311853241  2269.32167596943
6180000  -2256.59684013932  2268.07279869638
6181000  -2258.59529853599  2265.84127779224
6182000  -2258.0842432645  2267.16800378393
6183000  -2259.60034740122  2267.98000591855
6184000  -2258.53486342064  2269.15616868761
6185000  -2256.36753313952  2271.82435679542
6186000  -2256.54321956671  2272.26487242278
6187000  -2255.30629747226  2272.93997957742
6188000  -2255.95040529712  2272.21196861514
6189000  -2255.33289080605  2273.75633119999
6190000  -2255.5085903244  2273.12578110636
6191000  -2256.38636510353  2273.28755914245
6192000  -2256.37712232498  2276.70039695156
6193000  -2258.58411827276  2273.29478550594
6194000  -2259.54821476673  2273.15994099435
6195000  -2258.97230288852  2271.73096462308
6196000  -2256.73800437608  2272.95346407438
6197000  -2259.79719416538  2272.28445624702
6198000  -2260.56276875632  2272.61841291065
6199000  -2258.89520852207  2274.12276093601
6200000  -2261.50531331741  2274.96119348986
6201000  -2262.29311979136  2275.7756826507
6202000  -2263.16751836985  2275.57128519041
6203000  -2264.90121245866  2276.94790711289
6204000  -2263.19288169783  2274.30768466684
6205000  -2264.12634187182  2274.45657533932
6206000  -2263.46118598019  2273.90447007156
6207000  -2264.43544782816  2275.27939888882
6208000  -2264.26750779127  2275.46039432714
6209000  -2266.95099072731  2275.59266407289
6210000  -2266.31220777638  2276.09923380538
6211000  -2264.89403945615  2275.08755514013
6212000  -2264.99078903432  2276.57846251327
6213000  -2265.34901703884  2274.3387621729
6214000  -2265.58637056177  2275.54790606721
6215000  -2264.97699799832  2275.75269068461
6216000  -2268.14856649101  2275.8224807117
6217000  -2269.05597076195  2277.79040750788
6218000  -2266.73335577094  2276.27540014833
6219000  -2266.20667911411  2277.66979235745
6220000  -2267.59511021874  2279.95878911224
6221000  -2268.66669981095  2279.32757540296
6222000  -2268.94487361959  2277.10276535599
6223000  -2268.30099199359  2278.24854202197
6224000  -2271.07811316203  2278.60673885607
6225000  -2269.64952415836  2278.69299770268
6226000  -2268.9108156292  2280.18891844441
6227000  -2272.2228572972  2280.0348680234
6228000  -2275.07466459165  2282.11695216336
6229000  -2273.8720033188  2282.72834173331
6230000  -2275.25382054019  2283.01706035158
6231000  -2272.12866699117  2280.82792870182
6232000  -2276.39537287451  2280.05900988377
6233000  -2275.70304340925  2282.78588825833
6234000  -2277.14639731616  2284.43843256615
6235000  -2274.93392303667  2285.64442033563
6236000  -2278.02968171432  2283.1490583263
6237000  -2279.80524871002  2284.23385138329
6238000  -2278.30827114346  2283.77294083708
6239000  -2279.70059092581  2283.32367671212
6240000  -2282.49790976358  2283.72046589314
6241000  -2279.88969383173  2284.13764308351
6242000  -2282.47026759484  2285.28048872587
6243000  -2281.54677716783  2284.62461132999
6244000  -2282.08728438396  2283.74026102861
6245000  -2279.45892367077  2286.07715582041
6246000  -2280.89196020899  2285.07715440294
6247000  -2283.50825142506  2286.27054310255
6248000  -2282.00027454621  2287.26006428335
6249000  -2285.45088036697  2287.96233696163
6250000  -2287.43322746969  2290.1540471957
6251000  -2285.60769695564  2290.25583156279
6252000  -2285.26564423357  2289.65429943097
6253000  -2285.69320885078  2289.27356002699
6254000  -2285.16410315702  2291.25139124806
6255000  -2283.94894361721  2290.22813325806
6256000  -2284.21790437117  2290.35008626593
6257000  -2285.0514637233  2288.93019516776
6258000  -2282.75423114411  2289.56169161999
6259000  -2286.09020727655  2291.31874300858
6260000  -2286.02770179883  2294.09008919109
6261000  -2285.13110318895  2292.28880242617
6262000  -2286.6204735266  2292.90376761224
6263000  -2285.4791965779  2295.7289388879
6264000  -2286.03271272763  2294.1990623676
6265000  -2286.26288775729  2294.30283726317
6266000  -2286.92454678054  2294.93319132245
6267000  -2289.22118180162  2295.12059745484
6268000  -2289.0559001934  2294.5620716924
6269000  -2288.41989457397  2295.30701583426
6270000  -2289.67190288764  2294.62102813609
6271000  -2288.04612151802  2294.06786772918
6272000  -2288.41250832583  2295.67452642068
6273000  -2289.96513133511  2297.04324841603
6274000  -2291.35274825368  2294.82525134221
6275000  -2291.11657645952  2298.91033535163
6276000  -2293.47743957887  2299.05459740754
6277000  -2291.82636578486  2297.52202080061
6278000  -2292.46400495815  2298.57398737171
6279000  -2291.71741704932  2297.9643205852
6280000  -2292.92393818448  2298.71953614265
6281000  -2297.805428093  2299.47776738995
6282000  -2296.61235111222  2298.42032576102
6283000  -2294.41967678087  2298.47984682695
6284000  -2298.41141976319  2297.66975089109
6285000  -2299.50046123396  2298.48039709894
6286000  -2299.31878111163  2298.47623876964
6287000  -2299.78937891666  2298.1797729126
6288000  -2297.67339228216  2298.62268495328
6289000  -2299.69014649414  2297.9094403903
6290000  -2300.31730573756  2297.09202150849
6291000  -2301.10373329892  2300.24213340934
6292000  -2297.78089665277  2299.3166682233
6293000  -2302.47433873969  2299.08949717457
6294000  -2302.38502531602  2300.68799865595
6295000  -2299.62467048086  2299.68945091131
6296000  -2300.41708381123  2300.7259239899
6297000  -2302.77494611231  2301.41258722064
6298000  -2300.67017675968  2301.55207543108
6299000  -2300.94862408458  2300.12258970193
6300000  -2300.50659873805  2302.22063128267
6301000  -2300.13415569784  2301.08833789351
6302000  -2302.48456655274  2302.35676638569
6303000  -2304.83133895963  2304.35282929329
6304000  -2304.91270697475  2305.87628296012
6305000  -2303.36330183754  2304.98843438013
6306000  -2305.80224430345  2304.52268281371
6307000  -2304.22904401704  2305.39393947395
6308000  -2304.21959706256  2306.88711799481
6309000  -2306.40033036659  2305.38214321377
6310000  -2305.65657429362  2303.3954118703
6311000  -2308.54345978317  2305.77278166322
6312000  -2308.93550772102  2306.00678141291
6313000  -2308.3063888849  2304.81367833215
6314000  -2306.93618597779  2307.85614402669
6315000  -2307.44103751563  2307.10414551888
6316000  -2309.60766168409  2307.26662788393
6317000  -2309.60511214224  2308.0953266761
6318000  -2311.94313811063  2309.29094228514
6319000  -2311.82004175184  2309.3164518452
6320000  -2313.16777127893  2308.47198907715
6321000  -2311.61914193943  2307.09040074699
6322000  -2315.07708882691  2306.89426441523
6323000  -2315.5451736988  2311.70575215631
6324000  -2314.08127415784  2311.56976945373
6325000  -2315.5495792483  2310.65072820942
6326000  -2313.25213959117  2309.9139451756
6327000  -2315.20499382003  2310.56957960738
6328000  -2315.96412101591  2310.1960163733
6329000  -2315.78593377523  2308.84483342183
6330000  -2317.10021546099  2312.87742991849
6331000  -2316.18665563455  2312.69276417627
6332000  -2315.69257031612  2311.46119373541
6333000  -2318.15673570106  2311.04922606694
6334000  -2316.3773545273  2310.20175928566
6335000  -2318.96918554661  2312.10542669378
6336000  -2316.04274373127  2310.19508487309
6337000  -2322.2285689905  2313.0355812288
6338000  -2318.25375725626  2314.48103643994
6339000  -2316.37409204566  2314.05063220143
6340000  -2317.94374426647  2315.72885654119
6341000  -2320.25770456178  2313.54452792086
6342000  -2317.93962586843  2314.29586245657
6343000  -2317.12949289665  2313.77841119521
6344000  -2317.45341530928  2315.89373630362
6345000  -2318.56998734615  2317.94985036247
6346000  -2318.19956405247  2318.93335200394
6347000  -2321.74757125112  2315.98487203085
6348000  -2316.00303227465  2315.1856629289
6349000  -2319.30519171757  2318.84758100136
6350000  -2322.77095407544  2318.43696796493
6351000  -2322.87310883763  2321.94813230306
6352000  -2323.4193617741  2324.0764940187
6353000  -2319.5417254067  2321.8707778075
6354000  -2319.26706953034  2324.00575405056
6355000  -2320.44470435437  2321.00241671535
6356000  -2321.1510641019  2322.80719450012
6357000  -2321.68255252285  2322.44688831778
6358000  -2324.79926248618  2325.00335506815
6359000  -2322.71129846561  2322.60374090921
6360000  -2325.99496547418  2324.04227607957
6361000  -2323.81775561734  2325.73056409965
6362000  -2322.13061052084  2325.6237731929
6363000  -2321.24460910495  2326.43400133747
6364000  -2322.45307815738  2326.75034643005
6365000  -2325.02415645954  2326.84311097782
6366000  -2319.8473472681  2326.71481661959
6367000  -2322.7401787981  2326.6418808289
6368000  -2322.28196166703  2328.85243747056
6369000  -2325.00627333467  2328.85304993593
6370000  -2322.77977938707  2328.72431750685
6371000  -2323.81291522111  2330.74415251047
6372000  -2322.97172872302  2330.27227159385
6373000  -2324.4916977462  2330.63666621161
6374000  -2323.2957190003  2328.78186147868
6375000  -2322.46270434833  2330.80365710295
6376000  -2324.82886659804  2329.88147850145
6377000  -2324.96450197528  2330.00841972329
6378000  -2324.32884138086  2330.50606811619
6379000  -2326.64466774081  2329.26809373453
6380000  -2325.03954638518  2331.28928470827
6381000  -2324.33093739568  2331.59428038438
6382000  -2322.30799657572  2329.09675204419
6383000  -2324.21892849489  2330.09788169861
6384000  -2322.8748950314  2332.89592719131
6385000  -2327.16254732901  2332.21929864556
6386000  -2325.24011104437  2331.5492015782
6387000  -2327.13285622945  2333.7468276428
6388000  -2324.63280077393  2332.71974207629
6389000  -2326.5903874737  2332.58576483054
6390000  -2326.43118583098  2335.02299912039
6391000  -2327.59776128067  2333.62391848068
6392000  -2326.55973929747  2337.41118713738
6393000  -2328.05328164538  2336.67554785926
6394000  -2330.43582141328  2336.82312294648
6395000  -2327.15253743175  2337.61848223003
6396000  -2328.31645287289  2338.11699129066
6397000  -2330.2489929942  2336.30154780718
6398000  -2329.59644884184  2337.21648745608
6399000  -2330.90574691428  2338.78782359443
6400000  -2332.04340815572  2337.15179073591
6401000  -2331.94169574114  2338.35542766629
6402000  -2334.12560360062  2337.43416530993
6403000  -2335.75859639216  2337.93496313187
6404000  -2334.75842137654  2339.58637937875
6405000  -2334.60890264613  2338.350065581
6406000  -2335.43629099049  2338.80469592968
6407000  -2335.41146120116  2339.78544667236
6408000  -2337.04396665109  2342.09853693273
6409000  -2336.43793213165  2342.08536140107
6410000  -2335.25044885973  2341.04767391693
6411000  -2336.38188939304  2342.88281146403
6412000  -2335.54186216509  2339.55841360861
6413000  -2338.34956228067  2342.21712366073
6414000  -2338.39092168634  2343.70682367133
6415000  -2335.7663247747  2344.5414832031
6416000  -2336.16267158251  2344.15808158629
6417000  -2334.98818462212  2344.9180451718
6418000  -2338.56559865416  2344.4417892268
6419000  -2335.27718699856  2347.60328823271
6420000  -2333.92454963555  2346.26195536616
6421000  -2334.82444151229  2345.23673208115
6422000  -2334.58882063763  2348.09145974682
6423000  -2334.52775268669  2346.1139973423
6424000  -2338.79558170343  2345.60637479648
6425000  -2338.02271194992  2346.97877681885
6426000  -2336.28452026344  2351.21372085992
6427000  -2336.68571528011  2348.80945833564
6428000  -2337.26088804586  2345.8239705684
6429000  -2336.61950394036  2345.32199906112
6430000  -2337.23916813503  2349.68186639658
6431000  -2338.52375478492  2348.13989467199
6432000  -2340.35049460217  2347.24375732351
6433000  -2341.37387601022  2348.95307663219
6434000  -2342.45276511143  2347.70265675634
6435000  -2340.69070270406  2350.22746094116
6436000  -2341.11685541895  2349.82460661885
6437000  -2342.48718628493  2351.53618431938
6438000  -2342.82758934652  2351.74369827757
6439000  -2342.35895492565  2349.84321834632
6440000  -2342.25920889407  2349.62715180845
6441000  -2345.73918602472  2351.23345837382
6442000  -2343.50154190444  2350.93347453507
6443000  -2344.96249420548  2351.04493605769
6444000  -2344.60654078089  2350.88099020038
6445000  -2346.27893740986  2350.5270970248
6446000  -2345.43184016339  2354.07973774953
6447000  -2348.85191441259  2352.15010948174
6448000  -2347.87004150708  2354.70797072502
6449000  -2348.44615523683  2353.39411389759
6450000  -2346.28844763799  2355.06478437073
6451000  -2347.55870802054  2355.91850965452
6452000  -2346.29293655206  2353.64218353756
6453000  -2348.65412963291  2354.54572245671
6454000  -2348.98597414619  2356.57485984421
6455000  -2350.85871104571  2355.27227543593
6456000  -2349.16773337499  2356.41582353109
6457000  -2349.60676386816  2355.26176802064
6458000  -2348.79717067059  2355.64988778177
6459000  -2349.72908514753  2358.7061194948
6460000  -2350.89084041615  2361.81236840628
6461000  -2353.87443215173  2357.56181662472
6462000  -2349.70594999778  2355.6397989041
6463000  -2352.22505019626  2358.99973249401
6464000  -2350.59365381827  2358.76925928498
6465000  -2349.06355830463  2357.91384289139
6466000  -2350.60410985147  2358.96938352104
6467000  -2353.15154418368  2358.96660147768
6468000  -2353.32888082705  2360.39368210849
6469000  -2353.20543984341  2357.71960809972
6470000  -2352.6805581785  2358.45100284527
6471000  -2354.40038982749  2358.88442413886
6472000  -2355.08792306995  2360.94289547242
6473000  -2356.44129685558  2360.33816504613
6474000  -2353.26025891777  2361.88591164799
6475000  -2353.64466242921  2363.38410156396
6476000  -2354.92365082163  2362.97266513196
6477000  -2356.57935416578  2363.69662378984
6478000  -2357.44232690569  2361.24723231499
6479000  -2357.51109067459  2361.29838234322
6480000  -2355.67131586538  2364.55227355672
6481000  -2358.16611947134  2363.87679606456
6482000  -2358.80938210748  2365.0904111957
6483000  -2357.95679706381  2366.84069888841
6484000  -2354.71855218554  2364.88011652202
6485000  -2358.67025426796  2367.69808309585
6486000  -2356.78134793957  2366.77034924583
6487000  -2357.00372778576  2366.64702071083
6488000  -2357.64240275693  2368.54479095476
6489000  -2355.70496299846  2370.46599881392
6490000  -2358.93796648313  2367.87578324705
6491000  -2358.49678107833  2370.5648320022
6492000  -2359.31584054886  2367.97301835523
6493000  -2359.33614712954  2367.49993142351
6494000  -2360.76990075632  2367.73198631671
6495000  -2362.24571048612  2368.24689318824
6496000  -2363.48509180594  2370.77146219548
6497000  -2362.64955581134  2372.15274826143
6498000  -2360.9769578323  2373.80334341741
6499000  -2364.42640247067  2373.50096279866
6500000  -2362.89194866847  2372.04094884959
6501000  -2363.70056364865  2372.9690477197
6502000  -2363.46188528201  2373.06998929685
6503000  -2368.06376871631  2373.34836286894
6504000  -2363.77183692285  2373.02918214983
6505000  -2364.81460616391  2375.2837566947
6506000  -2364.4374474962  2371.62583078037
6507000  -2364.6975191355  2375.55504832064
6508000  -2366.76520819288  2373.30799613579
6509000  -2367.66120678602  2375.36021526945
6510000  -2366.76782748196  2376.05152769558
6511000  -2368.23565345328  2373.28690948306
6512000  -2368.94492743497  2377.20650380409
6513000  -2367.66549312692  2377.48983146635
6514000  -2367.31351238709  2377.16965863697
6515000  -2365.31786354001  2378.67772233094
6516000  -2367.94429177129  2377.08488808104
6517000  -2367.57051074328  2378.78744165553
6518000  -2366.74550420154  2377.94128586908
6519000  -2369.21929601058  2377.49978470101
6520000  -2371.87711430553  2380.17884314424
6521000  -2369.52167776988  2379.75975057597
6522000  -2371.58164352533  2380.18718696189
6523000  -2371.33566979683  2379.39594161628
6524000  -2372.22175589  2381.46474665412
6525000  -2373.49741649743  2379.07129926425
6526000  -2373.85815039727  2380.50000151293
6527000  -2375.96572660125  2378.79875774688
6528000  -2375.92061773972  2377.98423636372
6529000  -2374.5629043009  2379.56713831201
6530000  -2378.13889762082  2378.57290361055
6531000  -2377.97790839902  2377.98681085112
6532000  -2377.45796645663  2381.59866845881
6533000  -2377.6553580441  2381.23690605852
6534000  -2379.60191901794  2381.5887338766
6535000  -2378.59067956414  2380.25560635078
6536000  -2379.26423327208  2380.1438862457
6537000  -2380.37076730818  2380.18746347844
6538000  -2380.06437754979  2380.40704650253
6539000  -2382.58979760897  2380.41904133404
6540000  -2384.66996855272  2380.76043952035
6541000  -2383.69464901979  2382.31768093761
6542000  -2382.20211332279  2384.59157323729
6543000  -2383.39066147291  2381.76250441475
6544000  -2384.70826801304  2380.19404212982
6545000  -2384.51842531084  2383.46203551789
6546000  -2384.60964169055  2380.82099058115
6547000  -2386.30918167937  2382.78889454609
6548000  -2386.39089804208  2384.4451220095
6549000  -2388.04933572133  2384.54464172111
6550000  -2385.768101237  2381.8658789167
6551000  -2385.01794440376  2385.63861019932
6552000  -2385.77621564511  2384.86163064585
6553000  -2384.22146972102  2385.80636602204
6554000  -2385.86014858705  2388.19375668722
6555000  -2385.07558942513  2387.03861356402
6556000  -2387.80983020288  2388.08752739483
6557000  -2386.18375952495  2387.49298767173
6558000  -2388.19380250785  2387.64695384766
6559000  -2389.34673535411  2385.90510150348
6560000  -2388.69133776971  2390.3562155449
6561000  -2389.83572401402  2387.50952632455
6562000  -2391.08911185074  2389.46413818438
6563000  -2390.96248515262  2389.8326982051
6564000  -2389.11606450498  2390.57652280474
6565000  -2392.93679337714  2392.28136002314
6566000  -2390.34758219198  2392.16247159088
6567000  -2391.38356307625  2391.18893554415
6568000  -2391.53525697236  2393.82602593319
6569000  -2391.41212141833  2394.84928554563
6570000  -2389.4246048962  2393.08391561177
6571000  -2393.21092288594  2395.16805590657
6572000  -2390.99185897896  2392.1846657874
6573000  -2391.13453396332  2394.78674534294
6574000  -2391.6282449411  2394.62592280581
6575000  -2390.78979438221  2396.09656087726
6576000  -2391.79287036786  2398.50353849391
6577000  -2391.1066778729  2399.06558219594
6578000  -2390.77586883324  2396.25336243224
6579000  -2394.38171805628  2400.49986694149
6580000  -2392.35955636019  2402.08537733702
6581000  -2391.04133949274  2400.0403880575
6582000  -2391.60490714976  2403.24117236334
6583000  -2392.10099886115  2404.58762038496
6584000  -2391.76299432459  2403.13196421435
6585000  -2391.04340980662  2402.62797463363
6586000  -2392.53958620221  2403.16407098593
6587000  -2394.19733110883  2401.21103926215
6588000  -2394.55370033632  2401.93757628875
6589000  -2396.10277832374  2403.10207104672
6590000  -2395.17458868276  2404.15276063239
6591000  -2395.13371753295  2402.5916742747
6592000  -2395.59478817816  2402.80014190857
6593000  -2398.25478660817  2404.67832074285
6594000  -2395.74292371964  2402.44741359247
6595000  -2396.70197397421  2404.64974957747
6596000  -2395.42259680137  2404.74794568182
6597000  -2396.03398739491  2406.15972191588
6598000  -2396.58966531782  2406.78131151732
6599000  -2397.15434379428  2406.54731949683
6600000  -2396.80113545941  2406.28732847399
6601000  -2398.93229791858  2405.80241412992
6602000  -2399.0977746267  2408.52513002627
6603000  -2396.52324593893  2410.61298003937
6604000  -2402.19989918761  2408.45297484374
6605000  -2401.45151211858  2408.89428493271
6606000  -2400.2240001693  2408.90247221255
6607000  -2403.05501600583  2410.39431719946
6608000  -2403.39102506911  2410.15228156959
6609000  -2401.26420030575  2409.43360813509
6610000  -2402.31287318456  2410.59444021613
6611000  -2400.89596890524  2411.95556054864
6612000  -2404.45252645539  2414.16985706204
6613000  -2403.80166623341  2411.0233269053
6614000  -2406.7660984977  2411.38292642645
6615000  -2406.20072945643  2413.63356619497
6616000  -2405.55754519449  2414.04397112029
6617000  -2406.66119542274  2414.47578378352
6618000  -2407.06280437475  2414.2669585664
6619000  -2403.24936475239  2416.20014468877
6620000  -2407.66960283078  2416.1764245738
6621000  -2406.6233851117  2416.66487638906
6622000  -2406.8980658228  2413.86641108597
6623000  -2408.7075586843  2416.42300051126
6624000  -2411.53400105287  2415.01824746413
6625000  -2407.8637365587  2414.66220924096
6626000  -2409.78521457019  2415.42133932129
6627000  -2408.43820572129  2417.13520552805
6628000  -2408.74494004523  2418.95571179763
6629000  -2407.457220846  2418.1500832759
6630000  -2411.69345844685  2418.2756028258
6631000  -2410.66862229565  2420.22648459969
6632000  -2409.39858808739  2421.00622695245
6633000  -2413.18266558344  2421.44096425096
6634000  -2409.96544778172  2421.98544439178
6635000  -2411.45988284376  2420.81417026444
6636000  -2415.84279458717  2421.75404213234
6637000  -2414.74956660781  2421.96494815671
6638000  -2415.41240863469  2424.07508897452
6639000  -2416.23514178012  2423.72156839814
6640000  -2414.55272237521  2423.67938354268
6641000  -2415.88987080058  2423.0746693363
6642000  -2414.61508830663  2423.43408180016
6643000  -2416.05866749466  2422.71571976604
6644000  -2420.52330547308  2426.66956907749
6645000  -2419.2290327096  2423.81850367715
6646000  -2417.7136780286  2422.92547204424
6647000  -2417.84934842295  2424.66881251151
6648000  -2418.23665825979  2422.87236549972
6649000  -2419.57293975552  2425.21060556575
6650000  -2419.39521670236  2424.76102234591
6651000  -2422.91619008637  2426.0800089313
6652000  -2421.44721587107  2423.45662679336
6653000  -2423.99842410362  2424.03359094916
6654000  -2423.59834459212  2424.7307558434
6655000  -2423.67700264976  2426.74419730297
6656000  -2424.71811018045  2424.72046419251
6657000  -2423.79197647818  2425.49055968221
6658000  -2425.13709145502  2428.25756784926
6659000  -2426.0762828693  2429.31390573652
6660000  -2426.59510815939  2429.2882374927
6661000  -2426.92024950993  2428.79515056736
6662000  -2429.5474162011  2430.00927188269
6663000  -2429.26348421608  2430.02816070297
6664000  -2427.53109323235  2430.31435485917
6665000  -2430.17422125475  2429.42200640499
6666000  -2429.11629168077  2430.53190367955
6667000  -2428.03313119092  2432.86349334992
6668000  -2429.89080791766  2431.67054812165
6669000  -2429.17212143872  2433.59901915997
6670000  -2430.81224229337  2431.68334050882
6671000  -2430.80534474653  2432.96519834146
6672000  -2430.15498229722  2434.97883842472
6673000  -2430.87952865557  2434.45372995088
6674000  -2432.7557558888  2433.10424673138
6675000  -2432.82882314071  2431.7692247768
6676000  -2432.02712879302  2435.1251701771
6677000  -2433.50907235363  2437.73887150794
6678000  -2433.46882423836  2437.9851545381
6679000  -2433.9765310225  2437.54192139854
6680000  -2436.42164993265  2435.88442020845
6681000  -2436.52913056703  2435.66037940233
6682000  -2433.99849202765  2438.20010722725
6683000  -2431.45059681537  2438.9053725141
6684000  -2435.34311249933  2440.63816982693
6685000  -2435.77086013169  2439.04579790337
6686000  -2435.45595652271  2442.87799333121
6687000  -2438.12077154385  2441.0837293473
6688000  -2438.58758718889  2441.62681828934
6689000  -2435.44712813425  2444.25197608283
6690000  -2438.45760271196  2440.18140500766
6691000  -2439.13391049505  2440.56322725481
6692000  -2438.2561359456  2442.69081937274
6693000  -2438.07721927614  2442.81224709621
6694000  -2436.69210675436  2443.32657537639
6695000  -2438.36818291379  2441.41660773589
6696000  -2437.8334028494  2442.21637872975
6697000  -2441.26728271812  2443.07969227335
6698000  -2439.54163157123  2442.38116113801
6699000  -2440.08905738349  2440.9963076701
6700000  -2442.89344109286  2442.36182276505
6701000  -2441.73575483724  2441.10814785937
6702000  -2437.6758733585  2442.11461854734
6703000  -2443.55543442325  2444.2090730848
6704000  -2439.47736486679  2447.08940029987
6705000  -2443.14758807885  2448.14056614608
6706000  -2441.07073754936  2445.62242948151
6707000  -2441.90887855012  2447.06359936975
6708000  -2443.6589446936  2446.79082128697
6709000  -2444.19396913107  2447.60796810627
6710000  -2440.59541076035  2445.49566774005
6711000  -2444.04350651828  2444.48411136526
6712000  -2442.9792140917  2447.52383444309
6713000  -2442.51346860082  2447.56823647118
6714000  -2443.83095850227  2449.18649822929
6715000  -2443.91214867996  2451.12955674639
6716000  -2444.23203807999  2450.27207377612
6717000  -2444.16374709799  2450.3898062443
6718000  -2445.60186438886  2448.59116215691
6719000  -2445.13534070172  2452.92416536258
6720000  -2447.06262570917  2449.49264423263
6721000  -2445.39491304707  2451.68641675841
6722000  -2447.79156124993  2454.11555333467
6723000  -2448.32071986489  2452.83345312102
6724000  -2447.8774244467  2452.95287296034
6725000  -2447.36143869804  2454.27934380547
6726000  -2446.95336531411  2453.67108164756
6727000  -2449.95392117998  2456.30603524593
6728000  -2448.18236854041  2453.16598932302
6729000  -2448.54820879998  2455.03745664554
6730000  -2445.91581148398  2456.09534620315
6731000  -2445.61410969603  2456.90357937884
6732000  -2448.02583813703  2454.74588335897
6733000  -2446.73361412531  2456.27229306309
6734000  -2448.09038890311  2458.13937496189
6735000  -2448.75276020831  2456.81313611653
6736000  -2450.78593575275  2458.44344234346
6737000  -2448.6154945473  2457.12599480473
6738000  -2448.07697136883  2459.52901749513
6739000  -2447.74476057979  2459.6680828688
6740000  -2448.42599763885  2459.80495013952
6741000  -2446.98263202688  2456.77482259991
6742000  -2446.19529513312  2459.34534416697
6743000  -2447.82358627311  2459.40560111384
6744000  -2453.67751064171  2460.05378621272
6745000  -2451.26464705355  2458.02860108548
6746000  -2451.68518816403  2458.92915762935
6747000  -2454.13756471468  2459.45255109624
6748000  -2454.1913283646  2460.88087846368
6749000  -2455.47991612371  2458.84896103629
6750000  -2457.42269142741  2462.34602270948
6751000  -2455.7292290871  2462.15173479555
6752000  -2454.58490602327  2464.41558254699
6753000  -2452.87622627741  2462.21439101701
6754000  -2454.09124969083  2463.10662260059
6755000  -2453.62250078932  2466.55470884266
6756000  -2454.65276243804  2464.14414228004
6757000  -2451.32751711738  2465.6853956839
6758000  -2454.53664706777  2465.44740256424
6759000  -2455.1408800907  2465.76095130656
6760000  -2455.85703904903  2466.722428667
6761000  -2454.88795101476  2464.31891553892
6762000  -2458.10668190767  2465.60904618585
6763000  -2455.78773849816  2464.5290638031
6764000  -2454.8246713444  2463.03504240172
6765000  -2455.08749820856  2463.29671101459
6766000  -2454.12655315996  2464.72323018542
6767000  -2455.38003524666  2464.25038527912
6768000  -2457.90371302209  2465.27064281838
6769000  -2459.60465175107  2468.20437714155
6770000  -2456.41613943583  2466.05963054171
6771000  -2458.40791524416  2465.53540804397
6772000  -2455.42649242756  2466.93768607141
6773000  -2460.26619264511  2466.60967979686
6774000  -2458.90100511488  2469.95223329356
6775000  -2458.68067327474  2467.86970236288
6776000  -2460.18407896172  2469.89234548726
6777000  -2459.86191260363  2470.46599238042
6778000  -2462.31214032546  2471.17459091183
6779000  -2461.93234726907  2470.59152322418
6780000  -2462.92766057433  2472.76462407608
6781000  -2462.12431910972  2470.96288204844
6782000  -2462.26149905761  2472.92704581841
6783000  -2462.88752778072  2474.64470964701
6784000  -2462.96806107946  2473.89035695828
6785000  -2462.71626867805  2473.91878740413
6786000  -2463.26749805985  2472.61201471101
6787000  -2464.72736328033  2473.89652075541
6788000  -2464.21439900278  2473.77912149276
6789000  -2468.0606448067  2473.46328549859
6790000  -2467.19926593732  2475.3232319705
6791000  -2466.98231744787  2476.90574680273
6792000  -2464.06191995228  2477.12738599836
6793000  -2468.63274474399  2475.7676614735
6794000  -2468.3818587391  2475.63041466754
6795000  -2466.17489645922  2476.72628608134
6796000  -2468.2351331647  2475.52480381242
6797000  -2466.72264674462  2480.15440425531
6798000  -2469.16652062521  2479.7491454804
6799000  -2466.42077664688  2477.60107115746
6800000  -2469.21362952932  2480.62782906577
6801000  -2466.2504887436  2478.21186883986
6802000  -2468.45335961095  2480.80157973713
6803000  -2470.16640354763  2481.92592763839
6804000  -2469.89787981515  2483.75470347447
6805000  -2468.64330586961  2484.47231614367
6806000  -2468.25764498119  2482.93270766511
6807000  -2468.9581012416  2485.88445575937
6808000  -2467.93155280801  2486.77041926684
6809000  -2467.42951953715  2486.5095299504
6810000  -2469.61277803201  2485.53189920381
6811000  -2470.07052805  2487.2293154194
6812000  -2467.73636138591  2485.73212651046
6813000  -2464.71267198044  2484.97207781192
6814000  -2466.37101614745  2485.33279470633
6815000  -2471.06630750197  2485.61130641074
6816000  -2471.17038347673  2485.09003254987
6817000  -2472.11383595532  2486.68696657011
6818000  -2471.07438834763  2485.51189835359
6819000  -2473.35468199962  2485.6651227169
6820000  -2473.07403388508  2486.62297426541
6821000  -2473.95910810939  2486.7614120605
6822000  -2474.79852705762  2486.99641738479
6823000  -2476.42460186356  2486.64013686243
6824000  -2477.65894516739  2488.65569294085
6825000  -2477.00627660214  2488.73683087958
6826000  -2475.28191866073  2490.99103319733
6827000  -2477.65737663498  2490.32714678466
6828000  -2473.37690857666  2490.05113571194
6829000  -2478.18581478531  2487.81729058922
6830000  -2478.8701960606  2489.13442807495
6831000  -2477.33955413562  2490.60221651127
6832000  -2478.61092185254  2486.9053436874
6833000  -2475.40208653807  2487.94863932735
6834000  -2475.36541412434  2488.00497982163
6835000  -2474.61392584594  2488.45372997965
6836000  -2473.72681765744  2491.06236156025
6837000  -2475.26729522306  2489.95644990961
6838000  -2479.5075891444  2492.1264751182
6839000  -2477.58229548804  2490.12618816921
6840000  -2478.40019682677  2489.10227910893
6841000  -2481.72054061682  2491.70501242338
6842000  -2479.48426122655  2493.03088530104
6843000  -2478.34109676437  2492.45143692088
6844000  -2478.56926764444  2494.35303683902
6845000  -2481.83442617899  2495.3864800376
6846000  -2478.9996733682  2495.17541647373
6847000  -2482.61179725947  2496.60011753825
6848000  -2482.17034019288  2494.85388021802
6849000  -2483.03249122025  2496.03994793768
6850000  -2484.64090510227  2495.08188995612
6851000  -2484.72105677257  2497.13401674904
6852000  -2484.93443785875  2497.11401273699
6853000  -2487.50070119076  2497.26743097771
6854000  -2488.06772605618  2496.96754056599
6855000  -2486.59900089064  2498.66614669432
6856000  -2486.64244257513  2499.54395668825
6857000  -2489.56176272762  2499.92890641155
6858000  -2492.63626005882  2499.2997561205
6859000  -2490.79771896601  2498.21859712517
6860000  -2493.55654430877  2499.56355056201
6861000  -2492.04313091894  2498.45971796043
6862000  -2493.0438965632  2498.90221970548
6863000  -2491.65375075411  2499.69790284088
6864000  -2492.43726428523  2500.44256378538
6865000  -2494.49939240903  2502.5316953104
6866000  -2492.95841731065  2501.06426918352
6867000  -2494.33222816193  2498.56775503496
6868000  -2493.91176963066  2500.71122270623
6869000  -2497.22945764202  2500.83232219905
6870000  -2493.47267199298  2500.96903361568
6871000  -2493.90398970516  2502.34691044194
6872000  -2494.11308935267  2501.54334696311
6873000  -2494.41810103578  2503.60695398425
6874000  -2495.39776672467  2503.67959487694
6875000  -2495.6269601473  2501.27904688699
6876000  -2494.89212612615  2501.76528158726
6877000  -2495.01577339099  2505.64212822297
6878000  -2496.13599813167  2504.49283269318
6879000  -2497.31488698759  2505.06184099435
6880000  -2494.49292435269  2506.71821779421
6881000  -2499.58137967582  2504.58239512642
6882000  -2495.08620255381  2505.04735716495
6883000  -2496.80803359114  2505.31209627933
6884000  -2498.28087822592  2505.61888228172
6885000  -2497.95176095311  2505.58624262586
6886000  -2495.01491884322  2505.29085457934
6887000  -2499.62593438487  2508.51032186452
6888000  -2500.14576184486  2509.12900149412
6889000  -2500.66998566012  2509.6972532141
6890000  -2499.02686892619  2511.51175667187
6891000  -2498.45147715128  2511.38998397781
6892000  -2501.37465671364  2511.15449837389
6893000  -2500.64670954882  2510.13787707047
6894000  -2499.12606144606  2513.14416744845
6895000  -2500.72610948639  2513.20126801883
6896000  -2499.80550283198  2512.01073413845
6897000  -2504.35373954662  2510.88042358515
6898000  -2502.0354549718  2512.09657293376
6899000  -2498.87045704824  2513.64930728464
6900000  -2502.0124254656  2515.80405322359
6901000  -2504.84496154441  2514.52604733411
6902000  -2503.4047347101  2513.53053955575
6903000  -2504.53210211143  2515.71366388698
6904000  -2504.07586996771  2513.73304841165
6905000  -2504.93541915135  2516.80881395934
6906000  -2506.90106123437  2516.90133574477
6907000  -2507.51168821664  2516.29615567189
6908000  -2507.06046656107  2518.04412865263
6909000  -2505.79063336987  2518.89656888771
6910000  -2507.05090524374  2517.51450851149
6911000  -2507.98631097252  2517.17301095874
6912000  -2508.85081489098  2518.12908476156
6913000  -2508.18868834855  2518.26367219374
6914000  -2509.06305581399  2518.0701144242
6915000  -2507.35952913686  2519.21254064574
6916000  -2508.97154322697  2519.58070659823
6917000  -2509.93259514408  2519.1871926254
6918000  -2511.47156856198  2520.05716137635
6919000  -2511.17168841143  2522.21646441606
6920000  -2511.36698490488  2520.18953104222
6921000  -2512.23760689276  2519.2705304649
6922000  -2512.93928153067  2520.4883087105
6923000  -2513.88286721996  2521.74281939353
6924000  -2511.44100108294  2522.30790678733
6925000  -2511.98220720098  2521.12719710732
6926000  -2512.5762628924  2520.58147333325
6927000  -2514.597440421  2523.17378499343
6928000  -2513.69779471318  2522.34656898947
6929000  -2515.16966661373  2525.09875762177
6930000  -2513.67045012257  2525.1331828297
6931000  -2514.98091894955  2526.80193865687
6932000  -2516.76344494507  2526.98430197807
6933000  -2516.90733214979  2526.79724781212
6934000  -2516.74937260189  2527.83219293524
6935000  -2520.51185596435  2526.4452416806
6936000  -2518.25600805738  2527.27918531596
6937000  -2520.78376151945  2528.37936396434
6938000  -2520.04347848669  2526.84648031773
6939000  -2521.36082462447  2525.27466152952
6940000  -2521.98508366929  2527.02295205086
6941000  -2520.12864145341  2525.62547757483
6942000  -2522.69613240548  2529.29637100674
6943000  -2521.95704011881  2529.36941733008
6944000  -2521.37455253461  2528.16667682205
6945000  -2523.12725931879  2528.55520831078
6946000  -2523.77890971348  2530.53054901271
6947000  -2522.80812062027  2530.32779083102
6948000  -2520.39853753309  2531.86628844193
6949000  -2520.83057311023  2532.04415221441
6950000  -2518.8037310706  2530.11093782621
6951000  -2517.77255698068  2532.18679880779
6952000  -2523.66551893405  2535.28030086019
6953000  -2522.16330510525  2534.63324478442
6954000  -2519.50052418541  2533.42550934232
6955000  -2519.09368894698  2535.75090556099
6956000  -2519.72100040311  2537.6106273266
6957000  -2521.21024136827  2537.1019590887
6958000  -2525.19328064183  2536.77198797371
6959000  -2522.88936747276  2537.68345350235
6960000  -2524.29083371615  2539.81497503178
6961000  -2523.06213537144  2539.70502913724
6962000  -2521.87511853201  2540.43802949644
6963000  -2522.91646225372  2538.73465948839
6964000  -2523.64422620249  2541.86247903917
6965000  -2524.19409885928  2542.02712126685
6966000  -2524.41279441271  2542.70817578776
6967000  -2527.71294603506  2542.91826360619
6968000  -2525.69321897153  2542.36118690907
6969000  -2524.6308129639  2542.60782738092
6970000  -2525.74292602609  2543.40587540741
6971000  -2525.89608128345  2545.57233223632
6972000  -2524.84567939291  2544.7454649249
6973000  -2525.98384634334  2545.02113474737
6974000  -2528.89061886357  2544.41229755922
6975000  -2524.68112525295  2541.85604479858
6976000  -2528.68717311392  2546.34149965784
6977000  -2527.2259043831  2543.02142512823
6978000  -2525.88935109498  2544.52940224035
6979000  -2530.77353766255  2544.49546454165
6980000  -2530.83516831728  2549.37270282015
6981000  -2530.55241557247  2547.53660293407
6982000  -2531.10032621689  2547.20482725909
6983000  -2530.89498430252  2547.14485040989
6984000  -2532.16768794823  2547.17585758947
6985000  -2532.53008570333  2547.77363539323
6986000  -2529.81366608986  2548.81586487047
6987000  -2533.71305741801  2549.33385726244
6988000  -2533.09785771631  2547.51711016878
6989000  -2533.60489893369  2548.75857252685
6990000  -2536.51450286389  2550.0587869136
6991000  -2534.64387356698  2548.31494431519
6992000  -2536.25173836165  2548.17597529616
6993000  -2535.2061101402  2548.8609886029
6994000  -2534.96027395437  2551.28474368698
6995000  -2535.94964443023  2549.78547033743
6996000  -2538.31124440053  2550.23693962145
6997000  -2535.8629320023  2551.88222381177
6998000  -2535.69131160842  2552.54843198573
6999000  -2537.72169965945  2553.55631368383
7000000  -2536.96329549092  2553.38636622328
7001000  -2539.3373982992  2553.0325611623
7002000  -2537.330698348  2557.38022490992
7003000  -2539.91473663165  2556.28983812046
7004000  -2539.29157697238  2555.56986523169
7005000  -2542.59485796307  2558.68964719264
7006000  -2543.09425187701  2557.81616657744
7007000  -2542.85982945326  2557.77962168157
7008000  -2543.86985690396  2555.68355485168
7009000  -2545.1545165695  2558.10613577202
7010000  -2544.94508974099  2559.49168447163
7011000  -2544.64417310381  2557.47689949049
7012000  -2547.57390154042  2558.20257455065
7013000  -2543.15199859773  2561.70561470752
7014000  -2546.65043009632  2560.61885045772
7015000  -2544.6470951039  2559.53556610748
7016000  -2547.77287431396  2558.49781188265
7017000  -2545.86105182945  2560.59591650023
7018000  -2546.31299746379  2559.69521487456
7019000  -2548.87236756971  2560.76669059246
7020000  -2547.98335576899  2560.85562934165
7021000  -2547.45925955875  2559.03345418789
7022000  -2547.34134526138  2558.9108062047
7023000  -2550.95249271334  2560.741419292
7024000  -2548.96020328607  2564.09893076094
7025000  -2550.77213777848  2564.21956513714
7026000  -2550.70642157028  2562.5522914438
7027000  -2552.77008733911  2562.5559999931
7028000  -2554.25245754532  2561.05226289303
7029000  -2553.70691516201  2561.87295718365
7030000  -2552.83444525592  2563.27905817048
7031000  -2554.14087576467  2562.39171762761
7032000  -2554.45802813407  2563.92595625773
7033000  -2556.86812272959  2564.62607912652
7034000  -2556.22297369298  2567.36939037451
7035000  -2556.78289546556  2567.05720725539
7036000  -2557.63837669552  2564.12744827661
7037000  -2556.54516921669  2566.05537969738
7038000  -2556.71414742418  2565.70009228391
7039000  -2557.01970861725  2563.01378138089
7040000  -2557.24066242495  2563.6489065349
7041000  -2556.95334974832  2564.78133964991
7042000  -2559.29016585743  2564.10446024813
7043000  -2557.91817322575  2565.31653592278
7044000  -2556.43500727788  2564.99187340707
7045000  -2557.99931955093  2564.21550438708
7046000  -2556.73094963566  2567.19368922747
7047000  -2558.5046997387  2567.42528742579
7048000  -2558.83019127234  2569.23762280287
7049000  -2559.61105084031  2570.39472648088
7050000  -2559.18683666121  2570.13847932862
7051000  -2560.52727277742  2571.31170232317
7052000  -2557.74303136961  2568.80792961908
7053000  -2559.40062964399  2570.04161881839
7054000  -2560.59562866534  2572.42092308221
7055000  -2560.65012594603  2572.17034122901
7056000  -2561.47370978271  2571.45400616218
7057000  -2561.63963784374  2572.42479411234
7058000  -2561.8409203288  2575.65270812072
7059000  -2562.10555003185  2575.63444845817
7060000  -2564.24821085031  2573.2252802241
7061000  -2565.49189737062  2576.82778779052
7062000  -2565.54301482058  2575.27122458254
7063000  -2566.46018608298  2579.2907007256
7064000  -2566.59468006239  2581.83243299338
7065000  -2565.02962257312  2577.81157853425
7066000  -2566.2717326795  2580.33531501256
7067000  -2567.23685070128  2581.16115474057
7068000  -2568.28561382437  2580.51409693711
7069000  -2567.38058276205  2579.8775740477
7070000  -2568.84527134076  2582.03704748852
7071000  -2568.77464710252  2580.76540884898
7072000  -2566.84104720285  2581.94119229481
7073000  -2568.50032387798  2583.08825880646
7074000  -2569.6138907397  2582.52759191709
7075000  -2573.11153587638  2584.39604888982
7076000  -2570.5837954304  2583.59660187587
7077000  -2571.68324970735  2586.22518766948
7078000  -2569.55368607196  2586.49135631985
7079000  -2573.83120520569  2586.84316673475
7080000  -2572.75247902769  2586.86658311169
7081000  -2576.56851199756  2586.22455520766
7082000  -2573.97688352395  2589.36353065741
7083000  -2576.17780412117  2585.44473891492
7084000  -2579.59419885495  2586.37288609358
7085000  -2574.55200800408  2586.18400875988
7086000  -2577.97337189909  2586.54672983077
7087000  -2579.57576605031  2585.15046247802
7088000  -2578.68179967598  2586.17011570939
7089000  -2579.99072762464  2591.00420332522
7090000  -2579.1895878395  2590.01031766406
7091000  -2579.57912478958  2590.91502019324
7092000  -2580.90973830028  2588.37756593678
7093000  -2582.34397154725  2589.30417555797
7094000  -2580.98847233165  2588.87640668254
7095000  -2581.31063428534  2591.08507874278
7096000  -2583.64598664256  2591.29800687397
7097000  -2584.98733300717  2588.27550863596
7098000  -2587.29433022405  2588.72755738609
7099000  -2583.32572496063  2590.58841405361
7100000  -2586.39666443341  2589.81879382453
7101000  -2586.27663670229  2592.26501283346
7102000  -2583.99273974246  2590.58229604606
7103000  -2586.68418970325  2590.32919019012
7104000  -2585.20514239899  2590.24231451388
7105000  -2587.33193533088  2591.75972599407
7106000  -2585.76879697811  2591.79252611634
7107000  -2586.52959233504  2594.21102268557
7108000  -2586.7260851004  2594.79961563278
7109000  -2588.11349873423  2594.15284822252
7110000  -2585.69576493206  2595.27439445316
7111000  -2586.81104859507  2595.10980231829
7112000  -2585.43169144894  2594.54756338013
7113000  -2590.19732905703  2592.16565120807
7114000  -2585.31398619647  2595.03005055106
7115000  -2591.10813490117  2595.77189088044
7116000  -2588.57153985683  2597.48116926705
7117000  -2589.66162847235  2596.93410318946
7118000  -2589.12926797365  2597.98303484439
7119000  -2590.47287987156  2597.87859387906
7120000  -2589.53850385678  2599.85341174996
7121000  -2592.75466084976  2598.13063469072
7122000  -2591.38988675776  2599.51053105574
7123000  -2591.43854303464  2599.09027853387
7124000  -2590.54708119045  2599.62328802416
7125000  -2591.24934292194  2601.39848981997
7126000  -2591.13742931476  2602.23396906176
7127000  -2591.13583305053  2601.54791230071
7128000  -2592.92619806395  2600.47292474723
7129000  -2593.34150460406  2600.83154649155
7130000  -2594.8844907079  2600.85891198202
7131000  -2593.34280163652  2602.0795478889
7132000  -2593.77086163248  2602.33975337918
7133000  -2597.00255460478  2604.19067548415
7134000  -2594.61254400036  2603.95306691876
7135000  -2596.08569617885  2603.54233908999
7136000  -2597.12418963309  2604.3088730706
7137000  -2595.04648084871  2604.07308945923
7138000  -2596.4895089683  2605.54813230619
7139000  -2595.86076462449  2607.56965109978
7140000  -2599.53659271146  2605.73828497803
7141000  -2598.45511444599  2606.95811725331
7142000  -2597.04954563267  2608.67662426111
7143000  -2599.58973036197  2607.55407127192
7144000  -2598.254951515  2608.87600898271
7145000  -2596.48511879929  2606.29174066222
7146000  -2600.67224738694  2609.1194251407
7147000  -2602.02090524321  2609.73785886119
7148000  -2598.38789613366  2609.45852301707
7149000  -2601.58455941394  2608.52887389791
7150000  -2601.23662556309  2609.71189632843
7151000  -2601.62635130609  2609.7275697884
7152000  -2601.92332221677  2610.93409921356
7153000  -2604.11134008274  2612.40271761419
7154000  -2605.51613815531  2612.93960413452
7155000  -2602.41983549361  2610.87365782736
7156000  -2602.12470987538  2611.52648981663
7157000  -2601.36558991281  2613.31634095817
7158000  -2604.08238975532  2613.70490551315
7159000  -2603.64344638053  2613.74940309202
7160000  -2607.28750960408  2612.47849336097
7161000  -2606.25569500763  2614.92947289874
7162000  -2603.83450531649  2614.61669741835
7163000  -2604.61503307389  2614.8006118988
7164000  -2605.29629406981  2613.55051961338
7165000  -2605.89967012051  2614.79377395904
7166000  -2608.05427150318  2617.69421827735
7167000  -2609.71417565405  2615.66386036453
7168000  -2610.62998051575  2616.96595702319
7169000  -2611.75682875523  2617.61099377378
7170000  -2610.3691003652  2614.89182034098
7171000  -2610.271649486  2621.03668435813
7172000  -2610.85370841617  2619.75831591777
7173000  -2612.8041101964  2619.70671733505
7174000  -2613.014504008  2620.69542926398
7175000  -2615.85269116681  2622.10782735272
7176000  -2614.77040967897  2620.85916609808
7177000  -2615.82702195756  2623.89011577695
7178000  -2615.86020324008  2624.44287017749
7179000  -2615.00468091818  2620.70569692729
7180000  -2614.84902499111  2625.06347486044
7181000  -2614.73569890115  2622.06323708108
7182000  -2615.46501420362  2623.38136501927
7183000  -2618.67290955159  2626.49754577831
7184000  -2617.14961798043  2627.14143741738
7185000  -2615.87912232399  2630.3774034503
7186000  -2615.63359384336  2631.40813797194
7187000  -2616.03369838707  2628.41352356006
7188000  -2616.2378526171  2629.51444502587
7189000  -2616.28013857424  2630.25830288556
7190000  -2619.48393848969  2629.9143724721
7191000  -2617.40463403714  2630.77131815858
7192000  -2619.96239137301  2630.74484030657
7193000  -2620.55594403398  2630.45475478283
7194000  -2619.60997325223  2634.62874641295
7195000  -2620.8650367686  2633.04192104402
7196000  -2621.94696767978  2633.54476794479
7197000  -2623.18883718035  2633.88246918669
7198000  -2624.97549977538  2633.79721217
7199000  -2622.28442240575  2635.13002186705
7200000  -2621.03109806598  2637.11138017867
7201000  -2621.99846392546  2636.98336330365
7202000  -2624.51929251527  2637.84402873613
7203000  -2627.42122745192  2638.20366673381
7204000  -2625.98182094438  2638.28549629598
7205000  -2627.50092118063  2636.96627966682
7206000  -2622.99394167175  2639.35892874026
7207000  -2627.83443407506  2640.24131259157
7208000  -2626.87088020465  2639.0423607162
7209000  -2626.426626554  2640.91880414701
7210000  -2627.39909340955  2640.62064721664
7211000  -2627.33865533192  2640.52701914144
7212000  -2626.57379249176  2641.62763565411
7213000  -2631.72200633305  2639.80897609075
7214000  -2630.94279643464  2639.87915399566
7215000  -2633.18080270633  2640.0267463838
7216000  -2633.28358099635  2638.41844573629
7217000  -2634.73785324371  2639.64914012533
7218000  -2635.85929005869  2641.138904618
7219000  -2634.50838896987  2641.17365618736
7220000  -2635.4603362554  2641.45620107918
7221000  -2632.9031364543  2638.34333204496
7222000  -2634.34121626851  2641.40833297831
7223000  -2635.44908766617  2641.1569473205
7224000  -2637.43466631647  2641.93741487894
7225000  -2638.05089559305  2640.14392768332
7226000  -2636.70864924309  2642.2005292106
7227000  -2637.61665396944  2643.0779372615
7228000  -2635.20514277642  2643.95415837178
7229000  -2638.0597837471  2641.09377375033
7230000  -2640.18258455011  2644.62104431074
7231000  -2638.69394858277  2645.96480593801
7232000  -2639.86130394718  2645.29166597755
7233000  -2640.37132277998  2644.77753318441
7234000  -2639.65183323864  2646.23554817796
7235000  -2639.76520222415  2646.14598694677
7236000  -2640.43815987449  2646.73069000371
7237000  -2641.40240053526  2645.01530890005
7238000  -2640.31858231118  2646.73220627382
7239000  -2643.06568471704  2647.48520157959
7240000  -2640.52782337394  2649.63514000846
7241000  -2640.85637736869  2649.9794448064
7242000  -2643.68168738383  2647.43031103415
7243000  -2643.51024225459  2648.87917578673
7244000  -2645.55596033419  2652.78192543061
7245000  -2645.38228565222  2651.1788377229
7246000  -2645.50604264441  2652.56638093011
7247000  -2642.6462782142  2652.29835457722
7248000  -2643.8787490443  2652.33044207715
7249000  -2643.85388881464  2651.60160386121
7250000  -2646.22732462172  2654.05436590456
7251000  -2644.4479825381  2652.21647071796
7252000  -2647.87661908988  2652.48164859325
7253000  -2645.3874119522  2655.28230811696
7254000  -2647.34342666911  2654.88504037722
7255000  -2649.65403090238  2655.92059381061
7256000  -2649.38446858037  2656.19260150225
7257000  -2646.83902710592  2659.0360336102
7258000  -2650.60106059867  2657.12185556143
7259000  -2650.98714056047  2659.75984545516
7260000  -2649.69834816033  2659.70028919152
7261000  -2651.1751933628  2659.72951181616
7262000  -2651.05529129595  2658.46059225582
7263000  -2651.2375885723  2656.77889820746
7264000  -2653.53610200696  2658.57402847815
7265000  -2654.55550150639  2660.51308335503
7266000  -2655.86724398342  2658.88799153875
7267000  -2659.25956818543  2661.78562638738
7268000  -2656.14937577528  2658.22044368461
7269000  -2656.53537812052  2661.26678150666
7270000  -2656.89393400031  2664.38389115268
7271000  -2657.32344124706  2659.9840758372
7272000  -2659.83620348571  2659.97350097776
7273000  -2660.29239460263  2662.86568921105
7274000  -2658.4821353927  2663.0275831666
7275000  -2661.33201704693  2663.68714108256
7276000  -2662.12340487046  2664.3985255203
7277000  -2662.33516102744  2664.721040339
7278000  -2663.4258408401  2663.07254330832
7279000  -2664.30050261649  2662.58948503104
7280000  -2665.37845001582  2665.00053261068
7281000  -2664.27147757223  2664.31982638524
7282000  -2662.87617062203  2666.22557823403
7283000  -2666.53510526613  2666.27651527201
7284000  -2665.12249939673  2668.33645497055
7285000  -2665.53676178747  2667.98485694241
7286000  -2666.57347940184  2667.38078410914
7287000  -2666.11308979146  2668.88194781977
7288000  -2670.86520308726  2671.29686096173
7289000  -2668.81682783826  2666.29069880075
7290000  -2670.06146451283  2665.36607275188
7291000  -2669.1236289863  2667.68477081001
7292000  -2672.18294369018  2668.69872358242
7293000  -2672.22717442618  2671.88139585505
7294000  -2670.49462216587  2672.20078965245
7295000  -2671.09394442613  2670.45887976469
7296000  -2668.95841849296  2673.00778674835
7297000  -2670.22950139246  2672.73471578476
7298000  -2671.67485485857  2671.83273701724
7299000  -2670.40656852877  2673.32936790977
7300000  -2671.14110328141  2674.56418691411
7301000  -2673.1288565909  2675.24848787828
7302000  -2674.31465063951  2675.89777388928
7303000  -2674.11580330972  2676.05189336389
7304000  -2675.09153214374  2677.08708748395
7305000  -2675.85209557616  2675.01947633795
7306000  -2676.13581657142  2678.1228185465
7307000  -2674.31888242444  2677.55881212264
7308000  -2677.00350692276  2680.86526053444
7309000  -2676.23580126438  2678.41787432966
7310000  -2676.79787169079  2678.71829196264
7311000  -2676.22562420718  2682.75660616651
7312000  -2675.92994066585  2680.61471229887
7313000  -2674.79550703815  2680.12947157039
7314000  -2677.54303047947  2681.42319291497
7315000  -2677.64889090404  2683.93647804686
7316000  -2676.1142058065  2683.15505881766
7317000  -2677.76085555394  2682.7385639625
7318000  -2681.16363589091  2681.42279450969
7319000  -2681.75001486267  2683.51449411297
7320000  -2679.37353810782  2684.76965403647
7321000  -2680.02380150687  2683.19706743981
7322000  -2681.14241282298  2683.77476349896
7323000  -2679.83380332696  2683.28335958157
7324000  -2683.51118272  2686.18581117527
7325000  -2680.9480397824  2686.66596526424
7326000  -2679.67231604735  2689.31788533042
7327000  -2681.32407895664  2686.03620721349
7328000  -2685.68300058153  2688.81124665555
7329000  -2684.30944965141  2689.92372247132
7330000  -2686.30166338946  2688.37194504024
7331000  -2682.5274533549  2688.79739485931
7332000  -2681.54956580269  2688.44261240736
7333000  -2683.25868783985  2690.53585572466
7334000  -2685.03537740536  2691.20192913495
7335000  -2682.14557744292  2692.00250983734
7336000  -2684.9750044722  2692.79431777182
7337000  -2687.7748225392  2694.28227092979
7338000  -2688.08317114716  2693.84172849153
7339000  -2688.17150004434  2694.00337098374
7340000  -2683.90208894431  2693.85803952611
7341000  -2688.00209778642  2694.07099060426
7342000  -2688.39800747502  2695.38584293648
7343000  -2689.21216742405  2697.10588124416
7344000  -2689.87844755537  2694.98079135507
7345000  -2688.46306541355  2694.87607976872
7346000  -2689.05584798866  2696.72707939569
7347000  -2691.44321767338  2698.37794387771
7348000  -2691.41821810589  2697.43902632434
7349000  -2691.15816262215  2698.15338611963
7350000  -2693.12324339633  2699.27370584819
7351000  -2691.51121070172  2697.84322199819
7352000  -2691.39391842167  2701.55547190295
7353000  -2694.98688475  2698.54884725441
7354000  -2694.22283293733  2701.8818168095
7355000  -2695.70804075209  2701.55295553656
7356000  -2694.28991431797  2702.27575942226
7357000  -2694.37656924581  2702.45030084274
7358000  -2694.78822992974  2701.53866172973
7359000  -2697.89876086189  2701.21065227929
7360000  -2696.592922104  2701.89727377499
7361000  -2697.75210287692  2704.94298008832
7362000  -2696.71885971342  2703.00612817174
7363000  -2697.95709023432  2702.02526751208
7364000  -2697.11241103913  2704.33574638236
7365000  -2697.68711358106  2702.96272703226
7366000  -2700.72612311876  2704.5437124106
7367000  -2698.74069555334  2704.82958111981
7368000  -2699.14383411502  2703.09315498114
7369000  -2698.56090090668  2703.9390763576
7370000  -2699.41008819212  2706.9181999524
7371000  -2698.56193484005  2705.46970998609
7372000  -2700.68307054889  2707.5866385528
7373000  -2701.33710416222  2706.17868815317
7374000  -2700.55366667549  2709.21512876361
7375000  -2700.80571805407  2707.99785476879
7376000  -2702.32506022219  2711.21400089369
7377000  -2699.81703337447  2709.97130688792
7378000  -2700.94369006843  2711.3367886139
7379000  -2700.10804667527  2711.09848775776
7380000  -2701.3393112046  2710.4274255524
7381000  -2701.77952106357  2713.06544587978
7382000  -2704.92174094207  2713.31442462723
7383000  -2706.5513521176  2714.29418306639
7384000  -2707.03999330772  2713.82534202652
7385000  -2707.61003795328  2715.6823944632
7386000  -2708.44933240932  2715.1624234154
7387000  -2706.51100312845  2716.47520388656
7388000  -2707.05358688217  2714.92447867784
7389000  -2709.11946105828  2715.72000284154
7390000  -2709.36302294526  2714.22300836225
7391000  -2708.50035211196  2715.42894035696
7392000  -2711.19192045124  2716.18138064828
7393000  -2712.26055680332  2715.61763360706
7394000  -2710.26711997779  2716.215661602
7395000  -2710.15384317007  2715.77492246087
7396000  -2708.89231758011  2715.02716032532
7397000  -2711.8981979797  2717.14498301508
7398000  -2712.02167658686  2714.55688565314
7399000  -2712.04155558779  2714.27639531471
7400000  -2713.61812128439  2715.46842943738
7401000  -2710.26466321554  2715.4838597292
7402000  -2712.88539532133  2713.97713143141
7403000  -2712.21280534798  2718.98018665822
7404000  -2714.31907715133  2715.74343730955
7405000  -2714.43074406081  2718.38231776907
7406000  -2716.17560597534  2720.54997755517
7407000  -2713.89626087634  2719.07050504599
7408000  -2715.39552266457  2720.83239016904
7409000  -2715.35585806451  2722.80450256539
7410000  -2714.53425797701  2725.3064126617
7411000  -2712.33748551843  2723.31470025281
7412000  -2714.40909768795  2723.74515201321
7413000  -2715.11716953775  2722.08136001693
7414000  -2716.01925649364  2725.47129407457
7415000  -2717.04324025538  2723.27168342838
7416000  -2718.6503796231  2725.22836847873
7417000  -2720.78828317513  2724.47010400279
7418000  -2720.80782526925  2727.89133209863
7419000  -2719.29971126428  2724.83147636194
7420000  -2719.87579420515  2725.45554633079
7421000  -2720.02246990443  2723.50734372791
7422000  -2720.95305956427  2724.33103652777
7423000  -2722.64693477252  2724.89036712293
7424000  -2723.82138307491  2725.85202628442
7425000  -2726.0112730556  2723.08573568684
7426000  -2723.56128614092  2725.45164189651
7427000  -2724.26829733893  2725.80497660584
7428000  -2724.56223883111  2722.95402072693
7429000  -2724.2175540152  2725.02448103942
7430000  -2724.76998287032  2724.09699164353
7431000  -2723.1062598343  2725.57263430235
7432000  -2725.54555630952  2725.43062252753
7433000  -2726.54877698392  2725.47523250135
7434000  -2724.65380123226  2725.39664131753
7435000  -2727.09269607921  2727.91785102665
7436000  -2727.42270697886  2727.1857516102
7437000  -2729.26662995466  2726.26470464888
7438000  -2728.48616522459  2726.62640811951
7439000  -2728.0430522821  2728.1179366976
7440000  -2727.727098217  2726.59678599073
7441000  -2730.10454828272  2728.23465921684
7442000  -2729.80564862341  2729.60482314576
7443000  -2727.9615715154  2729.99281768704
7444000  -2729.57328522515  2732.05125716984
7445000  -2730.41020038331  2732.14260232117
7446000  -2727.86919380887  2730.47459608383
7447000  -2728.33055561739  2731.30962570225
7448000  -2732.1360815493  2731.28366153512
7449000  -2731.85217973682  2733.10770921671
7450000  -2731.50265163267  2731.71009388612
7451000  -2729.08973710391  2732.80384578094
7452000  -2730.21065617086  2733.63675567209
7453000  -2731.7662690322  2735.59768293115
7454000  -2734.89620751733  2735.51410875553
7455000  -2730.70913392197  2733.46665606747
7456000  -2735.03607987725  2734.09265681156
7457000  -2733.77562005696  2734.85458449706
7458000  -2735.64709429864  2738.24831514694
7459000  -2735.46409518771  2736.02303524021
7460000  -2735.142543984  2736.08278666806
7461000  -2733.73862699418  2738.05254784451
7462000  -2735.53765574344  2741.11111945023
7463000  -2735.79080476519  2742.65811503183
7464000  -2739.12357642149  2742.40533490813
7465000  -2736.91027905537  2742.92485181771
7466000  -2739.95154772037  2741.0933678678
7467000  -2740.96975582711  2740.66024649906
7468000  -2738.02874348662  2742.38278568716
7469000  -2742.53000174841  2740.94881404411
7470000  -2738.29083874661  2744.79760767098
7471000  -2740.06298870123  2743.5686946559
7472000  -2740.31935134176  2743.24094398429
7473000  -2740.44544966774  2742.68705492008
7474000  -2743.27568505853  2741.48863925154
7475000  -2741.38880113304  2743.92687398049
7476000  -2741.24529295558  2741.47046097589
7477000  -2743.59013796541  2742.71966776141
7478000  -2742.76084052158  2744.45619667622
7479000  -2743.2906744725  2741.44983817858
7480000  -2741.5941979584  2741.79807542385
7481000  -2741.04828140155  2743.68000100917
7482000  -2745.07834751954  2739.92175113919
7483000  -2741.81162101052  2741.45633512771
7484000  -2741.42378363434  2741.61543366382
7485000  -2742.88444786795  2740.33112354222
7486000  -2743.25449165301  2743.48428070465
7487000  -2741.27930227925  2743.61927397449
7488000  -2743.63892475415  2742.63632724028
7489000  -2740.93184088549  2746.19500291877
7490000  -2742.40123191881  2744.58078946363
7491000  -2742.5809325957  2746.04121096299
7492000  -2740.98301712281  2746.70146947246
7493000  -2744.98552192858  2744.35687743648
7494000  -2740.32640810363  2744.53855964143
7495000  -2743.96530342326  2745.18981859495
7496000  -2746.73019247842  2744.659800082
7497000  -2744.89156607352  2744.25721230198
7498000  -2744.7746848362  2745.94242248944
7499000  -2745.50030330838  2745.06851350872
7500000  -2747.85567675673  2747.09185047542
7501000  -2746.94869606431  2746.00519145954
7502000  -2749.35539142079  2748.30009920094
7503000  -2749.096639507  2748.19994611895
7504000  -2749.91192171078  2745.6068151292
7505000  -2751.95772114567  2748.20341098942
7506000  -2749.83540374947  2747.45261954645
7507000  -2751.80390664562  2747.60656825704
7508000  -2748.79522290347  2749.43182629731
7509000  -2750.75502656459  2750.96919118694
7510000  -2752.52864490009  2749.78847377524
7511000  -2754.5107106204  2754.16855088565
7512000  -2751.72942758807  2754.33909452579
7513000  -2755.14472111997  2753.6805362248
7514000  -2754.23085128213  2756.22573377261
7515000  -2755.62350880505  2752.32790498854
7516000  -2752.6193456833  2754.43861946892
7517000  -2753.86609123766  2756.38273126336
7518000  -2755.85803791342  2756.94941165107
7519000  -2750.23959105299  2754.85595763504
7520000  -2753.34432480837  2754.7402040907
7521000  -2754.16589628739  2757.62135159156
7522000  -2754.10817549582  2759.69656081634
7523000  -2754.43248562092  2757.49759113429
7524000  -2755.43130786302  2760.10457948489
7525000  -2754.69717406918  2757.58058376919
7526000  -2754.54106557275  2759.11070892899
7527000  -2752.49384868413  2761.51261835159
7528000  -2755.27538955933  2762.02787562727
7529000  -2755.42042393107  2760.62986908882
7530000  -2755.4052924823  2761.21040088742
7531000  -2754.86303815061  2760.91836762
7532000  -2757.56807913041  2762.59580735339
7533000  -2757.95066906335  2761.62530625874
7534000  -2758.53609197273  2763.03722545012
7535000  -2760.01755893426  2762.19441567117
7536000  -2760.92129374158  2764.98646307505
7537000  -2756.99697829203  2763.26571921029
7538000  -2760.50299640781  2765.8105601313
7539000  -2760.03553865325  2763.5843514209
7540000  -2759.22074247038  2763.80384180648
7541000  -2760.23855041114  2766.10019255994
7542000  -2762.05419996173  2765.77287679613
7543000  -2761.78471168951  2764.4306968405
7544000  -2764.64727683606  2765.74064330746
7545000  -2763.85897292227  2765.82925038021
7546000  -2762.8590135607  2765.00617197572
7547000  -2767.28153897923  2765.32822462238
7548000  -2766.75916357222  2767.88873144629
7549000  -2765.46632068498  2768.8209855955
7550000  -2766.61532570742  2770.44377664759
7551000  -2767.19189969255  2770.58703415433
7552000  -2769.79661730756  2773.5284744367
7553000  -2768.91181697149  2772.31678946192
7554000  -2768.13764564815  2772.33587707895
7555000  -2768.64043068674  2773.15599788542
7556000  -2767.46403706259  2773.96148547756
7557000  -2769.11709973671  2773.70636235429
7558000  -2772.8179714539  2775.67142368109
7559000  -2769.22686761151  2776.3396224434
7560000  -2771.04685893966  2776.24809295717
7561000  -2771.53327974192  2778.53453765364
7562000  -2774.28989529988  2778.183706513
7563000  -2774.1661149616  2778.30107113025
7564000  -2771.96629792904  2780.30241622655
7565000  -2773.38256043137  2780.15000813107
7566000  -2777.19158999936  2781.17818657425
7567000  -2774.09074690475  2779.82998166513
7568000  -2776.48001694352  2783.57664097322
7569000  -2777.45004279768  2782.49588305186
7570000  -2778.34260221735  2783.29950866756
7571000  -2777.48086813544  2783.3931711863
7572000  -2778.4133081838  2783.71779358804
7573000  -2777.72980134313  2781.13728708239
7574000  -2778.79209205237  2783.71314453153
7575000  -2777.91127284659  2783.16177698322
7576000  -2781.0230529108  2779.93145556469
7577000  -2784.02584751372  2782.32127190059
7578000  -2784.73006226538  2785.73019560948
7579000  -2780.18554249607  2785.98658358987
7580000  -2784.09449779169  2785.92171670627
7581000  -2784.59128037983  2785.10163052061
7582000  -2786.37520176154  2785.96444857735
7583000  -2784.08271744678  2784.63840443761
7584000  -2785.83246349361  2784.15630660715
7585000  -2785.79698331164  2783.07856520359
7586000  -2783.14764727854  2786.1242800336
7587000  -2786.33399683647  2789.1313232841
7588000  -2786.05510476898  2786.47577552021
7589000  -2787.84629337876  2786.36130375272
7590000  -2787.72030395824  2787.56552526682
7591000  -2784.5269675916  2788.98263931463
7592000  -2788.4734828431  2786.90340273118
7593000  -2790.93949462683  2789.76856224531
7594000  -2788.76962068858  2789.16459269297
7595000  -2789.59322075775  2789.76577913475
7596000  -2790.7549745515  2789.60145092654
7597000  -2790.77210485904  2789.37219172174
7598000  -2790.19821978465  2791.3374069084
7599000  -2793.59972142264  2790.99879854893
7600000  -2792.99230865172  2792.11174600908
7601000  -2792.89887464417  2793.55493556109
7602000  -2795.485246094  2793.52319053849
7603000  -2795.17577239701  2793.37012482343
7604000  -2794.9576980643  2793.73105547012
7605000  -2792.48126460089  2794.08479304303
7606000  -2792.70380969825  2795.68508263444
7607000  -2798.20033868602  2797.46080114513
7608000  -2793.59207173586  2794.65804762499
7609000  -2798.25222065955  2797.72422166012
7610000  -2795.20159989546  2795.28461535797
7611000  -2794.94124668805  2795.18285863337
7612000  -2797.14922936587  2795.99271830772
7613000  -2797.32576972175  2793.66608294187
7614000  -2795.33871160322  2797.19972713276
7615000  -2797.17671346163  2796.444015872
7616000  -2795.78995021316  2798.06949799479
7617000  -2799.43999284146  2796.31342599234
7618000  -2800.22388800804  2798.82032414519
7619000  -2796.95510335584  2799.72741652573
7620000  -2797.43125658551  2799.29116457299
7621000  -2798.16432468373  2799.51345669684
7622000  -2798.42177149701  2799.27352003537
7623000  -2797.34187471362  2799.80777847216
7624000  -2796.74569805562  2798.13365712274
7625000  -2797.31698357461  2800.56051847443
7626000  -2797.3181560925  2800.72731295821
7627000  -2795.68026121226  2800.56022159504
7628000  -2799.00131950604  2803.03926623162
7629000  -2796.24896510426  2802.34683195073
7630000  -2803.5059889168  2801.28662636742
7631000  -2800.69575402046  2801.65363617582
7632000  -2799.14721005087  2800.59460292302
7633000  -2799.82821312185  2804.11446785939
7634000  -2801.98495376885  2804.51485146717
7635000  -2799.63889609093  2804.98344849205
7636000  -2800.00208368461  2804.87510273945
7637000  -2800.61328409612  2805.6291950126
7638000  -2804.27942743592  2805.51210033719
7639000  -2800.51357348576  2806.2749322831
7640000  -2800.8845407992  2805.91771587485
7641000  -2804.03138312901  2806.2337248237
7642000  -2804.7658290026  2806.77206443641
7643000  -2802.12927827531  2807.8796141058
7644000  -2807.8955259341  2810.43361343068
7645000  -2808.03815279441  2809.56530253591
7646000  -2805.79638675348  2809.97503684972
7647000  -2807.4832098016  2809.63025748929
7648000  -2806.47757969888  2811.39884428851
7649000  -2809.10743755833  2812.0333523819
7650000  -2809.98567375897  2813.28606430992
7651000  -2808.96249041645  2812.48247247073
7652000  -2807.89159652718  2812.94646933185
7653000  -2810.47036721048  2813.80235422085
7654000  -2811.94329009292  2814.08355038596
7655000  -2811.52164326185  2816.2461595717
7656000  -2809.80666221592  2816.370977711
7657000  -2809.30411848693  2815.29741208267
7658000  -2812.65513188829  2813.05639626448
7659000  -2813.83517762588  2815.42391468722
7660000  -2814.70378015114  2816.31842916631
7661000  -2815.52751303913  2819.7943742301
7662000  -2816.22926550681  2819.07050271029
7663000  -2815.60784301188  2819.72929819079
7664000  -2815.16995788645  2820.5699049057
7665000  -2817.42378168841  2821.91716926108
7666000  -2816.35213153392  2818.14728371471
7667000  -2816.73582684875  2821.95738270006
7668000  -2816.50132246858  2821.20747791817
7669000  -2815.38008441913  2823.14978179264
7670000  -2816.37214188963  2819.7002660553
7671000  -2817.32701213026  2824.65865450451
7672000  -2819.86413150565  2822.80799986023
7673000  -2818.97520242517  2825.14866536663
7674000  -2822.36843445357  2825.25469546775
7675000  -2822.86371277644  2829.36754586486
7676000  -2820.13934595792  2826.51832506435
7677000  -2820.9043569073  2826.24764396567
7678000  -2819.13164079958  2827.82964149401
7679000  -2818.05600438669  2825.57282425988
7680000  -2816.16947870551  2827.04197565361
7681000  -2823.66864069934  2828.82010282635
7682000  -2821.2464445576  2826.01432490902
7683000  -2821.41323318598  2828.97355715471
7684000  -2819.43270256971  2829.97984170006
7685000  -2823.02082052803  2830.14870504209
7686000  -2822.17035066209  2830.0579393586
7687000  -2823.50389728767  2829.41417497101
7688000  -2822.14137992226  2831.13265678676
7689000  -2824.8284133279  2830.47346260383
7690000  -2820.9843251531  2829.69911173546
7691000  -2824.9579735292  2832.1870535398
7692000  -2827.33428306894  2835.43343106195
7693000  -2825.69110790105  2833.23499672277
7694000  -2827.97971401096  2834.31902419898
7695000  -2828.23562179093  2835.17739771278
7696000  -2830.36463295236  2835.00744823489
7697000  -2829.57823849153  2837.1898012037
7698000  -2833.11042943477  2837.70661506893
7699000  -2829.3523681578  2835.2697245248
7700000  -2831.70164469176  2834.72238131079
7701000  -2832.37665283868  2836.41952033929
7702000  -2832.59162012619  2836.05063877713
7703000  -2836.63284908799  2835.55881726483
7704000  -2833.63233466199  2837.5627636836
7705000  -2835.10298771451  2838.43755551254
7706000  -2833.15785391551  2837.96827437596
7707000  -2836.13756465401  2838.87734983969
7708000  -2835.27148363446  2837.62316558704
7709000  -2835.99028887962  2840.28872642524
7710000  -2833.06284637473  2840.12535319573
7711000  -2835.74469370801  2837.50093150659
7712000  -2838.506549226  2840.40282707499
7713000  -2837.12363587475  2838.68945865211
7714000  -2836.50946251201  2836.98451073264
7715000  -2837.52862959709  2839.71118690951
7716000  -2835.17946016948  2840.83731472886
7717000  -2836.05726663631  2841.88523232126
7718000  -2837.10154022775  2838.23527673673
7719000  -2836.40664365823  2839.90652058753
7720000  -2837.22522935276  2842.45520995702
7721000  -2833.75784718161  2842.24370128049
7722000  -2837.60115029147  2844.92184193728
7723000  -2835.35096132296  2844.40660112112
7724000  -2833.05910594078  2842.61325010118
7725000  -2834.35055311205  2842.71261990307
7726000  -2833.24454865537  2840.9844334565
7727000  -2833.61678672262  2843.54162486747
7728000  -2835.260479072  2844.7600643822
7729000  -2833.84658235367  2842.99783366279
7730000  -2834.08928420062  2845.06201606184
7731000  -2834.77511409321  2842.46282906507
7732000  -2834.66423039179  2843.50097482
7733000  -2834.39321468824  2843.48351748785
7734000  -2834.16113983685  2847.03366850764
7735000  -2835.74533857554  2848.0989540861
7736000  -2835.91975873406  2847.89251610461
7737000  -2835.99224007916  2846.59885751435
7738000  -2839.61906105634  2848.8747967683
7739000  -2837.04659485228  2848.11506916203
7740000  -2836.2118112967  2848.10127924138
7741000  -2839.89095117303  2846.57257330747
7742000  -2839.07758715912  2847.32115622598
7743000  -2838.15693715908  2849.28600356567
7744000  -2838.05366427028  2848.0552222852
7745000  -2839.76628897002  2852.70643727184
7746000  -2840.99112467609  2852.03955997361
7747000  -2841.73365927803  2848.65273705918
7748000  -2843.98913186515  2849.86130905236
7749000  -2843.02418413523  2849.70201219482
7750000  -2843.74438329257  2854.0867320691
7751000  -2845.2680719991  2852.46407413023
7752000  -2845.08462172081  2856.79985975802
7753000  -2844.52504508789  2856.00358423533
7754000  -2845.61408411318  2857.77653918765
7755000  -2845.60762507932  2856.64729080289
7756000  -2846.67189355466  2856.18504415369
7757000  -2847.30583202743  2856.4398733974
7758000  -2846.20568512183  2857.47256192122
7759000  -2846.0317782363  2857.48573024879
7760000  -2848.55734597238  2859.98403759452
7761000  -2850.50750240444  2857.825752634
7762000  -2848.70658809167  2858.65330955464
7763000  -2850.35691184265  2859.9858953305
7764000  -2849.94377826692  2860.16154949516
7765000  -2851.106164354  2862.77269556983
7766000  -2851.77587919952  2861.17695775901
7767000  -2850.50701347506  2861.66915318341
7768000  -2853.42118258751  2861.37378846328
7769000  -2852.14547459325  2860.91617264675
7770000  -2850.21190302513  2863.53546006688
7771000  -2852.71955818165  2867.10498057492
7772000  -2853.73468499622  2866.43150973737
7773000  -2851.66124968556  2867.78779352244
7774000  -2853.27896831257  2867.75651119211
7775000  -2851.35432711867  2868.74780476485
7776000  -2852.40718261385  2867.71294939177
7777000  -2853.57765934813  2868.79512862608
7778000  -2853.69632314177  2870.82636885695
7779000  -2854.95145407387  2868.99714571364
7780000  -2854.59498084155  2869.53106215466
7781000  -2855.49957487143  2866.9622042842
7782000  -2856.28164030825  2869.41587289852
7783000  -2853.34790750718  2869.57005538195
7784000  -2854.94717762319  2868.75428515976
7785000  -2853.25439474645  2871.42393483967
7786000  -2852.99700287109  2871.33917125259
7787000  -2854.30604260227  2871.31503706704
7788000  -2856.19807936219  2872.13188356094
7789000  -2857.64661386753  2872.36132826598
7790000  -2858.45366480082  2874.94059545836
7791000  -2858.16367791333  2874.47117844357
7792000  -2858.08967065278  2873.80366018841
7793000  -2856.23524393872  2873.33945612517
7794000  -2861.08277206101  2873.84780752295
7795000  -2860.98408171373  2872.97490974349
7796000  -2858.16375530966  2875.18152162568
7797000  -2859.410906387  2874.65859434748
7798000  -2859.25824064769  2875.54993674328
7799000  -2862.08297047563  2871.69772565748
7800000  -2861.65870202742  2874.6539550873
7801000  -2862.38937200044  2873.53891281292
7802000  -2863.2201004789  2873.43076602053
7803000  -2861.196520633  2875.14694471812
7804000  -2864.0073331012  2876.01846423449
7805000  -2860.71762204733  2875.64190783063
7806000  -2863.24866238343  2878.86897999776
7807000  -2861.52033398437  2875.84839528912
7808000  -2862.70525266535  2878.47406076347
7809000  -2865.68070044454  2879.64289128647
7810000  -2863.71858417575  2876.42126127125
7811000  -2866.20913385734  2875.91179865161
7812000  -2868.31166225541  2877.91101407064
7813000  -2866.03108696926  2878.30157468346
7814000  -2867.08300184178  2877.61441962723
7815000  -2867.1587141844  2880.14749400889
7816000  -2867.17129839365  2878.84661119294
7817000  -2867.19360527146  2879.39430105525
7818000  -2867.90234981296  2881.64772464493
7819000  -2865.54666302587  2880.79749003149
7820000  -2867.63233927787  2882.65893515755
7821000  -2865.87822617275  2882.1980242536
7822000  -2867.81453933228  2883.00889704821
7823000  -2866.57381768227  2885.48544286439
7824000  -2868.74754969113  2884.9979681415
7825000  -2868.70821054627  2885.50013896272
7826000  -2868.38638548596  2882.51632189097
7827000  -2868.68485719338  2886.82020771179
7828000  -2868.84246907572  2882.9904710595
7829000  -2870.54586233591  2886.78795490562
7830000  -2870.27517581207  2886.1200789847
7831000  -2870.44290628755  2888.3012276694
7832000  -2872.09766103726  2890.01373081732
7833000  -2872.85431211857  2887.79987658639
7834000  -2873.60900324805  2892.61377828277
7835000  -2874.40773462157  2891.24099503939
7836000  -2875.28182171646  2889.74885154029
7837000  -2874.23057636049  2892.61552586886
7838000  -2871.86117322116  2892.64843981059
7839000  -2874.31168830733  2894.87269115048
7840000  -2874.43734266452  2892.51848361659
7841000  -2875.98835837157  2894.62186412414
7842000  -2875.70584786634  2891.66135570774
7843000  -2873.0474595569  2894.71472728216
7844000  -2875.87767601951  2895.75185790256
7845000  -2876.54370511542  2891.98115517705
7846000  -2878.15090606983  2896.97744340064
7847000  -2877.63855888187  2894.15588188153
7848000  -2879.59226028912  2896.45100950319
7849000  -2879.96673653417  2896.56803608414
7850000  -2877.97479688926  2896.62945816291
7851000  -2878.51052462173  2895.15357005093
7852000  -2879.9449545089  2895.33273263515
7853000  -2878.48777548168  2894.04485717311
7854000  -2873.1147511426  2895.44446673202
7855000  -2877.09620792683  2896.59890785463
7856000  -2880.16936295858  2894.73773951308
7857000  -2878.31282094151  2899.84434234106
7858000  -2879.73490205915  2895.9821303836
7859000  -2881.08983020475  2894.05434590233
7860000  -2881.2626190117  2897.05722761011
7861000  -2881.26729992283  2896.40212260508
7862000  -2882.85274409638  2895.73638213691
7863000  -2882.60250578215  2896.77151639617
7864000  -2881.35522334145  2897.16346889996
7865000  -2882.58416886766  2898.16999053556
7866000  -2882.44747905692  2898.9543385965
7867000  -2884.27993634097  2897.86771457946
7868000  -2882.88864931594  2896.99614786713
7869000  -2886.30146943908  2897.59286573711
7870000  -2884.12130225675  2897.36926761238
7871000  -2888.45163950731  2900.45130842285
7872000  -2887.08729863837  2899.74604659702
7873000  -2888.68478944386  2898.8721680614
7874000  -2890.88056711137  2900.53914715462
7875000  -2888.99368406723  2901.91529414769
7876000  -2888.9696710698  2899.91340856055
7877000  -2890.43783845598  2900.01984805707
7878000  -2888.2306325731  2901.9058659341
7879000  -2888.47182679092  2900.59310283061
7880000  -2889.15360321728  2901.28724172058
7881000  -2890.78554996065  2901.48477479427
7882000  -2889.39143869974  2898.44399068128
7883000  -2890.9757703038  2902.4329515857
7884000  -2890.30078733052  2904.17425547961
7885000  -2890.03489142783  2903.79031398698
7886000  -2893.11589230982  2905.94000912153
7887000  -2893.70117897577  2903.76293200245
7888000  -2894.61364605934  2904.16131376663
7889000  -2893.39427385063  2906.10926689056
7890000  -2891.96221847827  2905.73396902238
7891000  -2894.29025009195  2906.98410700258
7892000  -2896.56340891058  2903.70407842507
7893000  -2896.7070063417  2907.07599172858
7894000  -2893.24582673098  2907.22837434017
7895000  -2896.06589172641  2909.05136156254
7896000  -2895.77628021057  2908.2572508184
7897000  -2898.1072775165  2908.1888890495
7898000  -2897.98191336009  2909.73205877975
7899000  -2895.58857838988  2911.12137814096
7900000  -2896.59572299793  2911.84557916659
7901000  -2895.30311059137  2910.99140345964
7902000  -2898.69907767373  2912.61755586889
7903000  -2901.52506822315  2914.09593006525
7904000  -2898.33929052049  2915.0501543393
7905000  -2899.15446030033  2916.15163053635
7906000  -2900.96980499115  2916.69409120561
7907000  -2900.56884513164  2918.01897691597
7908000  -2900.47965929198  2918.09978250093
7909000  -2901.34271779113  2919.99961268743
7910000  -2903.86258249942  2920.09424133399
7911000  -2903.93718073417  2920.74827091044
7912000  -2901.13684563725  2918.85745232223
7913000  -2900.82043836123  2919.46978597004
7914000  -2903.36363591197  2919.9214819058
7915000  -2901.82096427411  2923.61911841904
7916000  -2903.48119933772  2922.62681450707
7917000  -2904.15174066067  2923.17988917693
7918000  -2902.62329012327  2923.23549940902
7919000  -2904.7480251136  2923.94920764386
7920000  -2906.52728106403  2924.75277952181
7921000  -2909.26135239573  2925.60654254194
7922000  -2908.10286312207  2924.08639809482
7923000  -2909.06950722802  2924.84084126813
7924000  -2907.52835949069  2925.14217463025
7925000  -2907.90295025338  2928.74675476064
7926000  -2911.76337428607  2929.09773492431
7927000  -2911.90800249182  2926.57116102898
7928000  -2910.64818835145  2928.40627079848
7929000  -2913.11445695316  2926.75470297628
7930000  -2911.63297877989  2929.55259844175
7931000  -2909.37317236452  2927.46279951804
7932000  -2911.76623898257  2930.00364574995
7933000  -2913.22689540552  2930.88904437842
7934000  -2914.51897634403  2930.36650020226
7935000  -2917.40733256732  2930.17802784771
7936000  -2910.39249257741  2928.82299341457
7937000  -2912.60858551563  2929.02542411503
7938000  -2914.85483975077  2927.69045139325
7939000  -2915.32807219551  2927.45837124269
7940000  -2915.93977508751  2930.7710882368
7941000  -2917.74783247276  2931.51996551407
7942000  -2914.59884441529  2931.80853991983
7943000  -2915.73821443356  2932.49955522044
7944000  -2916.89424644971  2930.51827926239
7945000  -2914.68100842221  2932.1989384662
7946000  -2917.90701015985  2933.80298645734
7947000  -2917.79159023793  2932.83247210059
7948000  -2918.2344467251  2934.88489000708
7949000  -2919.01787553392  2936.09345053735
7950000  -2920.70602750525  2935.12138516859
7951000  -2919.36637097857  2936.10569686172
7952000  -2921.64516349509  2937.97232403872
7953000  -2920.56412119587  2935.74914201352
7954000  -2922.51434601444  2934.35032917614
7955000  -2922.42330369688  2936.10376521188
7956000  -2921.01832543166  2936.11412693879
7957000  -2923.15071952269  2936.15913815179
7958000  -2923.78919210294  2937.25840830163
7959000  -2919.12621872894  2938.73263350248
7960000  -2922.02319074142  2937.80412803015
7961000  -2921.57893088451  2937.40288574695
7962000  -2922.97136807316  2938.58281761148
7963000  -2921.76293394031  2937.17150193361
7964000  -2922.23802591612  2937.10275417149
7965000  -2921.83434097428  2937.26268714033
7966000  -2923.05985806497  2940.7156369597
7967000  -2922.16739722252  2937.94017501958
7968000  -2921.49112106134  2939.19878400571
7969000  -2923.7235474925  2939.27432821118
7970000  -2923.37807648699  2941.10893349991
7971000  -2925.97066570245  2938.93435489234
7972000  -2926.35539540375  2939.70637617132
7973000  -2927.71965524444  2940.77381006623
7974000  -2930.82689600187  2941.42215132163
7975000  -2927.40813425248  2940.78244895021
7976000  -2925.74052634472  2940.55457788305
7977000  -2929.28129224193  2939.00306810974
7978000  -2927.69870099659  2942.79281705205
7979000  -2926.1661259481  2941.7296485466
7980000  -2926.345972992  2944.15607866198
7981000  -2927.74638175191  2945.91721215122
7982000  -2928.20773477015  2942.24790120257
7983000  -2929.01576514324  2942.53289569254
7984000  -2932.02842703825  2943.50591583458
7985000  -2931.15781181144  2942.58204628588
7986000  -2929.24906446117  2944.13731200599
7987000  -2929.3503710194  2942.70135385365
7988000  -2929.75041053996  2944.47769226145
7989000  -2928.07917471615  2941.71867022566
7990000  -2929.87216965783  2942.50375777934
7991000  -2930.1822173557  2944.14203227976
7992000  -2931.05067407623  2945.0186295924
7993000  -2928.68364150796  2945.42535026993
7994000  -2932.14580049548  2945.08226574383
7995000  -2930.03163883682  2943.16047316791
7996000  -2928.64759640124  2945.96136102203
7997000  -2926.95623343591  2947.51147330167
7998000  -2931.61355759606  2948.21014163575
7999000  -2929.51819351077  2947.20790834333
8000000  -2931.72529104232  2945.10503250331
8001000  -2931.99159006834  2946.24474327835
8002000  -2931.64359575758  2948.76846419807
8003000  -2931.74171926534  2945.71976640427
8004000  -2933.14574495561  2946.19097509488
8005000  -2935.13361827319  2946.01660128288
8006000  -2935.94070842668  2946.84005781583
8007000  -2933.31557967205  2947.127110472
8008000  -2934.45301225061  2948.256623948
8009000  -2932.35296147428  2947.95597552728
8010000  -2935.84449686506  2950.84276305201
8011000  -2933.20374210994  2949.45888201732
8012000  -2933.57926898741  2949.23332517596
8013000  -2933.58792301115  2948.06823681395
8014000  -2934.79855516656  2952.84438374482
8015000  -2935.87588234995  2950.00117717939
8016000  -2934.19676238727  2950.33911439108
8017000  -2935.18776968457  2953.53706014706
8018000  -2935.15332181551  2954.18658014096
8019000  -2937.66048202966  2953.10389515455
8020000  -2934.96420433527  2954.42247159301
8021000  -2938.23498698666  2955.40610224654
8022000  -2937.44184666678  2954.03878827619
8023000  -2938.73229613223  2952.86777436833
8024000  -2937.66093416541  2953.92406549977
8025000  -2941.09058536536  2956.97525778891
8026000  -2939.96959008916  2954.83142908257
8027000  -2940.38621091539  2953.94539193987
8028000  -2940.26363229973  2954.7939222852
8029000  -2941.53896654006  2956.44851013177
8030000  -2941.633529139  2954.73713068098
8031000  -2940.79435607927  2959.3653955983
8032000  -2940.72415095705  2959.65064643884
8033000  -2941.03007503673  2959.98475703911
8034000  -2941.22400025878  2959.64964619615
8035000  -2941.58648943143  2958.78167760732
8036000  -2945.02267851838  2958.62403305011
8037000  -2944.16672938947  2958.62148056199
8038000  -2944.42309109163  2958.3507806032
8039000  -2943.98672906884  2959.15013014119
8040000  -2943.69763267162  2959.27461136011
8041000  -2943.35079280807  2957.14199412029
8042000  -2944.28734770069  2960.10053126493
8043000  -2944.63754184064  2959.94943657987
8044000  -2945.29381968868  2961.39127664097
8045000  -2944.86123610494  2959.96736956946
8046000  -2947.04991411428  2960.79979469905
8047000  -2949.20974374986  2959.02863065259
8048000  -2945.22177170718  2957.92306048452
8049000  -2949.07330267437  2960.02050162404
8050000  -2948.64659284521  2960.54521330577
8051000  -2950.09098184237  2959.51139378567
8052000  -2947.57493420775  2958.45866506714
8053000  -2950.19167920232  2959.37780089401
8054000  -2949.09905709243  2959.67106063041
8055000  -2949.17006039819  2960.91357550545
8056000  -2949.01703926156  2964.15876589722
8057000  -2950.95198635839  2963.71400462059
8058000  -2951.11643526378  2962.64662005959
8059000  -2951.11682995525  2961.34080745698
8060000  -2949.53222045664  2963.26251044293
8061000  -2949.76052381372  2962.6563250582
8062000  -2951.46102617889  2963.0642478803
8063000  -2952.47346024166  2965.26117566911
8064000  -2953.36942409864  2966.4980370747
8065000  -2951.79199355878  2963.90346943115
8066000  -2953.23997088094  2966.20898239119
8067000  -2952.76887906623  2963.99896374631
8068000  -2953.8023903566  2966.76191021372
8069000  -2955.37526104751  2966.27806477682
8070000  -2953.15422090508  2962.75491002375
8071000  -2955.33462866753  2966.34407981711
8072000  -2954.8965212255  2967.84290961231
8073000  -2956.76129720457  2967.60844169186
8074000  -2957.61966290919  2967.71333171088
8075000  -2956.3249434947  2966.43398470799
8076000  -2955.74924143719  2968.29031225555
8077000  -2960.0109011067  2964.95717252124
8078000  -2958.51686682519  2968.82999510673
8079000  -2955.80675929923  2967.80244303658
8080000  -2958.11081095821  2971.80503536037
8081000  -2959.26808043388  2969.64831966077
8082000  -2959.93548930385  2971.59410485634
8083000  -2960.71589644439  2972.38793624604
8084000  -2960.17596945321  2971.47921372925
8085000  -2963.30771728464  2972.14636927885
8086000  -2963.48553105829  2972.33224481133
8087000  -2960.69712365596  2971.90155795116
8088000  -2962.18355756539  2973.98088944529
8089000  -2960.866118213  2974.89323540119
8090000  -2962.10867881695  2973.36656892797
8091000  -2962.29907876336  2975.30729004341
8092000  -2962.35574205933  2974.81756661464
8093000  -2961.87194433408  2974.59514391831
8094000  -2964.90353867569  2976.68773739907
8095000  -2962.77331480969  2972.76412723844
8096000  -2964.96050677764  2975.86543939898
8097000  -2962.70554226432  2977.94091349985
8098000  -2967.04417506085  2978.03723352382
8099000  -2965.96182887365  2979.03232710605
8100000  -2963.94515010648  2980.30849095812
8101000  -2967.14464911821  2980.2063477631
8102000  -2966.00876652775  2980.29076012082
8103000  -2967.42309268156  2979.30204622266
8104000  -2968.73377755666  2982.09718515864
8105000  -2968.85361942925  2982.42957613887
8106000  -2968.33798227086  2980.57977415604
8107000  -2969.53230555359  2986.35060666664
8108000  -2967.10829321134  2983.35440281094
8109000  -2971.68463094715  2983.85357846768
8110000  -2970.77221875184  2984.74777381418
8111000  -2972.044115442  2984.3983821106
8112000  -2971.71036724378  2983.75500873993
8113000  -2969.99029722091  2985.54693036283
8114000  -2971.45093696284  2984.20122072297
8115000  -2974.71383385612  2985.81602325942
8116000  -2971.64342994709  2986.13362449379
8117000  -2971.14090625612  2982.57380030962
8118000  -2973.93792748917  2986.24295227867
8119000  -2972.68155962297  2985.92179668065
8120000  -2973.71497984928  2985.20071667527
8121000  -2972.6562839339  2989.16831292349
8122000  -2972.91136278459  2989.32461104211
8123000  -2976.02933062673  2991.93547059934
8124000  -2972.45700102749  2990.51005818061
8125000  -2974.68869848308  2990.37226011416
8126000  -2975.6516081322  2993.20753672597
8127000  -2974.82995182905  2990.17860540932
8128000  -2974.67137283013  2993.31168133724
8129000  -2976.72056423754  2992.67702397423
8130000  -2974.59471711655  2992.86745461139
8131000  -2978.66217778278  2995.52839877019
8132000  -2976.67824604664  2993.9547906056
8133000  -2978.35649442922  2995.93811793741
8134000  -2981.214659932  2995.03646553985
8135000  -2977.3977479179  2994.63432634994
8136000  -2978.17117941067  2996.41533072382
8137000  -2979.82193750509  2994.35684394766
8138000  -2980.63085012313  2994.82473428191
8139000  -2982.7543683615  2998.55984311468
8140000  -2980.65548730929  2998.04494711057
8141000  -2984.40256950139  2996.47340074942
8142000  -2986.48298638118  2998.48194863735
8143000  -2985.82154956509  2998.08324873589
8144000  -2984.99050465432  2996.70184836264
8145000  -2985.46963267577  3000.91600552144
8146000  -2986.45384680489  2997.59943965329
8147000  -2986.71252068901  2996.37984888439
8148000  -2986.63290471629  2998.61788807822
8149000  -2987.59970377724  2999.99563585723
8150000  -2990.63392111166  2998.93801367864
8151000  -2987.53737713043  3000.61927353395
8152000  -2988.32386415602  3001.97880707503
8153000  -2989.95274454491  3000.20335488932
8154000  -2988.64046023388  3001.77948079842
8155000  -2987.43408289938  3003.50422223689
8156000  -2990.54509265282  3004.68824349168
8157000  -2990.50069690256  3003.09836111646
8158000  -2989.32668495681  3001.6044035014
8159000  -2988.75833016618  3005.32571116918
8160000  -2991.14468348805  3004.61521034143
8161000  -2992.09878104322  3003.39114791503
8162000  -2988.713376254  3002.1928149364
8163000  -2992.29487682996  3002.95544696484
8164000  -2990.15151123222  3006.50335513232
8165000  -2992.56120029573  3003.88573495492
8166000  -2993.72592836198  3007.55806441693
8167000  -2993.20296633056  3007.04420962922
8168000  -2992.621749043  3008.37881883653
8169000  -2992.9578231459  3008.68699021314
8170000  -2994.09001881013  3006.72817976432
8171000  -2994.67944801575  3007.46830714551
8172000  -2996.22423173835  3010.55440107277
8173000  -2996.33988222688  3009.39960325062
8174000  -2998.43399188951  3011.26137989568
8175000  -2997.96509080437  3009.31073020555
8176000  -2996.84656974664  3008.57271065082
8177000  -2998.57388581283  3012.48165464548
8178000  -3001.44355899387  3012.07967902628
8179000  -2997.38382641327  3011.18485593348
8180000  -2995.86927385805  3010.12352496883
8181000  -2998.71174165598  3010.75604803259
8182000  -2995.59250737407  3011.6439880363
8183000  -3000.64244627181  3011.61312055214
8184000  -2997.99485197733  3013.18776926101
8185000  -2997.98139837975  3013.00890236131
8186000  -2997.82173917198  3011.08009370139
8187000  -2999.22950713337  3011.11711188743
8188000  -2999.79418167363  3012.04761095993
8189000  -3000.59803767928  3014.36029250506
8190000  -3000.93918115906  3012.6434269696
8191000  -2999.71282636016  3011.5217230339
8192000  -3000.559396802  3011.54773289751
8193000  -3001.62160973815  3012.74290206247
8194000  -3001.30158524618  3014.83935328737
8195000  -3003.00180280696  3015.28330008161
8196000  -3003.80028657612  3014.81906345469
8197000  -3002.08047711708  3014.8370884692
8198000  -3003.9028003352  3014.90227184941
8199000  -3006.30044174253  3016.38881938861
8200000  -3002.10427673155  3016.07093650887
8201000  -3006.40219700496  3016.04033084728
8202000  -3004.61173338169  3016.13610660722
8203000  -3007.38304232297  3016.44396384745
8204000  -3004.84964774896  3015.81876227382
8205000  -3005.55094368465  3014.65304558951
8206000  -3005.14757915529  3017.08958571293
8207000  -3005.77887524704  3018.2212165901
8208000  -3008.33654701325  3017.6368148595
8209000  -3006.83551300186  3016.019250022
8210000  -3007.8156913211  3017.7239709315
8211000  -3007.12855344828  3016.8460556975
8212000  -3010.09184547525  3016.59431134146
8213000  -3007.40674076272  3017.42552502859
8214000  -3007.24965328592  3018.30302741428
8215000  -3010.91658189991  3017.46728469873
8216000  -3006.65115625667  3019.61123223159
8217000  -3008.64992824185  3021.13718702739
8218000  -3008.2837478026  3020.82918391573
8219000  -3010.36437158533  3021.27953681724
8220000  -3008.70945389796  3021.36973595431
8221000  -3010.2255879234  3019.46977766389
8222000  -3009.47341179283  3021.484578133
8223000  -3011.68458868622  3022.37994826001
8224000  -3012.02878619386  3021.99080985191
8225000  -3011.19750764135  3023.30269522887
8226000  -3013.5248786596  3022.95173856655
8227000  -3014.55729151123  3023.13330151426
8228000  -3015.22854727237  3025.34516777432
8229000  -3013.40427176806  3025.82937968167
8230000  -3013.67810532806  3024.55520709255
8231000  -3017.38013888871  3024.93204293952
8232000  -3016.37998325388  3026.05168290327
8233000  -3015.31042388173  3027.36864437512
8234000  -3016.77772808646  3024.29491293381
8235000  -3016.1824905638  3026.98950491008
8236000  -3016.23491635682  3030.05860060847
8237000  -3018.27331369859  3027.22835541265
8238000  -3019.13905016139  3029.2890176932
8239000  -3016.31556964162  3029.95459835472
8240000  -3015.52916690891  3028.95063731597
8241000  -3018.31140436206  3029.48942665938
8242000  -3018.38807241247  3029.43652586516
8243000  -3019.3175869967  3029.00106879091
8244000  -3018.06144103966  3028.70546366616
8245000  -3016.36046612329  3029.97013856353
8246000  -3017.11597034727  3030.13919806301
8247000  -3016.0185134377  3031.93761538938
8248000  -3019.24006690006  3031.70982736684
8249000  -3020.78829782485  3032.05650692325
8250000  -3018.52704189887  3034.85597785796
8251000  -3019.51452394515  3035.16508331349
8252000  -3019.04555371367  3035.13849142418
8253000  -3018.79392018702  3039.09667431965
8254000  -3019.64819173824  3035.55360806536
8255000  -3019.07023908623  3038.03695946632
8256000  -3020.88385324583  3036.29605875403
8257000  -3021.7328072772  3036.59209747678
8258000  -3020.60301276966  3037.924681058
8259000  -3021.35935328402  3037.0103883861
8260000  -3021.39988774775  3040.55227888692
8261000  -3025.66323590439  3038.11944480458
8262000  -3022.20032661718  3039.8037398051
8263000  -3028.10469228997  3039.11017819511
8264000  -3025.14790508832  3039.8855100518
8265000  -3025.20151525749  3040.96149761315
8266000  -3025.79511985296  3041.41166441079
8267000  -3024.94508703756  3037.69593801442
8268000  -3024.95514095241  3040.0382680315
8269000  -3026.45218002906  3040.5752436656
8270000  -3029.12849584449  3043.13024485454
8271000  -3026.31118264576  3042.66223773754
8272000  -3027.93526749197  3043.07205906278
8273000  -3027.41610052592  3039.54826220702
8274000  -3026.0004773792  3043.20092918715
8275000  -3027.33504365261  3041.54255959948
8276000  -3028.24899570867  3042.91762815878
8277000  -3028.57943434893  3044.63867617602
8278000  -3028.07877681123  3046.15518605015
8279000  -3029.79260608503  3044.50872087328
8280000  -3029.21176832105  3046.13002573015
8281000  -3030.68066530688  3046.48349330267
8282000  -3031.73196875536  3046.37275837168
8283000  -3031.11048829206  3048.14127176183
8284000  -3030.56026090517  3046.90359065826
8285000  -3032.74292469335  3047.34322769945
8286000  -3031.72932447907  3047.47336929313
8287000  -3033.51834461773  3049.86049220268
8288000  -3034.29509395867  3049.63110749486
8289000  -3034.83637370953  3051.55479607874
8290000  -3037.13446888734  3050.67885427917
8291000  -3038.56997938433  3050.77302388868
8292000  -3033.38760343424  3050.06487199087
8293000  -3036.94462653791  3049.41800322139
8294000  -3037.8805959145  3050.84602259683
8295000  -3039.21307469016  3051.86165337842
8296000  -3040.1936630232  3051.34345295553
8297000  -3042.14281107224  3050.20588357335
8298000  -3038.26507674274  3049.87044868576
8299000  -3042.45207978521  3051.71705276769
8300000  -3040.69635663735  3052.29537825062
8301000  -3037.45802302471  3053.91242789637
8302000  -3040.48181195485  3054.10384390764
8303000  -3042.36436167057  3054.77862091951
8304000  -3041.82947912898  3052.92022834659
8305000  -3043.55090202497  3056.51770945208
8306000  -3044.47399008001  3055.33500131701
8307000  -3043.66867906695  3057.43144640944
8308000  -3044.46709548242  3056.86800172061
8309000  -3043.09744023208  3057.27717359374
8310000  -3043.33736073897  3056.29871111751
8311000  -3046.09041556568  3056.42281065645
8312000  -3044.88664847959  3055.78113493359
8313000  -3045.99041912257  3055.98432029992
8314000  -3043.96571844677  3058.72966396326
8315000  -3045.49785515754  3058.26638514294
8316000  -3048.54838904743  3058.55813039044
8317000  -3046.46765002114  3056.8175842457
8318000  -3048.83000929434  3058.81075648415
8319000  -3050.72102797525  3057.87932261886
8320000  -3049.92557522614  3059.4164410125
8321000  -3048.18764103576  3057.79801340238
8322000  -3050.38753481847  3060.24922755224
8323000  -3052.15422471155  3058.92197794468
8324000  -3051.93202692941  3059.49375214414
8325000  -3054.62855374041  3060.28227737682
8326000  -3054.41843484556  3058.53111225543
8327000  -3056.85101016444  3057.3708913531
8328000  -3055.24411165778  3059.68977245515
8329000  -3056.60183991102  3058.18856821733
8330000  -3055.51865565779  3056.39308739443
8331000  -3058.62222345646  3060.34831656008
8332000  -3057.77142457079  3062.79422217133
8333000  -3059.73573204529  3063.53531161686
8334000  -3061.42866785254  3060.12535656184
8335000  -3056.09660153109  3063.72011384289
8336000  -3056.85211939968  3063.63880134348
8337000  -3055.91361388426  3061.78219204981
8338000  -3055.02602663663  3065.72810614838
8339000  -3059.15975978655  3062.07446142378
8340000  -3058.03810544604  3068.07736658782
8341000  -3055.8689846247  3063.99501935534
8342000  -3060.23499210822  3066.02771202102
8343000  -3057.20677975573  3068.05095804699
8344000  -3059.89374305598  3069.08471728864
8345000  -3058.85322983778  3067.8669688985
8346000  -3058.85250552216  3070.12580339273
8347000  -3058.80289568581  3068.10961599055
8348000  -3058.40891133285  3071.09559320234
8349000  -3062.15781905852  3070.11138759966
8350000  -3063.15649395545  3070.32683895488
8351000  -3063.26440902185  3070.2332665513
8352000  -3061.9274379451  3070.34193012093
8353000  -3064.87302118273  3071.38196376575
8354000  -3063.38536713887  3070.64893679382
8355000  -3065.45598512361  3068.09387916668
8356000  -3065.23472065559  3072.01256260417
8357000  -3066.70808080638  3073.25420510894
8358000  -3065.8524431804  3071.59312386648
8359000  -3065.82477905753  3070.96350885055
8360000  -3067.87827378517  3071.26164050605
8361000  -3068.31490125744  3068.95073697475
8362000  -3069.59051205624  3069.22621432426
8363000  -3066.82695629939  3072.1761163764
8364000  -3065.92966094857  3072.64340020867
8365000  -3067.67901125937  3073.36198894054
8366000  -3069.25888830689  3072.59751537897
8367000  -3070.42896810458  3072.00512834318
8368000  -3074.92999327558  3074.40688549996
8369000  -3072.81804827201  3074.7228613128
8370000  -3072.80064136263  3075.75158180733
8371000  -3074.44289386053  3075.55805393483
8372000  -3076.19033803517  3073.52252252574
8373000  -3076.46961972221  3074.32497457631
8374000  -3077.98950957389  3075.76792066706
8375000  -3077.96100333587  3075.35104958206
8376000  -3078.6589228392  3077.24711446154
8377000  -3079.62251381964  3077.21882484675
8378000  -3079.37794043635  3077.61409421744
8379000  -3078.358135652  3077.28961986883
8380000  -3078.21395957701  3081.07161838056
8381000  -3080.34921498479  3079.24846362222
8382000  -3081.71868579918  3079.01883033941
8383000  -3080.38635471136  3080.78754599591
8384000  -3080.29784146289  3080.58896529078
8385000  -3079.36091479222  3077.11781706568
8386000  -3081.24822740465  3081.0774226747
8387000  -3082.10223199882  3083.28331270392
8388000  -3080.5202950972  3083.14920626208
8389000  -3079.0038507743  3084.94632329226
8390000  -3081.00370984292  3083.31903094839
8391000  -3078.89306259  3087.65332000156
8392000  -3080.48032504191  3086.29642048281
8393000  -3080.47728286297  3087.02140916463
8394000  -3082.2512011972  3086.51701636733
8395000  -3082.45762257768  3087.76726266233
8396000  -3083.87960471068  3087.47945750942
8397000  -3083.4505840676  3089.58396658417
8398000  -3085.0879403132  3089.70997969282
8399000  -3086.58108958683  3089.82544675962
8400000  -3084.85368427225  3090.09106100468
8401000  -3085.06976773422  3091.0159786363
8402000  -3085.91785732141  3085.98091492645
8403000  -3084.3524562709  3091.39278531353
8404000  -3085.94461228144  3090.44527413475
8405000  -3087.76841156127  3090.7450778528
8406000  -3087.40060386595  3091.60794167709
8407000  -3089.34504385518  3095.02752237487
8408000  -3090.30548506514  3090.99284194976
8409000  -3087.84785562966  3092.2788492197
8410000  -3088.27871797897  3093.85263741576
8411000  -3086.58852144939  3093.31221469743
8412000  -3087.03027929412  3093.17857182701
8413000  -3088.35525900122  3092.74596154244
8414000  -3091.12650460471  3093.55174825373
8415000  -3090.90931203964  3093.96085956262
8416000  -3089.49240813391  3092.43546924186
8417000  -3092.17633932337  3093.02178426881
8418000  -3093.39350812062  3095.0030987247
8419000  -3092.79112313901  3095.10672484818
8420000  -3091.81256154719  3095.26154132098
8421000  -3092.19079548384  3094.35655768468
8422000  -3093.64517121217  3095.62214094439
8423000  -3090.96776593452  3097.51210171817
8424000  -3092.59286142274  3096.13559452362
8425000  -3094.62742111187  3097.33038745159
8426000  -3093.95191022015  3096.14228092479
8427000  -3094.75292333767  3098.75637325387
8428000  -3090.93364365932  3097.53199031166
8429000  -3094.38037657083  3098.2415103615
8430000  -3095.02687767977  3099.28163088697
8431000  -3092.84237609713  3099.13453273523
8432000  -3092.60003535364  3099.68472805187
8433000  -3093.27665475426  3100.51238798743
8434000  -3093.38528371432  3099.54978776699
8435000  -3095.85211734933  3102.79373303009
8436000  -3098.90929666077  3098.74152000715
8437000  -3096.96699302274  3099.66164000583
8438000  -3097.06469066289  3098.6744493241
8439000  -3097.49471556659  3103.27469915787
8440000  -3096.46901692749  3100.5538584473
8441000  -3097.55087094153  3100.34851344898
8442000  -3097.42111726858  3101.67891897174
8443000  -3098.95212017233  3102.17178486544
8444000  -3096.8606282292  3103.69287822665
8445000  -3099.16036542683  3103.1141718718
8446000  -3098.73595348428  3103.52803182664
8447000  -3097.84232704814  3104.67306690471
8448000  -3101.20658257096  3103.48836850419
8449000  -3097.77489350077  3103.75502256379
8450000  -3100.39772077985  3104.7835598135
8451000  -3102.10277263177  3105.31753538073
8452000  -3099.17558943382  3103.18717355045
8453000  -3101.19980119762  3106.54669284534
8454000  -3104.16500228901  3106.44430228395
8455000  -3102.07534220619  3106.5522798647
8456000  -3102.78941014422  3108.879945898
8457000  -3103.71591890785  3108.08650909182
8458000  -3103.88432514322  3109.29830108846
8459000  -3103.33236508249  3104.59663582382
8460000  -3105.51626166593  3107.88394842488
8461000  -3102.92917450697  3108.87937862405
8462000  -3104.09247347517  3113.32402580368
8463000  -3105.72855795938  3108.46185709152
8464000  -3107.30531336032  3114.30167977152
8465000  -3108.70475902992  3114.32626048142
8466000  -3104.6210798413  3114.12804788932
8467000  -3105.25770794329  3113.23866533223
8468000  -3105.7844877424  3114.00260493469
8469000  -3107.6303941711  3114.16383418048
8470000  -3109.36414586217  3114.84804877423
8471000  -3107.10608341315  3115.33645608559
8472000  -3108.73304411399  3115.57139352397
8473000  -3105.53707929742  3115.8073642072
8474000  -3104.47028906331  3114.67334675987
8475000  -3107.55057826295  3115.8473207832
8476000  -3106.96134470697  3118.18851938981
8477000  -3108.89770943019  3118.62860806894
8478000  -3107.52906656681  3117.15404748881
8479000  -3112.57234077441  3118.68481784581
8480000  -3113.44296841068  3116.96479855323
8481000  -3114.59096953157  3116.93730563625
8482000  -3111.05782584705  3117.53186355766
8483000  -3114.76590975709  3118.16823951127
8484000  -3115.58268646834  3120.20954652268
8485000  -3114.27933849648  3119.39629164656
8486000  -3113.25036052406  3118.91833082685
8487000  -3112.18599655485  3117.91937433363
8488000  -3117.0772041782  3117.07122392231
8489000  -3114.59411886473  3121.2382287813
8490000  -3116.38029231977  3117.63669786056
8491000  -3119.13084242086  3120.06116585004
8492000  -3116.45466122225  3117.27226329786
8493000  -3119.84142483779  3120.43203183483
8494000  -3120.55736172296  3123.40344216534
8495000  -3119.46404966003  3122.09716420039
8496000  -3118.83757875035  3120.40577405634
8497000  -3119.43889450532  3120.15258797743
8498000  -3120.76275716547  3121.88008958032
8499000  -3119.46065574874  3121.63497171947
8500000  -3119.67414679812  3124.2416787136
8501000  -3121.92781536867  3121.8475501707
8502000  -3118.7193362121  3122.48369528167
8503000  -3121.14706927965  3121.19623821299
8504000  -3119.01059098818  3121.7099533726
8505000  -3121.33164944978  3121.35276152944
8506000  -3122.36927030361  3122.60069076098
8507000  -3123.52122179014  3121.82099827427
8508000  -3121.8691362786  3123.48518906213
8509000  -3120.5072274622  3123.59549694607
8510000  -3119.37089779749  3122.44270925657
8511000  -3121.63332276143  3123.87520056516
8512000  -3122.48458058558  3121.8921343904
8513000  -3124.73204624365  3124.24501215611
8514000  -3123.05274119976  3123.96409323131
8515000  -3124.63962798933  3123.14876319027
8516000  -3125.50436456182  3123.22829530454
8517000  -3128.61167857297  3126.12018622974
8518000  -3127.21662244293  3126.37205540309
8519000  -3129.04010072026  3126.10546879351
8520000  -3124.90837779982  3124.2957385685
8521000  -3125.45088116046  3126.75452684243
8522000  -3128.95878099977  3126.09571051541
8523000  -3126.17351460777  3128.34249995265
8524000  -3128.98339154496  3122.88483457154
8525000  -3128.21934050655  3126.12838807226
8526000  -3125.47604116348  3122.99442915182
8527000  -3128.07496188389  3125.62227391449
8528000  -3127.37022550215  3123.95749007758
8529000  -3125.86937121879  3124.0649236007
8530000  -3128.33033331982  3124.41605918927
8531000  -3128.93658033085  3126.14164833263
8532000  -3129.40809869578  3125.68193510533
8533000  -3131.04442609793  3128.06801979834
8534000  -3132.03873492558  3128.68952837647
8535000  -3133.884401382  3128.54773306172
8536000  -3134.57093390019  3130.51495759512
8537000  -3131.96985068258  3128.36842231637
8538000  -3133.46864081155  3129.34654538499
8539000  -3133.09156208043  3128.64913583727
8540000  -3131.67291159044  3129.12504028644
8541000  -3133.85646281426  3129.39395980048
8542000  -3133.79736708511  3128.19562301416
8543000  -3138.94730746148  3130.1581435364
8544000  -3137.24410859584  3129.10021481858
8545000  -3135.44016322487  3127.34714745883
8546000  -3136.53165847521  3127.13038931333
8547000  -3141.01938466967  3129.93848823818
8548000  -3136.7782880329  3127.98345508581
8549000  -3139.42181852383  3130.90496709133
8550000  -3139.37870297639  3130.23419995105
8551000  -3139.71365324379  3128.90472356741
8552000  -3136.21397066859  3133.37679683091
8553000  -3139.43791382348  3128.9508861522
8554000  -3137.27555444981  3130.66763851904
8555000  -3134.86821477132  3131.75903923741
8556000  -3138.13707702593  3129.71567495746
8557000  -3137.14304321125  3132.02315746779
8558000  -3137.78018411454  3133.26928948712
8559000  -3136.06155327155  3134.17891344802
8560000  -3136.58946776634  3134.05554690023
8561000  -3136.51038285096  3135.34672059658
8562000  -3139.35362325761  3135.01470402772
8563000  -3136.59911998663  3134.4462060647
8564000  -3138.03926574711  3136.63991014755
8565000  -3139.61852401276  3137.12166243241
8566000  -3140.19683612964  3139.46080197332
8567000  -3141.42004019515  3137.02382002277
8568000  -3139.69266280902  3136.4159957577
8569000  -3141.80386603875  3139.51160705605
8570000  -3142.02561350244  3139.24545925976
8571000  -3144.69902364091  3140.52998671583
8572000  -3145.9434681447  3140.24780968069
8573000  -3141.29358728663  3137.76417521673
8574000  -3141.08359554652  3141.56743385438
8575000  -3141.13226247799  3141.63643859638
8576000  -3143.93811176192  3142.82451302245
8577000  -3145.20408730706  3142.28555167776
8578000  -3145.80830806737  3142.4941596597
8579000  -3145.98384787107  3144.07588023595
8580000  -3146.62298129858  3145.75308147991
8581000  -3147.03140628856  3145.0379612116
8582000  -3148.53126036469  3146.15577328154
8583000  -3146.54460230637  3144.75055251518
8584000  -3145.80740972951  3146.42238427795
8585000  -3148.20260431755  3146.42521710636
8586000  -3149.7799550869  3147.10076320165
8587000  -3151.23131152142  3147.21404991268
8588000  -3151.13200793296  3147.00300868627
8589000  -3151.35685001117  3146.31134192426
8590000  -3149.28775972797  3148.91296697291
8591000  -3151.43635834287  3150.83687748324
8592000  -3151.82519377135  3151.30695808688
8593000  -3153.63506920206  3151.79407391812
8594000  -3152.75705307331  3149.70097102911
8595000  -3156.04776124161  3152.51735312212
8596000  -3154.57628191069  3151.56223806911
8597000  -3152.48610198423  3153.48870114583
8598000  -3153.65562813673  3151.85348206027
8599000  -3156.11548595442  3153.22069759869
8600000  -3156.63132379966  3153.66699567029
8601000  -3152.96214169046  3154.26309852721
8602000  -3153.19696999018  3153.08744804516
8603000  -3153.4294634027  3154.59469165523
8604000  -3155.14691001797  3155.21147875561
8605000  -3153.96272567507  3156.22151240128
8606000  -3154.30900161032  3156.38709704159
8607000  -3155.60498847723  3158.93311649488
8608000  -3155.15078800472  3158.20737912868
8609000  -3158.15255763965  3158.52943939256
8610000  -3156.12803917682  3159.82183678602
8611000  -3160.40698162556  3159.80930478472
8612000  -3156.57845677393  3161.13760217548
8613000  -3158.3773640537  3160.99756308592
8614000  -3159.36141050758  3160.93729992328
8615000  -3159.99541080183  3163.05241206521
8616000  -3161.44672680716  3161.91240565007
8617000  -3162.12734102855  3164.79147250564
8618000  -3162.21775116099  3162.53611791552
8619000  -3162.90651383407  3163.32646864126
8620000  -3161.75213643118  3166.49901479841
8621000  -3160.74045463892  3161.96278685813
8622000  -3161.06981427867  3164.69659278441
8623000  -3163.49519309767  3165.15866374361
8624000  -3162.10703192632  3163.23001208342
8625000  -3164.89069349188  3168.79080927121
8626000  -3163.851482523  3166.57849275207
8627000  -3165.82010281887  3167.57110864674
8628000  -3165.3527928  3168.41811806251
8629000  -3165.78194184361  3167.32365092943
8630000  -3166.80204676645  3170.43743423722
8631000  -3163.81431953159  3169.35561689163
8632000  -3166.22760205688  3171.20796772023
8633000  -3168.57241832041  3170.31605135349
8634000  -3169.59969599293  3172.29658932885
8635000  -3168.2046772056  3171.36172944753
8636000  -3168.3773073685  3172.10546544939
8637000  -3166.631289044  3170.42651435478
8638000  -3167.3036976696  3171.83533365903
8639000  -3168.43853361888  3172.00678996718
8640000  -3168.73967748215  3171.08796445764
8641000  -3166.92385036285  3172.43081102499
8642000  -3169.86180515235  3172.4941061619
8643000  -3170.56571540544  3172.83810838867
8644000  -3172.30550746821  3174.21165621931
8645000  -3169.70381839732  3176.5528547667
8646000  -3171.96425569788  3172.55524915599
8647000  -3171.01833637196  3178.06448846135
8648000  -3174.77465906625  3176.59965580563
8649000  -3172.67605175396  3177.60513596847
8650000  -3173.30266375398  3177.93339996756
8651000  -3176.60711183083  3179.28611649525
8652000  -3175.03824744251  3178.02965731181
8653000  -3171.24069228114  3178.50622353335
8654000  -3172.7430934971  3178.14674484301
8655000  -3172.56692515121  3177.55377408253
8656000  -3172.63261977892  3179.15015353265
8657000  -3173.03749446426  3177.80492658772
8658000  -3174.19157302833  3178.41688466117
8659000  -3172.94924165516  3177.65431410615
8660000  -3171.97313994233  3180.00511681108
8661000  -3174.57517317802  3179.67934827607
8662000  -3172.74840002944  3178.5207696799
8663000  -3174.57227504906  3178.96811524901
8664000  -3178.62271283445  3180.56237122934
8665000  -3177.26532946394  3180.10805983616
8666000  -3173.54135091769  3179.83094272664
8667000  -3177.22293644605  3180.74189577676
8668000  -3175.52234836865  3177.90770253965
8669000  -3179.81722652882  3178.92218249404
8670000  -3179.42950301225  3181.78510534937
8671000  -3174.97133265202  3181.77909721558
8672000  -3177.26657679058  3183.56774785427
8673000  -3178.03028859545  3183.27813336428
8674000  -3177.90957070219  3183.18332732992
8675000  -3176.73008216446  3184.42118037056
8676000  -3177.15692243211  3184.61813477068
8677000  -3177.76599570138  3187.02867464227
8678000  -3177.60946254469  3183.83905928579
8679000  -3175.66688304894  3185.95120413714
8680000  -3178.71116793798  3185.23602664327
8681000  -3176.66237048529  3187.30367564394
8682000  -3176.4451473518  3185.29706368072
8683000  -3175.3258265713  3186.80567101678
8684000  -3177.61912042666  3188.40304339996
8685000  -3177.94383990674  3186.55833990296
8686000  -3178.1873652085  3188.46379360493
8687000  -3180.13337283572  3188.33591918803
8688000  -3180.71163318736  3189.85572010556
8689000  -3183.90387153541  3189.35329262043
8690000  -3182.05277912899  3187.87381711299
8691000  -3181.97093551311  3189.54440518277
8692000  -3184.76153640768  3192.06087046374
8693000  -3184.68665583073  3190.33984965243
8694000  -3184.33580742439  3192.84818691727
8695000  -3184.28995864637  3192.72038428837
8696000  -3184.21353055492  3193.65688119998
8697000  -3186.81543440882  3189.25272221074
8698000  -3187.54495500273  3191.61575485313
8699000  -3187.2498980667  3193.70747481597
8700000  -3186.33243585521  3192.48913818478
8701000  -3187.75475969811  3191.2733136711
8702000  -3187.03300684569  3189.83834203044
8703000  -3188.75751172663  3191.90008231589
8704000  -3189.97814979515  3191.1183096409
8705000  -3190.97843553822  3192.38527141965
8706000  -3189.33251749513  3191.09642132084
8707000  -3191.2277893307  3192.28332722738
8708000  -3189.7644584269  3193.0968890729
8709000  -3189.91790872367  3194.13387031736
8710000  -3190.50332543807  3195.12992347422
8711000  -3190.51384409643  3196.29879767724
8712000  -3192.96163709686  3197.0863911245
8713000  -3191.83810375414  3196.30847022774
8714000  -3191.65022489267  3196.15527458039
8715000  -3191.88086063911  3196.99511116143
8716000  -3192.32647828694  3196.58823954258
8717000  -3193.63095366459  3199.58684480998
8718000  -3192.79893861427  3198.46165406909
8719000  -3196.26053113038  3200.66081895091
8720000  -3193.50388439326  3202.7578466393
8721000  -3193.69897505526  3201.72480481308
8722000  -3197.04560070643  3200.78007650257
8723000  -3197.64468214149  3201.75546087118
8724000  -3198.02997253954  3201.94463090848
8725000  -3196.832959044  3202.20714030704
8726000  -3198.36696644205  3202.41861753857
8727000  -3199.65217999932  3203.16574540137
8728000  -3201.41765907319  3201.16750662219
8729000  -3200.19396685091  3205.63356132395
8730000  -3201.63221856281  3205.3517294794
8731000  -3202.6233303355  3204.85519998276
8732000  -3202.4235017177  3206.00388757217
8733000  -3203.07928854284  3207.16916398633
8734000  -3199.73664560636  3206.60642894199
8735000  -3203.70468059702  3207.1049308326
8736000  -3202.31485166383  3207.39404544028
8737000  -3202.69918069165  3209.25901698892
8738000  -3207.00249741876  3207.91298324164
8739000  -3204.84264506378  3207.20854108058
8740000  -3203.73628060152  3209.16499519896
8741000  -3206.68072288301  3207.75264334959
8742000  -3207.52221339054  3209.81455046999
8743000  -3205.36461957079  3208.71082176435
8744000  -3206.97916164783  3209.10230898083
8745000  -3206.8897506967  3211.32878178583
8746000  -3204.81778586919  3211.2281616034
8747000  -3204.53506148259  3211.81552026128
8748000  -3206.64243023757  3209.30511672724
8749000  -3205.89719361239  3208.90767019459
8750000  -3208.0968269931  3209.29749489248
8751000  -3210.92132018876  3208.64114728058
8752000  -3210.38028790735  3210.15026161927
8753000  -3209.59463627521  3211.87694922375
8754000  -3209.20763278999  3213.71377735961
8755000  -3214.00239910116  3214.01550071253
8756000  -3214.47255036952  3212.58210127982
8757000  -3212.87599986046  3213.07975179538
8758000  -3210.71787002267  3212.99700517734
8759000  -3211.2954220422  3215.05792391598
8760000  -3214.63884867551  3214.77355146515
8761000  -3213.99984486587  3212.8586242408
8762000  -3211.90462851279  3217.32151023124
8763000  -3214.83456386249  3215.75805701508
8764000  -3213.62847021578  3217.20002212297
8765000  -3213.37986476181  3218.22427781317
8766000  -3215.18600891568  3220.55621494606
8767000  -3218.73809418886  3219.89458699809
8768000  -3219.11143351727  3220.9446952348
8769000  -3214.86859480561  3223.08896016922
8770000  -3219.5335466676  3220.12861961232
8771000  -3217.13108272537  3222.27033744182
8772000  -3218.60461807197  3220.7407278456
8773000  -3216.69728555387  3219.86646031669
8774000  -3218.18217641488  3222.04702665987
8775000  -3217.48290000633  3224.73514364649
8776000  -3214.97290642832  3222.10269200196
8777000  -3215.48845437844  3222.70793821502
8778000  -3217.12835626069  3224.39826518921
8779000  -3219.75925413756  3227.02154367132
8780000  -3220.34203100745  3222.756174107
8781000  -3219.00973420061  3224.26799593582
8782000  -3217.85052556882  3224.49076277375
8783000  -3218.29627122076  3227.83902428839
8784000  -3217.68455876796  3227.82794434059
8785000  -3216.75297675117  3228.69117214544
8786000  -3214.13350430549  3230.27481477646
8787000  -3218.80314320892  3229.95576396211
8788000  -3219.66761001814  3228.95829067507
8789000  -3217.90061084309  3228.78539294684
8790000  -3217.82403560733  3229.46483077087
8791000  -3219.86197649264  3230.75747199816
8792000  -3219.44557014659  3231.93628667961
8793000  -3220.72474511453  3229.99271286471
8794000  -3221.78656150618  3230.52093749361
8795000  -3222.45510743783  3232.44312215593
8796000  -3219.88257751782  3228.29850729072
8797000  -3221.35416173726  3230.12455471156
8798000  -3221.88361638649  3230.47986257676
8799000  -3221.94852375293  3231.37223215777
8800000  -3221.36956753981  3230.58340466888
8801000  -3221.32778675187  3231.10698533469
8802000  -3222.26184367903  3233.44636885624
8803000  -3221.46602104281  3232.4141214764
8804000  -3222.6348388442  3230.96820943113
8805000  -3222.30578104598  3232.68227120524
8806000  -3220.41127131624  3232.22193237529
8807000  -3221.59470114791  3231.640356996
8808000  -3221.74379407458  3233.94424689909
8809000  -3222.49812457497  3233.36551281571
8810000  -3223.09751267685  3232.82056508044
8811000  -3222.38134028339  3236.81329132094
8812000  -3223.90674110599  3237.40501974569
8813000  -3225.23746701997  3239.0920608426
8814000  -3223.29420436989  3237.87904533736
8815000  -3223.36367047625  3239.4746627589
8816000  -3223.28275439199  3240.87357940318
8817000  -3223.49075981984  3240.87254701474
8818000  -3224.84704416519  3242.12989983692
8819000  -3220.3369362541  3241.81727291952
8820000  -3225.90972035073  3243.70590635426
8821000  -3226.45919056513  3244.44219925556
8822000  -3225.94429819222  3241.87248701296
8823000  -3226.93115261104  3243.65425265259
8824000  -3228.42966211707  3244.70801283545
8825000  -3229.30940344853  3242.85445009247
8826000  -3229.21666758912  3244.83887827807
8827000  -3229.1559852427  3243.21882002942
8828000  -3232.00863011054  3245.80422583557
8829000  -3231.29190902882  3246.85916878309
8830000  -3232.99042295733  3247.43421238508
8831000  -3232.2520076112  3247.04500656675
8832000  -3233.44207359127  3246.4806096688
8833000  -3231.85376276891  3248.11648911414
8834000  -3231.10640968103  3250.47968955788
8835000  -3233.30767043696  3250.47370131957
8836000  -3231.97560881132  3249.89680723383
8837000  -3230.61667718658  3249.99167721715
8838000  -3234.5482512293  3250.34875165822
8839000  -3232.04413452611  3249.51506893881
8840000  -3231.27176409326  3249.34978329301
8841000  -3233.25476038795  3249.90020952927
8842000  -3234.91023400106  3251.11869719695
8843000  -3233.54693620931  3254.43314439887
8844000  -3236.39739032828  3249.73312414261
8845000  -3233.40311694258  3250.54604251312
8846000  -3232.18356364253  3253.32990880805
8847000  -3233.86053772546  3251.27229213828
8848000  -3236.61890160201  3251.86652487246
8849000  -3237.38883503844  3253.61006728972
8850000  -3236.79184840425  3256.66453577304
8851000  -3237.02523463832  3255.65443507794
8852000  -3238.09726175128  3258.20471326828
8853000  -3239.72234295128  3255.66412460101
8854000  -3236.24115833782  3257.39799654906
8855000  -3237.78495716801  3257.32490874688
8856000  -3241.92689414929  3257.16510681722
8857000  -3240.63938711117  3256.84842032067
8858000  -3240.48002294709  3258.47673029451
8859000  -3242.44590131446  3260.48008144679
8860000  -3239.50995570831  3260.14453221933
8861000  -3244.64684767922  3262.83228703188
8862000  -3246.62336255498  3262.20303477691
8863000  -3245.52314014418  3262.65407297435
8864000  -3245.2210197575  3263.29615722799
8865000  -3246.81041550264  3260.80782460299
8866000  -3245.718559185  3260.99513832733
8867000  -3247.48125944831  3259.02030741422
8868000  -3249.97297741158  3264.43589704453
8869000  -3250.65365463826  3263.07437640353
8870000  -3249.11648633627  3263.68242096619
8871000  -3251.10860879283  3265.88563497618
8872000  -3252.95864841537  3262.89545963409
8873000  -3252.52760677428  3264.08182846867
8874000  -3253.47131770451  3263.1265811081
8875000  -3254.42475121906  3262.71112620012
8876000  -3254.17559299981  3265.70239230777
8877000  -3251.20822628282  3266.62468098386
8878000  -3255.09622488111  3264.91186238389
8879000  -3255.5743794363  3266.40425631059
8880000  -3256.49982550057  3266.09018917149
8881000  -3255.81356292261  3265.30510529733
8882000  -3255.86484697284  3266.87036238514
8883000  -3255.51539368044  3265.49907723701
8884000  -3256.900772342  3270.04494933284
8885000  -3257.14607714409  3270.08826517643
8886000  -3256.7126241408  3270.36663000791
8887000  -3256.17369927493  3269.82985428315
8888000  -3256.828545369  3273.62074959169
8889000  -3255.17821891197  3275.36036774728
8890000  -3257.23827993279  3276.1896767628
8891000  -3260.58088764903  3277.18810772463
8892000  -3258.10370933093  3276.91342758162
8893000  -3263.81784533593  3275.76646675139
8894000  -3260.55371252956  3274.27995675453
8895000  -3258.49878644007  3273.99018569988
8896000  -3261.1098856877  3276.10121439843
8897000  -3259.24987780941  3279.79072066669
8898000  -3260.41813370133  3278.6793959101
8899000  -3262.36279627463  3280.35985189769
8900000  -3262.37822264254  3280.97439434786
8901000  -3263.74005228159  3279.41825160606
8902000  -3262.44276325432  3281.32346935948
8903000  -3262.29716380871  3278.99671438121
8904000  -3264.42375555925  3279.36202451339
8905000  -3266.31117318611  3282.38775341729
8906000  -3267.05411701832  3280.44480730464
8907000  -3266.64943799063  3280.3386013588
8908000  -3267.25741247532  3281.2886078477
8909000  -3268.86754720833  3283.14373458507
8910000  -3268.46778054161  3281.77752698969
8911000  -3267.17196820436  3281.35732661322
8912000  -3268.07220674566  3280.60815490854
8913000  -3266.964060607  3282.35024682629
8914000  -3269.79186619562  3280.64338188524
8915000  -3269.41380032829  3283.0978730559
8916000  -3273.45705717513  3281.762399259
8917000  -3269.74227565338  3282.75126117416
8918000  -3271.09285277747  3285.54014047398
8919000  -3271.29598970789  3283.78231517987
8920000  -3273.90352702941  3284.80700405729
8921000  -3272.65054212158  3283.35342072933
8922000  -3274.78378021343  3287.22120431187
8923000  -3273.66468982861  3285.69503812247
8924000  -3271.69706842222  3286.14544889968
8925000  -3270.47335835701  3286.42630831164
8926000  -3273.52283073355  3288.00152741168
8927000  -3272.89568853174  3288.56206067934
8928000  -3274.23502623751  3286.71002766664
8929000  -3273.68473668238  3291.15637349084
8930000  -3274.63468974688  3289.8126338067
8931000  -3273.62299658382  3289.5236337133
8932000  -3272.87146569164  3290.51260232855
8933000  -3273.43751133973  3289.41412851039
8934000  -3274.87545863316  3291.17131988812
8935000  -3278.07305121502  3290.466691158
8936000  -3278.5661661743  3292.26472172043
8937000  -3277.80513391  3294.61052900025
8938000  -3278.49737040036  3293.7334300125
8939000  -3279.39654632685  3291.8798932213
8940000  -3281.3481600883  3290.47878950383
8941000  -3277.12085008281  3292.73045994528
8942000  -3280.06955141693  3292.7537797442
8943000  -3278.57127295044  3292.50429712345
8944000  -3278.03598054361  3290.50322554719
8945000  -3281.67694763709  3293.58530161629
8946000  -3282.04234469229  3292.5546755531
8947000  -3280.44427989041  3293.88152032782
8948000  -3276.7950207673  3294.00413565913
8949000  -3282.7799840573  3294.9375450941
8950000  -3282.08804417571  3297.80289910524
8951000  -3285.07646230887  3297.49814893716
8952000  -3283.956717187  3296.47605701339
8953000  -3287.34255841939  3298.01031205895
8954000  -3285.71467946748  3298.7145663877
8955000  -3286.64522737742  3296.53491710596
8956000  -3286.43425119983  3299.23382225991
8957000  -3285.66202427576  3297.69467804954
8958000  -3286.14719022128  3295.78345024828
8959000  -3288.07944476048  3294.24141534307
8960000  -3288.01658954555  3297.73795911144
8961000  -3287.77469750601  3295.85559228515
8962000  -3289.63402282038  3298.44124590996
8963000  -3290.20824504799  3299.71977230723
8964000  -3291.9442885875  3299.5076742603
8965000  -3291.23761958736  3300.53177306696
8966000  -3292.99060369959  3299.73892369871
8967000  -3294.41368894195  3300.62774442971
8968000  -3291.10263424054  3302.0284879765
8969000  -3294.30900725373  3302.16635796413
8970000  -3292.16835455562  3300.04675093196
8971000  -3295.96029927439  3302.08196181814
8972000  -3294.21889204546  3304.08620531064
8973000  -3297.34844105332  3302.30820115027
8974000  -3296.36602106771  3301.69426041024
8975000  -3295.84725059454  3303.37636160186
8976000  -3297.89481539053  3305.11893377613
8977000  -3297.52223319086  3307.56698289051
8978000  -3296.09339351713  3306.81532658125
8979000  -3295.44960022763  3305.77975693132
8980000  -3296.28079876661  3306.96019901011
8981000  -3297.42341124252  3307.21597796892
8982000  -3296.20910931484  3304.46962155158
8983000  -3295.46927162135  3304.9176556536
8984000  -3295.11698827319  3309.25296230508
8985000  -3294.74923476637  3306.37025114913
8986000  -3299.54916185786  3305.03558195694
8987000  -3299.12661742284  3306.75958628102
8988000  -3297.39398320976  3305.76182897808
8989000  -3298.08127231925  3309.33253228706
8990000  -3298.54325634851  3307.99685115555
8991000  -3297.29622857594  3308.73310661189
8992000  -3302.6090198207  3306.11995284644
8993000  -3302.97046322731  3311.17417357024
8994000  -3301.69507628889  3310.19204812605
8995000  -3303.77084171754  3311.35934138279
8996000  -3302.27052107735  3312.3147794491
8997000  -3303.25322380122  3313.79098471394
8998000  -3303.30880856596  3312.32349268204
8999000  -3305.07128241567  3313.0305314547
9000000  -3304.32799543029  3314.66139280981
9001000  -3306.79743875991  3315.76122998394
9002000  -3307.44316494748  3316.39398207205
9003000  -3309.80985301571  3314.99886350336
9004000  -3308.29013010232  3314.95708979331
9005000  -3306.79970236111  3316.60603354378
9006000  -3311.48734098357  3319.08204194769
9007000  -3310.90697606602  3317.75541326399
9008000  -3309.11273331241  3314.155000201
9009000  -3310.42982493307  3315.69752838406
9010000  -3313.4819103579  3315.69451340142
9011000  -3313.36526855217  3317.69125123909
9012000  -3312.49337181829  3318.19826316241
9013000  -3311.69623252526  3317.86518302179
9014000  -3312.82995974344  3317.63673691981
9015000  -3313.48977497561  3319.89175031223
9016000  -3317.40728672853  3317.94223959211
9017000  -3312.76926231331  3316.66586052998
9018000  -3314.83828834065  3317.56525940338
9019000  -3318.02413799058  3318.02145419709
9020000  -3316.71463746529  3316.67171914201
9021000  -3317.7781808005  3315.91461063373
9022000  -3318.17560238919  3320.32291111043
9023000  -3316.32587103409  3318.22502053867
9024000  -3318.76741235913  3315.48950009396
9025000  -3316.70486288391  3319.54129810109
9026000  -3317.91438993308  3319.11376048679
9027000  -3318.41931540877  3320.31191756828
9028000  -3318.57289606107  3319.43511941601
9029000  -3318.92533554475  3325.22270423796
9030000  -3319.21710546548  3321.72965594828
9031000  -3320.55597160505  3321.08643022108
9032000  -3317.80829670062  3324.06038823753
9033000  -3320.86550750383  3323.82723216356
9034000  -3322.60566364298  3327.51386237984
9035000  -3323.59750608648  3324.5539924917
9036000  -3322.74465119934  3325.5075901544
9037000  -3324.96443464208  3326.35241304759
9038000  -3324.28510933579  3327.88463992551
9039000  -3324.66931717038  3330.97654094725
9040000  -3325.53426337404  3326.55905447668
9041000  -3327.20889310045  3329.36553186248
9042000  -3327.78723253768  3328.89299096989
9043000  -3326.39429041406  3327.43360747283
9044000  -3327.12613498036  3329.26511328441
9045000  -3328.3643135918  3330.77419959048
9046000  -3327.11738626937  3328.94280760026
9047000  -3327.07490735519  3332.89964043488
9048000  -3327.82874058051  3330.00720049431
9049000  -3328.56994433558  3333.19165905089
9050000  -3328.5607042292  3331.55324312795
9051000  -3324.71380090236  3330.79547209464
9052000  -3325.66153503189  3329.23852958889
9053000  -3327.49435647625  3333.74794435074
9054000  -3328.23940534238  3334.07556799966
9055000  -3330.51519906389  3334.11300513085
9056000  -3328.83441728898  3334.95207908628
9057000  -3329.56067737153  3334.43907558399
9058000  -3331.68043657314  3334.75737920331
9059000  -3331.033859833  3333.91954120238
9060000  -3329.83896723715  3333.07393118417
9061000  -3332.06709542152  3331.62126668376
9062000  -3332.18883570613  3331.29598001234
9063000  -3334.79717446663  3332.57662731932
9064000  -3333.35707582374  3332.20511905694
9065000  -3333.36279375509  3333.83776005013
9066000  -3333.41973517684  3336.66537983858
9067000  -3333.49374432927  3337.52684485227
9068000  -3333.54754317463  3336.92293222934
9069000  -3333.84843563951  3337.22563628074
9070000  -3335.10199178249  3335.34662435944
9071000  -3336.04993956228  3336.00929567647
9072000  -3338.21027464299  3336.70234145348
9073000  -3336.77197727159  3337.16184101817
9074000  -3335.49296521194  3339.44588269202
9075000  -3337.62203470826  3339.02675910276
9076000  -3338.09414432299  3339.66889061601
9077000  -3337.03671647649  3339.45433363896
9078000  -3334.78677225825  3339.43049266181
9079000  -3335.12529600536  3341.92188824591
9080000  -3336.9392248365  3339.43770140742
9081000  -3337.60305385037  3336.72301103779
9082000  -3337.22319890259  3340.17582167752
9083000  -3340.1904541156  3341.6795049265
9084000  -3339.88753097624  3339.93199500319
9085000  -3339.96250047183  3345.01248217353
9086000  -3340.23403643021  3346.11943730185
9087000  -3341.73471381272  3347.08647194711
9088000  -3339.663787023  3345.672969234
9089000  -3340.7401331228  3346.80866438358
9090000  -3340.87624402504  3346.10826110847
9091000  -3343.36931108351  3347.30174594938
9092000  -3344.52859353324  3344.78684793425
9093000  -3342.22532682  3348.04273315195
9094000  -3344.219278821  3347.56337558962
9095000  -3342.94694331091  3348.52174518566
9096000  -3343.97249244829  3347.91921370654
9097000  -3342.04012740603  3347.3387207991
9098000  -3342.19845301546  3346.96070532925
9099000  -3342.22045886025  3347.53510568816
9100000  -3344.13120672408  3351.27948834162
9101000  -3342.90952325365  3350.18095735881
9102000  -3344.16518732206  3350.69459920643
9103000  -3342.78790459053  3350.04850723461
9104000  -3342.18505459027  3351.2380246054
9105000  -3347.68220733616  3351.9034642572
9106000  -3345.38892060293  3352.2684138712
9107000  -3345.5972268805  3350.14676438974
9108000  -3346.1166289567  3354.19458091101
9109000  -3347.46190824131  3351.95139513822
9110000  -3345.80026606193  3353.70456042786
9111000  -3348.47930098049  3353.56537561094
9112000  -3349.90821462621  3354.50852765177
9113000  -3347.88272872685  3354.80227230262
9114000  -3349.8880567096  3355.49257215814
9115000  -3351.13218466785  3356.63455788391
9116000  -3353.22713788922  3358.07292030361
9117000  -3352.84977445427  3356.17726039419
9118000  -3350.1119811311  3358.83324999173
9119000  -3348.5998230765  3359.48810367062
9120000  -3353.82254208335  3359.34562437988
9121000  -3355.57839608837  3356.57277279204
9122000  -3352.3526950221  3358.70676787526
9123000  -3355.33697173348  3359.49090399745
9124000  -3354.91932037846  3360.8910456056
9125000  -3354.18530827232  3359.03193171667
9126000  -3356.33937834667  3360.92914102762
9127000  -3356.82001920101  3363.12912260673
9128000  -3353.59627260883  3362.65630283351
9129000  -3358.12878808205  3362.25240717054
9130000  -3356.59206776906  3363.91114107656
9131000  -3353.55586130559  3364.54447540754
9132000  -3354.1001457129  3361.65611785986
9133000  -3356.84834708842  3364.94670844134
9134000  -3353.68478934164  3365.59289676727
9135000  -3355.61236592517  3366.3479743691
9136000  -3356.03099054908  3364.10699030243
9137000  -3356.21914900606  3367.98041187655
9138000  -3354.31309760491  3366.78719339259
9139000  -3353.61299220401  3368.0781445112
9140000  -3355.53995956114  3368.50010589734
9141000  -3358.5277970906  3368.49300999504
9142000  -3358.06473979652  3370.41847055162
9143000  -3357.80526537522  3373.67511211364
9144000  -3355.82199928599  3372.09286874554
9145000  -3357.90296232229  3372.42704700297
9146000  -3356.06873656469  3369.18445447989
9147000  -3357.12021102167  3370.38512413371
9148000  -3355.51519076157  3370.18541561163
9149000  -3357.98283719441  3371.93961706884
9150000  -3359.59354320372  3372.39308048425
9151000  -3359.08100524195  3371.66893148636
9152000  -3359.16409456748  3374.55613826229
9153000  -3362.40894605914  3374.04230290897
9154000  -3361.47112672758  3372.69158140747
9155000  -3363.15202510207  3372.56471964432
9156000  -3362.3274177364  3371.34306765189
9157000  -3364.91746259248  3375.87972681025
9158000  -3364.14514714547  3374.7250069548
9159000  -3364.01435566418  3374.0525141378
9160000  -3362.23995757357  3375.0442542028
9161000  -3364.60582529872  3375.7068153505
9162000  -3367.36490852071  3375.80401058677
9163000  -3360.86994643309  3377.8897256074
9164000  -3365.08485891259  3376.46853644776
9165000  -3365.84576375011  3376.61906639125
9166000  -3365.27607524826  3376.97022064716
9167000  -3365.34649005196  3376.68468668107
9168000  -3366.99163267672  3377.04980504373
9169000  -3367.51333028126  3375.77505312932
9170000  -3367.11516435464  3378.0758883142
9171000  -3364.35239087856  3378.74660785465
9172000  -3368.36051263046  3380.29541501203
9173000  -3368.27116242392  3382.21412208459
9174000  -3370.46777200131  3380.02331823216
9175000  -3370.75701887471  3380.34830706908
9176000  -3371.01262211475  3381.73808430335
9177000  -3370.83978646015  3379.65373370024
9178000  -3373.74259402338  3380.26052537043
9179000  -3369.65655210281  3383.48439528088
9180000  -3370.66602004662  3383.03734961225
9181000  -3374.74507343736  3383.47428345644
9182000  -3371.15220586728  3384.91480918433
9183000  -3373.04622489585  3383.41513991194
9184000  -3374.19716580905  3381.49004074624
9185000  -3373.32713138776  3387.3784892533
9186000  -3373.54353153014  3383.3058134412
9187000  -3373.69959602588  3384.76868357258
9188000  -3374.69369145583  3385.37402803136
9189000  -3373.26886365643  3386.62134165553
9190000  -3373.73975055962  3385.08299888654
9191000  -3373.09040787641  3386.881836546
9192000  -3374.86701502524  3386.47013548813
9193000  -3375.8506044129  3387.05711853784
9194000  -3377.0131501473  3388.29626257625
9195000  -3378.00457759016  3388.5232137072
9196000  -3377.52624126609  3390.07354411785
9197000  -3377.74220143278  3390.37874157554
9198000  -3379.42879662361  3391.64949444984
9199000  -3378.99997614255  3391.99153066213
9200000  -3380.07956470188  3392.45428361974
9201000  -3383.84463023638  3391.20948912202
9202000  -3382.4460973121  3393.49793406403
9203000  -3382.54152409784  3394.90746010732
9204000  -3384.06771119321  3395.04375706639
9205000  -3385.81178588378  3392.69040592559
9206000  -3386.40208646081  3392.22467322064
9207000  -3387.03000414939  3394.21561259856
9208000  -3389.90243136042  3392.54632359531
9209000  -3385.75549993489  3395.59809260951
9210000  -3384.79138903954  3395.44392144493
9211000  -3385.23458995057  3397.40536919806
9212000  -3386.94559694006  3395.93081430896
9213000  -3386.92444392731  3397.23108730952
9214000  -3387.17580182386  3396.7019891065
9215000  -3387.48259727344  3397.11470246632
9216000  -3388.06064678975  3395.99405648212
9217000  -3389.07049178441  3397.5343860307
9218000  -3390.83197244464  3396.70220019385
9219000  -3391.10998929819  3396.99180202812
9220000  -3391.3368903734  3397.47534387567
9221000  -3391.52386025892  3394.14004338754
9222000  -3393.83081322928  3397.03357073346
9223000  -3393.50696773717  3397.57607324106
9224000  -3393.71269407312  3394.01789891627
9225000  -3397.39847239771  3398.42437982456
9226000  -3394.73626310815  3399.39341316357
9227000  -3396.90124348876  3399.76471874804
9228000  -3397.69746664666  3396.33076513432
9229000  -3398.87414844667  3399.65523238012
9230000  -3399.71054776469  3400.27403779724
9231000  -3400.86746740666  3401.56852148573
9232000  -3401.81044546811  3402.47741058261
9233000  -3399.30057228362  3401.26507351341
9234000  -3397.49350522592  3402.80152509917
9235000  -3400.48366779222  3400.2792233563
9236000  -3399.01340755757  3403.1180482093
9237000  -3397.99377561389  3402.39937202912
9238000  -3400.04505689772  3401.14831757235
9239000  -3399.68362943175  3402.5341278234
9240000  -3400.23881038955  3403.92976373927
9241000  -3400.62282932102  3402.92156646707
9242000  -3401.09750782682  3404.0685092454
9243000  -3402.79335988417  3403.37641499769
9244000  -3398.52305471717  3406.0565637323
9245000  -3403.25093182119  3407.86216948375
9246000  -3399.4969121984  3404.60205671171
9247000  -3401.89363615692  3404.27318046814
9248000  -3402.95497118097  3405.30472869932
9249000  -3404.67215128524  3408.13544771048
9250000  -3402.71117471732  3406.98013519195
9251000  -3404.56308448743  3405.11332426028
9252000  -3404.28410621907  3405.74792332249
9253000  -3405.82564154261  3404.94121019242
9254000  -3406.71734848356  3407.96152433777
9255000  -3406.29258423421  3407.26433138667
9256000  -3402.10085388706  3408.46330060892
9257000  -3406.62965070531  3407.16093924302
9258000  -3401.62554005664  3407.61527989543
9259000  -3404.20486414587  3410.41435634999
9260000  -3404.29129258238  3408.11970830853
9261000  -3406.07527821288  3408.74992273262
9262000  -3405.03088767032  3407.18992137941
9263000  -3407.02754119712  3406.56366335926
9264000  -3406.9886509409  3409.4981464924
9265000  -3407.56033656062  3406.63355897318
9266000  -3408.36545251404  3408.91304662273
9267000  -3406.74338033037  3407.3365353778
9268000  -3407.96244293681  3410.74718122253
9269000  -3408.47413603198  3410.5654163006
9270000  -3407.38111504417  3411.83593309931
9271000  -3408.07228258138  3413.0964077776
9272000  -3406.77446604849  3412.13326063003
9273000  -3408.11185107709  3412.01398218631
9274000  -3409.01712259521  3412.56799024022
9275000  -3408.6172568822  3413.64387074443
9276000  -3407.75395410514  3412.21190356515
9277000  -3408.07300533438  3411.59535778868
9278000  -3411.0492209706  3412.79225972109
9279000  -3408.73500338546  3412.67906235526
9280000  -3410.50628968778  3412.57500566776
9281000  -3410.1525597065  3413.1686038849
9282000  -3410.08077659135  3415.17018633042
9283000  -3410.90978341197  3415.27720329491
9284000  -3408.85710713668  3412.73738622803
9285000  -3414.30733662708  3414.12450338919
9286000  -3416.18516543166  3414.31813834502
9287000  -3413.67229339668  3417.43662397074
9288000  -3413.31214486277  3415.88274416349
9289000  -3414.13329803585  3415.58152784386
9290000  -3413.72927518075  3417.76263188612
9291000  -3415.67761019317  3417.83957725055
9292000  -3416.43057490977  3416.4694409908
9293000  -3413.80527983185  3416.76016554998
9294000  -3417.58112672453  3415.78213016996
9295000  -3417.70629847728  3418.81293570724
9296000  -3415.61837513118  3419.93156371689
9297000  -3417.81572031862  3420.10056741124
9298000  -3416.95986920735  3421.48024922053
9299000  -3419.2596218152  3421.04843737227
9300000  -3419.17887248347  3419.49162784822
9301000  -3419.69113150941  3420.9931212299
9302000  -3424.28508684002  3421.37262546744
9303000  -3421.51520132079  3419.16657939359
9304000  -3423.24681606699  3418.61639985378
9305000  -3421.81793689725  3422.26102021776
9306000  -3425.37996360028  3422.37289081659
9307000  -3422.22099282725  3423.05753015777
9308000  -3423.71545258536  3422.54104523769
9309000  -3425.38975027299  3422.83033308404
9310000  -3423.69039408922  3423.15505919853
9311000  -3424.27645319213  3423.03208425932
9312000  -3428.13314423693  3423.83902807887
9313000  -3424.36041382602  3425.96139165444
9314000  -3425.58727393071  3425.45132749162
9315000  -3428.01868413787  3425.27622766624
9316000  -3429.38023389159  3426.7414873927
9317000  -3428.89173893436  3425.76340851167
9318000  -3427.86182672543  3423.28606657715
9319000  -3430.24291206451  3425.18034080464
9320000  -3430.42917497844  3426.25954141522
9321000  -3429.14590674072  3426.79796046632
9322000  -3430.49884947607  3428.20580770255
9323000  -3430.25911869933  3429.58807496345
9324000  -3431.12365027392  3427.65090525274
9325000  -3432.28003152243  3429.23141033079
9326000  -3432.04025859179  3428.30024674698
9327000  -3432.8095803293  3426.20407653114
9328000  -3431.43140640241  3429.66501074527
9329000  -3430.82055113946  3427.72186118089
9330000  -3431.49179376631  3430.21622349615
9331000  -3431.34029711025  3431.29690586846
9332000  -3431.16268119435  3431.45495739033
9333000  -3431.6650865397  3430.61531333358
9334000  -3431.71291521752  3429.75326234977
9335000  -3433.85482709023  3432.54703893203
9336000  -3433.58673242178  3432.46118113382
9337000  -3430.59428262115  3435.11547084044
9338000  -3433.80147150053  3435.60302930066
9339000  -3436.28159253767  3435.08019247742
9340000  -3435.09107408179  3436.99471739919
9341000  -3433.56311482104  3438.30983870631
9342000  -3432.6813171784  3436.44396437696
9343000  -3434.59692943984  3435.56418424874
9344000  -3434.34869142404  3438.80573597321
9345000  -3432.91936699329  3439.97046842209
9346000  -3432.93768323377  3440.98821757167
9347000  -3432.24536296412  3440.15940325356
9348000  -3435.43352796981  3439.41022432045
9349000  -3436.9335134899  3441.09944228289
9350000  -3435.39640084654  3443.72449557389
9351000  -3438.39370700547  3443.91736981196
9352000  -3437.23238590663  3445.21647938255
9353000  -3438.42588530595  3442.61777413366
9354000  -3438.49448259414  3444.31692922386
9355000  -3438.19121783991  3442.73282117109
9356000  -3441.45382145128  3443.44018060954
9357000  -3441.43581842691  3445.00114941899
9358000  -3442.07603725533  3443.86388289695
9359000  -3442.08142095734  3443.1911254803
9360000  -3441.93406648297  3443.31379698167
9361000  -3442.8631771516  3443.22283847642
9362000  -3443.07370673998  3446.91407244683
9363000  -3445.14914632411  3442.82795653667
9364000  -3443.61733091542  3447.36555997062
9365000  -3447.25764737208  3446.42522511085
9366000  -3445.71322038133  3446.88183224085
9367000  -3443.85008388832  3446.14610265394
9368000  -3447.79585254233  3446.64070831706
9369000  -3446.69537752394  3446.25059364244
9370000  -3446.98573939614  3446.99861863351
9371000  -3446.68717843553  3447.69942035784
9372000  -3447.77631084708  3449.30362263415
9373000  -3451.06269087821  3450.62399861737
9374000  -3449.40266866255  3447.75645080133
9375000  -3448.66900448891  3448.52639533092
9376000  -3447.68466937659  3451.96053912072
9377000  -3447.66526290661  3448.8057103363
9378000  -3449.30677198422  3450.99433182804
9379000  -3447.76191095697  3451.13729071037
9380000  -3448.68991988553  3450.61384313471
9381000  -3449.09975241627  3451.28239105838
9382000  -3451.154483387  3451.90327757433
9383000  -3451.80840086611  3453.30040843975
9384000  -3451.75283174223  3455.01579940894
9385000  -3452.74308250305  3457.82182051526
9386000  -3450.8538501033  3453.15272816736
9387000  -3455.3311200933  3455.14929316854
9388000  -3453.74636600429  3456.2026749313
9389000  -3454.86831225486  3455.52984011523
9390000  -3455.24729036371  3455.83892337857
9391000  -3455.10667341483  3458.31467479016
9392000  -3457.26826753879  3458.80004877983
9393000  -3456.52672749335  3460.42999867563
9394000  -3454.4276764799  3460.878329164
9395000  -3456.30054347861  3462.18062101007
9396000  -3457.31127003125  3458.50679970806
9397000  -3458.13825983572  3457.81210744221
9398000  -3459.59634417764  3460.93074115687
9399000  -3457.79218453313  3462.03812671508
9400000  -3459.51682734631  3462.46432554686
9401000  -3464.03037104682  3462.48690320561
9402000  -3458.70903674098  3464.45638078192
9403000  -3462.52649009537  3462.73284402664
9404000  -3461.29838714523  3464.08614631094
9405000  -3463.07149860098  3465.56741814303
9406000  -3466.74611386782  3464.13602923886
9407000  -3463.60976321957  3465.40858181155
9408000  -3462.62778257601  3465.93806642657
9409000  -3466.26377886786  3468.16743044748
9410000  -3467.50998545056  3468.4189319997
9411000  -3468.66373176915  3466.78882207494
9412000  -3465.28219051804  3465.14160327457
9413000  -3469.14676603732  3467.36667326915
9414000  -3466.9507228881  3468.23411658867
9415000  -3468.31342463476  3468.02342367522
9416000  -3469.19430864184  3467.02059028094
9417000  -3468.27669335979  3469.75648828857
9418000  -3468.68719600032  3469.59019885983
9419000  -3467.39426531934  3470.06969503373
9420000  -3471.03300582939  3468.70284526583
9421000  -3468.10297139516  3471.51760412961
9422000  -3466.63041458726  3469.95342784712
9423000  -3468.83026309414  3469.91806199009
9424000  -3468.58823843803  3472.06981204149
9425000  -3470.03907561374  3472.77136783262
9426000  -3469.5112779372  3475.38857010803
9427000  -3469.74470575032  3474.77891508784
9428000  -3468.67080002758  3471.92794562332
9429000  -3471.14774380153  3472.6942441849
9430000  -3471.32143950532  3473.60350467958
9431000  -3475.99562341915  3473.63072593571
9432000  -3474.99315871089  3476.5001463574
9433000  -3474.46401566625  3474.73461301359
9434000  -3473.66899607545  3474.43842129393
9435000  -3475.24660172242  3474.71580210548
9436000  -3475.54032938572  3472.97881598142
9437000  -3477.86189241045  3475.98790396742
9438000  -3476.77615259049  3477.01896553663
9439000  -3473.9910788218  3479.8252009586
9440000  -3480.49488804076  3480.99344120433
9441000  -3478.98334402338  3481.60979603365
9442000  -3477.63837629203  3479.11024036881
9443000  -3479.05613162705  3478.95670352719
9444000  -3480.94918284582  3478.3087761888
9445000  -3484.53562717693  3479.25571555373
9446000  -3482.73510742278  3480.06827587423
9447000  -3482.9091915051  3479.31331386438
9448000  -3482.26326312738  3480.08468529446
9449000  -3484.40583655599  3478.10664923059
9450000  -3486.34573221583  3481.18742480349
9451000  -3485.62228516348  3480.89840221611
9452000  -3484.75836764308  3482.87479393074
9453000  -3484.68657560931  3483.34473662579
9454000  -3485.64080852841  3481.98244367447
9455000  -3486.54261966955  3482.48794317303
9456000  -3485.35748898244  3484.43241869426
9457000  -3487.85657414423  3484.65941353595
9458000  -3484.9575452944  3484.57866834183
9459000  -3488.15377654336  3484.79390287963
9460000  -3485.36749393622  3485.3550682409
9461000  -3486.49056966608  3487.6019693133
9462000  -3489.7045463767  3486.58658921276
9463000  -3488.98351085919  3486.59649828093
9464000  -3489.39453089518  3489.3623229146
9465000  -3487.3305256466  3486.31290982284
9466000  -3489.22446610603  3487.12952548151
9467000  -3487.95156987645  3486.58131420206
9468000  -3491.81966098449  3488.16344844358
9469000  -3490.06342661909  3491.53892873785
9470000  -3487.56117071195  3490.52190719244
9471000  -3495.5527550483  3492.68802849614
9472000  -3493.06898708409  3492.26159134245
9473000  -3493.14808912331  3491.38330813547
9474000  -3494.14375078769  3494.88455120552
9475000  -3494.87038813771  3494.06893183971
9476000  -3497.89521060787  3493.78245733172
9477000  -3493.14715375091  3500.26396605413
9478000  -3494.3525450899  3499.42154746151
9479000  -3496.29912372661  3500.04433059965
9480000  -3499.66693065164  3498.07698455921
9481000  -3496.91662818846  3496.80881954365
9482000  -3494.78403666218  3497.79716590582
9483000  -3497.38822919946  3498.18051010081
9484000  -3500.51485255565  3498.83008381892
9485000  -3500.37949199701  3500.59162484081
9486000  -3499.83707140706  3501.51413949226
9487000  -3502.47826166885  3502.79937420264
9488000  -3500.10030368185  3502.5115313261
9489000  -3498.89967874046  3501.27425786962
9490000  -3499.6078375149  3500.85704965935
9491000  -3499.21348556711  3501.71829078378
9492000  -3499.44409481636  3504.6919716328
9493000  -3498.81078208868  3503.39169507804
9494000  -3498.18910714754  3504.89099374225
9495000  -3499.36420873874  3508.14348161195
9496000  -3496.02204788064  3505.48888595814
9497000  -3498.65181778055  3505.60886383318
9498000  -3501.74731545214  3510.10965025593
9499000  -3501.9175015534  3508.38173367273
9500000  -3501.07148406631  3510.83822865899
9501000  -3500.73308687846  3511.3306083457
9502000  -3501.90915765352  3511.03794086822
9503000  -3502.68166693593  3511.41657955742
9504000  -3505.39031723464  3509.66286642078
9505000  -3504.72073318911  3511.9865023181
9506000  -3502.72411076001  3512.16512248384
9507000  -3507.86826906757  3510.16349066277
9508000  -3507.65484420624  3509.61049709262
9509000  -3506.37668530837  3509.76470652677
9510000  -3508.05082730649  3512.95312248713
9511000  -3505.43893292644  3511.39297341033
9512000  -3504.85237053284  3512.6250469535
9513000  -3508.05872488628  3512.36985873765
9514000  -3508.84659621329  3514.65387304339
9515000  -3509.21933054204  3512.16291956923
9516000  -3507.54471608128  3515.09187538472
9517000  -3514.43548055089  3514.90859821408
9518000  -3512.01115845189  3513.82808934345
9519000  -3511.90163836126  3515.0044908427
9520000  -3512.28435502821  3518.5550132491
9521000  -3514.86640847481  3515.77901009063
9522000  -3513.67001346992  3516.16395078924
9523000  -3513.20385624669  3515.27139265854
9524000  -3514.59088354563  3519.09316474364
9525000  -3515.61846886148  3518.71108220021
9526000  -3514.32901564776  3522.32380387144
9527000  -3515.48912283249  3523.374746313
9528000  -3516.23999843545  3520.94191521885
9529000  -3519.36639715334  3520.33261341133
9530000  -3514.71107004969  3522.88726795069
9531000  -3514.10454538192  3522.33280624024
9532000  -3514.36156584367  3522.68642274121
9533000  -3516.45467897312  3524.89639280145
9534000  -3515.75583840637  3523.52234382966
9535000  -3516.75213331781  3527.2623993137
9536000  -3514.75378105217  3525.88211847299
9537000  -3517.29436221886  3526.20400489295
9538000  -3515.30914779134  3526.12654012454
9539000  -3515.59437938822  3524.95229039846
9540000  -3517.11796857882  3526.27747638022
9541000  -3516.03506452166  3529.30732496406
9542000  -3520.03653871805  3526.66443485813
9543000  -3517.92421741777  3527.06699056086
9544000  -3518.92285531136  3529.59900217643
9545000  -3518.1875315114  3528.18152411767
9546000  -3519.1842035162  3530.58025947138
9547000  -3521.41484155012  3528.22985021968
9548000  -3520.81033630939  3532.87470045093
9549000  -3520.6197901228  3532.8171364033
9550000  -3523.02264622482  3531.98543791551
9551000  -3523.65681688734  3531.47758579258
9552000  -3525.73283693092  3533.54925046905
9553000  -3525.46335881387  3532.78640750227
9554000  -3523.7531771754  3534.7850067306
9555000  -3523.89886169271  3534.1403719695
9556000  -3522.82523977207  3536.41047862748
9557000  -3527.17147621584  3535.78094930983
9558000  -3526.18011982976  3536.8997595834
9559000  -3525.01633979319  3538.00688847252
9560000  -3524.95919450233  3537.00627161798
9561000  -3526.16635500053  3538.81171989009
9562000  -3524.61103520809  3539.94669699373
9563000  -3524.22402224259  3539.78144494893
9564000  -3526.71760861542  3540.33333189869
9565000  -3525.01331321137  3538.01121946062
9566000  -3525.10627210094  3540.82360399103
9567000  -3527.43246855198  3540.71255333123
9568000  -3525.34369425087  3538.73724257175
9569000  -3526.55218579244  3541.06216671728
9570000  -3526.59947373677  3539.74396964976
9571000  -3526.1817638358  3540.59940608454
9572000  -3525.67629444808  3542.87138465067
9573000  -3528.20897849377  3542.22263775986
9574000  -3529.40037171829  3542.43466268601
9575000  -3529.38666571823  3542.35614581417
9576000  -3528.57351083632  3543.13687388055
9577000  -3530.11221624259  3541.05449426198
9578000  -3528.87533082949  3543.97332158502
9579000  -3530.53797824363  3543.74045459465
9580000  -3531.39010384256  3545.44048693619
9581000  -3528.97628718849  3541.61709068533
9582000  -3528.78000133934  3545.84331628702
9583000  -3526.99096451007  3546.01812883558
9584000  -3528.74281286331  3544.25377456133
9585000  -3531.41404751158  3548.14568640485
9586000  -3530.85700705227  3547.57395151849
9587000  -3528.48752608878  3547.02652570574
9588000  -3532.32174989439  3546.00168180649
9589000  -3530.0934390538  3546.7240342288
9590000  -3531.0626264069  3547.14490172159
9591000  -3535.2484355222  3547.51820757562
9592000  -3530.30253696263  3550.38107983241
9593000  -3531.12213783803  3550.5476958369
9594000  -3532.04720777852  3548.21658269908
9595000  -3531.89299310078  3550.70415589547
9596000  -3534.42105115222  3550.22807985986
9597000  -3532.95306352832  3549.34192487437
9598000  -3533.19057823315  3547.403930318
9599000  -3534.70041430331  3551.03162964825
9600000  -3535.47753588536  3551.24388321215
9601000  -3532.94395825707  3551.90817319065
9602000  -3536.59360941471  3556.05312120842
9603000  -3535.07325533821  3553.53321304999
9604000  -3532.77365291884  3555.09317209746
9605000  -3534.76751568505  3552.40638250928
9606000  -3538.57367894394  3553.03892661131
9607000  -3536.90981758657  3552.67753791874
9608000  -3536.62694307612  3552.66081833775
9609000  -3536.49610122053  3552.68696113272
9610000  -3536.77521442119  3554.15653520557
9611000  -3537.68145184287  3555.39263477466
9612000  -3537.81014731411  3551.92512219096
9613000  -3538.01515870047  3552.62125015992
9614000  -3536.86900846913  3553.39157554024
9615000  -3539.37557851883  3554.03041778395
9616000  -3538.30218230528  3555.17575122212
9617000  -3536.81432011804  3554.78094455228
9618000  -3537.69812094906  3554.16291891032
9619000  -3539.61761892507  3557.78404928513
9620000  -3541.23445104537  3558.29088239352
9621000  -3542.95569648846  3557.90119057105
9622000  -3541.37299806736  3558.07300869475
9623000  -3539.226206471  3558.18718178189
9624000  -3544.98562523468  3559.38563714508
9625000  -3541.7579269899  3559.44080065419
9626000  -3544.34957226243  3558.11366060342
9627000  -3544.01468207573  3559.94890363341
9628000  -3544.53045515753  3561.6180252654
9629000  -3549.23882889592  3559.21288704353
9630000  -3546.91370793707  3559.18251320222
9631000  -3544.59224517516  3557.31331150921
9632000  -3547.35371904989  3559.96523810243
9633000  -3544.31932286526  3558.11780277109
9634000  -3541.25195084861  3557.3262998835
9635000  -3544.404495417  3559.07905985371
9636000  -3544.13574336752  3559.88033157373
9637000  -3545.11627101814  3556.9194443482
9638000  -3546.96539899568  3559.36872271855
9639000  -3547.9793471562  3557.25635280521
9640000  -3547.62377650623  3557.86921704996
9641000  -3546.69404472538  3559.03701326843
9642000  -3548.84009448837  3563.19673322929
9643000  -3550.54737342937  3558.85351083214
9644000  -3547.97183664997  3558.77436604757
9645000  -3547.86438356425  3558.89122801187
9646000  -3552.09770331936  3559.04861976372
9647000  -3548.17143415886  3555.02031887415
9648000  -3549.29474874314  3556.31402177518
9649000  -3551.52926467243  3559.40082137747
9650000  -3552.31667125675  3557.53537795363
9651000  -3549.24772556  3557.28704461641
9652000  -3549.64337968706  3557.50418573013
9653000  -3550.51348140663  3557.3164015176
9654000  -3547.6961555609  3556.57801335007
9655000  -3548.20806765298  3558.60711969077
9656000  -3551.37678037837  3559.28448520593
9657000  -3553.13360542266  3560.71273846626
9658000  -3550.12218256906  3559.74656269514
9659000  -3550.06906838147  3557.2493382596
9660000  -3552.57057194648  3558.23696894788
9661000  -3552.36762779867  3561.97133159531
9662000  -3552.59004789391  3561.80801093903
9663000  -3553.59792179388  3563.90434982597
9664000  -3556.7209798572  3563.40346470513
9665000  -3553.42758517437  3565.0041245221
9666000  -3556.15476965963  3567.09265170947
9667000  -3556.97807967458  3565.03309259479
9668000  -3559.1208500409  3561.53687511661
9669000  -3558.44588816175  3566.03576849997
9670000  -3556.94444435947  3564.06652751366
9671000  -3558.64027746378  3564.35389357571
9672000  -3558.25920260754  3561.79013631112
9673000  -3560.9457790733  3563.37721213941
9674000  -3558.20881329963  3564.06856726858
9675000  -3559.49388042897  3562.68576816606
9676000  -3558.55176525878  3563.18638985402
9677000  -3557.86903164039  3563.6269928596
9678000  -3560.19480480858  3561.90695497312
9679000  -3560.26194777899  3563.37103481802
9680000  -3560.8221810302  3566.00962506767
9681000  -3560.11722500639  3566.84067009826
9682000  -3561.14249793898  3564.87322250062
9683000  -3563.8197474692  3565.65888856103
9684000  -3562.14830009389  3565.0995997259
9685000  -3567.63059711203  3568.05999972531
9686000  -3566.29438188519  3566.33486751108
9687000  -3564.34545592172  3566.80524718989
9688000  -3566.23604130007  3566.31598153979
9689000  -3564.88580456916  3569.09283290839
9690000  -3565.67761021755  3569.59795970571
9691000  -3562.09723771912  3569.02819927591
9692000  -3564.15366382307  3571.05501182372
9693000  -3564.64334423099  3570.22169220411
9694000  -3565.51671162943  3571.05305664195
9695000  -3564.863087291  3570.12346947628
9696000  -3564.91684708019  3572.07833674625
9697000  -3564.44945132782  3572.94791842672
9698000  -3566.69410597314  3573.92210455953
9699000  -3565.81726060616  3574.25409154234
9700000  -3569.24704189295  3578.6577069388
9701000  -3569.68849274668  3578.14609071122
9702000  -3569.5504333045  3577.3306885604
9703000  -3568.16641165847  3576.87828868587
9704000  -3570.40300051623  3576.56112162758
9705000  -3570.41823177042  3575.03643126808
9706000  -3572.21639203402  3576.77645263254
9707000  -3569.56605948904  3576.06526883183
9708000  -3570.77761775163  3575.95837626135
9709000  -3570.14386163582  3575.73404072414
9710000  -3572.51406348921  3577.55316006261
9711000  -3572.81593165731  3577.64671572813
9712000  -3572.46054636681  3578.2147041678
9713000  -3574.93662917768  3578.40638182819
9714000  -3576.42282680405  3578.16787728614
9715000  -3576.84549387904  3575.11792567292
9716000  -3576.7319134585  3577.46474274334
9717000  -3576.76189783159  3576.88220861673
9718000  -3577.71939466383  3575.37186175223
9719000  -3575.66416793112  3580.31738216949
9720000  -3578.2063309823  3581.5522498763
9721000  -3578.31767508861  3576.38170533892
9722000  -3577.90646670678  3578.4928653178
9723000  -3581.02357171749  3579.3897590009
9724000  -3580.10298277482  3577.28072141233
9725000  -3578.90335439315  3577.14524833082
9726000  -3581.47858037597  3579.4248501826
9727000  -3583.15666860222  3579.851608743
9728000  -3582.81872780479  3581.62380372142
9729000  -3582.49461187042  3581.29723672151
9730000  -3579.57557421458  3580.18425640093
9731000  -3582.01657618285  3581.47846958148
9732000  -3581.93112111145  3583.12839768153
9733000  -3582.38044277804  3583.6622895083
9734000  -3585.59687414436  3583.85715954148
9735000  -3582.41759386388  3585.09313795983
9736000  -3585.14772483852  3586.38599079244
9737000  -3582.93046987871  3587.23584996391
9738000  -3583.5890284212  3585.56795625119
9739000  -3584.00408398154  3585.69441215333
9740000  -3585.61249968728  3585.36900579166
9741000  -3584.36640674118  3586.33227244798
9742000  -3587.11452469877  3588.0574598413
9743000  -3584.56424555939  3589.46009549471
9744000  -3585.39992390061  3590.89395957704
9745000  -3585.49309376641  3589.60093848977
9746000  -3585.60447394519  3590.08406641701
9747000  -3583.61710244774  3590.58593984351
9748000  -3585.76273128684  3589.23841565617
9749000  -3585.5090012741  3592.73726870796
9750000  -3586.09241737376  3590.275085081
9751000  -3586.12472549347  3589.56988831249
9752000  -3585.82311455665  3590.17520935207
9753000  -3586.80789718262  3588.23772197369
9754000  -3585.47377982147  3591.39999195933
9755000  -3583.76048280341  3589.52782784246
9756000  -3584.5909577225  3590.02781864166
9757000  -3585.24488641451  3591.12466471159
9758000  -3586.51995864082  3593.95138731588
9759000  -3587.66502864266  3591.71029482082
9760000  -3586.46767353867  3592.70310026073
9761000  -3588.49256446641  3592.53603579844
9762000  -3590.12962122466  3594.30613395353
9763000  -3592.1443787626  3591.12098127662
9764000  -3590.76665797075  3593.29752885328
9765000  -3591.25967988707  3592.803701342
9766000  -3590.26138178339  3592.58978500326
9767000  -3590.18550906401  3593.89216454282
9768000  -3590.62435094472  3597.07309231495
9769000  -3591.56590527548  3594.85358491893
9770000  -3595.15567313144  3595.24054234357
9771000  -3592.23133632334  3595.88085858369
9772000  -3594.47513655605  3595.79016910014
9773000  -3594.53906837845  3595.70965920199
9774000  -3594.5026661464  3595.85297646285
9775000  -3593.89529275179  3595.60325402623
9776000  -3595.96575049221  3596.20149873318
9777000  -3596.29381593134  3598.27324528115
9778000  -3595.84946289823  3597.51336329958
9779000  -3596.62951556334  3597.64112632033
9780000  -3598.80879735805  3596.85392328297
9781000  -3599.43135740483  3597.73797792161
9782000  -3598.83070223921  3595.20544827507
9783000  -3598.89553248918  3598.47502327485
9784000  -3599.62319778498  3600.468255219
9785000  -3599.53805195203  3599.13530948665
9786000  -3598.70979528064  3598.1620009807
9787000  -3600.5215014085  3603.57409934178
9788000  -3601.45595577856  3600.96258873743
9789000  -3601.18145946582  3600.65618902776
9790000  -3603.00311491511  3601.219169901
9791000  -3599.79227913188  3600.96305201534
9792000  -3602.09025898107  3603.33982256385
9793000  -3598.2041760613  3603.65502739122
9794000  -3600.05833650163  3602.10046450623
9795000  -3600.95330860924  3602.77865768892
9796000  -3602.65354036158  3606.67755691713
9797000  -3602.90130099369  3603.99241184659
9798000  -3599.98465753123  3604.77487198338
9799000  -3602.74743301367  3603.68172822273
9800000  -3605.90394189815  3605.47430546647
9801000  -3604.68655163539  3604.92264719651
9802000  -3605.27633334499  3607.06049125472
9803000  -3605.56564079715  3607.15271525083
9804000  -3605.60061048982  3607.61852558718
9805000  -3605.91730462925  3608.079212958
9806000  -3605.44276840022  3608.26652314036
9807000  -3606.38035841785  3608.57411057588
9808000  -3605.50775787978  3611.19810270445
9809000  -3605.90100799941  3611.58739143233
9810000  -3608.16320660808  3610.24143146985
9811000  -3608.60277009819  3613.35908522092
9812000  -3608.60678269271  3613.42128989152
9813000  -3605.77537010153  3610.92190236356
9814000  -3605.1317004472  3612.39919565831
9815000  -3608.75143585986  3611.76625410287
9816000  -3608.69294237555  3612.7261330762
9817000  -3612.47010799235  3612.91437757949
9818000  -3611.20628398881  3616.01173211936
9819000  -3607.84658253757  3615.88407246306
9820000  -3609.98325935435  3617.25732640464
9821000  -3610.65111476114  3617.32304635474
9822000  -3612.1877528205  3618.28137804331
9823000  -3612.47841744031  3618.7830389266
9824000  -3613.09655269053  3619.73370490787
9825000  -3615.66807310066  3618.11367398501
9826000  -3613.6791790564  3618.94931421409
9827000  -3616.5103485075  3619.74706258229
9828000  -3615.96646542683  3620.52139996787
9829000  -3614.02805087823  3620.83403735857
9830000  -3616.17675632646  3621.1641447315
9831000  -3616.54089960922  3622.68261424745
9832000  -3614.10671290233  3622.86478648765
9833000  -3617.64314731629  3623.70585745212
9834000  -3614.96134836956  3623.37818054428
9835000  -3614.42038011091  3625.97842817564
9836000  -3615.44207755815  3627.26552599952
9837000  -3615.50457616215  3627.10409117914
9838000  -3618.18560428258  3628.42923402392
9839000  -3619.80043117718  3627.93729807318
9840000  -3619.79178228569  3629.05305514635
9841000  -3620.09594636775  3627.1659728902
9842000  -3618.17167904339  3629.11062533561
9843000  -3619.34222543862  3627.9404474169
9844000  -3621.19777700548  3626.10371719016
9845000  -3618.71704543616  3626.14077918689
9846000  -3620.99248278715  3628.78520591401
9847000  -3622.67135299159  3628.93153795359
9848000  -3619.80191107659  3628.21590188548
9849000  -3622.43871709705  3630.53771744212
9850000  -3624.21972673857  3630.23430490847
9851000  -3628.43912121534  3630.1402830581
9852000  -3624.30126297766  3631.38362380926
9853000  -3623.71177661792  3629.92661101554
9854000  -3627.13409219389  3629.29496272583
9855000  -3627.23271267142  3630.78386384054
9856000  -3625.96687638418  3630.98903845473
9857000  -3625.34596052597  3633.67697567419
9858000  -3628.03504495513  3632.82412392182
9859000  -3625.15171775169  3631.85316473234
9860000  -3627.05482010727  3634.12298824611
9861000  -3629.63270985848  3632.56696160574
9862000  -3629.78505406749  3636.26754059257
9863000  -3628.42821106028  3634.31091197627
9864000  -3629.82110284485  3633.818311926
9865000  -3631.76306086779  3635.3600193819
9866000  -3629.03761846526  3632.15524085997
9867000  -3628.74110554641  3634.28961873559
9868000  -3631.26854668913  3633.89437581399
9869000  -3629.98803368621  3634.8914268794
9870000  -3629.76269941258  3634.29241692815
9871000  -3631.33982109225  3634.9638137235
9872000  -3632.6811784226  3637.13689614814
9873000  -3634.42943423477  3638.61589857714
9874000  -3632.3457909755  3637.80959818893
9875000  -3634.10042175703  3639.20272301758
9876000  -3635.32023976955  3637.7172420618
9877000  -3634.17243882415  3637.91248233077
9878000  -3635.72875499614  3638.3226977968
9879000  -3633.91305928829  3638.97437804864
9880000  -3634.64154975627  3639.06155062274
9881000  -3635.77343696848  3641.22612876887
9882000  -3634.82230531036  3639.05317303846
9883000  -3634.31077471685  3640.13907983348
9884000  -3633.30418183572  3641.63759108536
9885000  -3634.96465110076  3640.57789836628
9886000  -3634.30430621481  3642.02877628456
9887000  -3634.25560385261  3642.39277894041
9888000  -3635.37380268534  3640.96675236235
9889000  -3634.03738560321  3641.05055724741
9890000  -3639.98090070219  3641.82147558551
9891000  -3636.53476269789  3642.47679079301
9892000  -3638.59266133333  3642.50922483906
9893000  -3639.20122251479  3645.238126294
9894000  -3639.8156763558  3644.48801472491
9895000  -3637.77159304403  3645.75399919923
9896000  -3638.65818749102  3644.38214686173
9897000  -3642.5971316074  3647.40299464497
9898000  -3642.65282804981  3648.43456197034
9899000  -3642.18673099871  3647.6305090645
9900000  -3639.91877495063  3645.30244810184
9901000  -3641.81001232606  3645.1502352817
9902000  -3642.24520478585  3645.02207516527
9903000  -3642.60661646614  3649.67296073835
9904000  -3641.96006406397  3648.04508086409
9905000  -3643.84607280113  3649.94454776613
9906000  -3644.00173972437  3651.04551943878
9907000  -3643.35576918842  3650.42304951563
9908000  -3645.32566916601  3654.02122408253
9909000  -3642.94462419943  3653.99802417334
9910000  -3642.50399492477  3656.4459875768
9911000  -3646.37189677102  3656.54709704705
9912000  -3645.17050793317  3654.79630856707
9913000  -3645.8518678872  3655.53776630135
9914000  -3648.02026042667  3656.01965281438
9915000  -3647.96062641795  3656.62494399629
9916000  -3648.10107550338  3654.48944067827
9917000  -3647.71457114151  3659.90869538119
9918000  -3647.99670509611  3657.48146964202
9919000  -3647.75447773082  3658.85974141598
9920000  -3648.07355341043  3658.29792322397
9921000  -3649.15921958286  3657.54600590028
9922000  -3651.45029987775  3659.03259328717
9923000  -3651.28855917343  3660.59369032764
9924000  -3652.17894020507  3656.1942511059
9925000  -3654.04303526399  3660.00386215211
9926000  -3654.621799357  3660.50573178068
9927000  -3654.69780181639  3659.60729897694
9928000  -3655.17581226479  3659.83100075226
9929000  -3655.14291403656  3659.72684977811
9930000  -3657.01652691863  3661.30600497264
9931000  -3655.48212430451  3660.89644856637
9932000  -3653.90911173364  3660.17589111056
9933000  -3657.40762706743  3663.06664457701
9934000  -3655.45587661018  3664.13616987244
9935000  -3656.03925320948  3665.20582454596
9936000  -3659.35921140135  3663.73730044053
9937000  -3656.97217732283  3665.23629602208
9938000  -3657.43675916367  3667.25759715932
9939000  -3657.18805771264  3668.54971651628
9940000  -3657.4268237247  3668.11758106237
9941000  -3655.49236661239  3667.10001084024
9942000  -3659.73962625329  3669.73951837228
9943000  -3659.0231335685  3668.79159282007
9944000  -3659.48653966876  3666.84989349339
9945000  -3658.64989983024  3665.69355628456
9946000  -3662.16403711949  3669.16133778891
9947000  -3661.65762455748  3667.5069730774
9948000  -3658.19838738185  3671.27642058293
9949000  -3659.13679825387  3671.89264405653
9950000  -3662.85797991532  3670.74801994683
9951000  -3661.79435755686  3671.64297170019
9952000  -3662.18327135975  3672.03217011688
9953000  -3665.48289810792  3675.37164744958
9954000  -3665.06969074018  3674.65275311388
9955000  -3663.76449188667  3674.63373815902
9956000  -3664.82331074249  3675.79364019243
9957000  -3666.42818620606  3675.4530667163
9958000  -3665.76569257692  3678.06760912993
9959000  -3665.89647027735  3676.17823041716
9960000  -3667.18415390131  3679.66289290916
9961000  -3668.41245923323  3676.57757622376
9962000  -3669.12606535163  3677.12714418641
9963000  -3668.07880864855  3676.8164245976
9964000  -3669.77208754501  3677.54340614859
9965000  -3671.39789205223  3675.67339338903
9966000  -3669.04621918512  3675.44351412329
9967000  -3673.20163099356  3674.20669105124
9968000  -3671.38870384099  3677.71673433851
9969000  -3673.73424483542  3676.75474250103
9970000  -3671.32634360542  3677.41579452493
9971000  -3671.48070885566  3680.3436628321
9972000  -3673.77842946535  3678.18461488882
9973000  -3675.29529879364  3677.58935598132
9974000  -3672.57650984503  3679.05395392479
9975000  -3674.98583248544  3678.03880411847
9976000  -3676.48068310395  3680.94131689785
9977000  -3676.91559922238  3680.72360991023
9978000  -3674.55772948243  3683.342954227
9979000  -3674.27945395902  3682.5235297443
9980000  -3679.1867337436  3682.70092596802
9981000  -3676.6574905794  3685.6764330373
9982000  -3678.78487529217  3684.76227836416
9983000  -3680.96253727751  3684.23245353255
9984000  -3677.27287305479  3684.94242162739
9985000  -3677.18051841494  3685.55845055814
9986000  -3682.8539274647  3686.55001898457
9987000  -3680.06719282258  3687.28791870422
9988000  -3681.20418073916  3689.16949468318
9989000  -3682.69099803781  3688.72265593679
9990000  -3680.77531018876  3691.38355904319
9991000  -3680.55106008405  3688.6143426143
9992000  -3681.66230730314  3691.52373676891
9993000  -3682.21749492645  3690.25407987839
9994000  -3680.72872780175  3689.23621667034
9995000  -3683.09668293957  3690.94421055333
9996000  -3682.48242774394  3690.63538105599
9997000  -3683.38628564476  3693.58629107239
9998000  -3682.48097711058  3690.00122564823
9999000  -3683.15632459079  3692.14480370773
10000000  -3681.53942383019  3691.72789759106
10001000  -3682.60370874671  3691.99529686489
10002000  -3682.27703252989  3693.59301383418
10003000  -3685.15251707511  3691.81337004015
10004000  -3685.09244187766  3694.24041915513
10005000  -3683.48551309048  3694.64906080292
10006000  -3684.34042103595  3693.65191526474
10007000  -3685.60454443825  3695.17129661168
10008000  -3686.16456873407  3695.36809798387
10009000  -3688.82885182856  3696.9677038344
10010000  -3688.28342243475  3698.29120018351
10011000  -3690.25182161906  3698.5606522112
10012000  -3688.82736793968  3697.77012856853
10013000  -3690.73945209689  3698.20641248712
10014000  -3687.83197336691  3698.87670505157
10015000  -3690.22208054768  3698.28097668613
10016000  -3689.84025859885  3699.02696339276
10017000  -3689.39340043524  3700.74675235673
10018000  -3691.80540392337  3699.85197968514
10019000  -3691.46345754525  3698.29498853256
10020000  -3691.49143704537  3701.0663065176
10021000  -3687.14145498583  3701.23194325037
10022000  -3690.81486390136  3701.87293745979
10023000  -3690.35488780689  3701.67814696031
10024000  -3689.59972715288  3698.82811095812
10025000  -3694.44598724678  3700.17005270611
10026000  -3692.52714421786  3701.61282585696
10027000  -3693.72687902965  3702.19892622894
10028000  -3693.21180860958  3701.45069381792
10029000  -3693.85275005008  3701.38797503783
10030000  -3696.79884720602  3701.66678992137
10031000  -3695.86637709559  3704.14987348248
10032000  -3697.95138675998  3705.36634447105
10033000  -3700.56529145862  3705.90943200575
10034000  -3698.33077534891  3704.74494504305
10035000  -3698.22923850261  3702.01504579811
10036000  -3694.19573660477  3703.0202919582
10037000  -3696.36553098617  3702.45532702288
10038000  -3698.61759126169  3701.42944930003
10039000  -3696.22241587353  3703.91763728791
10040000  -3698.61388782511  3703.47613612369
10041000  -3697.95430607569  3705.40447576319
10042000  -3698.33894252959  3706.24399773998
10043000  -3700.09995460086  3706.62634289433
10044000  -3696.25947272226  3704.8284086748
10045000  -3697.38997799626  3705.13464778956
10046000  -3696.73397027474  3706.65260334282
10047000  -3698.01071512477  3706.15485475328
10048000  -3695.85180067869  3704.30612872427
10049000  -3696.64254705614  3705.43895173042
10050000  -3703.271172902  3706.89080556117
10051000  -3702.49448422691  3709.1048355857
10052000  -3700.79630496105  3708.44020281166
10053000  -3702.31446781814  3709.9159106568
10054000  -3699.87890102128  3705.64327159753
10055000  -3699.71601609024  3708.36336258184
10056000  -3700.06950146967  3710.48072055129
10057000  -3700.63401641322  3709.8890393968
10058000  -3703.29367329718  3707.29367119713
10059000  -3705.39354004569  3710.71776448069
10060000  -3706.67578972927  3709.08466002587
10061000  -3708.72792167991  3711.23396470255
10062000  -3706.45449391439  3710.89445939255
10063000  -3707.78211132417  3708.55478940992
10064000  -3705.76739802528  3709.54742633182
10065000  -3705.94869390943  3711.60000677572
10066000  -3708.35056837025  3710.86874206202
10067000  -3706.79207339224  3711.99380775869
10068000  -3708.12801220367  3713.40669580711
10069000  -3708.71984714455  3711.84711460115
10070000  -3707.89336986153  3711.99871619019
10071000  -3709.24945240907  3712.73045950236
10072000  -3710.45193934927  3711.8838522972
10073000  -3709.28834363574  3712.1382055577
10074000  -3707.70007047963  3712.85032770223
10075000  -3710.39401064991  3716.01370460199
10076000  -3710.07399116317  3712.40619926675
10077000  -3707.00187404179  3713.58102161472
10078000  -3710.93215282416  3715.48277709976
10079000  -3709.26231419221  3716.98073873712
10080000  -3709.02666752623  3715.35701746673
10081000  -3708.79522280647  3716.06563598816
10082000  -3707.78093769964  3716.35696542308
10083000  -3710.35425999543  3717.06536984645
10084000  -3709.69698796701  3717.10533735397
10085000  -3711.99044238412  3716.77295843043
10086000  -3709.50156990497  3716.54700539127
10087000  -3713.7636340756  3716.38322982045
10088000  -3709.76169979354  3718.31906011537
10089000  -3712.12528074731  3719.08779536951
10090000  -3708.7284393507  3717.29692388806
10091000  -3710.39678808281  3717.05725090373
10092000  -3709.93565661395  3718.90773884455
10093000  -3709.79162404002  3720.05111409799
10094000  -3709.75437020101  3720.01339664592
10095000  -3710.500221859  3719.21567778064
10096000  -3711.01295856807  3718.81312615246
10097000  -3714.10684737102  3718.68994292048
10098000  -3712.1719998725  3721.08252271728
10099000  -3713.25852360964  3718.56915162492
10100000  -3710.17929723956  3718.70432224123
10101000  -3711.65542827922  3718.98930037172
10102000  -3710.79169872446  3720.65183729816
10103000  -3710.82513630907  3720.08077636172
10104000  -3712.41298394328  3721.84524312318
10105000  -3712.38282394445  3723.64747746116
10106000  -3713.61953437297  3725.53570816727
10107000  -3715.37115204056  3724.36916135261
10108000  -3713.94726225485  3725.538389376
10109000  -3712.81711141096  3724.38529671278
10110000  -3711.89694534168  3724.23814271509
10111000  -3713.66130479131  3723.23825547148
10112000  -3716.60977425698  3725.53490349348
10113000  -3715.62161021637  3726.3172069482
10114000  -3713.51918694353  3729.45886601211
10115000  -3714.83008428015  3727.84843648548
10116000  -3714.73492279207  3730.78873601814
10117000  -3715.25469888266  3726.34537973233
10118000  -3714.32299171414  3727.87165926783
10119000  -3716.16573759776  3730.84333708862
10120000  -3717.47513749442  3729.5809562849
10121000  -3717.24340758155  3732.85116170994
10122000  -3717.1573771055  3729.34978958062
10123000  -3716.9647829313  3732.1266207787
10124000  -3719.62186540745  3732.16770835905
10125000  -3719.94819206115  3732.5434957192
10126000  -3717.4859383329  3732.27260561319
10127000  -3718.62011855203  3730.71240822543
10128000  -3716.82397943399  3731.00575725541
10129000  -3718.83748051356  3731.81952350195
10130000  -3717.5815629533  3730.34017137084
10131000  -3716.1248872393  3730.23897401325
10132000  -3719.17117913788  3734.24814283174
10133000  -3719.6660091238  3732.12993951958
10134000  -3717.03039534003  3733.92386357336
10135000  -3721.42092225781  3734.26087360616
10136000  -3719.75715516715  3733.41085091184
10137000  -3719.67741841961  3735.52075929245
10138000  -3721.91392711235  3735.8817662055
10139000  -3719.18843675305  3733.93671697002
10140000  -3721.65041535147  3733.52815993368
10141000  -3719.62524355541  3732.76036933427
10142000  -3721.76567639236  3732.93222587123
10143000  -3723.62377895128  3734.92893343805
10144000  -3724.7317255474  3734.01734105943
10145000  -3725.37812028562  3734.17861291097
10146000  -3725.16550148784  3735.71925035019
10147000  -3725.41977333063  3736.51459765319
10148000  -3726.59930887803  3738.20860520488
10149000  -3726.2407662877  3736.7384820075
10150000  -3725.94438392354  3736.3533019693
10151000  -3727.61935989752  3739.81668955323
10152000  -3728.39371212397  3735.94918780464
10153000  -3727.38291346018  3734.57071089384
10154000  -3725.82812136463  3737.28960965401
10155000  -3728.0758327274  3735.16352523373
10156000  -3722.95570597371  3737.5437813491
10157000  -3727.21938527548  3736.51988464846
10158000  -3725.27364373793  3740.41910732559
10159000  -3724.45960415328  3738.1880490901
10160000  -3726.71676737643  3738.80690820079
10161000  -3725.64996520657  3737.7453141857
10162000  -3727.87092903924  3738.20454710186
10163000  -3726.99235125104  3740.16621795187
10164000  -3725.17123035216  3743.30467383696
10165000  -3726.07841069104  3741.99747130477
10166000  -3728.29448689996  3742.07106458161
10167000  -3730.60297297738  3740.86195862539
10168000  -3728.11704892288  3741.06234055071
10169000  -3727.68831242217  3739.98333006241
10170000  -3729.62593250083  3742.00894152338
10171000  -3728.9501022458  3739.26415328395
10172000  -3731.78820120906  3740.95990133587
10173000  -3732.04253890977  3742.37967385919
10174000  -3732.99752866612  3742.88559724628
10175000  -3731.4394902222  3741.89412601955
10176000  -3732.08115261709  3742.65473641122
10177000  -3730.72243802219  3744.9014049979
10178000  -3730.37309263818  3744.568374598
10179000  -3730.97875312065  3744.57017242699
10180000  -3732.47982697682  3745.45533858491
10181000  -3730.27649140008  3745.30672280234
10182000  -3732.19101245563  3745.16595724263
10183000  -3731.49628515776  3746.97418518085
10184000  -3735.70063010651  3744.68733302637
10185000  -3734.6515091505  3746.02029938909
10186000  -3732.85942303071  3746.95773980653
10187000  -3735.5900921989  3744.80834283909
10188000  -3734.42151445299  3749.20830771342
10189000  -3736.3627364764  3746.16806203196
10190000  -3735.47457466209  3747.66394137088
10191000  -3737.35415917075  3747.57797349103
10192000  -3738.31808994844  3750.0760847774
10193000  -3738.54914054589  3748.75478131898
10194000  -3739.2550139453  3751.33457745101
10195000  -3737.60121950092  3750.86887360729
10196000  -3738.9441061987  3749.65647058008
10197000  -3740.30883221527  3748.92235385478
10198000  -3744.11894934062  3750.80244434309
10199000  -3742.64219653898  3751.14647411857
10200000  -3744.06729489447  3752.83411079622
10201000  -3743.20365620853  3752.09429615268
10202000  -3743.34541949782  3752.21449022766
10203000  -3743.66662235956  3752.59890065023
10204000  -3746.05526496745  3751.90138295192
10205000  -3746.14144842488  3754.40912509742
10206000  -3747.48497555095  3752.7227297144
10207000  -3747.56801966081  3750.50038724549
10208000  -3746.60071480013  3753.39289007536
10209000  -3748.03411317768  3753.03467404546
10210000  -3745.77405746996  3752.72543435201
10211000  -3746.99885073594  3752.00109182703
10212000  -3746.84862527184  3754.20006325915
10213000  -3748.99575572686  3754.04217182973
10214000  -3748.28206020909  3755.7628647105
10215000  -3746.47489999329  3755.51545329613
10216000  -3749.88192623159  3758.77081268793
10217000  -3747.81168072405  3756.14231815643
10218000  -3750.39556398767  3756.72984373221
10219000  -3750.38511730039  3759.68341981479
10220000  -3751.29826527581  3759.41469715478
10221000  -3750.44033240651  3761.67690763332
10222000  -3750.38093757751  3760.81558960709
10223000  -3749.60589158257  3761.89698081289
10224000  -3752.55607298674  3760.83926967476
10225000  -3753.05381676546  3761.98373411923
10226000  -3750.27832885317  3764.2818604425
10227000  -3751.70023426663  3763.18054736186
10228000  -3749.81377676928  3763.22308659655
10229000  -3753.83024213516  3764.49088798084
10230000  -3750.07973856347  3766.91553836416
10231000  -3753.49674117201  3765.3600789529
10232000  -3752.90976606039  3765.02175245365
10233000  -3754.92595687537  3764.28528465137
10234000  -3753.16450661168  3765.99756597143
10235000  -3753.58515610383  3763.53001042246
10236000  -3756.13090928842  3765.71007415794
10237000  -3758.10909292824  3766.5174139296
10238000  -3759.40473273393  3766.33953210301
10239000  -3758.91212573669  3766.91631991562
10240000  -3754.4246558781  3769.23701821943
10241000  -3758.95492146194  3767.92209101116
10242000  -3758.52564572087  3767.34802828672
10243000  -3758.29955406008  3768.51435555972
10244000  -3758.00687598394  3769.99240059666
10245000  -3759.02663706951  3766.17048932295
10246000  -3757.3729034287  3768.94580293969
10247000  -3757.79946401347  3769.32051427415
10248000  -3760.61980963767  3770.33128298688
10249000  -3759.92258344543  3771.61010337873
10250000  -3759.4098020951  3770.96603254641
10251000  -3758.03977645259  3771.11008172581
10252000  -3762.80560401755  3771.62461845727
10253000  -3760.75824520753  3774.31693312027
10254000  -3764.03062097203  3773.10479321613
10255000  -3765.47451015492  3772.77835418357
10256000  -3765.8718200074  3775.845976236
10257000  -3764.09683415729  3774.88128118312
10258000  -3764.83646645811  3774.99391935825
10259000  -3764.72630817256  3773.50791385646
10260000  -3769.22073911958  3775.4982550062
10261000  -3767.73183401782  3773.4970197466
10262000  -3763.73026026807  3777.16125791439
10263000  -3764.63342029023  3776.32690937728
10264000  -3765.65377087241  3773.08319993397
10265000  -3768.08365344042  3771.99520593523
10266000  -3768.43007932688  3775.54607408392
10267000  -3765.27250275766  3776.64481640412
10268000  -3767.23886465523  3777.90428092808
10269000  -3768.1211886081  3778.78019103721
10270000  -3766.38812180687  3779.77004283952
10271000  -3770.27533577964  3779.27283808851
10272000  -3769.34295766399  3779.08208226202
10273000  -3771.07935941073  3780.05990440737
10274000  -3771.09835850564  3778.62384322096
10275000  -3769.69167383634  3778.37676653718
10276000  -3771.22707813464  3780.69021191809
10277000  -3772.25112045196  3781.24805490572
10278000  -3773.12779672595  3781.35783806212
10279000  -3772.77053857523  3781.35443629602
10280000  -3774.02275977096  3782.92826470323
10281000  -3773.93711912741  3784.25123644086
10282000  -3773.52503375616  3785.49509722832
10283000  -3774.06986241384  3784.23429174454
10284000  -3769.68747492406  3786.47116602334
10285000  -3772.35024408298  3784.81437323272
10286000  -3772.35346848914  3785.34453561367
10287000  -3772.45148032547  3784.48003862336
10288000  -3772.69352578195  3786.40748519826
10289000  -3775.2568604899  3783.41845672942
10290000  -3775.5098562222  3785.38009087856
10291000  -3776.42956533392  3784.34986187062
10292000  -3775.70954511837  3786.95928381495
10293000  -3777.30078043292  3786.66745421298
10294000  -3777.83578857633  3787.61432318572
10295000  -3776.09977738343  3785.96344814909
10296000  -3780.66297483327  3787.88567563816
10297000  -3778.91301641384  3788.18771359945
10298000  -3780.78721643198  3787.40652400492
10299000  -3782.48187826343  3786.35902029363
10300000  -3781.38610103179  3789.77339823298
10301000  -3779.69310103272  3788.79754464258
10302000  -3781.67635642707  3789.64424795237
10303000  -3780.03910539822  3791.61643705417
10304000  -3779.01874144555  3790.86240761177
10305000  -3783.88810271414  3791.66148098838
10306000  -3780.67958485915  3792.28182144744
10307000  -3780.45601394025  3791.91932563612
10308000  -3781.93748099309  3792.00637513993
10309000  -3782.47376256287  3792.14862116384
10310000  -3782.57804298148  3793.12276342332
10311000  -3784.16392848706  3793.95086249021
10312000  -3785.82414304953  3795.2321091012
10313000  -3782.86365372018  3792.45895161895
10314000  -3787.79372459907  3793.60442796269
10315000  -3785.88144545705  3795.47669200096
10316000  -3786.13468247841  3792.85804750073
10317000  -3785.3224096576  3794.0766429254
10318000  -3783.63264864366  3793.09955376198
10319000  -3784.48508990223  3794.48753550273
10320000  -3787.50049864344  3792.52130751175
10321000  -3786.96268446296  3796.03543291687
10322000  -3786.98593280729  3793.62898264318
10323000  -3788.19617171434  3795.10430488954
10324000  -3790.66366253026  3795.13108728937
10325000  -3789.69084956479  3795.52767967008
10326000  -3789.09304328534  3797.12792031049
10327000  -3790.42869845167  3795.91390789188
10328000  -3793.34071944028  3796.96805193159
10329000  -3788.56012434913  3799.33076393745
10330000  -3788.29656572395  3795.38729079309
10331000  -3790.64636292466  3799.6425790997
10332000  -3790.66855423836  3800.74827418906
10333000  -3792.80081296617  3799.88025948055
10334000  -3793.31737351618  3800.95648039969
10335000  -3793.15811615026  3799.30177801967
10336000  -3792.8953209763  3799.99989228886
10337000  -3791.74150858981  3797.82447562852
10338000  -3792.69112597179  3800.8647215944
10339000  -3794.32165362886  3798.75709450383
10340000  -3794.38929340903  3799.34177361625
10341000  -3796.02244882587  3801.50744744358
10342000  -3795.0165756047  3798.81537348547
10343000  -3795.58607467019  3801.31523390471
10344000  -3794.75411904369  3803.51609522064
10345000  -3795.291153158  3804.42324584208
10346000  -3795.76110540916  3803.89742459579
10347000  -3797.75461617995  3803.31238471048
10348000  -3798.66359470567  3803.5189817531
10349000  -3798.01632517686  3805.97295180456
10350000  -3799.36177216098  3804.43100610833
10351000  -3798.60429566391  3805.07299857653
10352000  -3799.88278870729  3806.66671404611
10353000  -3801.19909760731  3807.51488609912
10354000  -3802.85469458148  3806.69171175034
10355000  -3800.673099848  3807.98719362246
10356000  -3801.1841114896  3809.66704763321
10357000  -3803.42304998428  3809.99632770856
10358000  -3802.22676190089  3809.99340331561
10359000  -3802.15854215656  3809.57060175535
10360000  -3804.33716541824  3811.26385833445
10361000  -3800.99114154948  3811.31479970741
10362000  -3800.1114818867  3813.13457689577
10363000  -3805.40663512218  3812.14585967698
10364000  -3804.00328730691  3810.68558825196
10365000  -3806.12233416776  3810.06087706701
10366000  -3806.68298637481  3812.86040372084
10367000  -3807.33173182465  3809.38641967221
10368000  -3807.84560552459  3812.82878833233
10369000  -3806.52803093958  3809.8492795613
10370000  -3806.57448747142  3813.0406550402
10371000  -3806.06309001647  3815.34705519845
10372000  -3807.07018329912  3813.61966644846
10373000  -3804.40323611956  3815.38478448911
10374000  -3808.3627477965  3815.8651301667
10375000  -3809.04776636802  3817.21663427468
10376000  -3807.66518952867  3816.24367283713
10377000  -3809.53429878936  3818.338390429
10378000  -3809.45140659137  3820.35009719252
10379000  -3811.49141753853  3819.5335775983
10380000  -3812.33070191025  3819.48206672756
10381000  -3811.05644673969  3819.61708243406
10382000  -3811.83627311163  3819.13079920764
10383000  -3811.29853295033  3819.99988871195
10384000  -3814.13650350991  3820.4289045604
10385000  -3810.73435525044  3819.52086896449
10386000  -3811.0632922956  3821.17809005759
10387000  -3810.87005358404  3824.44815447795
10388000  -3815.44523762975  3824.22374974841
10389000  -3813.86462732149  3824.2227679709
10390000  -3812.21009936734  3826.92873879543
10391000  -3814.10415528416  3824.19660474432
10392000  -3814.87394048094  3824.41804102806
10393000  -3811.1212652178  3825.23218989897
10394000  -3814.97261379734  3825.34030557047
10395000  -3815.20005691525  3825.54489957742
10396000  -3812.21992954508  3824.132465713
10397000  -3816.18864717323  3824.46998134599
10398000  -3816.97192384672  3824.86429499066
10399000  -3815.00299798882  3825.91222432743
10400000  -3815.7909099653  3827.43980411287
10401000  -3814.85168757368  3825.63760165385
10402000  -3815.38892473545  3824.07006651003
10403000  -3817.93174955781  3826.99082521838
10404000  -3817.77352724874  3827.06184556383
10405000  -3815.58515948541  3827.05323939957
10406000  -3819.86369102665  3824.49911132476
10407000  -3816.8239296492  3826.79658421793
10408000  -3819.77631368744  3827.07674446321
10409000  -3819.58835847356  3827.15074984754
10410000  -3821.35591362655  3829.52515355745
10411000  -3819.94946716865  3830.41414088114
10412000  -3820.34631337251  3827.52843724814
10413000  -3818.9373406499  3831.01945813114
10414000  -3822.48796292424  3831.7760261989
10415000  -3821.42704505589  3833.10364156828
10416000  -3821.59371884068  3833.87725617466
10417000  -3821.40266615305  3832.89112150617
10418000  -3823.46330984848  3833.75000520135
10419000  -3820.45906030481  3833.39300724744
10420000  -3824.76138558648  3832.03343129891
10421000  -3823.59270694547  3833.67281995036
10422000  -3825.06336920959  3831.97862797494
10423000  -3823.16879018734  3835.58933364358
10424000  -3825.402439859  3834.06778996207
10425000  -3825.97437591439  3834.78796922057
10426000  -3825.88615312914  3835.86577371237
10427000  -3825.01428133444  3834.07859534842
10428000  -3826.65507738404  3835.70702513056
10429000  -3827.81778917464  3835.48550018602
10430000  -3824.09267638109  3835.72426539739
10431000  -3828.46707221377  3841.77649550402
10432000  -3826.8219013417  3839.87932264324
10433000  -3829.59633214942  3838.58293132718
10434000  -3828.88742864832  3842.04665072664
10435000  -3830.32827376297  3840.89049477575
10436000  -3829.71818843967  3841.35279281652
10437000  -3830.51332312714  3842.00626888879
10438000  -3830.36020337839  3841.80306729506
10439000  -3830.29594612154  3843.09658661174
10440000  -3831.10763989536  3841.90567024599
10441000  -3833.98597146832  3843.84733772402
10442000  -3830.27372950797  3844.37010663877
10443000  -3831.12046467631  3843.97450865192
10444000  -3831.61817606629  3842.65026398682
10445000  -3829.53693017183  3844.66427563957
10446000  -3835.78450623174  3845.82763175019
10447000  -3835.5724437829  3843.31453272863
10448000  -3835.48784847041  3845.94461130814
10449000  -3833.38878641875  3844.10426892632
10450000  -3836.9628379249  3846.14688107703
10451000  -3836.55062355815  3848.73962217204
10452000  -3836.08841171302  3847.91241455903
10453000  -3837.14444875722  3851.28250897507
10454000  -3837.12649070081  3851.21564204789
10455000  -3838.6674086947  3850.46971834501
10456000  -3834.91627873956  3850.14917508904
10457000  -3839.11562508521  3849.9716035939
10458000  -3836.85427221548  3849.17673374224
10459000  -3838.72148423651  3852.15529246037
10460000  -3837.79437058378  3849.23627608897
10461000  -3840.70050497419  3851.96626403839
10462000  -3838.58875600707  3851.12191399261
10463000  -3838.72920577136  3849.21049739398
10464000  -3836.86360884006  3854.52221210192
10465000  -3840.68203149919  3850.8165527349
10466000  -3840.17679124094  3850.45482531086
10467000  -3842.74525500911  3853.67367573061
10468000  -3843.28338531424  3852.55230245715
10469000  -3844.51086375916  3852.59203076097
10470000  -3843.06256729227  3853.62293531734
10471000  -3846.60657559259  3854.55024267872
10472000  -3846.69378275475  3854.49607910157
10473000  -3845.82408853911  3856.44990579827
10474000  -3846.95038034914  3856.74415133657
10475000  -3846.77224784767  3855.85966993167
10476000  -3850.74483238847  3855.10576978697
10477000  -3848.91187317067  3855.2033744036
10478000  -3848.49152284164  3860.38127779154
10479000  -3850.55092769205  3859.49519690964
10480000  -3847.98020698936  3857.37603276982
10481000  -3849.16077046132  3857.89459405008
10482000  -3850.21561732886  3860.03624251015
10483000  -3849.54989474518  3860.80015919928
10484000  -3848.33367769368  3861.16846659845
10485000  -3849.69774503872  3862.16691460157
10486000  -3850.92478357576  3862.73875225518
10487000  -3849.89792420397  3862.88462548856
10488000  -3849.89118469637  3863.76055261271
10489000  -3850.95554786492  3863.68522875425
10490000  -3851.0977574265  3863.77712925581
10491000  -3848.06407243367  3865.55614434697
10492000  -3848.80489124221  3863.59257128697
10493000  -3851.46431512927  3863.9558668463
10494000  -3852.77658958441  3863.99359449287
10495000  -3853.89387689926  3865.52098835499
10496000  -3849.76588508203  3867.19825616261
10497000  -3850.29223909879  3866.02089076268
10498000  -3851.91185742855  3867.23799770877
10499000  -3852.13348667842  3866.0041540195
10500000  -3852.06387416743  3867.2502889018
10501000  -3853.56651537649  3866.81059135781
10502000  -3855.51542140181  3864.47736209857
10503000  -3856.78245398164  3865.61451634034
10504000  -3856.24932927643  3866.55956131898
10505000  -3852.5513483775  3863.17408358123
10506000  -3853.33134311595  3865.3397513396
10507000  -3854.30968308158  3864.21585337295
10508000  -3855.29972013303  3864.90899800729
10509000  -3855.17745833527  3863.8472309408
10510000  -3852.75156898925  3865.79441402197
10511000  -3857.26142279847  3865.95636893707
10512000  -3858.7548668298  3862.8632650211
10513000  -3858.84660985569  3865.88957594422
10514000  -3856.39682728217  3865.9696755632
10515000  -3857.9574094163  3864.42007268821
10516000  -3856.42134516226  3865.62608882689
10517000  -3859.36189285756  3864.92042137258
10518000  -3859.68374237795  3865.07422889178
10519000  -3862.42624662078  3865.38715040839
10520000  -3859.69033241656  3863.95847646167
10521000  -3860.03257405199  3866.12848583805
10522000  -3864.55079518124  3866.8460199378
10523000  -3862.76757032018  3867.90546322795
10524000  -3862.9822288578  3868.20404437298
10525000  -3860.99312146282  3868.9735931717
10526000  -3861.97206704695  3868.09784407915
10527000  -3865.10553753768  3873.28952740754
10528000  -3863.7395747297  3871.17550828707
10529000  -3863.32471316883  3870.56444630362
10530000  -3866.32612991997  3870.53193165974
10531000  -3864.63770363897  3873.26071424407
10532000  -3867.55559971343  3870.98431610077
10533000  -3866.07227396238  3874.92947178652
10534000  -3868.91305173763  3870.461090365
10535000  -3868.62937719231  3871.48440278595
10536000  -3866.8516437328  3871.87641685019
10537000  -3866.30922318157  3871.1377917944
10538000  -3867.43700940963  3872.44898183081
10539000  -3866.6641839627  3872.97756753201
10540000  -3869.81739382444  3870.35603662307
10541000  -3866.23578402205  3870.3796031811
10542000  -3870.5322924657  3870.98489780904
10543000  -3870.56735213378  3871.08239983324
10544000  -3868.23471687248  3871.96692920797
10545000  -3867.67878254871  3871.79059795676
10546000  -3869.35202423865  3871.74799626881
10547000  -3868.29229727532  3872.456265711
10548000  -3868.18600976648  3874.32844372642
10549000  -3869.1311969702  3872.82270069502
10550000  -3871.4627268255  3874.63525995002
10551000  -3870.17084400607  3873.71860624971
10552000  -3869.80939196161  3874.36633033982
10553000  -3870.80090401765  3873.9756592241
10554000  -3869.89904941307  3876.22928692833
10555000  -3871.63952625148  3877.3031696558
10556000  -3871.02078180147  3875.78810574235
10557000  -3873.67396775988  3875.83866273904
10558000  -3874.92252164994  3877.25921868574
10559000  -3873.92073485012  3878.50325718608
10560000  -3876.35120317266  3880.06547767036
10561000  -3874.30187278041  3878.26572426296
10562000  -3875.8200087816  3879.08287633936
10563000  -3877.30761545546  3879.90856663898
10564000  -3872.60759384093  3879.18137327453
10565000  -3875.28111257812  3878.94425556098
10566000  -3875.26458437837  3880.12718867974
10567000  -3876.55179357161  3880.96094544255
10568000  -3876.23286882394  3880.53798954465
10569000  -3874.82024261822  3881.02361484363
10570000  -3876.65783134672  3881.39775576711
10571000  -3875.11274462461  3883.53106836387
10572000  -3875.77351326521  3880.32563543142
10573000  -3874.60350435438  3879.74729745973
10574000  -3872.99123815342  3881.21030320075
10575000  -3875.20604644917  3885.12921938823
10576000  -3875.85652724326  3881.42247082473
10577000  -3877.63071145987  3881.27417546284
10578000  -3877.64136564504  3884.87270082967
10579000  -3875.9792415616  3885.86230423531
10580000  -3873.85854529791  3885.43953668715
10581000  -3876.32699415471  3885.83844369766
10582000  -3875.89526651365  3888.00022281541
10583000  -3875.51286537358  3883.36291564464
10584000  -3874.04244187571  3885.17723950609
10585000  -3878.10178973563  3887.97979664404
10586000  -3878.19597256059  3888.96128903421
10587000  -3877.0003007069  3887.63987863478
10588000  -3877.99854493166  3886.11015813804
10589000  -3879.0871376862  3887.27606621445
10590000  -3877.20173609843  3888.08422023559
10591000  -3880.95529532907  3888.76665691351
10592000  -3879.97947881223  3889.90767357097
10593000  -3880.90202555758  3890.06005844785
10594000  -3879.35160431372  3888.81818805906
10595000  -3881.98720116441  3890.26389452885
10596000  -3881.24820933348  3891.61516907768
10597000  -3884.28964215768  3891.22255296209
10598000  -3885.35522890687  3891.6378729911
10599000  -3883.00945357724  3894.34613498596
10600000  -3882.44137386784  3890.47603988592
10601000  -3884.92534555655  3892.65633866813
10602000  -3885.07177232786  3892.57913205748
10603000  -3882.86095367712  3892.89128135313
10604000  -3884.09271211632  3892.29138913142
10605000  -3884.48210127009  3892.78590903259
10606000  -3882.80577179612  3890.80214518923
10607000  -3886.50841865369  3892.53729342577
10608000  -3883.74894813976  3894.29879731706
10609000  -3886.82231318748  3891.13197512998
10610000  -3884.89222601733  3891.17031955263
10611000  -3889.71498010238  3894.56057196089
10612000  -3887.68636452348  3892.56004802637
10613000  -3884.71175582213  3895.78722140687
10614000  -3886.13854486034  3893.76900904288
10615000  -3886.3669014195  3895.79790495283
10616000  -3887.01797519182  3898.90799772686
10617000  -3888.28591725714  3897.28679882493
10618000  -3886.34051595147  3897.14429464592
10619000  -3887.91952274921  3897.92861536641
10620000  -3885.67397504734  3896.56554133268
10621000  -3889.09146073594  3897.33879230718
10622000  -3888.3412420106  3897.29500745942
10623000  -3888.71814357796  3895.79867887924
10624000  -3891.83562710899  3898.68241628322
10625000  -3889.64619781785  3899.57105520936
10626000  -3889.48113528775  3902.08378910714
10627000  -3887.36152203783  3898.83032259774
10628000  -3889.00627229658  3899.88562937476
10629000  -3890.24782043447  3900.04268956388
10630000  -3892.63124908572  3899.80578310753
10631000  -3891.45986298541  3899.41688102413
10632000  -3889.98899507792  3899.96645845739
10633000  -3892.19650134099  3902.10096758042
10634000  -3892.86125549394  3902.68798059559
10635000  -3893.36793083208  3901.07697565494
10636000  -3893.25091208844  3900.74675440951
10637000  -3893.3895188739  3902.344646014
10638000  -3890.96863459716  3901.58601560577
10639000  -3892.14156603176  3901.45414614693
10640000  -3890.36912964403  3904.03664564203
10641000  -3892.29813586676  3903.22865825499
10642000  -3899.12234835483  3903.01267381405
10643000  -3893.22031822191  3904.66198621581
10644000  -3894.91251636663  3903.60575503928
10645000  -3893.32265184047  3903.68453213325
10646000  -3897.65970356672  3905.43881938005
10647000  -3896.26958608906  3906.6646736877
10648000  -3898.0136718155  3905.75647213288
10649000  -3897.24576701152  3905.04580940544
10650000  -3899.39213349848  3905.88223223506
10651000  -3899.45783831524  3905.67411149599
10652000  -3898.93502306018  3907.17314017848
10653000  -3899.93669629367  3908.02021603937
10654000  -3899.90407645779  3906.7386586116
10655000  -3898.05271929337  3907.34343511791
10656000  -3897.82094790026  3908.22349419261
10657000  -3900.80001639755  3909.14447320661
10658000  -3900.23348981577  3911.94769138292
10659000  -3899.250006183  3909.52746766731
10660000  -3898.00539055512  3911.50198828755
10661000  -3901.15124610391  3910.60528802649
10662000  -3899.41494021739  3910.47017190325
10663000  -3900.01694440121  3912.24551995505
10664000  -3899.72469665096  3909.73439492003
10665000  -3900.07455979043  3912.25958851497
10666000  -3900.52910603913  3909.34974209097
10667000  -3900.85765381526  3910.14923068634
10668000  -3900.14685710957  3910.0530053959
10669000  -3903.58055072415  3912.42966858184
10670000  -3902.67896505178  3913.5460405668
10671000  -3901.01705192485  3915.3581231585
10672000  -3902.23003387199  3911.65480675888
10673000  -3906.19179939596  3911.61932544343
10674000  -3904.32075305575  3912.04293645176
10675000  -3904.63211451461  3913.37204156693
10676000  -3905.02735972339  3913.07576186708
10677000  -3907.73483718923  3913.00894983941
10678000  -3907.87064107011  3912.16714092296
10679000  -3907.95034604431  3913.9794262871
10680000  -3911.19094122082  3913.79283910324
10681000  -3906.01015543521  3912.21827075702
10682000  -3909.72417014228  3913.98804764787
10683000  -3908.85177374768  3913.32047042267
10684000  -3907.73456998403  3915.23279476305
10685000  -3908.47106179502  3913.42591297636
10686000  -3908.96076765509  3914.67611005158
10687000  -3912.02196650004  3914.16171974894
10688000  -3911.35959762072  3917.76994176455
10689000  -3906.55266783827  3917.24093125042
10690000  -3907.32187477509  3921.84681149281
10691000  -3908.98491886592  3917.82523951398
10692000  -3910.80501716476  3919.7224274641
10693000  -3912.74648941894  3920.79718544617
10694000  -3908.38636557161  3919.5089673476
10695000  -3906.49914546965  3919.7780544624
10696000  -3907.9839752576  3920.82510408833
10697000  -3908.52364363362  3922.85780976861
10698000  -3909.68054321816  3921.81014984853
10699000  -3909.05874728783  3922.28235492128
10700000  -3908.50697372801  3923.81090717573
10701000  -3911.33400446373  3922.81352708028
10702000  -3912.79823587754  3919.75354372909
10703000  -3913.25485810822  3922.24372817756
10704000  -3910.94795886948  3923.0110891108
10705000  -3913.37526735863  3927.06064239819
10706000  -3909.3060237202  3925.61983199555
10707000  -3912.77908931063  3926.12966370345
10708000  -3913.68036654719  3924.63515762142
10709000  -3916.01830030375  3926.16743843266
10710000  -3913.2874480308  3926.73645043779
10711000  -3914.60906262998  3928.44022117066
10712000  -3915.41712570753  3930.01076212426
10713000  -3916.47378275444  3926.14061448262
10714000  -3918.08152493999  3926.86098052995
10715000  -3913.59790580748  3928.48203242651
10716000  -3918.25652723952  3929.7639138322
10717000  -3914.15786625662  3930.93487649448
10718000  -3918.18834317117  3928.75454314884
10719000  -3920.9664258506  3930.85827012731
10720000  -3920.93066216193  3929.83148252593
10721000  -3919.54784145529  3928.41618217923
10722000  -3920.10522225184  3930.35488471988
10723000  -3920.83133561443  3930.45616103982
10724000  -3923.42852487502  3928.51406055237
10725000  -3922.52190856783  3931.06298240497
10726000  -3922.82660102075  3927.01792299206
10727000  -3921.24613515671  3929.28298167769
10728000  -3922.38841030346  3929.21101306911
10729000  -3922.56108558859  3929.59820483023
10730000  -3924.384298787  3929.80752460137
10731000  -3924.05910814543  3930.98556058364
10732000  -3923.62777292335  3931.55725541613
10733000  -3923.34284606931  3932.3040542843
10734000  -3923.38169771433  3933.20031446755
10735000  -3925.20969856858  3935.52027500361
10736000  -3922.05347087749  3935.1966832972
10737000  -3922.67632937988  3933.31995947573
10738000  -3923.40934120566  3935.11613315799
10739000  -3920.82782884694  3935.40363837753
10740000  -3922.99259156928  3936.72114457546
10741000  -3923.81197687377  3935.31111515108
10742000  -3921.17342615122  3934.90453287999
10743000  -3925.70648676736  3938.65817962926
10744000  -3922.50023064208  3937.3640174582
10745000  -3927.37062312365  3938.20789106552
10746000  -3928.00110475234  3941.75522135943
10747000  -3926.71328124933  3938.58584998216
10748000  -3931.06765754873  3939.21759844861
10749000  -3930.3878032734  3937.92917491049
10750000  -3930.13112870632  3940.63597297018
10751000  -3928.39184831655  3940.17609579256
10752000  -3929.16427005081  3940.54121799375
10753000  -3927.93236595798  3940.49040140524
10754000  -3928.15496375897  3941.12350740201
10755000  -3928.00594002178  3940.74715184837
10756000  -3928.45931909272  3944.07521985909
10757000  -3929.64295768215  3940.25848758603
10758000  -3931.02436245972  3939.46153999473
10759000  -3930.94117300853  3943.74701814478
10760000  -3930.78938981299  3945.52670044074
10761000  -3930.38568841047  3945.0192895174
10762000  -3932.80149617656  3943.26219550196
10763000  -3932.36107724571  3944.72806321926
10764000  -3936.22875338315  3945.94165700246
10765000  -3935.87453168602  3945.87926998526
10766000  -3935.76802136684  3947.57448087807
10767000  -3934.42690144635  3949.07996938691
10768000  -3935.76868785955  3949.52107990807
10769000  -3935.26278306535  3949.07029106486
10770000  -3936.42882881663  3947.38727943879
10771000  -3933.84213008603  3948.48934978061
10772000  -3936.82747375843  3947.9761049471
10773000  -3937.37651891165  3947.92631161286
10774000  -3934.08062397487  3949.55590955712
10775000  -3932.87196722612  3950.30760023194
10776000  -3935.49704688974  3950.676121147
10777000  -3938.1752393884  3950.98554239056
10778000  -3938.33399003677  3952.66063153803
10779000  -3937.98888101372  3951.79417419781
10780000  -3937.31982422091  3955.76156627769
10781000  -3939.74302123414  3954.97352075866
10782000  -3939.66643498294  3954.78235770378
10783000  -3940.99382538574  3955.8877492482
10784000  -3941.87792096343  3954.33952266017
10785000  -3943.6504176635  3958.07141029143
10786000  -3944.65649501512  3959.49121696194
10787000  -3943.14632395329  3957.92852016515
10788000  -3944.77212773762  3961.26380995064
10789000  -3943.98614295031  3959.64550604474
10790000  -3945.82187184971  3961.90593438735
10791000  -3946.43860331027  3959.71692359421
10792000  -3945.70709751458  3960.05665536995
10793000  -3947.88811475609  3961.98973344764
10794000  -3948.65519716309  3960.31485733166
10795000  -3946.53627749535  3957.982334652
10796000  -3948.92344840807  3961.08444087741
10797000  -3947.23069574029  3959.28487865382
10798000  -3947.87469816407  3961.21793070514
10799000  -3949.98317037731  3963.90820070615
10800000  -3947.29764980137  3961.45758078897
10801000  -3947.53162944189  3962.89899843386
10802000  -3948.00966245677  3962.20396819525
10803000  -3947.6391004704  3964.64816789509
10804000  -3949.33522595423  3967.09582710991
10805000  -3948.74686045993  3964.14448356076
10806000  -3951.47839040894  3961.60182573502
10807000  -3949.66444264697  3963.21306932099
10808000  -3951.98676125924  3961.46025981852
10809000  -3948.08855792349  3963.6016771882
10810000  -3951.42774520441  3962.12997507522
10811000  -3951.01393485206  3963.65198199236
10812000  -3951.86136890576  3965.93697932114
10813000  -3951.78119734867  3963.74996647336
10814000  -3952.1480379168  3963.48855458874
10815000  -3951.50574466872  3967.40988275516
10816000  -3953.02558757745  3964.99508665793
10817000  -3954.04851500186  3966.1584145087
10818000  -3954.82018986035  3965.15833750798
10819000  -3954.35576835533  3964.25610454888
10820000  -3952.01030275632  3964.89463502901
10821000  -3954.70215970224  3966.43212954926
10822000  -3953.04168754484  3964.38327275801
10823000  -3954.31127741287  3966.1947895075
10824000  -3956.13307873587  3967.03237120619
10825000  -3952.70563826605  3968.98283793002
10826000  -3954.99011004203  3966.21992243322
10827000  -3953.42330512398  3966.09466773892
10828000  -3954.3779105991  3970.3905570123
10829000  -3958.8148361171  3970.34883886883
10830000  -3956.51545551157  3968.959736817
10831000  -3958.04480621388  3968.42584383443
10832000  -3958.39106762601  3969.37724169916
10833000  -3958.2612000937  3970.22162011362
10834000  -3958.00484510671  3971.85322293976
10835000  -3961.57106997858  3971.58744889035
10836000  -3959.40733830291  3969.04730425051
10837000  -3959.42454147643  3972.79528704324
10838000  -3962.48604085631  3971.7448727569
10839000  -3960.00574289052  3972.85985671845
10840000  -3959.82518693258  3973.52573312581
10841000  -3963.0699036581  3972.48576780097
10842000  -3962.081206009  3973.19844436058
10843000  -3960.22155264767  3971.63678756623
10844000  -3960.62473887232  3971.81495584378
10845000  -3963.59030883058  3973.37157346352
10846000  -3961.22468141848  3972.20642762756
10847000  -3960.99610591955  3972.12955625527
10848000  -3960.36684653982  3973.41728281676
10849000  -3959.84056495374  3971.82503238968
10850000  -3960.20401971203  3973.80948392301
10851000  -3960.82361702673  3973.92856108591
10852000  -3961.49094163327  3973.97309159828
10853000  -3962.96786422913  3972.97423604957
10854000  -3962.99602629299  3972.01538971588
10855000  -3963.9180490373  3971.83683868292
10856000  -3967.95351270857  3971.85441062094
10857000  -3967.74820303192  3972.60475789385
10858000  -3966.79342142608  3972.66007765259
10859000  -3967.03559863706  3974.01358211302
10860000  -3966.94395114296  3974.89153916692
10861000  -3965.53469220102  3975.1472910856
10862000  -3965.45770046528  3973.84586484742
10863000  -3967.12728288963  3974.82325497912
10864000  -3967.42155725022  3974.86174892444
10865000  -3967.61848096734  3975.28969337782
10866000  -3967.27759339715  3975.37857871164
10867000  -3965.99250887986  3977.87146035945
10868000  -3969.95280761371  3976.52245340407
10869000  -3968.910064757  3976.90152004744
10870000  -3968.77473058792  3978.52001558614
10871000  -3971.05607491601  3977.99976596595
10872000  -3972.28335993757  3979.13840155105
10873000  -3972.13588257074  3979.02009291056
10874000  -3975.24683522376  3979.35072754066
10875000  -3976.61189094392  3981.18419053807
10876000  -3974.52318509413  3982.01533428884
10877000  -3975.83070158402  3980.0374156463
10878000  -3973.70091605195  3981.52507263462
10879000  -3974.00170941992  3981.49734743948
10880000  -3975.45248052403  3981.19982877592
10881000  -3977.61016234882  3983.64317442559
10882000  -3976.59480479361  3983.80030601381
10883000  -3976.52600184324  3984.58869876009
10884000  -3976.43643375199  3984.83153480255
10885000  -3976.42250618199  3984.83877325703
10886000  -3977.30900993707  3985.96131414883
10887000  -3978.17196216106  3987.72973071332
10888000  -3977.28079194243  3982.265698218
10889000  -3978.23136707699  3984.28219840725
10890000  -3978.63615496698  3984.95284083333
10891000  -3980.35661420521  3988.36235326428
10892000  -3979.90281945241  3986.27759844562
10893000  -3979.42395368256  3986.07081212031
10894000  -3980.02286271349  3985.6684819066
10895000  -3980.0967490773  3985.40582020345
10896000  -3977.89989706909  3986.49716195378
10897000  -3979.14417983413  3986.9341815869
10898000  -3981.20980599529  3990.02839870282
10899000  -3980.53670987916  3989.89112013069
10900000  -3982.5780319246  3987.86986195223
10901000  -3981.78180869022  3987.76767782256
10902000  -3983.10911120772  3987.26884766767
10903000  -3984.7667031442  3988.60138286266
10904000  -3985.13470998108  3989.41743758819
10905000  -3985.51822145835  3988.24854387572
10906000  -3982.80742330195  3987.58801502053
10907000  -3982.18055878768  3988.75842790877
10908000  -3983.68911978562  3989.01101643746
10909000  -3984.26495290903  3988.85861344912
10910000  -3987.95523821926  3988.67298986132
10911000  -3986.27777422678  3991.42507701922
10912000  -3986.44454492677  3991.22392671708
10913000  -3986.74125732629  3990.90386347829
10914000  -3988.09882481306  3992.39713158274
10915000  -3989.31557639055  3991.00477504651
10916000  -3987.29214101646  3993.5915358513
10917000  -3989.37465562053  3990.20955611258
10918000  -3991.903044859  3991.9448014975
10919000  -3990.62828162099  3990.52585332611
10920000  -3991.63883501832  3991.68939372232
10921000  -3990.25032188106  3991.84328592959
10922000  -3990.51364884426  3992.87677333008
10923000  -3992.97113430899  3992.99348307161
10924000  -3994.07447926479  3992.35511796328
10925000  -3992.977533129  3993.78707912328
10926000  -3991.77796204507  3993.70800481751
10927000  -3992.51775010836  3991.95786846342
10928000  -3991.212236466  3991.98823594676
10929000  -3992.9483986734  3995.12629959181
10930000  -3990.07561153558  3995.08146297645
10931000  -3992.41868448327  3998.08823450769
10932000  -3993.89242904843  3994.90177581353
10933000  -3991.90484229649  3995.1021742072
10934000  -3993.32783831975  3992.15536380766
10935000  -3996.12728912596  3995.5537979253
10936000  -3997.03188918618  3996.22465214949
10937000  -3997.24678788594  3995.98573673841
10938000  -3995.58861153438  3996.44372816629
10939000  -3996.03100295501  3996.02829707832
10940000  -3996.0069972998  3997.57062855568
10941000  -3995.28772960172  3995.59081712089
10942000  -3996.75727492996  3996.99823157154
10943000  -3997.05292941573  3996.33824509389
10944000  -3996.81169773528  4000.28902716844
10945000  -3998.5235670529  4000.04455456243
10946000  -3996.22823492827  4001.50421299779
10947000  -3996.51430438651  4001.12782936323
10948000  -3996.39332026708  4002.07470995042
10949000  -3996.36899524203  4001.12744120294
10950000  -3995.3300024814  4003.75401627472
10951000  -3995.24399697303  4001.82477859934
10952000  -3996.15695821877  4004.92811956399
10953000  -3997.39998470547  4005.21555579711
10954000  -3995.86941117682  4006.95736870912
10955000  -3994.9811973879  4006.1453118542
10956000  -3997.54367022192  4006.56710695872
10957000  -3993.07376249194  4008.81374295429
10958000  -3995.50511483051  4008.16865495252
10959000  -3996.30170534901  4005.55195341039
10960000  -3997.49350735968  4006.20177179104
10961000  -3996.30487762412  4009.20350746329
10962000  -3999.22323537362  4010.04148709545
10963000  -3998.74906994088  4009.90313415452
10964000  -3999.85689695706  4010.60888379437
10965000  -3997.08933815682  4011.09059043842
10966000  -3997.27332259566  4010.34302709399
10967000  -4002.18169785988  4011.42226940624
10968000  -3997.79893916564  4011.89943333593
10969000  -3998.7989156826  4011.88347354537
10970000  -3999.20291398857  4011.54033885571
10971000  -4001.01629956573  4012.25875435069
10972000  -4002.60319454484  4010.9623198413
10973000  -4003.17980852925  4010.21147450999
10974000  -4001.49162922355  4012.21583795225
10975000  -4001.71362477038  4011.78933493685
10976000  -4004.38086836041  4013.19257044118
10977000  -4002.60742423735  4013.69596109438
10978000  -4003.50989738468  4013.46718896016
10979000  -4003.50472620533  4011.91502713955
10980000  -4000.60501787554  4013.70600385686
10981000  -4003.87718377628  4015.88823161243
10982000  -4003.93158993476  4015.31177608569
10983000  -4004.11712916066  4014.12919512197
10984000  -4006.34723433221  4014.79738842783
10985000  -4004.66626687039  4015.59973917975
10986000  -4004.13472629031  4015.32843395065
10987000  -4007.16068206392  4016.75567465647
10988000  -4003.08704511304  4016.48629882933
10989000  -4004.67415004711  4017.26857414267
10990000  -4004.21979906309  4017.89279455711
10991000  -4006.14109430846  4014.29493239953
10992000  -4004.29182504014  4016.2805509201
10993000  -4005.80362540213  4016.99081263168
10994000  -4003.91850703242  4017.83872829659
10995000  -4005.58419295383  4019.03206436997
10996000  -4005.85167008616  4017.39360803233
10997000  -4005.92230935123  4018.42720828296
10998000  -4007.0991479041  4018.75473109802
10999000  -4008.67220806423  4019.32941286322
11000000  -4008.03369868781  4018.77304048564
11001000  -4009.36640105899  4020.0222835234
11002000  -4007.18989998978  4019.19012999074
11003000  -4010.16218143562  4020.19643778803
11004000  -4012.13742754199  4021.15328000357
11005000  -4009.45320892321  4020.46646461787
11006000  -4012.63926040202  4022.79457648334
11007000  -4013.82254783636  4023.6106927605
11008000  -4013.29492093354  4023.6278692306
11009000  -4011.03887901278  4023.8635491561
11010000  -4013.81046413906  4025.05204742138
11011000  -4010.76093702854  4021.96850902302
11012000  -4012.69115107585  4024.79290193427
11013000  -4015.26119759331  4024.55308969502
11014000  -4013.42916394868  4024.51316708112
11015000  -4015.78029870371  4028.55613413306
11016000  -4012.11365299322  4025.2421426228
11017000  -4017.67076378347  4027.69160929085
11018000  -4015.38385836741  4026.64787491018
11019000  -4017.91450337697  4028.74850987334
11020000  -4016.52585821235  4027.77210533282
11021000  -4019.49357176396  4024.96920663247
11022000  -4019.53738541912  4030.03635627365
11023000  -4020.59646028546  4028.46053651968
11024000  -4018.57386202715  4026.90289011389
11025000  -4019.41927192272  4028.05544946153
11026000  -4024.36160143154  4029.84799321605
11027000  -4021.64983227553  4029.76391951238
11028000  -4022.30710957003  4027.51187251212
11029000  -4026.4676654199  4029.15942533943
11030000  -4024.7855405111  4033.12232132542
11031000  -4024.17266885774  4030.35601706822
11032000  -4027.26069298476  4032.78233850153
11033000  -4025.65475353516  4031.23048686714
11034000  -4029.16886456684  4031.07729703276
11035000  -4025.04072539802  4031.75239981147
11036000  -4027.8852321452  4031.33411508041
11037000  -4030.16829218528  4033.30135766316
11038000  -4032.87524585441  4033.58679701501
11039000  -4031.22483082452  4032.6168189789
11040000  -4031.42174241294  4035.13834359619
11041000  -4030.68256771295  4033.44134987328
11042000  -4033.03891042867  4035.19930197057
11043000  -4034.70176074656  4035.94427335613
11044000  -4034.78090322194  4037.22924980907
11045000  -4035.43412136147  4037.94353804131
11046000  -4032.20698603992  4037.65356197261
11047000  -4035.87680832681  4038.3517177293
11048000  -4033.53165610909  4041.37074576979
11049000  -4036.76966318014  4041.19142538705
11050000  -4033.59543957484  4037.69281231996
11051000  -4034.34912407081  4039.53565141561
11052000  -4038.68674656904  4039.07241956213
11053000  -4033.42887500486  4040.43416555991
11054000  -4037.05822429347  4039.80873321898
11055000  -4039.5577521698  4042.46156329941
11056000  -4036.25725867338  4044.52041608833
11057000  -4039.48322788711  4044.9103047071
11058000  -4038.44157780803  4045.30695780102
11059000  -4040.99770460831  4044.43783841366
11060000  -4039.52481095316  4044.73825831332
11061000  -4040.14633285506  4044.90890431622
11062000  -4039.95817614496  4047.16215730021
11063000  -4038.64675456955  4046.40042382996
11064000  -4040.89348582831  4046.50447676591
11065000  -4042.50597976223  4050.18048477691
11066000  -4045.38233855039  4050.72730588821
11067000  -4042.83489534575  4049.45400069161
11068000  -4041.27958114396  4051.78405874184
11069000  -4042.29261446727  4052.42462589901
11070000  -4041.9309842145  4052.1652711041
11071000  -4043.4718419522  4050.74241425978
11072000  -4044.17999877979  4052.18541983354
11073000  -4046.43545795263  4051.52137501001
11074000  -4044.39075085275  4051.57053476568
11075000  -4043.81440273738  4052.12348711243
11076000  -4043.9105237386  4052.20868402693
11077000  -4045.64350161996  4052.23886428979
11078000  -4045.05595473192  4051.85860914647
11079000  -4047.99361697479  4048.59666991587
11080000  -4047.89204317  4053.07652056717
11081000  -4047.43591147758  4054.28766026046
11082000  -4049.47154232928  4050.62937328124
11083000  -4049.544170975  4052.11877183308
11084000  -4053.43462936629  4053.36552720071
11085000  -4054.01398078368  4054.69987164386
11086000  -4052.49475658677  4053.76780890414
11087000  -4055.06770510326  4054.51413554041
11088000  -4052.02432158032  4054.07178662137
11089000  -4055.5659363333  4054.64914588959
11090000  -4053.41546876762  4059.53463038253
11091000  -4052.43956138077  4055.2266201272
11092000  -4055.98751635445  4055.13062065551
11093000  -4054.56652404194  4057.81227378991
11094000  -4055.43156659801  4059.10460405578
11095000  -4056.53508942109  4060.06475298552
11096000  -4055.53589122132  4056.95334574344
11097000  -4059.59548952692  4058.40522287339
11098000  -4055.91809650442  4059.76967643699
11099000  -4056.26824555311  4060.24891287059
11100000  -4058.18798037992  4057.61537720622
11101000  -4058.01941229567  4062.25188231968
11102000  -4057.68671637907  4061.00192004773
11103000  -4060.67848167966  4064.40954334295
11104000  -4058.13347006584  4062.3426170999
11105000  -4057.56674134879  4064.3893176101
11106000  -4059.7791910424  4063.82232959371
11107000  -4059.45248094281  4060.59548135184
11108000  -4059.53147969296  4064.78119456151
11109000  -4059.02629046066  4065.44061400693
11110000  -4062.4148288647  4064.10887690299
11111000  -4059.85320098069  4064.81023206885
11112000  -4060.9979094309  4062.22859823277
11113000  -4061.52731496183  4066.14180261059
11114000  -4057.87824289219  4064.61045963267
11115000  -4060.83412086046  4065.46561931004
11116000  -4061.7094010563  4064.97333294206
11117000  -4059.93502414162  4066.82338268289
11118000  -4061.43497043853  4067.00472130463
11119000  -4062.4046168636  4070.87702250074
11120000  -4062.70837471986  4069.92507219251
11121000  -4064.95342164423  4069.17187343481
11122000  -4062.99093467667  4069.48747391646
11123000  -4066.04415428111  4070.6267300394
11124000  -4066.4493433545  4072.15347003251
11125000  -4061.3705009098  4070.7494813682
11126000  -4063.75932800139  4069.97425478458
11127000  -4065.0028576954  4072.51505182532
11128000  -4064.33968513654  4071.92041547716
11129000  -4067.1373780534  4071.13117092128
11130000  -4067.38643063  4074.03659964363
11131000  -4066.36224982566  4077.07069469457
11132000  -4066.81466471816  4074.46892223296
11133000  -4065.55189529813  4074.080729928
11134000  -4069.92927922405  4076.74385681293
11135000  -4066.22869054854  4074.60677468829
11136000  -4067.78636266931  4076.10869809181
11137000  -4069.07881596053  4077.49313805567
11138000  -4068.33593079279  4078.48665138918
11139000  -4067.90235802747  4076.03004687094
11140000  -4069.90588857677  4076.4182488865
11141000  -4070.31750694138  4078.96038570885
11142000  -4071.29532552046  4076.44349896862
11143000  -4070.49818305886  4076.17309227057
11144000  -4073.41360206818  4075.84149263024
11145000  -4071.88844968729  4077.44180391203
11146000  -4073.7690639629  4075.48625874899
11147000  -4076.00313779903  4075.65435382458
11148000  -4075.55085236146  4077.63165863364
11149000  -4074.53688411949  4075.34570618577
11150000  -4076.05760856314  4075.46646841966
11151000  -4075.74054660669  4078.21863784049
11152000  -4075.21861932296  4076.15723870741
11153000  -4076.67976273675  4080.30931809384
11154000  -4079.81703250456  4079.48492545332
11155000  -4075.09603245238  4080.6807720563
11156000  -4078.09896441759  4078.70447724894
11157000  -4077.7514983495  4079.47446785772
11158000  -4079.55472380379  4078.62736129125
11159000  -4077.07412939309  4077.8305850694
11160000  -4079.63390721593  4081.2722660724
11161000  -4077.66557531461  4080.3473681523
11162000  -4076.17433082159  4082.02519826905
11163000  -4080.4333497631  4082.32292653399
11164000  -4079.58335606065  4082.76535105685
11165000  -4077.43143769065  4082.83998950023
11166000  -4080.92946378185  4084.57631599561
11167000  -4079.45571938447  4086.76115564765
11168000  -4078.31892496325  4086.65215354407
11169000  -4079.67777770466  4084.45351696129
11170000  -4078.30414983939  4085.01192136559
11171000  -4080.11286303495  4083.54819808494
11172000  -4079.57765820712  4082.91533283112
11173000  -4081.00442668438  4086.85785865412
11174000  -4084.08961327487  4085.07655408195
11175000  -4082.32167818812  4084.42626844722
11176000  -4082.81823538268  4085.5924619226
11177000  -4085.08634514059  4085.55531259741
11178000  -4081.92667458364  4085.53803136041
11179000  -4083.68400498316  4086.53554597423
11180000  -4087.27794001806  4086.25329472621
11181000  -4085.88359433942  4086.53084617398
11182000  -4086.69969002072  4085.78716793886
11183000  -4087.688841519  4087.98382446686
11184000  -4088.18774979774  4089.31868631065
11185000  -4087.41307509541  4088.46123549712
11186000  -4088.41289505392  4091.41085526231
11187000  -4086.67882223813  4090.51055324711
11188000  -4087.05653016982  4090.24457676213
11189000  -4087.55900425975  4090.2795499709
11190000  -4083.13013210932  4090.35859102784
11191000  -4084.51905176501  4092.60703855373
11192000  -4085.20900776047  4094.60653152415
11193000  -4086.99839259921  4090.5977710565
11194000  -4087.87329120951  4088.3684414433
11195000  -4087.47607526461  4091.34663421259
11196000  -4088.60596907652  4090.56116389433
11197000  -4087.8102858395  4094.06237361179
11198000  -4087.923797027  4093.83953174188
11199000  -4085.31258774682  4095.74323965656
11200000  -4089.11272849893  4096.23579124659
11201000  -4087.44245432704  4096.15234736287
11202000  -4089.54862487354  4098.34595988635
11203000  -4086.20745927596  4097.49709841876
11204000  -4087.25131764664  4096.15626402104
11205000  -4087.90861498996  4100.07126363916
11206000  -4092.03384765998  4099.77294642314
11207000  -4087.22294391855  4098.85483458347
11208000  -4089.51132510525  4101.58456278422
11209000  -4091.36912910619  4101.20210772806
11210000  -4092.25193158517  4101.93324938686
11211000  -4091.76387235079  4105.19519726455
11212000  -4094.68243089727  4101.9578276648
11213000  -4095.16408346142  4106.55885490914
11214000  -4094.84465530746  4102.47907980267
11215000  -4095.50189785337  4104.48709420387
11216000  -4096.36721013  4105.85120778587
11217000  -4095.31754320853  4106.91314564758
11218000  -4094.70926970966  4105.81148347626
11219000  -4093.1387994703  4104.28492312685
11220000  -4096.28338005887  4105.38605987161
11221000  -4094.8419429644  4105.87971124549
11222000  -4095.628308654  4107.47831896066
11223000  -4098.26308194535  4109.19686135249
11224000  -4097.47309256788  4106.51647925698
11225000  -4098.5858974414  4107.6058704039
11226000  -4096.10825491575  4110.39335056639
11227000  -4098.8854973786  4110.30764523772
11228000  -4098.69042358512  4109.49962854245
11229000  -4098.12980675424  4110.73015286154
11230000  -4096.87436420775  4112.04091563169
11231000  -4095.88103297573  4111.09256584964
11232000  -4100.60564070831  4112.55937948959
11233000  -4101.87977918709  4112.23675533524
11234000  -4102.22074278096  4112.53233432163
11235000  -4102.69552114064  4115.48170502491
11236000  -4101.52789301381  4114.37166883294
11237000  -4100.76334632525  4115.6478466422
11238000  -4101.956145774  4116.25600781597
11239000  -4101.96508916773  4114.30032230804
11240000  -4102.13246345798  4117.86445497774
11241000  -4104.06499483786  4117.28868299462
11242000  -4103.36372408848  4115.54666110421
11243000  -4105.76726544744  4116.35618518709
11244000  -4106.68522303182  4119.43112220332
11245000  -4107.39456250675  4116.50574553431
11246000  -4109.11829989172  4117.02691527852
11247000  -4108.54880923539  4116.19246210725
11248000  -4107.87673181725  4114.25589307025
11249000  -4108.57606324755  4117.81110851591
11250000  -4107.65443507733  4118.24914074362
11251000  -4111.29657915115  4117.65069979873
11252000  -4107.90320621301  4119.34627867277
11253000  -4112.24167800255  4118.77556547642
11254000  -4110.15331063719  4119.44211843237
11255000  -4112.28237194056  4118.22423990349
11256000  -4110.83612683499  4120.24572975231
11257000  -4111.45590837361  4119.49651338346
11258000  -4114.83292565525  4120.23494987137
11259000  -4114.15930155561  4121.5921245638
11260000  -4113.63257384005  4121.70020076937
11261000  -4113.23985193177  4119.42203132738
11262000  -4116.29602346355  4121.45618848284
11263000  -4115.28451218572  4121.30978311055
11264000  -4114.50209774791  4123.61017433633
11265000  -4117.76685902443  4121.72285939172
11266000  -4119.52954506343  4127.11874090987
11267000  -4121.01526855328  4125.45264104793
11268000  -4118.10615764575  4124.92258773361
11269000  -4119.72134165  4125.20144232814
11270000  -4117.74064138799  4124.11448904584
11271000  -4120.02746891123  4128.91528803005
11272000  -4118.62341804584  4128.31625780869
11273000  -4118.10723731589  4124.37441190977
11274000  -4120.21119332036  4129.22018608586
11275000  -4119.00344522951  4127.78336951989
11276000  -4118.65019857359  4128.18450588719
11277000  -4120.93877650002  4130.30683419341
11278000  -4121.16776595445  4127.81257707255
11279000  -4121.4108423548  4131.07283998739
11280000  -4123.20924446374  4132.5688451886
11281000  -4122.44448819809  4130.96001128675
11282000  -4122.4683686024  4128.84264170161
11283000  -4122.79467543549  4131.60096336983
11284000  -4122.18823224971  4133.36191784607
11285000  -4122.25175640025  4131.10335267671
11286000  -4124.2301483646  4132.60546644325
11287000  -4124.5856469021  4132.44018017843
11288000  -4126.45795590717  4133.14747019453
11289000  -4125.0043673355  4135.11952485019
11290000  -4127.03680815671  4132.52911833005
11291000  -4128.11493539069  4138.37499478418
11292000  -4127.87450171415  4136.51971646716
11293000  -4127.54902503694  4136.04522719945
11294000  -4126.67379698203  4140.02284076943
11295000  -4126.9333265376  4137.48342554383
11296000  -4125.66355177514  4136.47676260209
11297000  -4126.47837701284  4136.98307222052
11298000  -4127.62333494649  4138.54811176186
11299000  -4128.64287716553  4137.88056382164
11300000  -4127.35861791028  4140.96948759325
11301000  -4128.56109919398  4141.30585627114
11302000  -4129.92180624211  4141.78406889792
11303000  -4130.3899235053  4141.02842516805
11304000  -4131.50584746827  4144.30494557167
11305000  -4128.41944609203  4141.99033875916
11306000  -4128.90024626792  4140.77291968642
11307000  -4132.15242965742  4142.60691493343
11308000  -4131.13450124246  4144.99777363123
11309000  -4132.32449238393  4145.04097136412
11310000  -4133.31380247833  4143.53053714596
11311000  -4133.52181697494  4145.35222701244
11312000  -4134.32370939235  4146.34348485631
11313000  -4131.48517668816  4142.2274360383
11314000  -4133.78445035152  4141.96970645047
11315000  -4135.00702624659  4147.42439780685
11316000  -4135.42091489171  4145.79496538167
11317000  -4136.29813837339  4147.37307136006
11318000  -4135.28791435641  4145.61688130821
11319000  -4135.32076222551  4145.45383164413
11320000  -4135.95072998866  4147.32700118092
11321000  -4136.21565471981  4147.36569010995
11322000  -4136.21720197074  4147.61252315915
11323000  -4136.50799625154  4145.9372096594
11324000  -4138.34386034879  4147.55149215605
11325000  -4140.63281347573  4149.55795015375
11326000  -4139.75388464952  4145.31090247789
11327000  -4142.27208219987  4145.5188188915
11328000  -4143.681386745  4147.25119822198
11329000  -4145.47803579571  4146.68386643945
11330000  -4148.16079154154  4148.50306045409
11331000  -4146.3601615216  4149.85234138561
11332000  -4147.65671525102  4155.02827940144
11333000  -4149.64912881071  4152.06819921276
11334000  -4148.13481238213  4153.38837095698
11335000  -4147.3731857381  4155.74612018733
11336000  -4146.17636459978  4153.78640374323
11337000  -4150.65262976972  4156.97529785955
11338000  -4146.69741452897  4155.94738364292
11339000  -4149.32737504826  4156.38890947286
11340000  -4151.43505183114  4155.39649643299
11341000  -4151.39900922725  4155.88258345193
11342000  -4151.21467100831  4157.10714400645
11343000  -4150.86451993683  4157.48752083647
11344000  -4150.70491247557  4158.79297807777
11345000  -4154.37970921018  4156.97532615301
11346000  -4153.4323071353  4157.3644696468
11347000  -4153.14310798938  4158.56788964743
11348000  -4157.2236220167  4157.55977883839
11349000  -4156.07802792443  4156.48865305719
11350000  -4157.37604677194  4159.47163763427
11351000  -4158.20227418129  4159.28402081038
11352000  -4161.71987150076  4159.52859475562
11353000  -4160.48203477832  4158.77547979203
11354000  -4160.66289346983  4162.84968668495
11355000  -4163.3280282868  4162.49011588811
11356000  -4162.60570520413  4159.50298213432
11357000  -4161.79261454479  4160.81367536937
11358000  -4162.09980654713  4159.34849770893
11359000  -4163.20994631217  4159.05227658749
11360000  -4163.5353894085  4160.73011525312
11361000  -4164.30157848173  4160.09998997087
11362000  -4165.40363919418  4163.0032555528
11363000  -4162.5677462993  4164.53001589614
11364000  -4165.71444013693  4164.72052198618
11365000  -4165.8359808831  4162.90276480686
11366000  -4167.817520701  4164.97003939611
11367000  -4172.09654638562  4167.89295045001
11368000  -4168.07959532415  4164.94645302725
11369000  -4168.10114000437  4166.51034181012
11370000  -4166.81910557467  4166.12357385656
11371000  -4167.21402627953  4164.97847685844
11372000  -4170.98752375134  4165.50477507983
11373000  -4165.91922783595  4166.87948048572
11374000  -4166.91377950163  4169.71001348619
11375000  -4169.69210666542  4168.97237617632
11376000  -4168.77007892191  4171.19379037353
11377000  -4167.55184670102  4169.39842234457
11378000  -4167.83056250469  4168.86446461122
11379000  -4169.75065643777  4170.47366174872
11380000  -4171.74807778804  4170.03879739946
11381000  -4168.40312975115  4171.62403599804
11382000  -4170.65234020976  4171.28419160516
11383000  -4168.59257306769  4172.18555113798
11384000  -4171.25443055667  4172.47346107318
11385000  -4170.2573941045  4173.30245253166
11386000  -4169.24665524558  4174.88459003014
11387000  -4171.33021673564  4173.36719610373
11388000  -4172.99988469327  4174.58634604625
11389000  -4170.5443570043  4175.65204550054
11390000  -4173.62719287386  4176.29679552386
11391000  -4173.19984915994  4176.7779599369
11392000  -4176.41783199379  4178.92329402837
11393000  -4172.26910461441  4177.533439435
11394000  -4176.03831011783  4178.20345202305
11395000  -4173.50964555081  4174.46802328121
11396000  -4174.61056258015  4174.2420406572
11397000  -4175.11512581542  4177.28289244552
11398000  -4175.83971154113  4178.51896597466
11399000  -4176.31502151111  4178.01986918941
11400000  -4175.1779962568  4179.82420903119
11401000  -4176.83555075696  4180.61911125396
11402000  -4178.81330390226  4183.51909221516
11403000  -4179.50212153406  4181.60330657891
11404000  -4175.03767738048  4182.83753269496
11405000  -4178.77863162319  4183.62039889462
11406000  -4176.30892972004  4182.7993540682
11407000  -4179.38744096444  4181.07419147135
11408000  -4178.00066245809  4183.05624129318
11409000  -4180.43549459113  4187.4531033247
11410000  -4180.91046076022  4184.30115270653
11411000  -4179.80511462121  4184.17505909908
11412000  -4180.49572585212  4187.06287590538
11413000  -4180.47688334639  4185.20158138684
11414000  -4182.06996477981  4187.82826714345
11415000  -4181.16428061914  4188.46432083759
11416000  -4181.35028098774  4190.35309864451
11417000  -4185.03186896608  4188.87729220519
11418000  -4185.45299746853  4187.74576898421
11419000  -4186.63912399535  4190.4168174913
11420000  -4184.57154823129  4189.055059229
11421000  -4185.246058122  4193.25249067556
11422000  -4186.91808434625  4192.77997336398
11423000  -4184.83080104652  4190.66599343062
11424000  -4184.20442811033  4193.00793254716
11425000  -4186.36718082407  4192.57527445601
11426000  -4186.83155452835  4194.68518332609
11427000  -4185.90946287646  4197.25978418231
11428000  -4187.84993225049  4194.957501838
11429000  -4188.74024315736  4191.82269183952
11430000  -4188.13726274989  4195.9916188901
11431000  -4188.69284867833  4193.14671027345
11432000  -4190.18755494337  4195.12354407805
11433000  -4185.2613938128  4197.47161168089
11434000  -4186.70755042924  4198.83737693913
11435000  -4188.10885008493  4196.36710026489
11436000  -4185.2797785079  4198.67623798918
11437000  -4187.72508817881  4197.21628780955
11438000  -4185.57287849869  4197.92073310962
11439000  -4187.21931638078  4196.31243811956
11440000  -4188.74466013285  4199.49455618778
11441000  -4186.62916132256  4197.33057651778
11442000  -4190.45530289305  4200.23443013827
11443000  -4189.81555848325  4201.35395281585
11444000  -4189.64422522046  4201.49319480544
11445000  -4191.65370294927  4201.40738610934
11446000  -4194.21706395043  4203.16692098149
11447000  -4188.93085887112  4203.25049909647
11448000  -4191.17178828391  4203.78532056827
11449000  -4191.85253440926  4205.89988028877
11450000  -4193.64014380144  4203.60908424343
11451000  -4194.15186547823  4206.69286260181
11452000  -4194.33267288382  4204.56434666463
11453000  -4191.7879995946  4203.85428672589
11454000  -4194.08085342695  4206.15048429503
11455000  -4195.12178905729  4206.1526939321
11456000  -4193.01383234214  4205.46946225293
11457000  -4194.39903031904  4206.39137278274
11458000  -4195.30235624041  4206.00186948627
11459000  -4192.96214892569  4207.86950871519
11460000  -4195.65269043311  4205.56136477222
11461000  -4195.89733886534  4209.03184717966
11462000  -4198.57182253239  4208.37556167778
11463000  -4199.19331405193  4209.21127062792
11464000  -4197.99954195321  4211.26357079282
11465000  -4201.83151206427  4209.8730057711
11466000  -4201.30846720982  4208.34898561448
11467000  -4199.47725655118  4208.56777093337
11468000  -4198.83409418565  4206.61422084246
11469000  -4201.77415298244  4209.04790083873
11470000  -4202.42256346096  4209.51503653478
11471000  -4201.21255187041  4210.97010770354
11472000  -4202.6738881004  4208.94418345618
11473000  -4202.67220798953  4210.77925833618
11474000  -4200.85418255034  4213.74517208878
11475000  -4204.03377147783  4214.87011743314
11476000  -4204.592950976  4212.73583702339
11477000  -4206.07686523549  4214.66778446242
11478000  -4204.37093854486  4214.22463684798
11479000  -4204.20969893039  4217.80950646101
11480000  -4204.14932728487  4218.5687589909
11481000  -4203.85703820225  4218.92215807933
11482000  -4202.82898529426  4218.37143930768
11483000  -4202.84629187185  4218.17476611931
11484000  -4205.96832355473  4217.5379647804
11485000  -4204.68208663879  4218.30919384348
11486000  -4204.30995054689  4216.67725647587
11487000  -4207.27350454307  4218.32961603619
11488000  -4205.80868501395  4219.12727677775
11489000  -4206.82202747945  4219.81584058921
11490000  -4208.22491968939  4220.46508621128
11491000  -4207.0668963219  4219.15132904698
11492000  -4208.28298009176  4220.57029180733
11493000  -4210.41715460832  4220.20698321002
11494000  -4208.27712573495  4220.72113939752
11495000  -4208.86662222196  4221.85520216064
11496000  -4207.60586139534  4221.72144465679
11497000  -4209.74601092255  4220.3606613035
11498000  -4209.48641261301  4221.40637703465
11499000  -4209.59768440897  4221.18556404214
11500000  -4211.17362884172  4221.46615059222
11501000  -4209.63641123574  4223.85026590907
11502000  -4213.65732457307  4223.82877557762
11503000  -4213.67599247287  4224.40472029671
11504000  -4213.54499597736  4227.33095789764
11505000  -4213.12286885777  4226.15077831264
11506000  -4212.50507333019  4226.79334631714
11507000  -4212.81337869513  4222.4770864021
11508000  -4215.08430060779  4225.67250689035
11509000  -4213.35160290393  4226.43911693823
11510000  -4214.82950906807  4225.78558758943
11511000  -4214.03929334392  4226.60677571608
11512000  -4213.91548045869  4226.67439826788
11513000  -4214.62669402175  4226.82073506845
11514000  -4215.14043144688  4229.35452814228
11515000  -4216.03612026275  4227.67965789186
11516000  -4215.39227384136  4226.33354823005
11517000  -4218.21302406891  4228.38264127764
11518000  -4218.55628283567  4228.18132123364
11519000  -4219.5508366768  4228.60943104335
11520000  -4217.8122895815  4226.26707597736
11521000  -4219.14079119929  4228.68263898891
11522000  -4218.39213245433  4229.8762509144
11523000  -4216.43247106422  4231.4996727797
11524000  -4221.65594797969  4230.38999905178
11525000  -4219.64613418576  4228.82187531012
11526000  -4220.14971657951  4229.16745866815
11527000  -4217.71140703389  4232.28063164517
11528000  -4222.01560466465  4232.39910785229
11529000  -4220.73206444633  4234.05423563175
11530000  -4221.08594916062  4232.46772506572
11531000  -4222.92844668  4234.24084784956
11532000  -4220.52527259988  4234.24844240216
11533000  -4223.91349928882  4233.79057474719
11534000  -4222.35788631425  4233.47923504902
11535000  -4225.37030548718  4234.95159189011
11536000  -4226.14833990688  4234.17349737025
11537000  -4226.82315805821  4236.34937860593
11538000  -4226.37544441161  4235.66513544789
11539000  -4226.76603371959  4232.65629486685
11540000  -4230.61767621922  4236.4395623355
11541000  -4228.50602407698  4235.46892410748
11542000  -4226.57363153138  4238.47901529142
11543000  -4229.67171460171  4235.43429338763
11544000  -4227.98600798337  4237.35299972684
11545000  -4229.60466046513  4236.16177259724
11546000  -4228.0513232989  4234.91906282644
11547000  -4231.35163531747  4238.69122756275
11548000  -4229.46993835194  4238.60444077148
11549000  -4227.2463383584  4239.40038110495
11550000  -4227.50888639682  4240.15291882671
11551000  -4229.38133598895  4241.8693858931
11552000  -4230.41260488025  4240.24944367956
11553000  -4234.16846605818  4241.78523258499
11554000  -4233.56490948091  4241.60858687369
11555000  -4233.67785402499  4240.30991983236
11556000  -4231.77021521503  4240.08747369188
11557000  -4233.05738145797  4242.86797469534
11558000  -4232.01058693115  4241.74342182119
11559000  -4233.17106126657  4241.28079246051
11560000  -4235.57889290132  4238.55078524311
11561000  -4237.58762362305  4242.84254982976
11562000  -4236.61099858926  4242.18150300342
11563000  -4236.06450838064  4242.22807881289
11564000  -4238.95930389925  4241.58438884637
11565000  -4235.16883886247  4240.80527566123
11566000  -4236.82155299254  4241.60977268252
11567000  -4238.10558082264  4241.95953484119
11568000  -4240.93770801249  4246.41221778402
11569000  -4240.44504034594  4243.04692399364
11570000  -4240.27292582532  4244.47878043869
11571000  -4241.74881247014  4245.09374381893
11572000  -4240.58367672963  4245.93688381447
11573000  -4242.2283751931  4247.34846024116
11574000  -4242.4004716954  4248.77316987402
11575000  -4243.8560488804  4247.8095339599
11576000  -4243.55307766923  4246.61281777331
11577000  -4245.19157830102  4248.77726840932
11578000  -4244.56029496618  4250.89051442678
11579000  -4244.96518442869  4249.45646366397
11580000  -4243.80755538886  4250.62900876093
11581000  -4246.79946784916  4253.42666090552
11582000  -4243.7170889457  4253.43007617167
11583000  -4248.05145254317  4251.58045784042
11584000  -4250.08804639759  4255.27359782723
11585000  -4246.87921562872  4255.40961479205
11586000  -4244.47137006042  4254.89688092209
11587000  -4246.90843856159  4252.52936436895
11588000  -4246.15353241987  4253.90917050891
11589000  -4251.05835453024  4255.39892638039
11590000  -4248.27025901685  4256.64233498017
11591000  -4248.92144045636  4255.5956665975
11592000  -4251.5781807916  4257.98677057998
11593000  -4251.04546635319  4256.14581647979
11594000  -4253.4612309975  4256.603957863
11595000  -4253.56559575452  4257.09327054949
11596000  -4251.67563174574  4257.72803227146
11597000  -4251.76852760056  4258.9793754814
11598000  -4258.61023494031  4261.32886410813
11599000  -4255.30824089501  4260.50497979392
11600000  -4258.96372235102  4261.45623548647
11601000  -4257.61134882194  4265.53073006165
11602000  -4258.40845881473  4264.40140696358
11603000  -4256.71354953892  4263.8141155604
11604000  -4258.0724841201  4266.02019424318
11605000  -4259.50842341665  4263.85419092388
11606000  -4260.9834087413  4267.11972362933
11607000  -4261.725754909  4266.82575971084
11608000  -4263.92473971873  4267.05325092674
11609000  -4262.33766429761  4267.05789444948
11610000  -4263.32037994246  4266.20936522758
11611000  -4262.64677762058  4266.11528760327
11612000  -4264.47172372151  4267.44085930507
11613000  -4265.96580864627  4267.03934323863
11614000  -4262.44498479247  4267.31120757771
11615000  -4266.38697862313  4267.79396903856
11616000  -4266.50503086622  4268.92338838603
11617000  -4263.97083421007  4267.87844901487
11618000  -4264.62784947249  4268.87581767513
11619000  -4263.16319900783  4268.54087536671
11620000  -4265.39458915007  4267.20077577165
11621000  -4269.64690198096  4268.84900217275
11622000  -4267.22179801304  4268.44146129256
11623000  -4264.37638944473  4269.5096129084
11624000  -4267.2560461121  4272.27717552509
11625000  -4265.88487820914  4269.39115087977
11626000  -4267.06669316224  4271.58186163816
11627000  -4271.25803431727  4271.75854194325
11628000  -4269.11146873486  4272.69490396552
11629000  -4270.74767026204  4270.15925203064
11630000  -4268.77007437931  4272.64320487906
11631000  -4269.06371913497  4276.55508273445
11632000  -4268.36841402661  4275.44627816302
11633000  -4268.20577807743  4278.43953243271
11634000  -4271.58200444868  4277.36144554214
11635000  -4269.62862261947  4276.72643356051
11636000  -4267.82354629488  4279.35304058706
11637000  -4272.89652275543  4280.91795911128
11638000  -4275.14685568611  4277.86189175319
11639000  -4273.56133573942  4281.64291255065
11640000  -4272.68998587525  4279.25550869112
11641000  -4271.33568579801  4281.49127555398
11642000  -4272.51660380072  4281.4507115916
11643000  -4274.626575545  4281.79521532306
11644000  -4275.7291936126  4281.9036275536
11645000  -4275.62892063149  4281.06676531287
11646000  -4272.77581508217  4281.8780762694
11647000  -4276.49800765119  4282.16690726732
11648000  -4276.86337198661  4283.68275985897
11649000  -4274.20882855315  4283.27936979524
11650000  -4275.08906722965  4283.91323235982
11651000  -4276.48542605146  4285.51346219386
11652000  -4277.33592024443  4286.47170865527
11653000  -4275.85074467629  4288.35896525905
11654000  -4275.19465353036  4288.74832858439
11655000  -4277.62174532537  4287.33028489462
11656000  -4277.3516806076  4286.00743110908
11657000  -4277.01837047609  4286.54953151678
11658000  -4277.68651581064  4286.02088211468
11659000  -4279.55573738821  4286.88357166265
11660000  -4281.2157199782  4287.81403431932
11661000  -4281.4294643231  4287.5154926015
11662000  -4281.63457364413  4286.54979900881
11663000  -4284.08016642821  4288.01654218603
11664000  -4283.01486307261  4288.11228175023
11665000  -4283.20094968876  4287.80942070817
11666000  -4280.66773503657  4288.79198082376
11667000  -4281.93618813667  4288.78848703882
11668000  -4281.94685447571  4287.42130713424
11669000  -4281.12294168503  4289.12137952104
11670000  -4283.17698395802  4288.91687321509
11671000  -4281.80145316252  4289.12866196099
11672000  -4284.70195443882  4289.69486237357
11673000  -4282.02842601807  4289.84532353804
11674000  -4285.32147086726  4290.03265709163
11675000  -4285.23472338765  4293.14450309778
11676000  -4282.90811064397  4292.34836271958
11677000  -4286.08136969305  4295.20678444888
11678000  -4286.48468281818  4292.86909196996
11679000  -4283.65584680092  4294.86895416816
11680000  -4288.31023601381  4296.02562999905
11681000  -4286.38586953558  4294.04802678869
11682000  -4288.91527382207  4295.30020504925
11683000  -4286.20097945071  4296.93594605919
11684000  -4286.77784175841  4297.09022681562
11685000  -4289.13084673368  4297.14134370369
11686000  -4291.39205514153  4299.40570911739
11687000  -4291.90748079735  4297.34210844859
11688000  -4289.09657105254  4299.18358457658
11689000  -4289.29588663063  4299.44859283926
11690000  -4292.32642673249  4299.12257056415
11691000  -4291.33474727348  4301.46415022211
11692000  -4293.01653165202  4299.15876705682
11693000  -4292.16884729377  4302.32736000721
11694000  -4292.93725914833  4301.43048087484
11695000  -4288.91183401456  4303.67875480813
11696000  -4288.79669095398  4303.98514823067
11697000  -4290.35212945792  4301.44009382699
11698000  -4291.50204638501  4301.20260913363
11699000  -4292.07448749753  4303.82630862924
11700000  -4291.7652553726  4306.7117683146
11701000  -4293.12450572701  4305.09360654865
11702000  -4292.5464225345  4303.26859697113
11703000  -4292.59536142819  4305.69904217701
11704000  -4294.20318810398  4306.36069464894
11705000  -4297.69078055569  4307.78740415479
11706000  -4297.11565070158  4308.22446280726
11707000  -4297.44903625136  4308.18369432646
11708000  -4296.40285033832  4306.40802050356
11709000  -4294.88586372899  4305.79310539131
11710000  -4293.65271275528  4307.96184080412
11711000  -4297.05802346718  4308.79285205877
11712000  -4298.75348808317  4308.53115475179
11713000  -4299.02074545154  4310.45908149218
11714000  -4299.79909599853  4311.34017034792
11715000  -4301.21221048216  4312.02605970234
11716000  -4297.69423320515  4311.48868630859
11717000  -4299.76952319329  4311.22553703414
11718000  -4301.75950581658  4313.36869501122
11719000  -4301.00464084681  4313.21375547543
11720000  -4302.66744066355  4311.57598950751
11721000  -4303.06928707908  4310.77658790511
11722000  -4301.55056022779  4313.47002309344
11723000  -4304.05900652015  4314.1246035673
11724000  -4304.8328408374  4313.20111904782
11725000  -4306.23258533126  4311.65999427692
11726000  -4304.56073758337  4311.74661599214
11727000  -4306.9379579518  4312.74724477263
11728000  -4303.57310089063  4314.21948515349
11729000  -4303.81756328309  4313.23565575704
11730000  -4302.90926189295  4314.18862705856
11731000  -4302.54721059034  4313.66876793304
11732000  -4304.1150333622  4318.35211412471
11733000  -4306.9390168539  4316.01350813281
11734000  -4305.72132036118  4318.66115751054
11735000  -4306.89040122609  4317.96547580585
11736000  -4309.80528023107  4316.06744745489
11737000  -4308.85126873001  4318.09644018864
11738000  -4311.1921040388  4319.45274803004
11739000  -4308.42505678075  4320.15039936967
11740000  -4310.09694594552  4321.39395282038
11741000  -4310.47134729743  4319.73024909231
11742000  -4310.09083783605  4320.9265542166
11743000  -4313.36805361564  4322.36568829422
11744000  -4313.85283788915  4322.72075247786
11745000  -4312.87117308891  4323.93587505905
11746000  -4310.99147102882  4322.46305953197
11747000  -4310.84905636703  4324.41313658171
11748000  -4313.51415729154  4323.32015173259
11749000  -4314.68496584291  4324.05743151799
11750000  -4316.38990204177  4325.03045863679
11751000  -4313.20790475106  4328.24226301082
11752000  -4316.22005663485  4326.89737484992
11753000  -4316.64130100933  4327.52103366144
11754000  -4316.39644318146  4329.38539808295
11755000  -4316.44662355919  4329.33612550986
11756000  -4319.19454370196  4326.8458832208
11757000  -4319.79995006083  4328.00952024825
11758000  -4319.75788935996  4325.90825705478
11759000  -4322.54369500684  4330.01986986636
11760000  -4322.56622627665  4329.60937171034
11761000  -4322.62013204446  4331.10942858754
11762000  -4322.62441639109  4330.58515210613
11763000  -4326.40748244898  4331.95473147151
11764000  -4324.10988425107  4329.18879208597
11765000  -4323.42658284197  4330.60490257204
11766000  -4322.38319918368  4330.13828879401
11767000  -4321.97221627857  4331.99434705163
11768000  -4325.78431820932  4332.55174000997
11769000  -4323.76658859732  4333.9037078425
11770000  -4322.17123917583  4333.54179510906
11771000  -4324.3058096845  4333.58692304025
11772000  -4323.39925599386  4335.79429055525
11773000  -4324.73216305293  4334.87069005598
11774000  -4325.92691766031  4335.93046792064
11775000  -4323.71780240348  4337.15554847842
11776000  -4325.26618167842  4335.33110084866
11777000  -4328.5832447057  4335.02210368681
11778000  -4327.70964691848  4333.14567625703
11779000  -4325.82404584442  4335.43244909885
11780000  -4328.51634023249  4334.82572773641
11781000  -4329.77390043795  4333.00435715464
11782000  -4327.49324386769  4334.05885435406
11783000  -4332.74409386153  4337.75553729848
11784000  -4327.69560736888  4337.63463789852
11785000  -4329.34306193364  4337.73186239325
11786000  -4329.39943462032  4335.77855000327
11787000  -4331.67143965587  4338.59039603695
11788000  -4330.55314297572  4337.54490754432
11789000  -4330.84449589724  4337.5730330894
11790000  -4331.64349394058  4339.84280697935
11791000  -4333.07915959259  4337.90347980015
11792000  -4332.75885354229  4340.75201996258
11793000  -4331.15863821278  4339.33907198181
11794000  -4330.58441887735  4338.53189708965
11795000  -4334.38727702611  4340.50609818991
11796000  -4332.37575013032  4341.12920145
11797000  -4331.78897240667  4344.65965305375
11798000  -4332.0373445637  4342.9394370196
11799000  -4334.75596601811  4343.97882576215
11800000  -4334.20381923467  4343.22633672638
11801000  -4332.73449176749  4343.71620154278
11802000  -4335.92002257493  4344.74537261236
11803000  -4334.32514271132  4345.04567547683
11804000  -4334.97518292986  4344.11682543285
11805000  -4335.10780501211  4345.41463506102
11806000  -4337.26487922991  4346.21838376519
11807000  -4338.55191002072  4347.04613873158
11808000  -4339.56488655996  4349.00309237426
11809000  -4338.39815335608  4347.23124164647
11810000  -4339.07369950354  4349.94428529223
11811000  -4338.78318011694  4349.7547217311
11812000  -4341.62229286772  4351.85861936934
11813000  -4336.87845248701  4352.41291626414
11814000  -4336.62476204406  4351.45301393248
11815000  -4338.39953881391  4353.49103287495
11816000  -4337.09863238546  4354.15993840656
11817000  -4339.52472377682  4354.39456782222
11818000  -4338.21175100202  4354.90776372329
11819000  -4338.55909282271  4354.7226655155
11820000  -4337.76933049324  4352.2572880324
11821000  -4338.75182524473  4355.8855289956
11822000  -4337.35619167335  4356.41738527829
11823000  -4340.39801439734  4354.31642953968
11824000  -4340.59313632711  4356.98894837715
11825000  -4340.54833588949  4355.13580938327
11826000  -4341.29972302193  4352.40337257426
11827000  -4343.9494078803  4354.23337034707
11828000  -4344.03638132601  4355.90835079318
11829000  -4343.83336870416  4355.50020334129
11830000  -4342.61065946064  4357.16653677319
11831000  -4344.66318385474  4355.99849764701
11832000  -4349.38137879732  4357.70348388841
11833000  -4347.58398277651  4356.61816587791
11834000  -4347.28460514868  4357.1934597506
11835000  -4345.19479997254  4356.02033732461
11836000  -4349.59845440762  4357.94848661025
11837000  -4348.17273269076  4357.6558322359
11838000  -4348.82399685791  4359.66991633381
11839000  -4349.88435444414  4360.10961061861
11840000  -4349.95741374074  4359.48070768177
11841000  -4347.48422634249  4358.70561075095
11842000  -4349.72779924556  4361.60101673075
11843000  -4350.57890839814  4360.34043663649
11844000  -4349.54810078437  4360.94599061233
11845000  -4350.98459084699  4361.23087615562
11846000  -4351.08585838905  4361.76472956886
11847000  -4351.47016456256  4363.98538604413
11848000  -4351.3969984285  4362.19916951917
11849000  -4350.88031514318  4363.78302365295
11850000  -4351.47924730782  4363.82299427519
11851000  -4352.1463054027  4363.34022296903
11852000  -4352.06634646693  4364.09751030678
11853000  -4353.27382769811  4362.69626380302
11854000  -4352.68013463444  4364.78543948338
11855000  -4352.37808873443  4364.97327046215
11856000  -4353.45601493456  4363.35147302199
11857000  -4354.68573412972  4363.95728694876
11858000  -4352.93461022539  4363.77620331046
11859000  -4355.05087116957  4366.24398198332
11860000  -4356.90402767046  4365.68165232776
11861000  -4353.42858978051  4365.9255239364
11862000  -4355.19215041955  4367.11970958925
11863000  -4356.33309150795  4364.70951815846
11864000  -4357.42625611586  4369.11682931784
11865000  -4356.00861379265  4368.46956005505
11866000  -4356.6910850688  4371.48798551343
11867000  -4357.86065969335  4370.71021511117
11868000  -4356.58841479929  4370.15243893719
11869000  -4355.774231517  4370.13762131097
11870000  -4354.86562641888  4370.27372620372
11871000  -4355.80136155939  4371.34369931845
11872000  -4356.52826171907  4371.34462701266
11873000  -4356.31030324784  4372.26938886402
11874000  -4358.51270197911  4375.42388566035
11875000  -4357.43246436973  4376.74850097801
11876000  -4360.72034997676  4372.21307978138
11877000  -4360.83819702588  4375.83326428268
11878000  -4361.28623740963  4375.77168664813
11879000  -4362.35942791374  4376.65913364918
11880000  -4361.26995991541  4375.96309036721
11881000  -4362.2794225616  4375.57763864854
11882000  -4365.63644250805  4378.99277288972
11883000  -4363.5071693598  4377.38939332097
11884000  -4362.05081590289  4376.7154486422
11885000  -4362.01414029874  4376.42279000792
11886000  -4364.57275304091  4379.103356988
11887000  -4361.43692580508  4377.84920566444
11888000  -4365.00578739916  4377.09820768428
11889000  -4362.31897013239  4378.734875067
11890000  -4363.3475232325  4377.2332228219
11891000  -4362.37800567601  4378.66140310462
11892000  -4363.49037617302  4378.48339441219
11893000  -4364.12404957913  4379.88296794232
11894000  -4364.608816889  4375.41912109316
11895000  -4365.63221110262  4378.90742931931
11896000  -4366.24275909257  4380.3873458115
11897000  -4364.32307719489  4378.33461324881
11898000  -4366.0892618494  4381.08229537677
11899000  -4366.60632991739  4380.10617681276
11900000  -4367.27083098085  4381.91306104342
11901000  -4371.27150143918  4380.85953751156
11902000  -4368.22580080257  4382.89578855265
11903000  -4369.02333007903  4381.49986978139
11904000  -4367.50294928819  4381.64546726285
11905000  -4368.58132929631  4380.4694408872
11906000  -4369.16644108433  4383.21205589902
11907000  -4369.53208633846  4384.46478483112
11908000  -4369.99919981056  4383.39476577174
11909000  -4370.29176859006  4384.26407766897
11910000  -4369.37860807757  4384.86688682141
11911000  -4368.82071910969  4383.01630972128
11912000  -4372.47137589001  4385.29640362128
11913000  -4373.22995795664  4385.3458793328
11914000  -4373.99897987992  4384.87720136149
11915000  -4371.74461773163  4385.24893306524
11916000  -4373.57122216208  4386.80556502954
11917000  -4372.08810502389  4384.69864054147
11918000  -4374.85764229037  4384.95736734665
11919000  -4372.88537221721  4386.5666433675
11920000  -4374.47909546597  4385.81275852772
11921000  -4377.05111049056  4386.85133581079
11922000  -4376.92807532049  4384.42676191433
11923000  -4373.08453362797  4387.01346672314
11924000  -4376.11939221033  4384.52547548954
11925000  -4378.24854796099  4385.13252178419
11926000  -4376.68864593984  4386.61816835204
11927000  -4379.65868037158  4387.87871684913
11928000  -4379.20189295977  4388.45734990503
11929000  -4378.60707302221  4386.56432197221
11930000  -4379.52907218617  4387.60283277425
11931000  -4383.22768791747  4386.20880107832
11932000  -4380.80395245168  4386.84655300627
11933000  -4381.24368479054  4388.75327165353
11934000  -4380.85588842723  4388.56430038182
11935000  -4382.0832617945  4389.96287781663
11936000  -4379.98652701692  4389.06898169453
11937000  -4383.22301840961  4389.52474421865
11938000  -4381.963665971  4390.3437589755
11939000  -4383.21783882865  4391.96348946671
11940000  -4385.1266257479  4391.86952364036
11941000  -4383.03206740107  4393.10458119153
11942000  -4382.08304324286  4391.8981834491
11943000  -4385.55588055211  4391.80903869496
11944000  -4384.4037180244  4393.06253503454
11945000  -4383.8810350283  4394.19396691759
11946000  -4387.7543091166  4394.63574948312
11947000  -4385.05167160438  4392.64142351589
11948000  -4386.17662318317  4396.70282117455
11949000  -4383.90704589167  4396.23133863705
11950000  -4385.68011856282  4397.4649171201
11951000  -4387.33386763911  4397.59765609494
11952000  -4384.64446629922  4398.06596129284
11953000  -4386.9431733364  4399.33401131098
11954000  -4389.4280704374  4398.91298874665
11955000  -4389.42177894631  4398.16182404264
11956000  -4388.32949407678  4399.63985828358
11957000  -4387.84401357325  4399.79881288413
11958000  -4388.45994758958  4399.9266073954
11959000  -4386.36794361859  4400.59144853293
11960000  -4392.55896910713  4404.08513021246
11961000  -4392.57247394198  4400.73500414318
11962000  -4390.7661166567  4399.90874995544
11963000  -4392.1517757167  4400.75551139992
11964000  -4396.10732998029  4400.3001436691
11965000  -4396.69242531808  4399.9607642589
11966000  -4395.1668756794  4399.74618611923
11967000  -4399.28791404558  4399.93471771507
11968000  -4398.32715255351  4401.46241847638
11969000  -4400.26418562307  4401.35306704367
11970000  -4397.07400430026  4402.26709014557
11971000  -4399.57305345003  4401.33135998525
11972000  -4400.00887106868  4402.46241675509
11973000  -4401.50525787515  4402.05600525298
11974000  -4400.43036764002  4402.82383915276
11975000  -4401.29892874833  4399.85905756039
11976000  -4401.68340059396  4402.60964529805
11977000  -4399.50829329268  4400.78836287697
11978000  -4399.98574055275  4402.94164155086
11979000  -4401.39491817659  4402.51818591915
11980000  -4400.3707590952  4400.54964782351
11981000  -4401.94267146582  4403.55349124704
11982000  -4404.21586095161  4404.37304906523
11983000  -4403.50117974134  4405.18492350328
11984000  -4406.16531774773  4404.2467327992
11985000  -4406.56451840416  4403.88654467492
11986000  -4402.54068050018  4403.59002592479
11987000  -4405.00012809869  4404.02354764855
11988000  -4405.41928705624  4403.25590083012
11989000  -4406.26721554817  4404.87514303371
11990000  -4408.10666340921  4403.60900315692
11991000  -4408.13339074944  4405.44553921354
11992000  -4408.28064027185  4403.78918840681
11993000  -4408.31364940013  4405.89339853621
11994000  -4408.96280580838  4406.38646997121
11995000  -4408.46546932242  4408.30364866415
11996000  -4410.05023884974  4409.3500291744
11997000  -4408.7338773389  4410.92022174302
11998000  -4412.99381075379  4410.26024868529
11999000  -4407.5622275403  4411.57404442199
12000000  -4409.1643538793  4413.31267082832
12001000  -4409.89458682075  4413.89195659848
12002000  -4410.64716196872  4412.14653824987
12003000  -4411.14552291536  4410.6216610764
12004000  -4413.85959446847  4413.8587844292
12005000  -4412.05796806588  4414.04154741644
12006000  -4411.8863282845  4413.01422503446
12007000  -4412.7870932688  4412.09791134309
12008000  -4410.33888311829  4413.30502427542
12009000  -4414.16951144796  4416.45352251379
12010000  -4412.3050594428  4416.72405268672
12011000  -4413.97522333419  4415.88051751366
12012000  -4413.81810716474  4416.9342174725
12013000  -4415.39898592234  4417.66875978772
12014000  -4413.82904216318  4417.67000711566
12015000  -4416.48114639671  4415.54602967225
12016000  -4416.63551418766  4415.96023495913
12017000  -4418.60192755311  4417.58558135072
12018000  -4417.38137296398  4415.58048023851
12019000  -4416.13532394064  4417.8807497199
12020000  -4418.62210921632  4417.00857864762
12021000  -4416.92545687995  4416.53405960612
12022000  -4420.48173143664  4415.7515218813
12023000  -4420.47619558263  4417.04326723377
12024000  -4417.07255297461  4418.1522262083
12025000  -4419.56088745627  4418.26291307528
12026000  -4420.74305719286  4416.13113988982
12027000  -4418.35715854503  4417.91994310577
12028000  -4420.00486898358  4417.21290266807
12029000  -4419.62189829389  4416.6034437092
12030000  -4418.32032331674  4418.28592750993
12031000  -4420.18165756062  4418.81527794522
12032000  -4421.6628650952  4419.34380470097
12033000  -4421.00088355244  4419.74900299257
12034000  -4424.20374548299  4420.8126534877
12035000  -4422.58323364677  4419.7963709272
12036000  -4423.24012491159  4421.29005769755
12037000  -4424.73810179158  4421.04684010706
12038000  -4424.49573996681  4423.42502711589
12039000  -4427.49019787029  4421.653988488
12040000  -4428.85340076812  4422.53694265703
12041000  -4425.20848707952  4423.57367473978
12042000  -4430.69180395686  4423.39652101684
12043000  -4428.23256105437  4422.37109158637
12044000  -4425.70308936429  4424.59400785233
12045000  -4427.861764514  4423.99709656788
12046000  -4429.1567582179  4421.23214430498
12047000  -4428.14279601544  4421.31097076687
12048000  -4427.05030536152  4423.76802320348
12049000  -4425.76923474868  4424.17917679507
12050000  -4426.85313096289  4426.63422146953
12051000  -4426.60068945637  4426.5522194199
12052000  -4429.27049985538  4424.61229994589
12053000  -4431.67963524534  4426.08203548415
12054000  -4429.69733155929  4426.81115718625
12055000  -4429.67123683604  4426.48351532827
12056000  -4427.38557592729  4427.58303626657
12057000  -4427.27935413413  4427.40253060959
12058000  -4430.89151729475  4428.05797824012
12059000  -4428.89044320649  4425.91211719514
12060000  -4428.39546760805  4429.90007132257
12061000  -4430.07726493319  4428.71610285379
12062000  -4431.137129566  4430.19036842152
12063000  -4428.98088904629  4430.15429793135
12064000  -4431.34932552165  4430.66326543993
12065000  -4430.57038545855  4431.27579959071
12066000  -4430.64715259176  4429.75142619437
12067000  -4430.98778536477  4428.75930904515
12068000  -4431.03319729588  4427.64278812196
12069000  -4432.84611964344  4430.24528456842
12070000  -4434.61680803639  4431.01124529472
12071000  -4434.9945489824  4432.30626597016
12072000  -4436.01230354966  4432.54113181346
12073000  -4437.11150112405  4433.08400304569
12074000  -4440.76171881017  4435.82871862231
12075000  -4441.71008292472  4432.42453030528
12076000  -4439.58931623596  4433.47509577075
12077000  -4441.68641719393  4434.24498020849
12078000  -4442.33523467746  4435.69054405405
12079000  -4440.21060648415  4435.04069761103
12080000  -4442.4493315999  4434.8594927972
12081000  -4438.90463665814  4436.30347864545
12082000  -4441.34630898488  4433.6686181398
12083000  -4441.67178709727  4434.22592701601
12084000  -4441.11925921405  4435.27823618646
12085000  -4440.72952657326  4434.1915184552
12086000  -4446.03638991144  4436.87057955073
12087000  -4445.08730387049  4437.14571510644
12088000  -4443.72883148716  4438.77250742789
12089000  -4444.83470411725  4438.40836516635
12090000  -4444.318915356  4438.48781103207
12091000  -4443.83100217822  4438.23703963737
12092000  -4442.71740949631  4439.99135443287
12093000  -4444.80229399658  4439.25936784237
12094000  -4443.79218161071  4441.78559185118
12095000  -4444.51831469591  4439.91724264763
12096000  -4444.87705605999  4442.55784590222
12097000  -4446.41201680627  4444.27884903464
12098000  -4444.7604224497  4443.30836597241
12099000  -4447.92325279819  4444.68953437783
12100000  -4448.20653884466  4444.79964207666
12101000  -4445.3208248999  4447.56792273081
12102000  -4449.69116290131  4448.06569801856
12103000  -4446.22369643789  4448.45619014419
12104000  -4446.8301771084  4448.15482692829
12105000  -4445.1318740359  4449.88169016515
12106000  -4447.17858234819  4447.80518206472
12107000  -4450.30918731766  4445.3588784083
12108000  -4448.59681728396  4443.94584930415
12109000  -4448.22338687849  4447.69017105284
12110000  -4449.97455860636  4445.52593578005
12111000  -4449.4328221751  4444.68854906326
12112000  -4451.22875944839  4445.58597478667
12113000  -4450.60394851046  4448.68337100669
12114000  -4451.60896987023  4448.99713378937
12115000  -4453.0353131108  4447.34860873247
12116000  -4449.8281697669  4448.8291193133
12117000  -4452.06563510467  4447.84365029904
12118000  -4453.71209433311  4450.42513160998
12119000  -4451.10015945666  4447.51816867094
12120000  -4450.68929149657  4447.50223395798
12121000  -4452.47677988115  4449.5480293542
12122000  -4454.15031200774  4449.62904034431
12123000  -4452.95823239891  4452.08230871817
12124000  -4453.44114819382  4452.83215046062
12125000  -4454.50040004976  4449.40275087909
12126000  -4452.55101288738  4449.91913249129
12127000  -4453.59356088562  4446.35402329325
12128000  -4454.59927952334  4447.55252612453
12129000  -4455.63353918356  4449.42641101384
12130000  -4454.02390817079  4447.58810022789
12131000  -4457.62594234737  4451.03037696246
12132000  -4454.74377537705  4451.87725836079
12133000  -4454.86841330881  4449.60252877603
12134000  -4456.12831119329  4454.46958779048
12135000  -4457.17854020635  4451.91664024009
12136000  -4456.86964541856  4453.89099636891
12137000  -4458.54549120565  4452.86879834475
12138000  -4459.71772878925  4453.61335945579
12139000  -4459.14565524169  4453.8542104169
12140000  -4460.86841987816  4454.95481301051
12141000  -4460.23583943298  4454.5046643545
12142000  -4457.11040654191  4457.72174312379
12143000  -4461.19480634043  4456.83035597556
12144000  -4460.9191049876  4459.81727418824
12145000  -4459.81458231614  4459.49676739995
12146000  -4463.08345359611  4459.06638454047
12147000  -4464.24423719791  4458.60692011722
12148000  -4460.35076483996  4462.65489625568
12149000  -4461.51358705996  4459.5991087297
12150000  -4464.88886619754  4459.91492733672
12151000  -4464.64041473217  4460.91371962961
12152000  -4466.61167769192  4459.61661412096
12153000  -4464.18515046932  4462.15196494981
12154000  -4467.11797567522  4460.63073282406
12155000  -4465.43076746738  4462.57541476923
12156000  -4466.60336561334  4463.77258883002
12157000  -4466.71946885703  4461.93512321672
12158000  -4467.58998666883  4462.55755281084
12159000  -4466.47109814639  4461.9601756104
12160000  -4469.92657309174  4462.99715933202
12161000  -4465.17771684012  4464.96065921325
12162000  -4466.04984927286  4464.47708989263
12163000  -4467.16777744818  4464.43838884505
12164000  -4470.46011498687  4463.37341196107
12165000  -4470.68305769627  4465.11066157277
12166000  -4468.1492975014  4464.76823965517
12167000  -4468.01546085232  4466.77916620193
12168000  -4471.99075487204  4465.57648205629
12169000  -4472.83328983219  4467.55619696901
12170000  -4471.31726478684  4467.62146082861
12171000  -4470.00540155769  4467.43181419614
12172000  -4470.50120228876  4470.28344870636
12173000  -4474.46053077989  4468.68047580892
12174000  -4473.42450421254  4469.24991601689
12175000  -4473.23211392782  4467.13680870123
12176000  -4475.47053301509  4469.8308543121
12177000  -4476.36290054738  4469.97429850906
12178000  -4477.3668453286  4471.2702364272
12179000  -4477.33426401519  4471.5263000816
12180000  -4477.64887208645  4470.66066962711
12181000  -4476.43341635249  4471.67273953216
12182000  -4480.37217960783  4469.88731501823
12183000  -4479.40372432539  4471.64409240599
12184000  -4480.36672109068  4473.31046184329
12185000  -4481.20505533957  4472.66137189314
12186000  -4482.48175907723  4473.03530870935
12187000  -4482.02739563071  4472.83970914227
12188000  -4481.71837890337  4474.16170438906
12189000  -4481.25462150858  4473.40223221461
12190000  -4481.18098041172  4474.09191022065
12191000  -4480.88502348114  4474.86563441018
12192000  -4479.12962610596  4474.37210407494
12193000  -4479.39688699968  4477.10552169815
12194000  -4480.21606853016  4476.42691546964
12195000  -4484.42051979539  4476.62736961454
12196000  -4480.78259702344  4476.63883447496
12197000  -4483.59187124021  4477.57952006442
12198000  -4481.71502174403  4477.69626986091
12199000  -4483.36454744373  4478.90226033612
12200000  -4482.37691507283  4481.39256587041
12201000  -4481.78228397865  4480.76613830193
12202000  -4483.48200945146  4480.3710842964
12203000  -4482.01824155813  4480.99922133304
12204000  -4483.61220935382  4480.34879255401
12205000  -4483.3944461223  4484.39397136178
12206000  -4485.25967655175  4482.9283053692
12207000  -4484.78733682457  4482.9210179786
12208000  -4485.95080524193  4485.3838705799
12209000  -4483.09614806442  4484.50244704875
12210000  -4482.60181251351  4485.42035716561
12211000  -4484.87499021142  4485.95492533935
12212000  -4483.10161414303  4486.60592455457
12213000  -4484.18586030285  4487.60336695421
12214000  -4483.6658712003  4490.34059998297
12215000  -4486.0770695501  4489.65458350251
12216000  -4484.8273678243  4488.30711129054
12217000  -4485.91693861956  4490.15985347702
12218000  -4486.47671730461  4491.73021185673
12219000  -4484.64800464799  4488.31367246014
12220000  -4485.63302786567  4492.43460011486
12221000  -4488.33117860908  4490.27986751056
12222000  -4488.808847236  4492.57927798441
12223000  -4485.75521383421  4492.25452845302
12224000  -4487.19618408878  4492.78324293047
12225000  -4490.32409046824  4493.04885135355
12226000  -4483.91547592529  4495.27659688072
12227000  -4488.941658814  4493.02229497414
12228000  -4489.11878205724  4495.61603716017
12229000  -4488.40291519061  4496.20340784108
12230000  -4490.41507127419  4494.77020707967
12231000  -4490.85734127837  4494.92584159762
12232000  -4486.27926961246  4494.72868746232
12233000  -4490.01280369533  4495.95864211585
12234000  -4490.63233265856  4497.98678971877
12235000  -4489.77888103904  4496.04964987622
12236000  -4490.33258090678  4497.22011394342
12237000  -4490.57439850243  4498.04620077971
12238000  -4492.68789566483  4497.7543429196
12239000  -4489.64424259708  4500.14406415132
12240000  -4494.28531637671  4498.49220288325
12241000  -4496.12988854709  4500.66094019317
12242000  -4494.64013430861  4498.69422521116
12243000  -4494.37906528501  4500.28206121431
12244000  -4494.61988141311  4501.14345761375
12245000  -4496.53684063303  4500.39399803876
12246000  -4494.59318200552  4501.29555646844
12247000  -4493.18733016849  4500.41734198449
12248000  -4494.66495269721  4499.45939572764
12249000  -4496.02144338373  4500.89274473448
12250000  -4497.51049300369  4501.88929814705
12251000  -4497.60100166897  4503.29893326648
12252000  -4497.8579897601  4503.65370005657
12253000  -4495.19906827555  4501.41870289333
12254000  -4497.41103223793  4502.086542859
12255000  -4498.80971286655  4504.62415931923
12256000  -4498.51109328802  4504.31863658935
12257000  -4499.14978131045  4505.36102335894
12258000  -4499.05383686648  4506.66781776297
12259000  -4500.5681868694  4505.46509109552
12260000  -4495.38664013315  4505.24653346144
12261000  -4497.15332472643  4509.45156566508
12262000  -4497.63906660888  4506.80383149484
12263000  -4497.47945766254  4507.71555218442
12264000  -4498.97178872685  4507.36557002947
12265000  -4499.00269896706  4508.58857182071
12266000  -4499.57464565359  4506.08287625293
12267000  -4499.8693970996  4506.47814442721
12268000  -4499.86637805046  4506.00904159254
12269000  -4500.68852344843  4507.44186774938
12270000  -4499.37567616957  4507.10558291871
12271000  -4500.64450964072  4509.25908134606
12272000  -4502.58852860688  4508.40048926934
12273000  -4498.75411455674  4509.23978221856
12274000  -4501.13542461463  4510.19944826418
12275000  -4501.23592486558  4509.58083470944
12276000  -4499.5732455447  4507.43759143979
12277000  -4503.01892373202  4507.3002983879
12278000  -4501.67620294109  4511.02812306569
12279000  -4500.62184269513  4509.60213381613
12280000  -4503.74630819806  4509.97824875937
12281000  -4503.82607879205  4509.17097136905
12282000  -4502.542847475  4509.4018571546
12283000  -4502.85041900748  4510.29801459715
12284000  -4507.81767754215  4510.0198632513
12285000  -4504.47724674958  4512.53473526685
12286000  -4506.75944107772  4509.73866532445
12287000  -4505.96675302125  4512.05535004148
12288000  -4506.55690189495  4511.64180995789
12289000  -4503.39123292622  4515.1590531686
12290000  -4506.43328967045  4515.59432887383
12291000  -4506.35046623789  4514.33686120095
12292000  -4504.87098846865  4513.93699652427
12293000  -4501.89155048957  4513.45364012895
12294000  -4506.332027833  4517.14614909567
12295000  -4508.99862368481  4515.38063007675
12296000  -4505.40050238798  4513.08083793898
12297000  -4504.45800083667  4514.10948244345
12298000  -4504.71916411836  4513.71463743549
12299000  -4503.42254952395  4515.10372925511
12300000  -4508.92784181576  4516.76523677496
12301000  -4506.60340541408  4515.97543858997
12302000  -4510.14397544193  4514.52887890441
12303000  -4511.20478167543  4513.96759238089
12304000  -4511.75947825233  4513.38465178679
12305000  -4510.26133473284  4514.46553699625
12306000  -4507.3992296719  4514.31014892906
12307000  -4512.87084687495  4512.25884615075
12308000  -4512.56833863135  4514.37197691633
12309000  -4513.51071704714  4513.34814176053
12310000  -4511.7879365372  4516.58763057973
12311000  -4511.08175756006  4516.05831262186
12312000  -4513.33354398901  4516.1541985425
12313000  -4513.35619248985  4514.52468535903
12314000  -4515.36013872369  4516.78353196587
12315000  -4516.22791699539  4515.98653676308
12316000  -4513.84228693511  4516.60350595822
12317000  -4513.9109973192  4517.52314115198
12318000  -4515.4446229668  4515.13768398157
12319000  -4514.11763656805  4517.33235056478
12320000  -4514.91094780962  4517.31311879132
12321000  -4518.02491410433  4517.73170412249
12322000  -4517.51189766145  4520.01769820156
12323000  -4515.44059492487  4522.00964494345
12324000  -4515.27592037952  4521.05472776443
12325000  -4519.78519925441  4521.41923748653
12326000  -4516.36771891275  4519.9986482769
12327000  -4517.43981924635  4523.49861876746
12328000  -4516.88141442539  4522.39205786226
12329000  -4516.66001277291  4521.43704439532
12330000  -4519.38940680481  4522.99334447198
12331000  -4517.48430655981  4523.02307906073
12332000  -4519.86245290355  4522.13914434165
12333000  -4519.99715861205  4522.44781468972
12334000  -4524.26472394677  4523.6937437898
12335000  -4524.40901686598  4525.71250330524
12336000  -4519.89890366167  4524.61044417407
12337000  -4520.20441549932  4525.26794320537
12338000  -4517.65908659286  4527.56489694997
12339000  -4522.49287697238  4528.13561733611
12340000  -4521.86951038559  4528.71383870688
12341000  -4521.85263396457  4528.58694183991
12342000  -4522.84545767159  4529.62284985108
12343000  -4519.40733437926  4529.4002858226
12344000  -4522.55085556598  4526.30123381568
12345000  -4521.54784465528  4529.84184405317
12346000  -4519.73952346553  4528.80455806339
12347000  -4524.23717851023  4528.13526349953
12348000  -4523.31803330331  4528.89049937823
12349000  -4522.62155496628  4529.31233120052
12350000  -4521.07702922752  4530.17529380876
12351000  -4525.11511459938  4528.56610275882
12352000  -4524.78622916127  4529.14504288379
12353000  -4524.47514497236  4528.03503738495
12354000  -4524.21381280682  4532.76299806162
12355000  -4523.91230013831  4529.77984984197
12356000  -4523.16166700855  4532.68189242441
12357000  -4525.51274777542  4531.03879604688
12358000  -4522.75173736566  4530.43533016129
12359000  -4523.9933891251  4532.47146729204
12360000  -4524.16182304025  4532.18908667696
12361000  -4526.51327566685  4534.984974634
12362000  -4526.27978501709  4533.37360310905
12363000  -4526.98562574688  4537.36911604976
12364000  -4523.42223102463  4536.88503559435
12365000  -4528.91155686453  4537.526474819
12366000  -4528.31287979218  4537.58148619363
12367000  -4530.44724369836  4538.9643693832
12368000  -4530.27590324621  4539.18598350616
12369000  -4529.8892262278  4539.45176293952
12370000  -4532.29771820822  4540.18981094167
12371000  -4533.25839818793  4540.89948639113
12372000  -4531.60688359198  4541.47904548039
12373000  -4534.41649492894  4542.95095265616
12374000  -4533.76626565192  4543.45969270333
12375000  -4533.64612062668  4541.3514344016
12376000  -4534.27892356488  4540.99269523868
12377000  -4533.32663118374  4539.81461945864
12378000  -4535.11318111722  4544.13706167951
12379000  -4533.97572755301  4542.49873838889
12380000  -4533.86140356543  4540.94081737903
12381000  -4536.94037667664  4543.48352636621
12382000  -4535.6187723994  4545.21978717269
12383000  -4537.17128258595  4545.35113163355
12384000  -4536.37855208289  4545.08543381213
12385000  -4538.15757170708  4542.79734073739
12386000  -4539.63713890857  4544.68784655972
12387000  -4537.96274985973  4543.81202652249
12388000  -4539.26014639234  4547.59662056588
12389000  -4539.44730219776  4546.40765650089
12390000  -4541.80274102134  4546.31936766291
12391000  -4541.03066176325  4547.11820015132
12392000  -4539.68222943404  4546.61091748165
12393000  -4540.96124957761  4544.03513065225
12394000  -4541.12518083192  4546.10615339526
12395000  -4545.06397315988  4545.86859040144
12396000  -4543.7605547539  4545.17175463942
12397000  -4546.1872775189  4544.10882128087
12398000  -4545.91254153991  4545.55833269259
12399000  -4548.28654853705  4547.00693212195
12400000  -4550.2044628721  4549.13154681208
12401000  -4548.96441325085  4547.31247189404
12402000  -4549.08607233785  4547.85519723221
12403000  -4548.074909196  4547.6063898639
12404000  -4548.26403413495  4547.022705159
12405000  -4551.3768257451  4550.00267005405
12406000  -4550.65300498673  4550.17164603806
12407000  -4551.89315495413  4550.79314663959
12408000  -4549.23543791174  4550.87251427254
12409000  -4550.91255024569  4550.96904861234
12410000  -4552.01887978057  4551.2667315531
12411000  -4554.3296368393  4553.73671126903
12412000  -4552.75310621254  4553.48519914847
12413000  -4555.01684853898  4550.53062243057
12414000  -4554.56551416621  4554.24941811887
12415000  -4557.62882259278  4552.99181992071
12416000  -4556.23947531313  4551.93028229636
12417000  -4555.69704242901  4555.29591194324
12418000  -4557.49819200371  4554.21204378381
12419000  -4553.2810088645  4554.18497559749
12420000  -4552.60168348119  4554.89606869576
12421000  -4553.65334015965  4557.41657268152
12422000  -4555.82417629127  4558.70870184988
12423000  -4554.81976849527  4559.25946012062
12424000  -4556.7869909309  4560.27793067626
12425000  -4558.6058891623  4558.52944386914
12426000  -4554.38985809491  4560.55511802743
12427000  -4558.93267072804  4561.16966412249
12428000  -4558.886391024  4562.93340782805
12429000  -4556.64986494356  4561.05134828441
12430000  -4557.69235526117  4561.86221171767
12431000  -4558.34075909635  4564.78707780221
12432000  -4560.13497903847  4562.77804190782
12433000  -4561.34124584594  4563.39648825681
12434000  -4559.9815422476  4563.53816418175
12435000  -4557.92909525538  4563.81991864259
12436000  -4559.83643957044  4564.69723832714
12437000  -4561.37858034861  4565.52445096898
12438000  -4561.07734934485  4565.10585479873
12439000  -4563.34743330591  4565.39417066264
12440000  -4566.05713180482  4565.01393198283
12441000  -4563.69585798857  4564.58554777613
12442000  -4563.12526422901  4567.11722468572
12443000  -4564.42629106374  4566.68289597611
12444000  -4566.20132384263  4566.88043016249
12445000  -4563.72216523526  4569.41223876729
12446000  -4566.068722817  4569.30792075624
12447000  -4567.02840623005  4569.50816086486
12448000  -4565.09338396686  4568.29041311053
12449000  -4567.93253701616  4566.02829158085
12450000  -4565.04486138867  4569.7107017201
12451000  -4565.2864959132  4571.13139596534
12452000  -4563.08119713542  4569.15456181406
12453000  -4565.49700699989  4571.147674381
12454000  -4568.03003810364  4570.1367528886
12455000  -4564.79966172513  4570.31804567907
12456000  -4566.15675597505  4570.9888027203
12457000  -4567.08929157683  4573.03782888648
12458000  -4567.69906952948  4573.25455666123
12459000  -4568.06717964677  4575.71525533518
12460000  -4568.40778123969  4575.11609446811
12461000  -4570.67755852854  4576.15561173575
12462000  -4569.88597245945  4576.21488786549
12463000  -4569.04341846502  4577.85891137673
12464000  -4570.60166957158  4575.73635285695
12465000  -4569.42623757539  4575.39121812413
12466000  -4571.40381718162  4577.96826130004
12467000  -4573.04902028668  4577.50827192734
12468000  -4575.21764499663  4578.37427946545
12469000  -4572.51868090726  4579.47308914338
12470000  -4573.87347920109  4579.81416718956
12471000  -4573.53143690242  4580.865449762
12472000  -4575.00965941464  4580.05784068659
12473000  -4575.51401261862  4578.42315995151
12474000  -4575.39731041076  4582.90625035845
12475000  -4575.08362661499  4582.29440104328
12476000  -4574.74941140944  4582.36153766504
12477000  -4577.36367569375  4583.70223225981
12478000  -4577.80786335743  4582.20308491787
12479000  -4579.3611109797  4583.3536374455
12480000  -4578.71753525689  4579.35748442708
12481000  -4578.7755264607  4581.92102077445
12482000  -4578.58426262432  4582.1012226419
12483000  -4579.64777837604  4580.2706456681
12484000  -4581.6438871538  4581.01976475336
12485000  -4582.34956192881  4581.28557418381
12486000  -4582.32687577427  4581.7289075559
12487000  -4579.76034460093  4583.35554463629
12488000  -4583.80417440901  4584.07622047645
12489000  -4582.48495293489  4586.91015868241
12490000  -4584.90803330771  4583.36234151655
12491000  -4582.4613367779  4585.30656728019
12492000  -4585.7591611359  4584.43694437794
12493000  -4588.24723900939  4586.19256315897
12494000  -4583.50902591288  4587.58295017372
12495000  -4585.01723257361  4585.7853789894
12496000  -4588.19716941557  4586.61123372641
12497000  -4587.20187300726  4587.6012361461
12498000  -4589.37974116132  4588.49173584677
12499000  -4591.76526079148  4587.19377754077
12500000  -4586.35467178279  4588.96464181567
12501000  -4590.08939454027  4587.39748436409
12502000  -4587.80524991982  4590.64233306326
12503000  -4592.38539916421  4591.92860017694
12504000  -4589.69036988972  4591.74362645295
12505000  -4591.27781016394  4593.08718618948
12506000  -4592.43047419864  4592.60002359836
12507000  -4592.45052989311  4593.08644568105
12508000  -4592.01953318854  4593.13925838036
12509000  -4590.42834973115  4593.58464844063
12510000  -4593.55189325027  4593.29168121524
12511000  -4591.54543022219  4594.53635259287
12512000  -4588.95545605583  4593.61038983345
12513000  -4590.19819165527  4597.64604449538
12514000  -4591.65847551881  4594.31961077538
12515000  -4593.27412430206  4597.87700599101
12516000  -4594.09837922272  4594.94672302951
12517000  -4596.51691055572  4594.45333835506
12518000  -4597.00006977484  4599.13249487914
12519000  -4597.61295525187  4598.72340411405
12520000  -4598.87553407813  4596.49864126054
12521000  -4598.51890674343  4596.66618747305
12522000  -4597.32327493418  4596.90769820199
12523000  -4597.33430140434  4596.80774952745
12524000  -4599.75919756825  4597.50517575158
12525000  -4596.64468281643  4598.86531669131
12526000  -4597.90406460898  4597.57950259487
12527000  -4596.95205838712  4598.1781669782
12528000  -4598.99138863902  4600.34713468554
12529000  -4599.84048145102  4600.30741935826
12530000  -4595.33635964157  4601.27781889289
12531000  -4597.08212876411  4601.14771235365
12532000  -4598.90586462418  4599.8355207242
12533000  -4598.86649662719  4602.27501161177
12534000  -4597.80429482039  4604.42718222522
12535000  -4596.89368052745  4602.70100763162
12536000  -4599.64033743727  4604.28336639641
12537000  -4599.39529736539  4603.5228026549
12538000  -4601.79588926272  4605.09051409048
12539000  -4601.05162984596  4605.5549669901
12540000  -4599.16764933733  4603.63243120337
12541000  -4603.22417122354  4606.87776054102
12542000  -4606.53587725624  4604.50705605722
12543000  -4603.10933689313  4606.60960029918
12544000  -4604.91717088954  4606.72605808919
12545000  -4604.73359692508  4605.49119167052
12546000  -4605.49573805943  4606.1740172021
12547000  -4607.56786311788  4605.99375609468
12548000  -4607.12844910981  4609.19686481265
12549000  -4607.5133774028  4608.28457288773
12550000  -4607.33924743754  4607.107108557
12551000  -4605.9264682196  4608.6153384575
12552000  -4610.49351912273  4609.18853498335
12553000  -4609.09636565451  4607.64231733074
12554000  -4607.20317699505  4606.91906194847
12555000  -4608.9033300887  4610.16799364068
12556000  -4610.15686981297  4609.60776537103
12557000  -4608.68811351707  4611.11609733616
12558000  -4611.09828796263  4611.98501814137
12559000  -4612.19984780891  4610.76055648088
12560000  -4612.71771402512  4609.57220805196
12561000  -4611.80183098734  4612.44372958165
12562000  -4610.23578333105  4610.12240186636
12563000  -4611.68170309238  4611.04030382688
12564000  -4611.30197818362  4611.94351765376
12565000  -4609.044396229  4609.66953087364
12566000  -4611.89133706492  4611.55156893572
12567000  -4612.40005155598  4611.44117152366
12568000  -4614.39805340355  4611.35060916077
12569000  -4613.03922404834  4611.71684328001
12570000  -4612.44663704251  4614.52520987946
12571000  -4615.69073906333  4613.81353238537
12572000  -4614.49136863193  4614.1557737998
12573000  -4619.32626517149  4614.41471802375
12574000  -4616.46170992892  4615.91726952737
12575000  -4617.25962198968  4616.49164336422
12576000  -4618.73680412844  4617.82666605024
12577000  -4618.36618189794  4618.37873371678
12578000  -4620.10933826609  4617.63441425457
12579000  -4620.70923453757  4618.79205439235
12580000  -4621.09519914918  4618.85798317909
12581000  -4618.50477275691  4619.87264344493
12582000  -4621.36038834418  4619.94559461417
12583000  -4622.8652630764  4619.80034180294
12584000  -4624.15325467892  4620.42884724735
12585000  -4624.33502005423  4620.71315122597
12586000  -4622.63210874483  4623.32796527079
12587000  -4624.07007139733  4625.34053746326
12588000  -4625.86069708293  4623.8305288457
12589000  -4623.70107691264  4624.67075047903
12590000  -4622.6584811822  4626.33265385621
12591000  -4623.65849526275  4627.17971520257
12592000  -4624.36069955068  4628.24633585833
12593000  -4624.97697708816  4628.56848643563
12594000  -4622.53648002076  4626.55534250123
12595000  -4626.33070226826  4626.05239886769
12596000  -4626.54079661263  4624.20554943627
12597000  -4627.03094805312  4628.51363344887
12598000  -4625.50165667554  4626.84410515003
12599000  -4629.04821136315  4628.59234095414
12600000  -4626.39555285373  4629.47841510209
12601000  -4626.50622236658  4630.85232449348
12602000  -4627.80237183124  4628.77312443865
12603000  -4627.7839207767  4628.54506519227
12604000  -4627.77713551215  4630.44298140157
12605000  -4629.38875840984  4630.8227105247
12606000  -4630.21704004915  4633.03481666379
12607000  -4626.54153344447  4629.6146209913
12608000  -4631.26160862733  4631.68377996541
12609000  -4630.65129427163  4629.43292244835
12610000  -4632.15984675033  4629.59681684235
12611000  -4633.57679945604  4634.98312619759
12612000  -4631.40634773536  4631.22786739997
12613000  -4632.20978222957  4631.85815631344
12614000  -4633.51982706738  4636.18249493832
12615000  -4632.81416722225  4635.12373123128
12616000  -4633.75315143783  4634.7516288811
12617000  -4633.80434077889  4633.70689176258
12618000  -4636.42598160542  4632.64742583354
12619000  -4636.68491272987  4635.24548107143
12620000  -4637.42396140686  4636.75906013128
12621000  -4638.15223219496  4636.4671597025
12622000  -4639.41631362164  4637.27735471595
12623000  -4640.60435185339  4636.72979338721
12624000  -4638.92661150686  4638.93854465247
12625000  -4637.45145619558  4638.20653097244
12626000  -4639.38282040464  4638.80260383704
12627000  -4639.04007556727  4640.04618032677
12628000  -4636.54037456952  4639.35965397196
12629000  -4637.39212448797  4640.17677676017
12630000  -4639.26949728061  4637.9993262121
12631000  -4641.44743145709  4641.05774412614
12632000  -4641.97046017336  4641.70281675209
12633000  -4644.71915636342  4641.52004391525
12634000  -4642.27200369161  4644.90462390543
12635000  -4642.81500873336  4643.9879172168
12636000  -4643.70553072395  4641.37750436753
12637000  -4643.40261303477  4643.29234587893
12638000  -4644.00135050297  4641.67024964885
12639000  -4645.44411472691  4643.23444402725
12640000  -4646.55361173245  4643.05951229622
12641000  -4649.67337914959  4643.81691694545
12642000  -4645.38167994114  4643.25570479547
12643000  -4647.15329009992  4646.87765548875
12644000  -4648.43451840797  4643.31469055534
12645000  -4644.99899798074  4645.55513613074
12646000  -4648.01137904979  4642.36861979942
12647000  -4645.79531845644  4645.98933848005
12648000  -4649.15556908838  4646.83660514419
12649000  -4648.6300706626  4646.30939173448
12650000  -4646.10652761043  4647.34635956567
12651000  -4647.66340379102  4647.51222102698
12652000  -4645.44722659265  4648.2414979719
12653000  -4647.6853183299  4650.16971705001
12654000  -4649.7901065616  4648.45651174947
12655000  -4649.79913668843  4647.59239464191
12656000  -4649.35731969973  4650.67873036608
12657000  -4650.10951635262  4651.24447368875
12658000  -4651.87768277612  4653.15246367332
12659000  -4652.91107142012  4653.65617017473
12660000  -4651.30200976992  4651.80831516043
12661000  -4650.70516324444  4652.84628314357
12662000  -4652.78347714419  4648.54144229959
12663000  -4655.98460659591  4651.62319748838
12664000  -4653.34117274226  4652.81350610226
12665000  -4654.17808030424  4653.1326162554
12666000  -4654.0931085502  4653.02815402597
12667000  -4654.98744385293  4653.1170451379
12668000  -4653.60100765992  4652.99556016266
12669000  -4657.1285610983  4654.4589344273
12670000  -4659.39305553907  4657.79887287803
12671000  -4657.92733875416  4655.20714520141
12672000  -4658.0977502418  4656.24188058821
12673000  -4657.3137212035  4656.16113877962
12674000  -4659.88253791486  4654.74133533034
12675000  -4656.51752638227  4657.57784467529
12676000  -4659.92064883626  4658.58740895051
12677000  -4658.05178611259  4658.15304142976
12678000  -4658.49670093698  4657.11892940952
12679000  -4657.77521836094  4658.51634457854
12680000  -4657.54483211506  4660.85055317744
12681000  -4659.18200889325  4656.43001904826
12682000  -4658.06266211028  4660.05866658953
12683000  -4659.96083781151  4661.56574148904
12684000  -4660.30764034912  4660.91083457609
12685000  -4663.92401808233  4661.41444861938
12686000  -4662.42752246089  4661.62348019094
12687000  -4663.27435137401  4663.31737630134
12688000  -4661.83920504182  4664.28339552965
12689000  -4661.3305171066  4664.29882383407
12690000  -4663.20752691037  4662.86233872268
12691000  -4664.88107558905  4662.77699850375
12692000  -4663.53715761162  4663.92586797754
12693000  -4664.67447870404  4662.27364571765
12694000  -4662.66811184218  4663.88889400422
12695000  -4664.191558516  4666.71735421936
12696000  -4664.2766246722  4664.62895950755
12697000  -4665.51880068249  4668.5544507238
12698000  -4664.18572137266  4666.49191008793
12699000  -4666.66568766168  4668.29011206423
12700000  -4664.14236708048  4667.50153113764
12701000  -4664.74082799053  4668.79667499662
12702000  -4666.15851398837  4669.91143545243
12703000  -4665.2475055173  4670.23564040315
12704000  -4665.43779112962  4667.98132372305
12705000  -4667.96045228593  4671.78937783482
12706000  -4667.08234955304  4669.11604072787
12707000  -4668.40735695845  4667.44830256734
12708000  -4670.27942246817  4668.18702107925
12709000  -4666.85690200577  4667.2175363158
12710000  -4666.89871752167  4671.10816601676
12711000  -4666.61779147665  4667.10398475836
12712000  -4667.76135416573  4669.70431148635
12713000  -4667.05787541913  4670.69900207161
12714000  -4666.77611513936  4670.24206857172
12715000  -4669.80557713155  4668.64543264109
12716000  -4670.44857677557  4666.69140671659
12717000  -4667.86949305267  4670.57041970086
12718000  -4672.18585481501  4672.05907354071
12719000  -4670.76145697675  4672.92353153154
12720000  -4670.88567059429  4671.30058979888
12721000  -4670.48669006597  4672.94438358
12722000  -4669.37299815763  4672.33601568867
12723000  -4671.83172506098  4675.22951794164
12724000  -4672.31644424851  4674.5477077755
12725000  -4673.08528831709  4675.53711808256
12726000  -4673.39071256321  4676.72350970492
12727000  -4674.23490162748  4677.02531218302
12728000  -4677.01535793391  4676.27075411189
12729000  -4674.78138540589  4676.63861164109
12730000  -4677.81445074595  4679.6313541963
12731000  -4674.06305504894  4676.55182583117
12732000  -4676.64837793337  4679.64623020504
12733000  -4678.69647641422  4679.14287904932
12734000  -4675.11915986411  4679.25884812242
12735000  -4677.93205974872  4680.57032053396
12736000  -4678.01749629463  4679.8227282475
12737000  -4678.5185111941  4681.59548307015
12738000  -4676.37669425062  4679.48558784557
12739000  -4677.3875307179  4679.36992706082
12740000  -4678.58291831368  4678.5706552663
12741000  -4680.22443442443  4680.73554440751
12742000  -4679.78607882779  4681.27086164412
12743000  -4681.58769075094  4682.98238282355
12744000  -4679.52754327719  4682.66745713417
12745000  -4678.41791825501  4685.205832796
12746000  -4680.62885851776  4683.93543300494
12747000  -4676.87626951396  4684.46449391963
12748000  -4680.66109103494  4685.48507643034
12749000  -4679.93628737981  4687.35815040328
12750000  -4680.36450105931  4687.06265769003
12751000  -4682.08767737748  4685.40163382952
12752000  -4683.55412227887  4688.39712832644
12753000  -4680.4703944974  4686.97965365808
12754000  -4682.6762215455  4688.62794555254
12755000  -4683.19400433521  4689.01649314955
12756000  -4682.51444735926  4686.83681207805
12757000  -4684.2990833565  4691.66469247341
12758000  -4683.33419106759  4690.42085661874
12759000  -4686.68853179681  4690.49358445934
12760000  -4684.83609468796  4690.2683188789
12761000  -4684.63636804659  4690.5450640183
12762000  -4684.24505332795  4693.90526394085
12763000  -4684.92286483608  4689.88452597437
12764000  -4688.09138042271  4690.57292289017
12765000  -4686.38714206254  4690.87996346672
12766000  -4687.42638316706  4689.80915492443
12767000  -4690.48308157266  4690.50084468872
12768000  -4689.84187833739  4692.31162183607
12769000  -4689.180417491  4692.7319819082
12770000  -4691.36114561716  4693.48662785421
12771000  -4691.85649326954  4693.04648589843
12772000  -4690.06852909995  4693.61547380199
12773000  -4692.75977595345  4691.69937363218
12774000  -4693.18605394053  4691.94129180467
12775000  -4691.39216588164  4691.44080135192
12776000  -4694.32752400799  4692.59730324048
12777000  -4693.67040709114  4693.46405378334
12778000  -4695.4544154401  4695.20172335935
12779000  -4697.2473643777  4694.52431437519
12780000  -4695.76482584838  4695.01642736373
12781000  -4695.30754290192  4694.15016046333
12782000  -4697.73875711751  4693.03680698987
12783000  -4697.11374120468  4694.04343601588
12784000  -4700.60553478617  4696.13894683621
12785000  -4697.61928174704  4698.01298151625
12786000  -4699.19183507317  4696.84177674127
12787000  -4696.82817638839  4695.47568035402
12788000  -4699.21105645991  4695.5547465968
12789000  -4699.30826432283  4694.32840128039
12790000  -4699.82848075979  4697.88875389611
12791000  -4700.56140266576  4697.5262807426
12792000  -4700.84288860637  4695.61312827034
12793000  -4699.47747783887  4694.82619717508
12794000  -4698.92547511084  4695.50712347674
12795000  -4699.98859418866  4695.24064802203
12796000  -4702.05515219806  4697.30894834787
12797000  -4703.28616863384  4698.38292066041
12798000  -4701.00722048498  4699.72259659907
12799000  -4704.02850932845  4699.69741021518
12800000  -4701.40289003777  4698.86601677483
12801000  -4705.60179815871  4699.98462781753
12802000  -4704.26949463227  4702.56951982541
12803000  -4703.40698111606  4701.39201339849
12804000  -4703.70065422029  4702.68860598567
12805000  -4707.67175068917  4702.10523409254
12806000  -4705.96817786345  4703.81333016902
12807000  -4708.20730491384  4703.62185076719
12808000  -4711.70599495947  4704.49068962396
12809000  -4707.10498280809  4705.19110144949
12810000  -4710.25316534515  4704.79211002446
12811000  -4707.13419047509  4706.770324839
12812000  -4707.49697268118  4709.10293097709
12813000  -4710.4664677296  4710.23728808266
12814000  -4708.1422166229  4709.78965969915
12815000  -4709.96608668518  4709.80781309742
12816000  -4707.44468409223  4711.19395113357
12817000  -4708.92552111252  4712.64352570149
12818000  -4708.47396430264  4713.06028823372
12819000  -4710.04168453251  4712.46640711581
12820000  -4711.37610424885  4712.15581923497
12821000  -4711.74385043962  4714.91925517343
12822000  -4712.49865537118  4714.03035730289
12823000  -4713.52105133097  4715.85055481655
12824000  -4714.17174786586  4716.88506184661
12825000  -4713.76243757738  4717.4209883822
12826000  -4707.32415428467  4718.10778239213
12827000  -4713.36794938045  4716.48147235171
12828000  -4716.21351258797  4718.72223840521
12829000  -4714.19447166182  4718.55087267247
12830000  -4716.48180340827  4721.35401244702
12831000  -4714.3082904542  4722.61649658776
12832000  -4715.39584423794  4721.34939842365
12833000  -4717.02269381429  4722.4513079353
12834000  -4716.36004742225  4724.5222206326
12835000  -4714.74010427251  4725.7873058562
12836000  -4717.27571428243  4727.48677412803
12837000  -4719.54113860573  4724.67263755506
12838000  -4721.0806633407  4729.07626074015
12839000  -4719.3738470226  4727.3126903532
12840000  -4719.62444393704  4730.01431609547
12841000  -4721.71306875077  4729.53607057928
12842000  -4722.95326645663  4730.27039027373
12843000  -4724.71364625024  4728.96588688728
12844000  -4727.57795035191  4727.67884845998
12845000  -4728.10512178527  4730.0682819125
12846000  -4724.58249324113  4731.30896670981
12847000  -4726.97012596879  4733.61259574679
12848000  -4726.73112223119  4733.85451748372
12849000  -4728.06397468293  4733.30698154247
12850000  -4727.65257880725  4734.81620132303
12851000  -4727.46497969542  4731.83492249637
12852000  -4726.73592520542  4734.2545551237
12853000  -4725.54654522771  4736.02922791898
12854000  -4727.54256628264  4736.49798655698
12855000  -4728.75906917501  4735.19765065631
12856000  -4728.85607900155  4736.84823247189
12857000  -4730.26403899198  4738.69471825908
12858000  -4727.30006359521  4739.06328478501
12859000  -4730.01203278203  4735.74979504893
12860000  -4727.60312351565  4738.36623173001
12861000  -4730.89255530825  4740.82795390708
12862000  -4731.48614965024  4738.42086010853
12863000  -4729.76162000011  4741.73930692703
12864000  -4729.58392114799  4742.97613726552
12865000  -4730.13444376255  4739.98962611871
12866000  -4730.94101910321  4740.29117536216
12867000  -4733.5945381114  4743.05496798344
12868000  -4731.85101310355  4744.6468554977
12869000  -4733.06859072117  4742.83746404118
12870000  -4734.80746354562  4743.57591159514
12871000  -4733.19339496938  4743.67196263607
12872000  -4734.75057810147  4744.79543499551
12873000  -4734.39017907952  4742.58993614271
12874000  -4733.715163491  4744.21678105931
12875000  -4735.54132472013  4746.481762077
12876000  -4735.21222682666  4745.58510900563
12877000  -4735.69698092462  4747.26719422811
12878000  -4737.92049207667  4748.80939849175
12879000  -4737.35936821137  4747.81606677454
12880000  -4736.22438190255  4748.99519764587
12881000  -4737.5185100973  4749.83303536458
12882000  -4741.03739768504  4749.82500739538
12883000  -4741.55620972625  4748.75951926522
12884000  -4741.00513137134  4751.39875961324
12885000  -4742.37855900363  4751.86756730717
12886000  -4744.57857289155  4751.86957678131
12887000  -4741.95580269256  4752.39804709975
12888000  -4741.53729714381  4753.50276322447
12889000  -4741.3009008758  4750.56802395666
12890000  -4744.04825644942  4752.61223672474
12891000  -4742.04463803179  4751.96555194843
12892000  -4743.33509163557  4750.73330468267
12893000  -4743.00325959159  4754.88464971054
12894000  -4742.40497580645  4752.41045903727
12895000  -4743.79310023772  4752.9331126007
12896000  -4746.68991286106  4755.97441966436
12897000  -4746.2490835977  4755.31248297818
12898000  -4748.78800496525  4755.98969832258
12899000  -4748.51425073115  4753.34977153625
12900000  -4746.8361972488  4757.00125048173
12901000  -4747.64692625126  4757.86864084349
12902000  -4749.2512483554  4757.11827532965
12903000  -4749.38346979298  4757.28135435531
12904000  -4751.33177817735  4757.20423704656
12905000  -4750.4829133817  4756.89317265229
12906000  -4752.34913446966  4761.70611662647
12907000  -4751.33090879217  4761.92217300799
12908000  -4752.63488331857  4761.02348797493
12909000  -4753.5046714666  4761.35298830294
12910000  -4754.25122779535  4764.31204802632
12911000  -4751.68681437863  4762.94354851791
12912000  -4754.93796801365  4763.77926830021
12913000  -4751.42272121054  4764.29503150672
12914000  -4753.12889269667  4763.24343253484
12915000  -4754.89767440963  4765.80033110673
12916000  -4753.98838066176  4764.55866649021
12917000  -4757.77632002708  4765.7368290336
12918000  -4756.34743163586  4765.05458098416
12919000  -4757.97493816238  4766.91134893159
12920000  -4757.52563874542  4766.48112936654
12921000  -4757.23028874704  4766.49726693515
12922000  -4756.51774848899  4767.30359086248
12923000  -4758.78234613581  4766.55115047993
12924000  -4757.80969873296  4767.52340331635
12925000  -4758.02969913033  4766.83653804989
12926000  -4758.60406983876  4769.53735028777
12927000  -4760.60895216717  4768.26440785861
12928000  -4759.41110439707  4769.68682831505
12929000  -4761.61248674807  4768.80900731805
12930000  -4759.84487588163  4770.82374191834
12931000  -4759.61484237514  4767.82840480391
12932000  -4760.95996808839  4769.00644711598
12933000  -4764.59533563453  4768.66215133209
12934000  -4761.50055755373  4769.96999339562
12935000  -4763.86724723601  4769.77808639034
12936000  -4762.06056138365  4772.39138466898
12937000  -4762.96083105736  4769.20392104445
12938000  -4762.19638759189  4771.6513434076
12939000  -4763.04068153441  4771.94138876096
12940000  -4763.88838208753  4771.16810038227
12941000  -4760.7367727198  4771.89605060586
12942000  -4764.65153795526  4771.43584542845
12943000  -4764.55999794734  4770.46021313437
12944000  -4764.40119355683  4772.36406057727
12945000  -4766.75768452318  4772.53354682522
12946000  -4765.77261728207  4771.15696944377
12947000  -4766.91399919718  4772.63709454794
12948000  -4765.47379637632  4772.1649714902
12949000  -4769.57401427362  4776.31180999655
12950000  -4771.03695448576  4774.53695008479
12951000  -4770.69703285319  4775.14308332257
12952000  -4772.82563572444  4775.89854920749
12953000  -4775.1148076711  4777.2287388237
12954000  -4771.60769094052  4775.62933160502
12955000  -4775.09602601467  4778.02232076066
12956000  -4775.9451549883  4775.11316817812
12957000  -4773.38032011698  4777.07812722362
12958000  -4773.1572933224  4777.55534267141
12959000  -4774.31411102421  4780.06249330447
12960000  -4774.92651260096  4779.39574081121
12961000  -4774.43856967691  4778.02445980727
12962000  -4775.652503499  4779.3796109609
12963000  -4772.66934372839  4780.6426997209
12964000  -4773.31390645997  4781.23006301911
12965000  -4773.75476384938  4778.21651679416
12966000  -4773.56555766996  4781.90776585544
12967000  -4772.42890038959  4781.54437844199
12968000  -4773.32851528518  4779.81414867862
12969000  -4771.89085380794  4781.42793452935
12970000  -4776.49794614128  4780.81484555419
12971000  -4776.89746036463  4782.38972836151
12972000  -4775.53682185365  4782.75140617108
12973000  -4774.88451466547  4782.2022187487
12974000  -4776.11755444175  4783.82562012958
12975000  -4777.14403417108  4785.17842042684
12976000  -4777.06616229412  4785.4115725333
12977000  -4777.61577229172  4784.04722164289
12978000  -4778.00198356412  4786.63396819584
12979000  -4778.64887643109  4786.84022613816
12980000  -4780.14215636234  4788.04788778295
12981000  -4779.62272720599  4787.28600816221
12982000  -4779.98274886515  4789.02757104649
12983000  -4777.57125148961  4790.48545964021
12984000  -4780.74071188184  4787.92715879797
12985000  -4783.09114537848  4792.04429939323
12986000  -4784.12283602389  4790.17339581807
12987000  -4783.89341205385  4792.6909915865
12988000  -4784.40603424135  4791.76012378065
12989000  -4782.64242237142  4791.03774216006
12990000  -4783.30626055434  4791.01474130538
12991000  -4785.43751787653  4790.04237204999
12992000  -4784.58459912872  4791.92096891906
12993000  -4788.45229854726  4792.38060151212
12994000  -4786.76546983615  4789.21652337878
12995000  -4789.81654732346  4790.93347653587
12996000  -4788.72472903218  4791.0744193184
12997000  -4789.27555274095  4792.19797754823
12998000  -4789.51831739035  4792.35718413563
12999000  -4788.59840134007  4791.73873053197
13000000  -4790.56358726217  4793.49342838235
